{
    "train_accuracy": 0.7830111902339776,
    "test_accuracy": 0.6197741837046079,
    "test_precision": 0.6213586759085691,
    "test_recall": 0.6197741837046079,
    "test_f1_score": 0.6185119045673216,
    "test_confusion_matrix": [
        [
            921,
            717
        ],
        [
            529,
            1110
        ]
    ]
}