sightline_idx,wavelet_l2_norm,raw_l2_norm
0,2.230712975046676,1.3301844852359155
1,1.9828301130249752,0.7734366852996569
2,2.3000019604033435,2.3597914345795856
3,2.034778645163276,1.4486100505913504
4,1.671847610660139,2.29197938358718
5,2.5444029745282184,0.26770850437513116
6,2.096242886862626,1.4558039772831899
7,2.0476375434275904,1.1786913794604972
8,2.320181454364997,1.8662998234083668
9,1.5048679633891178,0.6374259339729219
10,0.24126804962179768,0.13470136643293684
11,2.330402341143483,2.336415826168316
12,1.7961396597937815,2.2324123465632386
13,2.554863058914674,0.7259859237423386
14,0.8305346886243818,0.6955907038609016
15,1.5193819280068452,2.2543464296890607
16,1.780370380630211,0.5827065207592144
17,1.768324249539108,1.0335778128637063
18,2.384344304343655,2.07261837463605
19,1.5594309004747144,0.6549042915108205
20,2.5087751392625406,2.9185891425457564
21,2.2955550774193663,2.4759561243517205
22,0.9114567246157923,1.5965453149429618
23,1.9243279638663293,1.6343624085325767
24,2.1453573811931674,2.756810591874331
25,1.650610118663132,1.0479597677061838
26,0.8161894717274519,0.10469874924766064
27,2.049706150182969,2.3917985091818705
28,2.4906571762979843,2.306043398338562
29,1.5687437789120222,0.15359161724563378
30,1.7367081313476418,2.3519908302190493
31,1.729469505250018,1.8897626600160302
32,1.8847226519045288,0.414039744769737
33,2.444733174308758,1.7828130673395808
34,1.7188900952453647,1.2090161071337668
35,0.8748029346118272,0.23839510886761
36,0.9160004516225884,0.25795101185649755
37,2.5952695837595687,2.1451910602640654
38,1.697165871969767,0.9825341846176495
39,1.5577552076188819,1.1470647231532602
40,1.6963475331956999,1.4762754378120395
41,2.3983529677277993,1.807831683039518
42,3.269153367262198,3.197014839891207
43,1.7433569359116614,0.6484508552330673
44,2.193077770260496,0.16639495872615923
45,2.876879067727603,0.19625869693305872
46,3.241215652001942,0.6579926158210956
47,2.6413430713679604,2.4171949504754835
48,3.072945953753749,2.405402241692314
49,2.505357116427777,2.4806860629296987
50,2.5665545328758936,2.704252932775678
51,1.392547305844925,1.8006433965972515
52,2.0802900912227216,1.3510494944917686
53,1.1843864645759963,1.854115489142382
54,1.9830145977493867,2.644484820482495
55,2.0012298645510307,0.9738939331751704
56,2.0626842100058775,1.2282229014679116
57,2.106833800462568,2.5572316259901355
58,2.8391564408557173,2.0035087134910228
59,2.4579495201947408,1.5459197731098253
60,2.309966711907091,2.357369586118687
61,2.560317752108393,0.4703985271044835
62,2.009273797692825,1.699059665384689
63,1.5783733878075978,0.5422250182295
64,2.282992833679011,2.691155707786756
65,2.49261963105356,2.1355187461233878
66,2.1934640638538845,1.5805417091568073
67,2.3581767674567,1.2009113653133436
68,1.5524361066359242,1.0216488381559425
69,2.2229708204656586,2.2299122128754836
70,1.8717031212378987,2.1599673260526346
71,2.1780252555486688,0.21674037063669035
72,1.8805126380781372,2.326886445080166
73,2.307149589614538,0.37240283875840574
74,2.373622292926832,2.145116313924273
75,2.0676607746970075,1.958392383668105
76,2.5919103191659225,2.2532844612655287
77,0.5853997516877374,2.209781610078841
78,1.6593596034475355,1.3709040459013146
79,1.1120781172048293,1.2864320034061485
80,1.7005395912755639,0.2656839323957372
81,2.623122374446428,3.179111482464213
82,1.9596040833213795,2.431948927256154
83,1.3627634580959629,1.2604014384145001
84,3.2309064672945937,0.3724379425231759
85,2.3536924826645818,2.365510905507926
86,2.689659788324067,2.6987461629255054
87,2.3923399005923374,1.6605239058568009
88,1.3684238607024937,0.9255942883494275
89,0.8630367708898199,1.749829864759945
90,1.2414394853891866,0.6985065459695569
91,0.8334847121578107,1.1557868056932277
92,2.563480323112979,1.3133495238614288
93,3.0417666532374747,2.4752142936731523
94,2.5272383525998214,0.8392281004040274
95,2.1960891606163715,1.3371249811023125
96,0.755085376774815,1.5653796963668278
97,2.3303817170216377,1.5407513795790129
98,2.1055507097386923,1.1861755930588118
99,1.5098083103969986,1.392033465881774
100,1.5244001360805828,0.6980411813857167
101,2.2491659195314817,2.480476302879997
102,2.720721970263578,1.4390506102777116
103,2.107593393391309,1.3998819765763404
104,2.2407844728583117,1.5665172229062725
105,1.907289297386433,2.2337475068909263
106,2.3354716630775587,2.472337073145663
107,1.3071182027769432,0.2640017782616247
108,2.0814983074376774,2.2005335545753413
109,2.8626599437466873,2.435747728975109
110,3.0712740160060914,1.7526052859535883
111,3.079012447430556,1.5631221409653933
112,2.475314960306644,1.162829525583839
113,1.6737316553813295,1.0069928213448032
114,1.448519712022084,2.2268291438244097
115,1.5255415299938582,0.8298357177303324
116,0.3813219471347538,0.05845375009354158
117,2.3977063091142523,2.0131841272729267
118,1.6806971016412133,2.32769283247704
119,2.4316179413656864,2.2294146773638386
120,2.2879100249116178,2.6238552745542534
121,2.778945309844443,2.5433329665883186
122,2.0604203566655777,2.907122760045792
123,0.9185684513927377,0.4086991235553993
124,2.010389254764008,1.2272754244642616
125,1.3591439101304081,1.0176464596690789
126,2.0564169363211677,1.9238780403755147
127,2.2700702894114673,2.2127998542605942
128,1.667644524553282,0.5999679252783154
129,2.1256989541442355,1.5008419167371794
130,1.9383372748871206,1.8786846050531902
131,1.3827452209862137,0.43010725857054316
132,2.108878447772284,2.4748127719155524
133,1.107373580771085,1.6891519330266245
134,0.7137139066073909,1.3658966665670207
135,1.6460719012206115,1.9850059769869124
136,2.8105602894938495,2.4021096348198197
137,2.5669185245954886,2.254451985685787
138,1.6421061785397146,0.6591344964024227
139,2.016287467362004,0.6340504638493929
140,2.2769557541773913,1.820591879152432
141,2.032857594280001,1.1371074746839094
142,1.3832784258641615,0.42899696924742725
143,3.122583698113808,1.3238122994842194
144,1.9019131251972285,0.597074527077132
145,0.7914163603815548,1.2915750614753465
146,3.1168400682326842,1.1170295160065262
147,2.1257167751323105,2.271897434529267
148,1.545804838427327,2.1237607069152817
149,2.2289186590411103,2.6126709836160438
150,1.4218594500340964,2.559362848389329
151,2.6359243044329776,2.143071831266961
152,2.6748221627812683,1.6877943783115952
153,1.7330929612336479,1.0777896991839888
154,0.9650850605700976,0.5195205260489127
155,1.9972751745510917,1.3397173017210484
156,2.008246755033675,2.672094453044531
157,1.3684909133153036,0.20228087051222352
158,0.6339509357197074,0.09627195458185984
159,0.8268994295193578,0.5353982362103579
160,2.012250554540789,1.2982569062705447
161,1.1571144550670973,1.703396897877749
162,2.2626735999402774,1.5745692527963915
163,2.3427808186252017,2.3691161043895956
164,1.603052159517194,1.3914216038342722
165,2.2649669556775938,1.2774162912077194
166,2.6009971158962926,1.8412033748467667
167,1.001785161561431,0.353964525121021
168,2.43292977485007,1.7492086593914962
169,2.1939908854183487,2.25958936966895
170,2.1545999354116026,0.6031660348206239
171,1.7634759860266644,1.4437890665496342
172,0.46884394890834463,0.3665524295597339
173,2.4757339605681983,1.977926669941859
174,2.4208331507292753,1.9905129823098773
175,2.18096468673003,0.11199538768192707
176,1.350757745651087,0.6489266467046038
177,2.244986756021617,2.4606628698967503
178,0.6350588049008083,0.5799757689934513
179,2.650981748951348,1.9326767785943646
180,2.9716845902372624,2.70791892913591
181,1.4931927267195166,2.1835530420392857
182,2.037180517043236,1.823613824550426
183,0.3464705134608257,1.3635529551776768
184,2.274131479179982,2.063916355570398
185,2.5328763998108084,2.6630359442127967
186,2.0348821255032195,1.0336022743805107
187,1.4760932902088364,0.9834369075148143
188,1.71754116353524,1.568485011023367
189,1.7850171422678291,1.7459275916496928
190,1.3505938849470698,1.0560703208258375
191,2.0106157955879254,1.0612287165638297
192,1.9887871877683185,1.0132768363603757
193,2.463282653237407,1.8069281105550892
194,1.3407172370586666,1.6079370666483714
195,1.870666081906993,2.3046255599383336
196,2.7626866847469707,1.318093998386288
197,2.2247117182889644,2.422368069187471
198,0.7556620270067836,0.11420326922641538
199,2.6566242250909373,3.0787662580463633
200,0.7906906645422297,0.4578716629287714
201,2.553010883408851,2.8158557638616624
202,1.0613137926440224,0.2953573074741632
203,1.5965739006337663,1.3150136135490387
204,2.343921540608214,2.237303550767228
205,1.18847541694696,1.5055476280242959
206,2.309385084173263,1.1448045200853807
207,2.283648835526953,1.8006596354587427
208,0.33275401182873665,0.17313818899600253
209,2.459453001198742,1.6513131633769904
210,1.50307791938741,0.9731334088588018
211,2.317262822379673,2.3157112968877045
212,2.393740994129453,1.018238037318133
213,0.8646101948119657,0.42247536092374843
214,1.0684088869623838,1.9214660826965628
215,2.0998124239509592,0.8945169493882511
216,1.0333786753003382,2.7615797430479585
217,2.329618822050424,2.385968347766501
218,1.274285944112978,1.1461847523178004
219,2.768949472262549,2.922629975723853
220,0.5984365223661154,0.6447836918080929
221,1.3217224585529646,2.1243656152072434
222,2.930815485407562,2.4652510298196746
223,2.612233473516109,1.3806600203656578
224,1.3794370477902214,1.0186340527347975
225,2.5943515931725467,1.906419301468604
226,1.2193755181506016,1.8065210813559172
227,1.2238807183387503,0.4741770295094833
228,1.3164225391355027,1.6995850129292671
229,1.280348867568016,0.6928160468854848
230,1.8545576233305834,1.3197323955662317
231,3.072938462744112,1.2710533988602322
232,1.0349019703061961,1.4558427881424723
233,2.5836966538018493,2.7414031980696687
234,0.9483157339368862,1.9435774865412796
235,2.024053603358647,2.676242370675586
236,2.566674356141161,2.4969479983117444
237,2.131013962058495,1.1811068945328531
238,1.732266418062644,0.4377279197049896
239,1.590316204844864,0.261037236835833
240,2.59130298610013,1.829398616015322
241,1.447354238755539,1.0280764918372118
242,2.3875628087626413,2.5301698518060483
243,3.004068253931109,2.9022684712630253
244,2.0832586212619915,2.07650037486491
245,2.392300418534153,1.568107579133413
246,1.8089158859369856,1.2952589081623809
247,1.9480835974927222,2.326226959040875
248,1.7990180516015253,1.4510671601618723
249,2.617542744357482,2.254053618680152
250,1.200401243145603,0.2462191315771592
251,2.5417293066415776,2.3301507824979204
252,2.0372177622508922,1.2291037236454743
253,2.032771318268839,2.293916714913058
254,1.1416683161104615,0.16583723241481832
255,0.43052389381277006,0.15350963052699212
256,2.216771372648418,1.7565028887357241
257,1.9556089022344172,0.5622993750067932
258,2.2030291353446474,1.9535034871750028
259,1.3043668360271492,0.6090577074976019
260,2.6003040965449813,1.8816258566814748
261,0.8935661694098809,1.6224046240984875
262,2.8756047525042883,1.4130284484366091
263,2.69036732013156,2.8449433076588653
264,1.9862601381717926,0.2785537317898879
265,2.3459699928919884,1.672434603891649
266,2.6416884160173235,2.098235843509871
267,1.4892779330041561,0.6620250764752895
268,1.3457600890604104,2.2192254407511856
269,2.0638606298997817,2.4208352815642162
270,0.4007121343986695,0.5891270419748396
271,1.8598451571688022,1.64920980222507
272,1.4029185060942573,2.5699577055212988
273,2.101219691745689,2.0965290156170244
274,1.2213578451758238,0.7536787215598553
275,1.345117159440527,0.4679832197538925
276,2.499657148777155,2.39398590897678
277,0.6343808998427479,1.6632993305857648
278,1.5578196358694958,0.8461103876960998
279,1.6433295206196057,1.3026765701270073
280,0.7086930266258569,0.7010377769895807
281,3.2500976041687175,1.0796261157137634
282,2.1573556919135264,0.9111182812281685
283,1.721992431955776,0.780823365441475
284,1.8646896250617138,1.7576663501598377
285,1.665563735845782,1.4165608855635883
286,1.06615202965697,1.8562389597341966
287,1.1853722342191295,1.4650842144621665
288,2.400690489557437,2.157757422272558
289,1.7218734269111882,0.5842264575311794
290,0.5964015194673354,0.28519913315344103
291,2.3274820017389293,2.4356722797735184
292,1.6707490974991903,1.7197048465167766
293,2.4738528528789026,2.523285173956585
294,1.4688623404755512,1.1200676642532366
295,1.381544561230931,0.3708186107001516
296,2.6234685729748195,2.7450754705095033
297,2.587758692307926,2.512300385169555
298,1.8060879744397602,1.9948610435642784
299,2.311652234437908,1.7004694632248198
300,1.6834788347758731,0.6412362775461341
301,2.031676307474646,0.8611470611572799
302,0.6342328878464571,2.206712246584933
303,1.8388092407763832,2.0634664361176887
304,3.2397729892278146,1.5018293619826701
305,2.273152845749391,1.5737483710397788
306,1.6314754858881935,1.1364619521507653
307,1.6598863083205453,1.322517165274764
308,2.175360335233551,0.6160795254233542
309,2.55016271077835,2.752814660023242
310,1.8197933809921203,1.7395638069533974
311,1.8414218311695627,2.2652156947737043
312,2.5379150536319552,0.17689725919693267
313,2.5507499595176153,2.5625872757316275
314,1.7180824384150362,1.6606867385001565
315,1.8193692699183115,1.067880940110167
316,1.5197795744197478,1.4401772117720977
317,2.0165520070541714,2.1130495798941658
318,2.299505395168016,2.378521574573471
319,0.7031642460036513,0.865029514470672
320,1.522287059218636,1.7282624122798165
321,2.494899570947718,1.9012434228326944
322,2.5145105862085724,2.7503714474139755
323,2.5253044459266056,2.66273801952827
324,2.6812616828714293,1.5506915408286528
325,2.4170475955026776,1.9755081539491341
326,2.0717125104818988,1.6978373399265156
327,0.8163711485904734,1.0500077850853766
328,0.8395835936545991,0.9852865857424808
329,2.8589357028261193,1.8345235319182132
330,2.469426080055467,2.014104492815793
331,2.814478025246733,1.5180210014180928
332,2.3123475822939206,2.0411406248113817
333,1.0909515334795779,0.5937085477458912
334,2.514522579730861,2.5422949039411424
335,2.087634816650021,2.3763850697169295
336,0.7376660620420059,0.08732446480479433
337,2.759896108108294,2.653158071464615
338,2.6338804745579623,2.4561717010728112
339,2.7165982601587273,1.2119917424576705
340,1.7291505857051572,0.8659329343868882
341,2.098990807692787,0.9787879571193426
342,2.3513065720159405,0.5668413717465164
343,1.9417683110309236,1.7073077533337615
344,2.228990026568017,2.388171338916551
345,1.8268682674701215,1.6380570556572907
346,2.55654743220713,2.6918781952748727
347,1.9178423653935177,1.570168389029179
348,2.2162195860755998,2.0003086844004114
349,2.4289817224138437,2.5979264356954745
350,2.214877405127519,1.405242178642125
351,1.6801468166879094,0.19242463177584626
352,0.646964012278214,0.4004077810772514
353,3.002539581130238,0.927849307230603
354,2.1635108566312287,1.92830428695263
355,1.7904206375538445,0.9198836921272029
356,2.158418712505941,1.2302578217650748
357,3.2910311521877142,2.1987581953129514
358,2.796287981204273,1.8115440579984206
359,1.8944319873042357,0.7491433583867813
360,2.5048278901448597,2.600040343801835
361,0.7580298812724232,0.1764610736847968
362,2.6525716401809287,2.737567438735136
363,1.916997276419006,1.0275354682487088
364,2.4534316709273307,1.3572113536023718
365,2.573135788439061,2.6107406395910187
366,1.9157109704123985,0.3891958425166504
367,1.9616904784283908,0.8700843455726718
368,1.8793492295595542,2.328740297049778
369,2.89954879793923,0.9767730556093952
370,2.4573290965312538,1.2652091046308735
371,1.5274467339158042,0.386353657817582
372,1.5179501633639674,0.8089970655280517
373,2.458684644555488,1.957856749921406
374,0.9337646884346008,1.8307394072182996
375,1.5030338303305455,0.7988529817389532
376,2.234535818484037,0.9365114934873144
377,1.152326205336803,0.6638274859117858
378,1.7262513792839078,1.7752493404742038
379,3.1673318710439013,2.0020300540805676
380,2.243294720667653,1.4787256947627911
381,0.5062379070239831,2.345465265029133
382,3.020038830970934,0.39397954308450533
383,2.295194411165611,2.638141946145181
384,2.427515640366019,2.5499682211288586
385,2.541411650607033,1.4944011028969326
386,1.8608506736631658,1.3659992593015393
387,2.176273428398055,0.6448934807744944
388,0.9035176188591731,0.16537519744962925
389,2.537947551580025,2.1576106523879632
390,2.2844566948441414,2.6273208598046387
391,2.0565521990836397,2.058854034988005
392,0.36133301965180803,0.47531296007542134
393,2.07910922855658,1.195170973414493
394,2.0960164271152752,1.2434595188729656
395,1.2872762044453405,1.1265044326890643
396,2.3201630771380115,0.594763422385985
397,1.2027818463230688,0.41211563243648963
398,0.9519295034026413,0.22723956115241425
399,0.7846576981344732,1.733381044328125
400,1.9222557171544925,1.306410012442403
401,1.3538920394853633,1.759850396688285
402,2.106186772559805,2.3186353197989336
403,2.5462318689347554,2.2877173601851974
404,2.600887308818278,2.6960493237773657
405,2.1515247510859647,2.453217626152878
406,1.1098561883126234,1.681563632655259
407,1.9344102339724747,1.2035221757822472
408,2.4745949206185793,2.656082959188295
409,2.4682057810670166,2.374509541215659
410,1.7610741135677015,0.30884176105992867
411,1.6813471405584253,0.5317640196812418
412,2.1637505123540133,2.1984541088062843
413,1.7414939006062822,0.5495489804030053
414,2.3181140343571687,2.1896227111217987
415,2.449115977535329,2.348541617399375
416,1.531012931572923,1.1954519610989889
417,2.700298840698548,0.5326481226062144
418,0.8499145749722058,0.13045518232636755
419,1.3541315816444979,0.7089323021425965
420,0.9997048046718993,0.49202290886364025
421,2.332308978278104,0.7826003143954642
422,2.355382377695956,2.49661517238452
423,1.6956315458226061,0.4379337865522414
424,3.2425593343979013,2.418748011837648
425,1.559529108596542,1.7801648198546138
426,2.292635387148828,2.3893611544090345
427,1.5222171398237996,1.5627129896850946
428,2.3899683709447603,2.6084290021866066
429,2.6295932980419456,2.5590359754757563
430,2.827454375491361,1.14425684939414
431,2.062130748277735,2.015301689962144
432,2.420740557268809,2.2294133554867748
433,2.325170992345194,1.9645697084551694
434,1.6717343283568502,0.2251403053313138
435,2.3299702565534153,2.8209400021120383
436,1.7628449092781526,0.6991766591320503
437,1.6744710922007735,0.9198307798617331
438,1.2280947541308962,0.4207581148146855
439,2.0184516504139114,1.5042156254618604
440,1.4056204898940465,2.8113051548198382
441,2.488006746125892,2.6038577779835426
442,0.8364745192193149,0.1403196578048818
443,3.0906744142804627,2.4277128098600387
444,1.2484063601786959,1.6904279676792295
445,1.1570529798421783,0.38102291086387635
446,3.319144448175806,2.601542249760543
447,1.6767642937534564,1.1309283205651675
448,2.54634524303832,2.5273919534030354
449,1.934597586321773,2.471733822092431
450,2.1379539455698566,1.2714479654463506
451,1.9271040671677682,0.38911211531484946
452,1.4498374814338322,1.6996209581043262
453,2.8583305306039315,2.2862567522912887
454,1.7500806431070632,1.6597212573668463
455,2.3283883705326005,2.2751969266063683
456,0.7702400051386893,0.7143911244164028
457,0.19830498008518851,0.15844312541474231
458,1.6800995995573993,0.7532551085885084
459,2.0493913827742154,2.546344839954456
460,2.599251899699904,1.0877472206728567
461,1.6256877604067133,1.4643280038625301
462,0.5902988920355071,0.1347661080461182
463,3.153650112389028,2.4625526016635515
464,0.25167363624886085,0.08643234441264547
465,2.0397927743417776,1.2333052124416968
466,1.943214821735554,1.0484018486417814
467,2.476279973668613,2.6803803551582903
468,1.813048654462965,1.8675905070234835
469,2.1728328886149604,2.265565608500319
470,2.6607532716732134,2.670039992111575
471,2.2393029448234674,2.5317074567164504
472,2.701421766319845,2.6059219831422564
473,2.108685568136294,1.2251840148385995
474,2.2617596775008235,1.66336644465095
475,1.0908175380438268,1.8964461518557167
476,2.4562460176151286,1.9690702522700596
477,1.1203914169253142,0.2072106006887918
478,1.2653887144329057,1.2337640775916219
479,0.37434037063994735,0.12457934104381502
480,1.887789925801966,1.9540555244141067
481,2.135263113569172,1.2027316779207806
482,2.336143205826972,1.93039868533202
483,1.9385770072767425,0.8183188925983903
484,2.0234595620142746,1.7715994626298561
485,2.690372215721602,2.764063148845957
486,0.9543744926831966,0.5036240951804835
487,1.7577818729508223,2.066161398422019
488,1.8629530813795696,1.0730805275302222
489,2.796093124920604,2.4613168838127417
490,2.630383663089838,2.6324093561589295
491,0.8091600633900138,0.7046100200289903
492,2.452617183840657,2.485738785402926
493,2.2713082840669334,0.3548837929653696
494,2.3419396227688165,2.265373338627304
495,3.03025912206006,1.5385988982709906
496,2.6102247165070662,0.8369482504892125
497,2.4132920240614393,2.481188482203679
498,0.4236470024522345,1.0083491496715669
499,2.4622150534410796,2.1688229697899923
500,1.7240733929196796,1.9449293749028558
501,2.2750202889209277,2.196649844353356
502,1.0514332897569707,0.3529787700448012
503,0.5916346142709967,0.6753498453964271
504,2.408594732211243,1.9956683279868306
505,2.251592803862118,1.3402449331648838
506,2.679699538992546,0.8859726493235289
507,1.8077710554893571,1.63324100120566
508,2.568185514691245,2.0446100261284084
509,1.9720909005591203,1.1006403980039112
510,2.432072621969583,1.2212795602982138
511,0.889157567522594,0.5679651359914458
512,1.2734828740562745,1.4593848388941608
513,2.475424351454099,1.55231620802374
514,1.043404224995903,0.6624274594689038
515,1.4512927413455268,0.4656403105338946
516,2.5991182056412945,2.2789647375396873
517,2.0610944394839,1.6484420664996544
518,2.3507530505579157,1.883185020641023
519,1.4354593771110027,0.15777342210500067
520,2.1977104198231037,1.857057038666731
521,0.8379438755068882,0.1505673709282994
522,1.7980716441628573,1.075909585232502
523,2.773807333636197,2.4078767054794628
524,1.427578726004403,0.9935670854213281
525,2.3820872485474114,2.1509153433512966
526,2.4140084091097296,2.3805026915586533
527,2.280724860262336,1.4325661545360424
528,2.4208884386662004,2.4321758153863717
529,2.212887308132042,2.1823438982678347
530,2.3641624902420437,2.1971611964314888
531,2.983184173980672,0.7644598670975349
532,1.4547836469876347,0.856453817983424
533,1.9224858859709997,1.0208234664733598
534,1.9232442027654715,1.6027128892548326
535,2.079872604153535,0.9772996040439347
536,2.2109629005154243,0.6703358939668538
537,0.9737132545986543,1.5975370453917068
538,2.6106431823134897,2.633209610016456
539,2.741547054178882,2.4841813704343716
540,2.3891349591611855,2.5499501564698064
541,1.4272415172320367,0.9754814827287992
542,2.192158919710253,2.8172085322138596
543,2.5920708836878594,2.1301954662824447
544,2.1025667644360038,2.3968396732981123
545,0.6667505193556242,0.4024382773852468
546,1.4849579490412528,2.692866798928572
547,2.5970005205021414,1.400808074937183
548,2.8699780085355013,1.667536698977648
549,1.7957428298267446,1.3604198914763852
550,2.0936258968218806,2.1682452812909565
551,2.3783613891931377,1.8904650870024005
552,2.3702921099799847,2.300995261847222
553,2.9225819447160664,2.483756480847178
554,2.494820426331522,1.6470910989636236
555,0.8087669163521465,2.1048729228961895
556,1.1504014254876083,0.5340053742046895
557,0.8938638735525389,0.16114986965965286
558,2.496971986410382,2.2958899878891623
559,1.9280133986143686,1.1710481372126362
560,1.4522748138340682,0.13731104249248438
561,1.1272427045092401,0.4772309330151465
562,2.53210110135847,1.8694711656924534
563,2.1900905794659384,1.9273124014303369
564,1.448469858090122,0.5160073296341348
565,2.039731076408457,0.824240189410204
566,2.4818803331122696,2.4218389879691626
567,0.3389764959908379,0.8652714611701829
568,1.2198400782976098,0.5419972184767221
569,2.9464819885386504,0.2313163858678856
570,2.5957097829260123,2.5791721370342766
571,2.4080936953779575,1.508903691919674
572,1.331194786341103,1.7670798322415049
573,2.004011795406581,1.0605038817194372
574,2.1025426904411324,1.9228879862517407
575,2.693262747020095,2.654831517539196
576,2.0127892604624287,2.3805253255978926
577,0.6495326882328475,1.1241066237360537
578,2.334139715596936,1.2551701325257332
579,0.9524306536582731,0.9662521296374532
580,1.599683989312107,0.7763050850572575
581,2.4161671264894076,1.7049132662741635
582,2.7092034641800766,2.362116198285743
583,2.2620695424053587,2.28489268765948
584,2.4607712885735222,1.0176021526309447
585,2.273804112862176,1.7105751774720825
586,2.328358502260592,2.6670244747229455
587,2.3499399895071718,2.4905951272414186
588,2.0243587565202112,0.9048956407994898
589,2.9393337162112414,3.4238870489157947
590,1.3311763605459392,1.5734472564925763
591,1.1885188432654175,1.5574412166476082
592,1.8471104926488844,2.103308893444885
593,1.7443746224630028,1.447461205929059
594,2.4379793614116436,2.2241976956370344
595,2.128577576319322,1.8403731401907135
596,1.563696903733586,0.18634118946604403
597,1.824081321269128,0.9713175501664153
598,1.4766751414096013,2.62414143378173
599,1.1745143986188742,0.5431848345152571
600,3.305554336806173,1.1187692090325156
601,2.524753035767385,2.4692370112985915
602,1.6962297450938086,1.8094565441688244
603,1.0237057803402339,1.1111089600370612
604,2.436823282242637,1.8248165997019086
605,2.6084467431700356,2.4904217665059436
606,2.5416764887405376,2.6513594219512204
607,2.327839023525427,2.2055740806195048
608,1.363179368456036,0.8629812607383754
609,2.3577903714348127,1.8000307979794257
610,3.345975077187168,1.778420038674959
611,2.2043674873288173,2.0366311085700373
612,3.0739542225122283,1.8622638787313603
613,2.1169083782810745,1.0613766403003166
614,2.0094165747396064,2.2727243133757193
615,0.8884787657427672,0.2956185254845052
616,2.312816220695954,1.827053896531107
617,2.0576150933252193,0.23911448320022088
618,3.4102406706733426,1.1927702191803629
619,3.1615076204229196,0.7974161796968023
620,2.1116279107281066,1.7225232103963106
621,1.8204681529689597,2.7173325115781877
622,1.1464428188699767,1.3270751355204216
623,2.191480270235682,0.7686725810546867
624,1.3070705030062557,0.9892020657380312
625,0.42471654564943884,0.2513748630349948
626,2.2863040787561997,1.9524353956539913
627,3.0683508270596263,0.8651732039437071
628,0.8217780975818879,0.28400702475559797
629,1.4092577298117106,2.444761154762756
630,2.9086844203271967,1.1012074855416703
631,2.223047939604266,1.2295349217470524
632,2.118231869971046,1.272997748923194
633,1.9090837198995352,1.6221604307144069
634,1.7444668551277063,0.1941262226768111
635,2.0973838679011756,0.9843175056036054
636,1.9718602902291003,2.1455495696936766
637,1.0654824347285725,1.93755748404211
638,1.4516256963740317,0.7282315872337545
639,1.6250250805524582,1.9551025575301717
640,2.1870825169886583,2.4897537291406957
641,1.4521828155776126,0.9398587468092445
642,0.8689946897608158,1.1842971113849567
643,0.671330654486359,1.7300262077836488
644,2.238397722570386,1.2180300288731534
645,2.6670692388571866,2.877311747783428
646,1.9999687639024661,1.3790790679916196
647,1.737236427299556,2.4193947400986655
648,3.0269470040473294,0.316148600677987
649,1.3902280913434828,0.7069239027366395
650,2.1669295574240963,0.9949794393786279
651,1.6325444737557464,0.6811450524082204
652,2.6077830793168437,2.291749173691622
653,0.3101017454650549,0.4901463509046255
654,2.561294464112814,2.485282073134017
655,0.28557866729994325,0.4163785200304388
656,2.291765922322425,2.611934781727643
657,1.4191837656328115,0.8076407561840969
658,1.6682349682466424,0.7226377727599297
659,2.0810038861452975,2.0363751512513266
660,2.5929120400257033,1.42233900175827
661,2.1535541168291124,2.7833623032385324
662,2.6921681872731975,2.145950664799049
663,2.2659001700065318,1.9358290868502137
664,2.0751276933077523,1.020693786526312
665,0.6282099204697145,0.9431350241769254
666,2.0255063562940188,2.607578524372571
667,1.961622252176067,2.5033895584507557
668,1.3141869332882437,0.4031544791599066
669,2.5218257890758036,0.8737188068528577
670,2.65369970691356,1.7129608486591443
671,1.7361358300141865,0.19081479367099108
672,2.4587181538812315,1.9964441393471697
673,0.9185452340898371,0.13173292592901964
674,1.8653820095305393,0.527314178149646
675,2.6064634179130275,1.9556519644775279
676,1.3878030962696075,2.100877928429736
677,1.2106841450068673,1.8580730864137702
678,2.335451198668,2.4445175739499647
679,2.3553226706332415,2.6029880140720127
680,1.3980180170680407,1.1916177524646812
681,1.88493644067345,1.144158343421062
682,2.3818851575571838,1.6617656008367194
683,2.8382840138868866,2.682793460331317
684,2.446087192104816,2.4957647374216316
685,2.1467294160100088,1.9575246405812035
686,2.436782679950722,2.2250184140483
687,1.8461687619786875,2.147252698365692
688,1.2072080554791165,0.7467338744209352
689,2.3733293651851213,2.9196363950638635
690,2.549692904587628,2.4969867025582064
691,1.5922093857458435,0.6672264819289286
692,2.688305117594255,2.684459178666166
693,0.8401556454496821,0.7514878107195878
694,1.4396384688176833,1.8259147104879465
695,2.317759233118031,2.4190269562981714
696,1.8948585890039784,1.528902644989066
697,3.5517077687693774,1.1113447668701326
698,2.677367054331811,1.3000081459773472
699,0.6893211764796658,0.30078595986725765
700,1.6206210736051616,1.9313044108049529
701,2.9859778379382984,2.245059924416808
702,3.229451789809854,0.678090982391976
703,2.7281202897389054,2.812953679393094
704,2.4518853362808652,1.7629352831652296
705,3.407042913192873,2.2445764274179663
706,1.234995152255131,0.7141468093724129
707,2.627122068777581,1.112911930599383
708,2.4892018505565647,2.0382137065451156
709,2.2822640995812784,1.9608850145483756
710,1.7367414784663584,1.98752896723283
711,2.0621345932438775,0.780864308760661
712,2.2803250865230273,1.6035753313056196
713,3.303243215062522,2.4647957092035813
714,3.0423151168349696,0.7044989498995186
715,0.8481161626942555,0.86343146192502
716,0.8224444232148886,0.32839412016799924
717,3.0787936044979842,1.2918743348899093
718,1.7255378242676862,0.5919641775905063
719,2.8631197117786185,1.1499971699488702
720,1.104733662607001,0.9518344885055192
721,1.9678057566827507,1.3051150223581671
722,2.9851332354186875,2.505229506584026
723,2.4674785592862296,2.3603180353736355
724,2.2386914902980153,2.8247973787233915
725,1.3409932657439378,0.8922306777197364
726,1.9850336225267888,2.104168318497731
727,2.079489066967706,1.2358763758310645
728,1.7292334685329271,1.8997584394533606
729,2.4637403591519758,1.0646464784889313
730,2.4064298947905196,1.87545122129818
731,2.556031648988459,0.36649264685572774
732,1.3631981709667045,1.555112019064778
733,1.2656422475410767,0.6520243236035863
734,1.81966783435569,1.015957017109319
735,1.8570269578105156,1.4558505804314983
736,0.616767000362781,0.5799927244242054
737,2.1937557351017967,0.9359143079472464
738,0.6587775124718335,0.4014497169816236
739,1.9255501615585673,1.146112543125003
740,2.402989279748626,1.7254787911319491
741,2.3825453866304604,2.221653153756185
742,2.5058301504634657,1.5995606045475774
743,1.9989123756091367,0.8899968596837337
744,2.4791231882386198,0.6669778222043852
745,2.452142115240748,1.071555325486333
746,2.6013427897726658,2.5329423354871454
747,2.503782073413454,2.653101664931467
748,2.0722993043063656,2.3044336103278487
749,2.5144514941293417,2.1590450406417103
750,2.7191019645627765,1.6771774924830056
751,2.1316451394942524,1.429199359105905
752,1.3105004680870886,0.4441187644817316
753,1.4711664788678913,0.5748703354975636
754,0.7744897592412009,0.4636166177180513
755,2.110074385486755,1.821633857213592
756,2.5429690979643587,1.4205636514472053
757,2.2313816414987993,0.09764031351960116
758,2.411452630999869,2.1522147215415286
759,2.07582208567663,1.9106912546680435
760,2.0036559948486152,0.7488582722299545
761,1.767268089527978,0.8842719310826278
762,1.3925443117668117,1.4652255983274656
763,2.448484445336408,2.6741642867711684
764,2.4177630829507883,1.930421420341331
765,2.5675865493371246,2.847746834142614
766,2.1663422890322805,1.3024284633844132
767,2.241959411547368,1.5191367021568494
768,1.3245255743906188,0.11729845713183956
769,1.3550826892892724,0.33054743458277763
770,1.8754523589960523,2.0656021730222345
771,2.226162621463236,1.9698977536750095
772,2.019932765897977,1.3081299540984714
773,2.1627509074720734,1.8981615162907481
774,0.914601669940306,1.5614935527463374
775,1.8753215285754012,0.9457683379991975
776,0.7044010621063606,1.9560660836771029
777,1.6814434328775607,2.454422268609582
778,1.5046016371991724,0.9483971699916444
779,2.5585795915568394,2.2262704334948853
780,1.1144262334209445,0.32652663105623564
781,1.3868588459554527,1.4127997740687126
782,2.4712846050607777,2.4202931073928626
783,2.8019493421390167,0.764345130458429
784,2.4885855131938137,1.544405506401199
785,2.506243144703292,2.2015530739701403
786,1.1916132085358282,2.688305360803351
787,2.0448037700297315,2.3307911887984223
788,2.4750578223151534,1.737673834387071
789,2.101529563696976,0.7217590420849632
790,0.9757800562803146,1.8587952559654346
791,2.0581237484084918,1.9602445398787791
792,3.123588385278381,2.5849857991092335
793,2.3418258144771458,2.4293709347243477
794,0.29488349277615206,0.039444314638229214
795,0.4643954204792046,0.21253088082179075
796,0.6740134088101669,0.7793418847714315
797,2.888047191246373,2.4703339538782476
798,0.9617828553351251,0.48102347474827045
799,1.000413494539806,1.6128331785259467
800,1.9631367008557938,1.7610772326647164
801,1.1094065801153474,1.3114195850791937
802,2.1059106438172663,2.294090508190694
803,0.7590472909203914,0.2526585421090385
804,2.5382755649502484,2.7942916776224083
805,3.472556279402953,0.9038469405575622
806,1.0452060643100898,0.1896702075950238
807,1.880951188099824,1.3600154799271442
808,0.5132922883277524,0.26593697676286465
809,3.200741090092664,1.7158449572615322
810,0.8907235290326061,1.2324828978794382
811,2.2234524773059086,2.1020195911631325
812,3.589765491976538,2.23370524324146
813,2.3047292976024965,2.4339203068747572
814,2.5591173840846713,2.2703134527578435
815,2.3314814903873016,2.4531546225072787
816,3.036577354192877,1.9540586460293086
817,1.400383595563491,0.6629800483565569
818,1.6895131157537244,2.257492473901996
819,1.3067712726266085,0.6769652070703208
820,1.1741037457970283,0.1926292313291709
821,0.5625570405754495,0.21200758419832727
822,2.3244567935227867,2.670367703274837
823,1.5570115283128492,0.6907226324585013
824,2.4055450207847673,2.0652663884977467
825,1.4268373404011463,0.5950656228113416
826,1.7589683440334805,2.0137239365369415
827,1.7308004943473099,2.06561322523328
828,2.4278397808624894,2.1137390278141814
829,2.039600618196678,2.6285056823337096
830,1.5795016093022,1.4267227366962556
831,2.265483308965753,2.1075106007044546
832,2.2284231972345134,0.9703901375678867
833,0.7496483480591094,1.2890684704809863
834,1.319525146835957,0.8480541843660658
835,2.2056152621620466,1.5423287788111253
836,2.1789641319809077,2.4682631168135574
837,0.6383460144198516,0.3591169100053846
838,0.6900768523776072,0.059222159304942
839,1.2486579183343878,0.7376491916842391
840,0.4773551720248643,0.4006790417009228
841,1.4335770938183603,1.9059542764055535
842,2.53967828075454,2.7530820045522777
843,1.576442360877707,1.247731221971493
844,1.4706010947019088,0.4996656676848703
845,2.1686219778737175,1.0439772002178531
846,1.7945020386200932,0.6046068057802342
847,0.44067580550123486,0.5177722743632055
848,0.9457339463636752,0.39777768546591585
849,2.274372851654339,2.1446654662335622
850,2.4076612521386065,2.3477822694889774
851,2.479414475260136,1.7453714311673116
852,1.0279087849864497,1.0217649520133862
853,2.0190168137878737,0.8468330040065902
854,1.9439568352551138,0.8788934057761721
855,1.7406005526325972,0.8380589129058329
856,1.4710866322010092,0.8845764111105602
857,3.1145224185509193,1.5648872846335606
858,1.0607641414380136,0.19847145380687456
859,2.5478187067423526,1.798336106967699
860,0.605834525435162,0.12046243478373712
861,1.5375666088645006,1.5053553951351433
862,2.286871478890714,2.3190611266251255
863,2.522256918960169,1.3910240892859458
864,1.7623817501629806,1.6124594953535096
865,0.9987879955770785,0.9642344011776193
866,0.6499155388090558,0.22738588788549233
867,1.5562255959979134,0.36593480259422845
868,2.0696160724037562,1.0574280009382426
869,1.3034875003400304,1.7918986944747897
870,2.6432630046367707,2.813683380562123
871,2.066705478162243,1.1983494959407315
872,2.4785496576440376,2.7602275235889153
873,0.8594756678586547,1.6866305510699375
874,0.34759622723738237,0.6741148547465143
875,1.5301723746216624,1.1958672682099163
876,2.562740605858667,1.7138677321873912
877,2.8290188084589265,2.0575749179955163
878,0.840868926241917,0.36582247489623837
879,2.251954589230712,0.5082045798068536
880,2.2232578231363895,2.258641409598586
881,0.5816176833035818,0.7287374170777664
882,2.0689307902589276,0.3906191547701886
883,2.6756863995912545,0.8112955911554431
884,3.107712223456223,2.0521600027906475
885,2.3406362878262508,2.7187659645749154
886,1.8755640603034927,0.7350940238983021
887,1.9212879202347695,1.7574668976587975
888,2.2419969368632424,1.547213355253597
889,0.9665613460055145,0.6831072767065405
890,1.594017980331075,1.5291737347813255
891,2.3866062265457764,1.5473668934310265
892,0.42456071447299615,0.155167512374079
893,2.0003264003485905,1.3973651658023145
894,2.346073817969968,1.5010295720324827
895,2.365404961523211,1.8999784797038892
896,0.9099927423743324,2.052956289453357
897,1.3101704055731644,1.3447651890265202
898,0.7288480807019708,0.6775348382209259
899,2.563536808750797,2.2603886980475756
900,1.5463755860699469,1.5468611396819987
901,1.4677147715061898,0.4106759916537567
902,1.4142705195320924,0.8792807327163775
903,1.6328006028950388,1.0980306152164634
904,1.0754998442506376,0.8957504293657074
905,2.581525725754123,1.189264395632057
906,2.7711012623484867,2.7365010250658997
907,2.1969724192732816,0.9895732131963226
908,1.2447028599097403,1.2532564331962714
909,1.5093289094620197,1.1942111724870228
910,1.634434333033122,0.36585609531195795
911,2.6943143233587006,1.5741173254020253
912,1.7405111278368635,2.4009162770808334
913,2.47038146658992,2.213796626301228
914,0.6511109270625284,0.16650977494740044
915,2.4078070234552302,0.6170752145258233
916,0.5666464856237755,1.138495028684409
917,1.995197384222172,2.3433694931225184
918,2.0524058561201475,2.012027883330729
919,2.1775632932864637,2.319933229426962
920,2.0723506457639465,2.0460387729144918
921,1.7585215047408804,0.758219975641235
922,2.3388475066417103,0.885647929921216
923,1.8535323254240315,0.3143229932099803
924,1.745994925604868,1.1702912657192575
925,1.022889510818713,0.1300120476607656
926,3.021859363955377,0.9219776453611795
927,3.3010825034014553,1.4510916598942574
928,2.4821037429988873,1.076234360149059
929,1.7630192126968387,0.9511182203937272
930,2.800870221459285,2.9221505166274806
931,2.24318927013234,2.397553777996652
932,2.5149654315008854,2.6236570763549443
933,1.1052559508919237,0.9316977457764256
934,2.2655550040842423,0.7841984500478822
935,2.4227697331672577,2.6332503422935405
936,1.683658165918263,0.2780692945383176
937,1.8996706128156844,0.37362883840725286
938,0.6104462006294673,2.021392631194486
939,2.59243174177694,1.9410629529569547
940,0.7853517451277634,0.1053096540555904
941,2.028263444782478,2.003690891376876
942,1.8924959729779829,1.0612038721144872
943,2.7238466104215076,2.3393687223593163
944,2.388334575288876,2.282814264508921
945,1.6867340960074477,1.068577098612515
946,1.905452926765541,1.8973652503932885
947,2.5170874966329952,2.824481789005121
948,2.095207647354371,1.0618329415567285
949,1.6303819512427735,2.3902985151400453
950,1.5372529708288973,2.5314029871158317
951,2.086522169713784,2.1081191622101763
952,0.829175905020685,0.8690470535795193
953,1.5172643025542925,1.1981714740820117
954,0.7522901304663268,1.419106800466839
955,0.8342627187210802,1.1647536810030161
956,2.052377780583346,1.9054464449329458
957,2.848366518905811,2.8144119126582776
958,1.9136565704298745,0.63721560185806
959,1.854705810231387,0.3110894307085048
960,3.039213912243253,1.9390650668407816
961,2.286808092327418,2.3296086801564218
962,0.19011504705423243,0.3189877065522823
963,1.331620370244054,2.021831515620117
964,0.7366580252288064,0.87025160494412
965,1.9124918509165996,2.305294668692084
966,3.0853919156471528,1.8824096807063477
967,2.3721713064663303,1.7992869096512145
968,2.0126047639449682,2.8197698792611776
969,2.9867693513672675,1.422738984052775
970,0.7409736920425696,1.9407751095029442
971,2.31309432987447,1.5911422813302019
972,2.118855780024128,2.394564627472458
973,0.8958596073958432,0.6135714618708614
974,1.9280656912935004,2.3493018611598733
975,1.215595897309583,1.9718413672702708
976,0.42772225968773275,1.0042211943060484
977,1.8456832531862262,2.0702278715990263
978,1.0183347953751225,0.29061608533740635
979,2.4304576544501013,1.147495633361123
980,1.5193370703308036,2.323607772867022
981,0.6899046307038103,0.34033066877435575
982,2.3760353594796695,1.4772350057982861
983,1.2533481325864595,0.8817843869142744
984,0.777481003973627,0.2678147502339795
985,0.6481148182239534,1.304644193279632
986,2.3021669132061393,1.5234489477360273
987,2.613749524022731,2.7871389099393413
988,0.9808603241142285,0.24521548909170315
989,2.4120373188990274,1.2412349726433078
990,1.7179393353552297,1.9766691430147163
991,2.193799951105361,2.3104296889362397
992,2.635350782794173,2.4605417454906857
993,0.413987540672572,0.28975144442122336
994,2.1161122983493454,2.1530562533459507
995,2.2342228101318784,1.5330365471199425
996,1.1797229502605364,1.3837893180414986
997,0.6585494381049543,0.892024225107294
998,2.28918373912941,1.2624617892642296
999,2.6541649512096677,1.4240030912685981
1000,3.2939464216191507,0.42678948822394586
1001,2.3436007206493317,2.050832081746838
1002,0.6168187606599929,0.30299558962477646
1003,1.5254378682050649,1.0187886176076413
1004,2.159415145921024,2.577202300244989
1005,1.5741006779165274,0.9962030206451541
1006,1.662226683811826,2.049496029530965
1007,2.646829971346853,1.6136666286920245
1008,2.36989804409278,1.2365738614033983
1009,0.7816556560104636,0.13810471147092757
1010,2.320241122049889,1.5577384174774636
1011,2.6901318652526265,2.4175511071917786
1012,1.999206412973928,1.624752348345885
1013,1.9525527369989097,1.9364700146003044
1014,0.8198945564930958,0.83760494722151
1015,1.6277423676565201,0.7218959269676168
1016,2.3768306669614874,2.5458936845136524
1017,0.5848730275873075,0.2769702223585906
1018,2.6651804074414214,1.6144188690620915
1019,2.502737609930846,2.320166277535894
1020,0.9213121937320623,0.42874150340441153
1021,2.119025108670372,1.7909331914721274
1022,1.6374757688475658,1.5045291578090003
1023,0.9176495177310755,0.4645542651381852
1024,2.308675816749628,1.2737102206012527
1025,1.7884816879209398,0.6676868070533264
1026,2.522777993506178,2.5465547100410864
1027,2.2551014923503896,2.737623071404382
1028,2.711170875806439,2.4737648121419094
1029,2.3091111469216905,1.0594140517676462
1030,1.030561720241111,0.220855136230934
1031,1.8232384499710408,1.6635628838360264
1032,1.966961682169051,2.0644828421667714
1033,1.937344594937177,0.6089641098508725
1034,2.6642767002579175,2.508883002718445
1035,1.8902375405534129,1.5989386274167185
1036,2.201963663587052,2.6836344935997976
1037,1.7844541241173717,0.7820268563187227
1038,2.032911757130118,2.059819328575434
1039,1.3971020866384467,1.8187119858453455
1040,2.9543236813435687,1.678315358143861
1041,0.8111903089436538,0.5269066110001491
1042,2.0091364699469128,1.4121654661942644
1043,2.417182697778136,2.3132011694115437
1044,2.524611120803646,2.571387614951615
1045,2.646185092907224,2.978047401063661
1046,1.779674742596141,0.5887713461662953
1047,2.2936143998205543,1.812826728016961
1048,2.4550832845934085,1.3733515888934644
1049,1.9470406539486897,1.704859442400898
1050,1.5487466097254632,1.7722752764966487
1051,1.8474929178711423,1.1120236710611067
1052,2.2508134663798995,1.3202533406687993
1053,1.8857159954578486,1.969377106014106
1054,0.7205076065187097,0.15896820314210558
1055,1.9189205720980553,0.47448092783864915
1056,1.52197576249078,2.2535729588428324
1057,2.584118643154082,2.6064159177483823
1058,2.626797938444165,1.5740289770830005
1059,0.7237074107726118,1.9907416550705215
1060,2.380181747143373,1.0199325072051566
1061,2.1186771991381312,0.9690837332312506
1062,1.1804044561573221,0.5894875971546045
1063,3.195165412917911,1.6440402965610017
1064,2.453742773713997,1.6884665244695252
1065,1.9718586794834454,2.6112888905994387
1066,2.374747454841813,2.7292708524428324
1067,1.9594237260607967,0.8997731849213892
1068,1.3770769147414494,0.3238156990685356
1069,1.384429251297244,2.283703454989414
1070,2.3979745430457493,1.699776701320255
1071,3.3666528893503838,2.426278499683565
1072,1.9626213768111227,1.6536115374687583
1073,2.476057869116395,1.5125179222387688
1074,1.5429781549526298,0.4816080371614668
1075,2.1235071265316083,1.4235650911263338
1076,2.316465642518217,0.8198769822037599
1077,1.225262591329721,1.9907236222663358
1078,1.21397959722421,1.5835261387755108
1079,1.5681972877879973,0.33151105110927054
1080,1.717020419639248,0.16539177724924842
1081,2.5235166678345005,0.5095074025244617
1082,1.0835828621254737,1.721299218921261
1083,2.2851954517427395,0.7549316890202129
1084,2.0136066564384816,2.001173563094714
1085,1.9838950982449228,1.7952149562210156
1086,3.1733055077652943,0.8472301033176781
1087,2.451626157967631,2.339911814519576
1088,2.394491915733959,2.7445179850637698
1089,2.462855867880342,1.5200575482884844
1090,2.5700664362352743,0.7837682721851079
1091,2.275490943625646,1.8904172703723765
1092,2.1805771273847157,2.008998733115591
1093,0.8029360923002788,0.45554760311230785
1094,1.0532967798021569,0.15034307342634026
1095,0.6889158433249905,0.43319288502632747
1096,1.8956903583250688,2.165445434271817
1097,0.719223563165833,0.1434022220052228
1098,2.729792968248122,1.4773777009070386
1099,2.0297521632940585,0.5294655976712238
1100,1.5239637734041178,2.7152188295447988
1101,0.9093576290444203,0.4178186307567818
1102,2.087798575333978,1.0535299658857358
1103,1.3368377601233044,2.197232637682271
1104,2.5201375749549593,1.8262168787315212
1105,2.54025112138184,2.6499160436248173
1106,2.1469551138115133,2.207131606501213
1107,0.857545746270985,1.9107423911593264
1108,2.28848758570617,2.2146900877417695
1109,2.219782922982443,1.9909049224263318
1110,0.7609689148669999,1.4282603663244549
1111,2.056470909804679,2.3397025285737616
1112,2.428736898049767,1.5216353515918872
1113,0.746243476709761,0.779997187386644
1114,1.992392178657497,2.571632664059522
1115,2.551950657699427,1.9257965935487908
1116,2.433324284021486,2.291728590561302
1117,0.6802057560089017,0.6459336152380413
1118,1.9894350372663017,1.4696344132332073
1119,1.4858045596070217,0.7726111742101623
1120,2.319723764788703,2.129710818213673
1121,1.7222142496457824,1.789367800298033
1122,2.3486082947114357,2.382639861757111
1123,2.4090913780817607,2.6702601689853704
1124,2.519618766011365,2.5270449046837467
1125,0.3527849522758849,0.0784037591069099
1126,2.3457783023467056,1.8771617119819766
1127,1.8732369418596724,1.566019130071965
1128,1.8885758482619197,0.9572390606572098
1129,1.6557472636399817,2.8222272228799192
1130,0.7674578600666739,0.31247036923816035
1131,2.103224633431445,1.1022740920423888
1132,0.2652529033117441,0.6000497048135696
1133,1.691058971938771,1.7761544793008908
1134,3.092085719542147,0.36331341629872654
1135,3.216837995010523,1.4913136200998571
1136,1.782586015396065,1.6098981384612248
1137,2.064877955363703,1.4797538349166706
1138,2.313351397481434,2.5617544773702017
1139,1.002885483779037,0.1274747837324191
1140,2.495366011385609,2.8396836982725406
1141,3.394518266815784,3.083268079663386
1142,2.5141999310862926,2.4111482040871297
1143,1.2299228296429372,0.335222427330853
1144,2.320005889089238,1.9625893817177151
1145,2.402535353827329,2.4199327306123566
1146,2.6845028051779143,2.4945232882482404
1147,1.583159990345184,2.2876964822438897
1148,1.9285717948663748,0.3086061603541149
1149,2.2327513709253726,1.9352499607740818
1150,2.9946997842194625,2.6261468669345693
1151,1.9316093095896663,2.137141924955491
1152,1.5927934152649577,1.4430101425587543
1153,2.1499150884278637,2.1241393901183336
1154,2.4425609813197027,2.392005080355333
1155,1.900996249045834,1.7567680227410112
1156,2.609587813219427,2.5904594579283162
1157,1.8701695234624238,1.3629177997025252
1158,2.2495108609744863,1.5852605887816438
1159,0.7804771328473,0.22223788019565333
1160,1.041866728178833,0.8779795948304449
1161,3.249888186163351,1.7231659229783218
1162,2.0729184180951856,2.3246864657276545
1163,1.6156790615254752,0.25031602287552707
1164,3.287869454570355,2.2311891452805854
1165,1.5527462538438959,1.1197009160785503
1166,0.9953784928379507,1.0376445604968871
1167,2.4613400395185616,2.3509755354607993
1168,0.8673834654987642,0.7825444339400089
1169,1.9720454900554079,0.815569039430068
1170,2.59955997564422,1.4775079377558777
1171,1.470976784486538,0.7207386803411598
1172,1.942586622461378,2.9911453791389517
1173,2.0129208596260946,1.1571907254553064
1174,2.222891809969849,1.317719810340426
1175,2.343804333221216,1.8327750475120157
1176,1.9636801938558524,0.7760374606933784
1177,2.557163711222816,2.332050660662386
1178,3.125927315631249,1.6554409987801086
1179,1.2601344912015444,1.4745118294637334
1180,2.468826490147234,2.1814713211870984
1181,1.8082582753780219,0.42948612967023
1182,1.6112737316545653,0.5846073052704825
1183,2.526621836168235,2.306977066325586
1184,2.5368424296008714,2.8911163846732557
1185,1.6943347369886248,2.620768237425096
1186,1.5109478846986384,0.7142701474988045
1187,0.5235250530490805,0.15447432212042153
1188,1.549576899472585,1.9070052373751536
1189,2.4491104908103796,1.9013192647990405
1190,0.26614172588734797,0.10308698569142145
1191,1.5903792033656317,1.273677614204555
1192,0.8649882672926567,0.18830142887078583
1193,3.423648676237773,1.8619648150699375
1194,1.4037507328189238,2.370066632947981
1195,0.4950163908169755,1.0404883516347017
1196,1.4949307128240046,2.062983754897247
1197,2.828170847694609,2.870180176325987
1198,1.4842757103841562,0.41790286624163203
1199,1.505104778724805,1.298389454161736
1200,1.2540320849279794,0.8061356060601603
1201,2.404070531825953,2.6254256745243274
1202,2.4420996728002664,2.214557469444912
1203,2.3104990661001223,2.2822345113136278
1204,1.375009816625084,1.5626287277832402
1205,0.9038050462009285,0.9076874956256932
1206,0.866360626910351,0.3442591487051832
1207,2.109530989330781,2.4687040329478327
1208,1.5287484696267795,1.3706940312737947
1209,1.0433077479107058,0.4119280884466838
1210,1.6344527294110176,0.49476799074451083
1211,2.1228457291135183,2.1691017192096775
1212,2.3392319597543496,2.294193605995069
1213,1.7291908747844196,0.9246516204546056
1214,2.304393893885728,2.2045973222497395
1215,1.9125288633356758,1.2035853185381098
1216,3.3045106887917024,2.425605055199911
1217,2.8594227255208486,2.6213861512901357
1218,2.323824600812611,3.093787914693262
1219,1.705870604010554,2.8019033697293674
1220,0.6892963745928532,0.7888572055269146
1221,0.6991976434102,0.3552495672546027
1222,2.340407482497649,1.7661494176231887
1223,2.29203165143866,2.410077267003844
1224,2.378518894570293,2.029359477293405
1225,1.9128720742886294,0.550626927661778
1226,2.3891866897119725,2.1892389597444786
1227,0.8806062227147253,0.7902754612066076
1228,1.9541860454892737,1.1883657897233346
1229,1.6066971492479598,0.8413319172883088
1230,1.0028310238006701,1.9498661475322792
1231,2.7936944556782026,0.6489323948691048
1232,1.412662842928439,1.9196728442526254
1233,2.2740116656701996,2.1167645023308626
1234,1.936607671475317,2.5779857953282743
1235,0.3276410094804017,0.049270968042845684
1236,1.8604669876034685,1.3294616183826238
1237,2.286422466294703,0.6752122784828649
1238,2.943734158373351,0.2840623744620946
1239,2.4181445412045686,2.5474330473323605
1240,1.9761439797924594,0.6756453796009327
1241,3.020521684652849,2.9986300535010697
1242,1.2785563604374015,1.8184474356199678
1243,1.113593414452906,1.0597165562118656
1244,1.7117302012060647,0.18779607979866875
1245,1.408278275005834,1.9635594154918854
1246,1.9504625262750785,1.5781329147206018
1247,2.2479284467468688,1.4362278222554037
1248,1.1674087572639225,0.3187343425447172
1249,2.273836606276818,2.3628589063797856
1250,2.377982155780171,1.9237894924045345
1251,2.749731408762195,2.070199745262923
1252,2.27583622775346,2.4992999018078286
1253,1.957138769986215,0.9907546861755766
1254,3.1927947570170248,1.9344370267202384
1255,1.3579633641569737,0.48585500305041457
1256,2.138479756391054,1.9803761347042614
1257,2.453129101839848,2.3952907302836275
1258,1.1654952311048725,1.4189092650906037
1259,2.820608319663231,2.620930500726475
1260,2.4408296264935414,2.7676766877666354
1261,1.0058831103530999,2.3982701474619366
1262,3.1164729752538562,2.2162816284125446
1263,2.1344828793935933,1.976198683630317
1264,2.4327470642507283,2.2595196010630656
1265,1.017550724652103,0.38358824807866726
1266,2.0055896182816864,2.4049576503856342
1267,2.4339778011869035,2.677330932412151
1268,0.8810348082072236,0.18578609314729258
1269,0.757973730876447,0.8879774752703411
1270,2.3670088934447575,1.9371637728935152
1271,2.662469119688521,1.843286983659721
1272,1.6407855915111658,2.2805786493356672
1273,2.8695468655545637,0.5246059264793802
1274,1.6340184821780874,0.4191733424568027
1275,0.9449782594542058,0.10936775980399042
1276,1.5336378891586275,1.0329694449593603
1277,2.386954621825173,1.2433785976113478
1278,0.6091692450494957,0.3570971524945332
1279,2.140613703140022,1.1373471559100714
1280,1.9836335992943184,2.5048900636239586
1281,0.8422861055765157,0.3194811245185241
1282,1.808698813019853,2.195904503402318
1283,2.483868439986908,2.771787206736323
1284,2.194438499655149,1.9916356159019206
1285,2.0120824344726236,1.0668788933573135
1286,1.9622007468812364,1.8563304118121933
1287,1.747063941729778,0.6371125548160279
1288,1.960663673123117,2.293409180504509
1289,1.6812672171811744,2.36906139623043
1290,2.355544385771242,1.588938655750263
1291,2.3124456714849266,1.4306280191978902
1292,1.524901991005617,1.5885080551697448
1293,0.52014194850387,0.2936647331542895
1294,2.701746942111629,1.5086608493754372
1295,2.0342688913376388,0.9184753405999093
1296,1.4560283451373477,1.6794618160143828
1297,2.3392993863510934,2.1509698876391563
1298,2.467052690595583,0.7292862029481679
1299,2.110269349009673,0.7399004726929632
1300,1.808951269222243,2.290763614571108
1301,0.6538086790155759,0.3334279766473981
1302,1.5260797714319332,1.2889615332729432
1303,1.7983895236464211,2.158556442630022
1304,1.4555147620539968,1.102325648987797
1305,0.7535178091516395,0.8672280837269688
1306,0.881755624137355,1.516031110373391
1307,2.2023127113573717,2.7786245628478388
1308,2.142999073328464,1.0864650392505781
1309,1.223337290504762,2.559001466302803
1310,2.256872188770033,1.4243675856516167
1311,2.7326495227076473,2.527312842965224
1312,2.693538626115289,2.652697262466234
1313,2.366596903751873,1.554191744487684
1314,1.4309086820768688,1.5661431127639496
1315,2.1895453121551793,2.2756045423551567
1316,1.4947054762345906,1.1912174689507928
1317,2.1853830646346397,2.2976685500476903
1318,1.9773938444151822,1.9728225617760657
1319,1.9460065421950168,0.7342428250541064
1320,1.5728866320790449,0.7844748036501733
1321,1.1006804107624844,0.595416597043361
1322,2.6065810631730795,1.8006048051905674
1323,2.118009520732322,2.2275402813230647
1324,2.5391845211690707,2.3883899630898755
1325,2.267548120025942,2.5033384773467326
1326,2.104323160145013,1.2265547087023394
1327,2.4985655812204284,2.2431056297601706
1328,1.1410408346773333,1.298321719468832
1329,0.7688602217051889,0.07158381768130079
1330,2.369694443916452,2.4499135960086336
1331,2.000510827373957,1.2303040016218876
1332,2.5745607511659188,2.7350938709865154
1333,1.6356669929384893,0.46074774458127365
1334,1.839391214155592,2.4431381932394753
1335,1.8578058566966773,1.7512358839869564
1336,1.5648224175477228,0.9866725121519405
1337,2.028954960025315,1.271738674579581
1338,2.411629515054995,2.697159053364162
1339,2.3234978841103064,2.26634578061861
1340,1.4213495468073285,1.948153681760171
1341,3.5756862646649448,2.449421483229666
1342,1.1436939910635278,0.03213942610256326
1343,2.526120764022306,2.5221060069792083
1344,2.261558761504716,1.8933044321725796
1345,1.7520791485859373,2.0139292438984064
1346,2.518565459204729,2.522226838135794
1347,1.3367438692742084,1.4325487239618935
1348,1.4377306558839698,2.2904199067001363
1349,2.5359331291392966,3.0029097533289986
1350,0.9484728874415493,0.10852529613964645
1351,1.180547936437965,0.1703303494929478
1352,3.394470058223565,2.2033971563830526
1353,2.184656715522015,2.6448054874284206
1354,2.2374032094353002,2.216881362336092
1355,1.7794100307331497,1.0429182579196123
1356,3.1044978687157463,0.3290647951246759
1357,2.4398618120772633,2.540749792936013
1358,1.517851008820931,1.2938803504228162
1359,1.0131304830830759,1.1108260148523041
1360,2.4874841083818215,1.9508036186074627
1361,2.301582182190892,2.678756629644388
1362,2.6243297607777025,1.0637623706737889
1363,1.7560278309407078,0.9085116908891226
1364,2.227868585266805,1.5718197214760063
1365,2.2121688845440963,2.4240911333185666
1366,3.54536218283054,1.519852553032374
1367,3.027276751172264,2.932387281992482
1368,1.1409414155470825,1.2837197367756876
1369,1.8552008343657902,0.8883671881873099
1370,2.44352707316449,1.2276400486580368
1371,1.5392486148173128,0.10845129300686529
1372,2.1908390104058615,0.4806565262557129
1373,1.5469505484949575,1.4272501492559535
1374,1.8659700081397803,0.6974219224462028
1375,0.9115419319614502,0.4947083478077026
1376,2.423714600851927,2.352762687967038
1377,1.926280789780141,2.511896430836917
1378,2.337244000735886,2.163821310360616
1379,1.1672133743444968,1.9279225815191654
1380,1.3500150938229984,1.2114704121154876
1381,2.79213521364335,2.791471943508197
1382,1.9486793693727686,0.9359577579736211
1383,0.9877588870009785,0.04095466949519253
1384,1.3466793528193721,0.7887041714926502
1385,0.6473126732182619,0.7880040167453501
1386,1.7427960488943481,2.0989599782726147
1387,1.4720031508424136,0.2241344993190875
1388,0.7782757850030227,0.10575771125637304
1389,1.944572268509504,0.35780536064359086
1390,1.6927536834109929,1.0695530378256806
1391,2.5039010282079834,2.4434765355745136
1392,2.477601844138281,2.0719154343417676
1393,2.6684572072315227,0.9481850166375495
1394,2.5293677193503314,0.6088629728602867
1395,1.3127575284569197,1.1371049076360356
1396,2.141745020383832,2.858915528017968
1397,2.49788430924409,1.9622576974535997
1398,2.180058827142204,2.0728251685750583
1399,2.351335318237236,2.3677364392331226
1400,0.538759484902424,1.297661158029809
1401,1.114775040566169,0.6562357187823248
1402,2.253656935631538,1.6858617789141572
1403,1.2848644285445736,0.36950682199267704
1404,1.1673753286910613,0.5990772779369685
1405,3.150555538644719,2.630678776090524
1406,3.466100063248308,2.604365686010344
1407,1.7833847195549168,1.596748727524059
1408,2.4958515360041544,2.576495586290341
1409,0.26534305090214816,0.4762616580055117
1410,0.6870986564825383,0.0670437549047808
1411,2.5550211391894555,2.089526149301212
1412,0.9671397739785416,0.9775927108977512
1413,1.0581526216259047,1.0415124793760338
1414,1.2834563326499198,0.2569383993016464
1415,2.71667177719403,1.3989407627834218
1416,0.9136315813064245,0.17371099516375926
1417,1.4371073429184484,1.301998999900962
1418,3.0602305313632128,0.6869227458515179
1419,1.4908481031722747,2.579854724387363
1420,1.0895302735457773,0.14038719761649754
1421,1.595001129334066,1.350692113850319
1422,1.8160427600051,2.6997838055643455
1423,0.6357327805405958,0.8709256494268167
1424,0.3044292803740041,1.1301110927961884
1425,2.7685742239811075,2.4289505882985574
1426,2.062236093941972,1.2247025906953193
1427,1.0852028855724785,0.8711252632003348
1428,1.9702880784253392,1.0839776173137592
1429,3.266184411891037,1.2748065543889386
1430,2.223454236309916,2.431547707150173
1431,2.720454261173056,0.7488158697807955
1432,2.4637821820344423,1.8852804265316256
1433,0.7341278874006434,0.2515501629651135
1434,1.314513007574366,1.2980643990743508
1435,2.02318737218845,2.8817848730765716
1436,2.0384108879857936,0.7061602494368122
1437,2.8691277231269265,1.851986232418731
1438,1.8227352029400963,0.6040134883194963
1439,1.804068489825981,2.737562485273345
1440,2.3701360027160367,2.782132824642269
1441,2.6837731497759068,1.5543877326367128
1442,2.4433601235968494,2.457002003327122
1443,1.618557501906013,1.8455303074916993
1444,2.2109894092535116,1.6890069159443641
1445,2.5379043340405714,2.0206433967217228
1446,1.641954442135554,1.3617832132768688
1447,2.2122624520900933,2.6120324471883665
1448,1.7507780651200342,1.414661431370128
1449,2.405205619995695,1.9671921794075167
1450,2.5060876056695642,2.359508513941174
1451,2.4000409628772825,2.403688041172109
1452,2.441970067395176,2.5418322089818206
1453,2.954161499365286,0.610754240634319
1454,2.2189304897842286,1.757524641828448
1455,3.1664752601657606,0.7491072365569678
1456,1.1451113023719273,1.185020174317103
1457,2.4356148968189686,2.447451922313707
1458,1.1583844471432305,0.44383349290021806
1459,1.0661596892684817,1.7251963245311164
1460,2.604300180802386,2.3809290928557654
1461,3.183253057469918,2.0863770882314308
1462,2.3871279593121772,1.4506492351783498
1463,1.864610813001933,2.6281283955214816
1464,1.647197019007087,0.4182919158107617
1465,1.7064022942697519,1.3215027959594965
1466,1.673201444986631,0.8944587625722004
1467,2.309191831907167,2.0408060761763442
1468,1.9523556508055628,2.378498202844176
1469,0.5792366282586655,0.24672531873013825
1470,2.3878258417370306,2.092656479911126
1471,0.8436279747365375,0.11406777403151833
1472,2.6534177388868776,2.0592854470740094
1473,1.8470701211210612,0.5114239976312892
1474,0.5424940929425311,0.3221983897983273
1475,2.02414181867404,1.5888325441485949
1476,2.8841384102433714,0.5777451709252471
1477,1.743751496435186,1.5471349932091476
1478,2.6771437759837897,2.602734652334808
1479,1.3655565272243644,0.348361243494862
1480,1.568205770536306,2.196350887606414
1481,2.4574196280276417,2.089007023714598
1482,2.409741086736382,2.3311440652211903
1483,2.558486436038161,2.4590839317425797
1484,2.332179341444352,1.758385042421501
1485,1.9555259500193625,1.7639903772006484
1486,2.0202096224393458,1.6624642377402092
1487,1.5156738178557463,0.934755873008251
1488,2.020112082633639,2.5631054753771445
1489,1.5854311374391474,1.828503626001753
1490,1.0275699388748518,0.7936151864506225
1491,2.4421382144012855,2.0088048711743585
1492,2.1245493689560657,1.1127365786488979
1493,0.9102773511671312,2.366608484858064
1494,1.745211000011828,0.978293687708621
1495,2.6831990912983192,1.7431812806112712
1496,1.5392566563655046,0.8940481496583084
1497,1.0709179892817373,1.5594887032349993
1498,2.3016595422898716,1.600572018866741
1499,3.0659482483483553,0.45942625702103357
1500,1.378583723900175,2.4207757804973644
1501,2.7621074738943943,2.265232119119831
1502,1.573707995333892,0.3041646143008686
1503,0.1394581860959007,0.2595607501317802
1504,3.275574376625289,1.9060404061177942
1505,2.3421348582053745,0.2012537578031442
1506,1.7231016143973585,1.836090412480798
1507,1.4246800880484976,1.0348690452547933
1508,2.5379528877174398,1.6997205463349068
1509,1.5141290647822503,1.3374380502864731
1510,2.8157463963619103,2.3011452446957694
1511,1.7324554963338534,1.506930988742638
1512,2.8568162573203306,1.0514379523964192
1513,2.100814728971495,2.345313031120356
1514,1.1290757084109235,1.9246554938771583
1515,2.07264072771357,2.814486005398935
1516,1.6890926628566,0.5069363744852566
1517,1.6852157187080965,0.6958960192977364
1518,2.5213379316872304,1.1827110544918902
1519,2.669069905707002,2.1480877168225723
1520,2.7021296473333862,2.5457655294299797
1521,2.1634320673521743,1.4767056047795941
1522,1.4172922515348825,1.6176283160301126
1523,0.4476666560171665,0.4517241961044781
1524,0.7840840080997854,1.4075506722132924
1525,1.4706007831963688,1.877731550695365
1526,2.6482166645253384,2.331667554373039
1527,1.6486413677870329,1.7089140666179718
1528,0.9107624432052076,0.7862976803280097
1529,2.1190345635994845,2.080854056064231
1530,2.401767914138835,0.7258154979392522
1531,2.633866825144542,1.9501299941280867
1532,0.9995599611201793,2.266230898273072
1533,2.158382348053758,0.839726089696411
1534,2.3773536548520475,1.7592014653331576
1535,1.4904999405686887,0.9325466890735848
1536,3.584136886569344,2.4038021545273285
1537,1.656328843366213,2.0357449218362977
1538,0.9373992958035033,0.7021656507590592
1539,0.9723196907026842,0.8313287314600519
1540,2.709402841985715,2.324232355732883
1541,2.885474501841901,2.2284992527311864
1542,1.1463181624260224,1.1401037750752259
1543,2.4591549007651152,0.728479139708721
1544,1.7613167052136367,1.8713778017134253
1545,1.3338430634887153,0.22182896547767428
1546,2.3366092973833084,1.6415846821947881
1547,0.8335771152515288,0.16474506816411566
1548,1.1959752339647967,0.9437425635767389
1549,0.8894117141271741,0.654318690803257
1550,2.497358911543342,1.569528425225458
1551,3.3863243885473238,2.4911330734139168
1552,1.8549568496273896,2.114838457702413
1553,2.612677433658304,2.2375254740624504
1554,2.3913814574444583,1.6476044090579403
1555,2.536910135526189,2.251045430955671
1556,2.6734740968781923,0.4441073157000577
1557,1.5651953538203225,1.0892652361592832
1558,2.444797195208668,0.8348398883303019
1559,2.59431178982912,2.4385087674163817
1560,2.177265255090414,2.672555197082034
1561,1.4064182686898818,1.3118799660832858
1562,1.9528226146331185,2.137918784330214
1563,0.7562897253603698,0.2945154147091359
1564,1.574787091592789,0.4316489256666919
1565,2.1348875141227945,2.3195288484034964
1566,1.3658121256748044,1.7778277367206454
1567,0.9230375079082159,1.0380525793232092
1568,2.267812626635761,1.6001337232199333
1569,0.7669889152140733,0.20066961620206064
1570,1.9057575621808143,1.7159713178313944
1571,0.41546181620177725,2.097254706935504
1572,2.03705053644579,0.27583633380384304
1573,2.480957045133773,2.539086131972534
1574,1.2381127575087127,2.391551187469373
1575,1.8312244124140928,2.635078305969061
1576,2.006797308402151,0.4459997517141641
1577,2.329335026168288,1.4917975656815539
1578,1.4179412739030302,1.1608737196354213
1579,1.0878594434821036,0.19523076717237645
1580,2.4905502539630198,2.4951013149796766
1581,1.2497025240773796,1.887175060348399
1582,1.5910135064054747,1.9283991396248605
1583,1.3499231169271757,0.31681956234865494
1584,1.288054557767822,2.2171087878105005
1585,1.9576149491900872,2.44172979623377
1586,2.458088929889833,2.2520803094145694
1587,2.84961413639192,2.3023285747120963
1588,2.0040637733503264,2.304449724740191
1589,1.0524769726843997,1.4996995858835172
1590,0.31315968269122196,1.1874951169478638
1591,2.555348031109706,1.6567448619562093
1592,2.022013747800339,0.5357020962231793
1593,2.6092162957082516,2.3166963679681025
1594,1.6467244833409387,0.6554749582235437
1595,1.079958547079376,2.115016923464286
1596,2.012612858827493,2.528333222228843
1597,1.6486977969577388,2.5449404611731494
1598,1.1776258160442097,0.8128685496804965
1599,2.275578658491506,2.285789611575519
1600,2.497576416416416,2.599424004335245
1601,1.1288212917456442,1.164420445766904
1602,0.7485622726477473,0.5963830021180675
1603,2.4520545833748493,1.7825777069280107
1604,1.636078480321364,1.163658299754982
1605,2.882744738870354,0.9777338820795095
1606,2.6644304115538238,2.525402883173348
1607,2.591944227045247,2.8208323075373434
1608,1.1233100785702939,0.37983931971437707
1609,1.7659039924285278,1.1422885907136928
1610,1.2853685041835012,1.1993740650359566
1611,1.860660525648279,1.764876417692865
1612,1.6064974777172203,2.445553583636834
1613,0.4404511756505434,0.32657868133005646
1614,0.9760218046788279,0.36306296944591215
1615,2.2792134625020295,2.175132545046223
1616,2.2852515611657425,1.806544202408903
1617,1.4454957134484656,1.4441931716572953
1618,1.6001300470527557,0.4405631767709357
1619,1.9831107607006808,1.2535776702067236
1620,2.1885927645139773,2.4401161947912895
1621,2.213706343905336,0.7723223750703886
1622,2.820059680088497,1.1308782444389853
1623,1.1469542326788091,1.9947091339302443
1624,2.0008963598601306,0.3737976734513489
1625,1.1648902629873916,1.0647290720612457
1626,2.553181672872082,2.147352667807338
1627,2.411800954248081,2.1952299682841647
1628,2.522777602423475,1.9271388115780457
1629,2.466989209057307,1.7415974953663942
1630,1.6529073104202863,0.6953287949242493
1631,1.9556753506087685,1.4061522592377802
1632,2.472625644930943,2.1459296281120945
1633,1.6311864750538252,0.997798433247068
1634,2.1063812488587232,1.8939143668271845
1635,1.6207237698284476,2.49939346401877
1636,2.433188749550663,1.4258721802464065
1637,2.372331713454209,2.5665329361278566
1638,2.3289290168428964,2.534146458183584
1639,2.5192223688359063,1.7749187375795714
1640,2.281603557542857,1.3837427688776136
1641,1.3138447095940349,1.8520293844607705
1642,2.4213826485188963,0.4798220625934453
1643,1.5173591806293543,2.1269503941077823
1644,2.3579935559269027,2.2751054139213815
1645,2.6332612043321553,2.7134486784767544
1646,0.9634433328233595,0.49738188952330237
1647,1.7484633832944372,2.0023921253819474
1648,1.8983107555291325,2.1018805891010484
1649,2.944362437956348,0.6315684388448994
1650,2.2250809955857584,2.181698341805289
1651,1.7297419695273017,2.298806845033715
1652,1.7710710929752995,1.2965069940769243
1653,2.158499075451684,0.3927960202160492
1654,1.401800520990251,1.4572738168234918
1655,2.434859896872814,1.6994347541564248
1656,0.1428855007517662,0.057498835533140794
1657,1.7778940393245741,0.3532840165835039
1658,2.108844944358048,2.4026927048659505
1659,0.806094514031769,0.4060059289280937
1660,1.402450260448484,0.6272736377351755
1661,1.6625495344309098,1.8602861287875527
1662,1.707137840316478,0.40484975178094335
1663,1.7661169660127074,0.298933957192661
1664,1.943487635196405,0.39956886996983376
1665,2.295465821172373,1.9881684684916954
1666,2.0521984451427455,2.097166659090488
1667,2.0811733689339307,2.3015872244694293
1668,0.6960280250476327,0.48349146309275925
1669,2.4633117782212457,2.3133715781782103
1670,1.6130055910246077,1.043979701696529
1671,2.4969663213072013,2.512214808376317
1672,2.066482097741762,1.3154317343647182
1673,1.1316770833725465,2.2680993109511647
1674,1.7761935344269737,0.768932252855676
1675,0.9950515026537183,0.30688271686724544
1676,0.7669171868375153,1.5329999321191148
1677,1.9528934839242549,1.2510637291823392
1678,2.8949801355778857,0.49733566441225235
1679,2.159007438522734,2.5055721478504736
1680,2.507862127372531,2.624795975710414
1681,2.125610134946421,1.2393070007531102
1682,2.104193031303726,2.3670924866997485
1683,1.9012877351424695,1.7761685646992877
1684,1.8108406266666923,1.518086037676484
1685,2.0464690019987057,2.027199129372954
1686,2.916753113232134,1.1664117280316915
1687,2.2758200764928245,2.253937404311294
1688,1.3158420568803957,1.656972857423078
1689,1.1323678218438902,0.7850435757721049
1690,2.0680965206481083,2.2260892581033622
1691,0.647782344420302,0.4886440606320674
1692,1.8797983433875007,1.3707419182170892
1693,1.5763610558697456,0.558505070110364
1694,0.7720755913941578,1.3880225067684884
1695,1.98117561564377,2.2496765314073297
1696,2.7607748682911284,2.5363872660869706
1697,1.0189926958296032,0.7197000476712854
1698,2.4002372903194624,1.7027155567621828
1699,3.297908798161473,0.87530907049525
1700,1.4822127158028284,1.1542787524365958
1701,1.3176750779122997,0.29627330359985143
1702,0.3497902535635969,0.3887938167088934
1703,2.7695382213045185,2.605699192004981
1704,2.622245806713997,2.4952099265180947
1705,1.1754181578648135,0.8368699242851937
1706,2.660307595552239,1.3878221214033672
1707,2.2923612561716373,2.0089294639451003
1708,1.2037851616066586,1.0604647025581049
1709,3.043958942763227,2.5846349132624136
1710,2.3612268757299435,2.2537618944735573
1711,2.574785102268733,2.2089053941147814
1712,1.6198221133116184,1.4068834855255363
1713,2.672516133376619,1.7227818281462255
1714,1.4278294591581,0.4664823783331658
1715,1.1596292755325293,1.5061278373082947
1716,1.8708236109153467,2.3974050278096324
1717,2.4264254046831524,2.2575155002481195
1718,2.242377297140287,0.7107825315957688
1719,1.9481463091248161,1.801651781371729
1720,1.9154608851591233,1.2147044524235033
1721,2.897962711546555,2.0020606172507223
1722,1.8938511218395153,0.3171465109750221
1723,1.0140079644435913,0.4113683743922064
1724,2.048549267332811,0.2573175643155345
1725,1.1196002054165741,0.4544274791942817
1726,2.3464307041673855,2.4803839416737623
1727,2.5621436096687416,2.587060278538635
1728,1.7704290606981645,1.717231469301304
1729,2.9169055694537316,1.2632024746398927
1730,1.5668992768456136,1.201551577923268
1731,2.141813558883168,1.1651232842495323
1732,1.6201190826930005,0.8078414008164614
1733,3.017582113573269,1.465661090877643
1734,1.933587834834649,1.2792469763969427
1735,2.40369495278162,2.073559974948277
1736,2.0588862848825493,0.9021726119991326
1737,2.7535646370823113,2.0371642447783778
1738,2.2169559895297644,2.15150224271396
1739,0.9323247075250505,0.4112106307989729
1740,2.633975095403425,2.4076536983067607
1741,1.368399219209983,2.113492677305423
1742,1.8795740715847735,1.4953843089323275
1743,2.258192412843825,2.526533807367419
1744,1.4508295719598365,1.677770996371955
1745,1.9424211170749628,2.219664276296803
1746,2.314187208699868,2.0192892231398707
1747,2.170570880359618,1.6938627931423937
1748,1.3775146489518337,0.5583340608493509
1749,1.5532664312705842,0.43844803832722545
1750,2.5983273140962115,1.650104753697288
1751,2.2527617026516524,1.1740369643059145
1752,1.6243540630569226,1.4021896070016133
1753,2.3830083604515093,2.620412956876889
1754,3.085656854583167,0.42287721607559536
1755,2.034956163309925,0.42810674623321954
1756,0.695554590377904,0.7901851994614977
1757,2.284565608708705,2.308756078658773
1758,2.1529470393994075,2.332914875099396
1759,1.6976267195166959,0.5662060824523878
1760,2.6866003708207162,0.5628413354930965
1761,2.36942460226559,1.520708928583419
1762,2.5504750769918045,3.132258579231531
1763,2.2067865314159723,2.286349663520344
1764,1.7798949790452716,0.6431278887933414
1765,2.2637493405748095,1.948284790682881
1766,2.2055144281147667,2.3247989192950866
1767,2.232908751748779,2.1623736073931465
1768,2.4115419050974847,1.3866918255464233
1769,2.0858622355713896,1.8627290435074262
1770,2.380606625967051,0.2960461023392048
1771,1.7454847358251395,1.416447221173687
1772,2.727927912586332,2.5013397103353974
1773,1.6828488576809488,1.2996762399396582
1774,1.7081139777178378,1.602258297624986
1775,2.1861179664960013,2.1980991616796497
1776,2.051509228466456,1.2318215461376691
1777,1.7111323491343289,1.7036746278106785
1778,0.7033725971078242,0.9043571320876644
1779,0.8365363249087616,1.4247406639635034
1780,1.331923027441304,0.2698789594844773
1781,2.449982468928691,0.7109733000622257
1782,2.4044764433012524,1.0884941847271072
1783,1.3963877607625663,1.431967693521995
1784,1.9996682818691438,1.6572703238992998
1785,2.1446548453359653,2.02746198845636
1786,2.5181086209730568,2.079220413574729
1787,2.3990370461609425,1.688651525024476
1788,2.0472323915219173,1.1561847370069258
1789,0.546424835386382,2.0646156498662616
1790,0.9055664373771789,1.3077784443295764
1791,1.5824949136537363,2.5439678643845647
1792,1.934436685808167,1.2177710736776777
1793,2.228183940725439,2.0737242830221905
1794,0.7391742904550982,0.8714830607755476
1795,1.117355662879346,0.3666787751830078
1796,2.2540579166085895,2.179345523604044
1797,2.1732012979966036,1.6192349378146762
1798,2.018898844156638,1.8407229209235507
1799,1.4670356540080454,0.7963014478528515
1800,2.075842429665078,0.7642190034258594
1801,2.172602950642116,1.1201779289325635
1802,2.491717644264431,1.3470959322961527
1803,1.5756457778592678,1.074163440846028
1804,2.310048114442816,1.51929200545023
1805,1.4009885983289627,0.7518850396882204
1806,0.9423914368692449,1.7845853088776549
1807,2.271543794186678,1.9063625797267356
1808,2.9616640429490455,1.6370283258409257
1809,2.6940612101665398,2.2066608088531936
1810,1.0312323693812264,2.1969317734381484
1811,2.1009932104041464,1.4489748169889012
1812,3.1038684690742886,0.6152404898058165
1813,1.413437860500243,0.9359214998210954
1814,1.6497739434490646,2.2666982224132335
1815,1.0793323141913616,2.388093438017708
1816,1.3514277902623926,0.8831139875330999
1817,1.4236577189215491,1.9114435607281992
1818,0.8951069643048848,1.2556350686175644
1819,0.4636822389827124,1.1242164324488586
1820,2.003907126947291,2.042401729166456
1821,1.6048273345002946,2.1719165929948896
1822,1.2342653419278489,0.28764411856978883
1823,1.5885199031898642,0.48073281216785146
1824,1.1145138992114476,2.36857013590469
1825,2.197702040201667,3.0568009633667677
1826,1.4469005003788336,2.208746406943904
1827,2.5098770297960904,2.155657352117785
1828,0.39927541913433134,0.1504104967696167
1829,2.5461761389904285,2.8103703469128525
1830,2.038612079409252,1.9977620101416482
1831,1.9605487199377356,1.6878742093403358
1832,2.4140427150588204,1.646539169439655
1833,3.1438653526368934,1.0008107865194245
1834,2.0820649923609365,1.7607474911977592
1835,2.6622211297793585,2.7070587528550987
1836,1.6198349531400047,0.23336372523984175
1837,1.9285810739459233,1.0122190295630205
1838,1.190051672958241,1.3346340344517582
1839,1.8559265497834767,0.8184405185054283
1840,2.8654612207746832,1.1851635793813513
1841,2.251979201975732,0.94150899428139
1842,2.411954050846102,2.2578919828952473
1843,1.60194665981963,1.0225928530024413
1844,2.350120925583801,2.66822979981453
1845,2.8645275728076323,2.9606674999200506
1846,2.4465044056997294,0.8311071641693718
1847,2.1067511289971415,0.7814157488922171
1848,0.6954553540863375,0.23695960663529927
1849,0.645814776690969,1.2944189712973606
1850,1.7507381185430964,0.5968333349959497
1851,2.251952463419518,2.626079410422723
1852,1.5229266742158782,2.3553532166960705
1853,2.7302478030846533,2.4153652415856586
1854,2.4591050770614116,1.4642301522497978
1855,2.5818326830262732,1.6826796184075257
1856,2.0368362876357002,1.452566422506597
1857,0.9857968674084334,0.39336916668966215
1858,2.7873223648585226,2.0990525651666063
1859,2.3762535873088186,2.0239913613711544
1860,0.7245683642783117,1.3730760733901106
1861,1.549987661954609,1.8084265128457788
1862,1.8078635606191706,0.4641729325303377
1863,2.2215417631972,1.7835785044934114
1864,1.836752755818236,1.5557077267448023
1865,2.512403185823125,2.5227719991041204
1866,3.0700931334775565,1.4142159444831475
1867,3.05591722026898,3.011804150872461
1868,2.5814831751321123,2.4876509254582637
1869,1.7729038894016975,1.1335116289588931
1870,1.3332919760862414,0.48930955583866875
1871,1.3087560902469204,0.7410798268500158
1872,0.8396074678629417,0.18348022860508134
1873,1.9646016398921942,0.9987138662580736
1874,3.560059163552413,2.07731797888127
1875,0.9685446787083778,0.15372977275475472
1876,2.4429200970158047,2.2793318454636067
1877,2.312238275200262,1.5914051391658586
1878,1.8689263865060668,1.4350651033719926
1879,2.1950607443043038,1.47494816420034
1880,2.7600531601368483,1.6534949451836143
1881,2.029224214342864,1.0087613241650204
1882,0.7228271540441593,1.650750239463121
1883,2.4916272328613926,2.5171408021815056
1884,2.2827729279004387,1.7370911945737186
1885,2.8088361158923756,0.8242433657104197
1886,1.657580256724814,0.5483654509631787
1887,2.6979730808397653,2.6748975968755286
1888,1.1313292054987596,1.477362196591548
1889,1.100712190537354,1.1783903791087835
1890,1.1563891099732406,0.8038727930755725
1891,2.1316960584254168,2.1091922223868345
1892,2.208265411276908,1.057181156951142
1893,0.40645560807351055,0.17184642600296163
1894,2.604790241881598,2.929591923500241
1895,0.42288101121246663,0.763043145932196
1896,2.08146016967563,2.393934516913573
1897,2.2615318217079174,1.7137288787294316
1898,1.891824976974932,2.511289571565234
1899,2.1058209405173582,2.7091786151072634
1900,1.9065277265241063,2.573012283389053
1901,2.6162657061301453,2.2971347231619905
1902,2.065990375928908,1.23691910508933
1903,1.9314469842322146,1.3446114665105502
1904,0.4585011169526948,0.4713808247516047
1905,1.720575649248155,0.6964581145308927
1906,2.4372286254392974,1.9678828762404805
1907,1.1150432900808578,1.059611208538286
1908,2.1472818436384196,1.5227888552948992
1909,2.270319271379546,1.7806623000816428
1910,1.7645587441147863,2.1558476125246417
1911,2.7429999374464784,0.38189545440717804
1912,0.6375545963184849,1.1248932721181013
1913,2.4125400492313194,1.7891993696682778
1914,2.4642949996518215,2.296505360266187
1915,1.403863406038588,0.5278183482580171
1916,1.3193160374115225,2.0585917943206833
1917,1.7705735485654777,1.4408660535190396
1918,1.7569075504022584,2.487955677228674
1919,2.443739230330136,1.7486177124748132
1920,2.4990261614933167,2.0231373658841343
1921,1.4762548799899622,0.10634640811307228
1922,2.2787208811423807,2.580484800837263
1923,1.2620196371444343,2.135056007529513
1924,2.5321998141588313,1.9273002935046193
1925,2.2276637269596637,2.5167488208420297
1926,2.218715013592389,1.1492494379645986
1927,2.0896032271349605,2.198262691907524
1928,2.6084464576990887,1.7211922097323145
1929,2.5267825302035645,2.7616485617893765
1930,2.664903558021024,1.5180987826502867
1931,1.3123381363988007,1.7674595772904695
1932,2.260599874424882,1.2990997357021365
1933,2.246909212758017,1.9126192075208501
1934,2.4650201359347914,2.222693248627667
1935,1.8745125912950298,2.0147333835041423
1936,1.6846524875755537,1.177071628457982
1937,2.610520690082276,2.449129384788479
1938,0.5702070179887205,0.10787680441519723
1939,2.6536405987040967,2.611827080736518
1940,3.1826700847443803,2.1781827738510344
1941,2.5448606940088636,1.8333641986903504
1942,2.666540255428074,1.8466503756096373
1943,3.286251587958313,1.8479820900520814
1944,2.5037897033131458,0.9593993833416302
1945,2.6500508172202726,0.8398275558666422
1946,2.42954458132115,2.8484175199818704
1947,1.9632274018040414,1.0875763648330554
1948,1.2060887761334143,0.8742931274804504
1949,2.4790272692222923,1.7016708216624592
1950,2.4176995776281727,2.6563491300521336
1951,2.4805151006006603,1.9375522192795844
1952,1.3895093801370213,1.119564049422398
1953,2.3267770084070536,1.5663948857578898
1954,1.1155894644394542,0.23592221803282978
1955,0.9186084424977986,2.176848027725173
1956,1.9148384791410311,2.431265337242273
1957,2.4292581228019494,1.157073897007234
1958,3.468696233493536,0.28046761994963226
1959,0.8074622426700054,0.7406221509477089
1960,1.6607747478812582,0.5921490814561918
1961,1.7664949959164207,0.22603585426211054
1962,2.213059232358217,2.6995239687173993
1963,0.5764496913361786,0.2901484254615467
1964,2.1532371434847377,2.309017716059164
1965,1.4232569669154251,2.4029593881313462
1966,2.3158824651018985,2.635680117559502
1967,1.40653647956801,0.7588783580432555
1968,1.078761727116496,0.3780324488596934
1969,1.0517082765529915,0.4515382083721945
1970,3.361954585133072,0.547306130976994
1971,1.4718602522635515,0.36592008221604794
1972,2.025076449392275,1.918604671288562
1973,1.4651803340352734,2.446319178335007
1974,1.5443038128238618,0.363875904400013
1975,2.4181796212028956,2.870540791927897
1976,3.2942141114645898,2.4387859350356766
1977,0.16032964759865195,0.006939915654347719
1978,2.0785577122733083,1.426250074972133
1979,2.3789734088194288,0.9865048148603561
1980,1.7256636849373093,1.4448999234116224
1981,2.991330988800842,1.9997459643435032
1982,1.9572711912096168,2.384927073048042
1983,2.012076262881311,1.1267485882627315
1984,0.5814188746689152,0.2093343948683451
1985,1.6401061201685687,1.0226285269401718
1986,2.0392121700606647,0.9253395162363395
1987,2.0430670918115528,1.6863975303818368
1988,2.650917409417991,2.6505631740723765
1989,2.0176333009852825,2.31060791314824
1990,0.7943925992822299,0.3989921496746876
1991,1.4624809577275661,0.8242820436825978
1992,1.3412839499454725,1.7733364803448923
1993,1.9113226951668476,1.5608927959301728
1994,1.4046668555835695,1.2091167061849024
1995,2.0916923061187798,0.7813991150896407
1996,2.859587624121805,2.6765647923750597
1997,2.4918259358013537,1.6878784532229998
1998,0.29302786555132054,0.1798335107549327
1999,2.080088267327167,1.499144391088543
2000,1.9147587569701137,0.7217495257363056
2001,1.914542577352759,1.2533350785400634
2002,2.0076096302601134,1.0603306313079426
2003,3.1636101797569425,0.40063978266399514
2004,2.388444909324093,2.313544137590136
2005,2.414033195351423,2.250092200573068
2006,1.907771653979149,0.889732113625138
2007,0.9129525120225859,2.0997868585724997
2008,2.2674960153392476,1.5973909483258524
2009,2.4971875901346805,2.0237174603335952
2010,2.3876951793316263,2.394798454733044
2011,2.1216018891553494,1.829947146312909
2012,2.7905740941394575,2.0760207136678916
2013,2.3811466389959066,2.317420718850745
2014,1.9855968883286865,1.9554248318033915
2015,2.078472595755002,2.2931310742960425
2016,1.7949845851350625,0.9466251142518255
2017,2.0557177798923982,1.2166175941452126
2018,2.313660806427711,1.3637367870292771
2019,1.7078672456392114,0.22194199163156011
2020,1.3275531163381924,0.9782810792589622
2021,2.0188839149253806,2.2368392048424828
2022,1.0748860667960676,2.3842389958018577
2023,1.5628978919809602,0.28835019514744376
2024,1.482005012996762,1.1487561886466915
2025,1.3966621798102417,1.402726804430814
2026,2.6159566865822126,2.524680260012829
2027,1.9160256915050002,1.2624934354076631
2028,2.483613504860985,2.382493446831458
2029,2.144707194377799,2.1813353889743006
2030,1.9501936430977826,1.3340547053872973
2031,2.256539399551006,2.1162843683067174
2032,2.7763928949152237,2.4854372841752914
2033,1.6980735148056478,2.4393464651443737
2034,1.9645413104760958,2.2793461705387736
2035,1.679937970953951,1.1699002057040626
2036,1.0082827584834597,1.290708584796604
2037,2.1055899644336513,1.4713172225645472
2038,2.692864069233854,2.4059385158816875
2039,2.3236537549446408,1.400721737881239
2040,0.6457739642874019,1.3028164597277647
2041,1.4989578882317496,0.3820537042070295
2042,2.3948212971143104,2.0939234240498927
2043,2.25610326033902,2.024139838143178
2044,3.176753817492593,1.3433229493758483
2045,1.895938966635031,1.0832293202061931
2046,2.0806011499566948,1.4971556231970848
2047,2.5226272231096787,1.921124085605761
2048,1.7424493721824588,0.3356467802121073
2049,2.2829265392673013,1.7933671669615197
2050,2.618725551091653,2.383949327188008
2051,2.211897132708912,1.20356499601519
2052,0.5708437266082761,0.6343553344791256
2053,1.989288638056883,2.4787827243821665
2054,1.0525145698537413,1.3815972245870054
2055,0.9515212428332862,1.0784235083973808
2056,0.5630366237773456,0.12351255424374331
2057,2.300449206938808,1.892831231665085
2058,3.1301724877771533,0.7562617374965525
2059,1.9899062080052856,2.501784580899993
2060,0.8999071123622698,0.3032053896829775
2061,0.5362585564179294,1.2976084646705848
2062,2.3246038423601174,1.0412495097686323
2063,0.4325520295307494,1.8402585983063553
2064,2.2397620826779057,1.9754544851417088
2065,2.5988491982446136,2.4235350988336686
2066,2.3904335196005375,1.4015371073879055
2067,1.3644986480168237,0.16222258041410872
2068,0.9655809638676536,1.331461369169373
2069,1.6414344533120155,2.2475717717868857
2070,3.0264132334663545,0.4139228397345952
2071,1.7161721046506557,0.44292750082013055
2072,1.2701253313016903,0.23036531688818612
2073,2.993117379591379,2.043235589656848
2074,3.0518686894641727,2.885453804799959
2075,3.05210862046821,0.6263806080994612
2076,2.343544655307153,1.5122610632688305
2077,1.2873364740434547,1.340935636806968
2078,3.0384753869746284,0.5292791729343914
2079,2.019002132136629,2.1819259839752996
2080,2.6017839856133183,2.638449409135628
2081,2.003589714463373,1.7009320720260008
2082,2.292730563334204,1.0220544647828786
2083,2.5672227798515053,2.5168214244660043
2084,2.077988600869893,1.0738235755866088
2085,1.7561249994990704,2.461171247529655
2086,2.3679088018762604,2.0198171441436754
2087,2.412617069263922,1.668129738082095
2088,2.0871240665032254,1.8153095043957612
2089,2.4810835840825485,2.615029624372829
2090,1.3178861526372676,0.14462480775521802
2091,2.547251940705777,2.5712358435363614
2092,1.1281096840795957,1.682275887749239
2093,2.0994970296483997,0.6576098232416859
2094,1.8735306947677477,2.0500264318907298
2095,1.7875658339439966,0.4173804979062768
2096,1.8878741625733568,2.182406118092817
2097,2.7366117788928874,2.5295880978073364
2098,1.5196094318545115,0.9966558963569836
2099,1.539058630369666,0.9125382741450407
2100,2.3738480179723713,2.303202969640533
2101,2.5506169307884714,2.6734745357576317
2102,1.4316190437898813,0.7736074445618787
2103,2.2143841301406937,2.418279858099283
2104,1.0985656269762045,0.37993561223266936
2105,2.601476834313496,0.8742666500007644
2106,3.1040279690775003,2.5770033199818605
2107,2.4156463679854907,0.7133755217260539
2108,1.622320971013137,1.1624029094658743
2109,3.3829084485833496,2.16192425723167
2110,2.4594357784826593,2.531210942266982
2111,0.7008779220237223,0.9697856572202755
2112,1.766831804992409,1.4294167793171089
2113,1.3802599746563389,0.7205092976162227
2114,1.928012122815456,2.325924720163989
2115,1.1532919419700394,0.7449815737183826
2116,1.432648605367755,0.4226258713289614
2117,3.0278064225201144,2.413935893734599
2118,3.0539791035529342,1.9060561120233446
2119,1.5207649217099724,1.53272164330527
2120,2.1599788548910794,2.4294123113910735
2121,2.45493855419708,0.9266527688644363
2122,3.0254007298062966,1.5329650030478381
2123,2.1893262337565376,1.8389501120748633
2124,2.4230797021426653,2.8652450284014406
2125,1.8075215462122238,0.21332120231634555
2126,1.4536724007993096,0.8611909429837346
2127,2.6342054259038434,2.669397642325717
2128,2.4731532827939624,2.554807268270521
2129,1.657412213246665,1.6241528062817148
2130,2.2658983695033075,2.215270811670421
2131,1.122723850365266,0.3374121707083242
2132,1.4935087775348996,1.1403187002624642
2133,1.0938328217639857,0.6968369615473171
2134,0.6839459699594488,1.3099390878738164
2135,1.5979065410317541,0.93325094283484
2136,1.552080302408956,0.5309377149756499
2137,1.3758159114619388,2.547157093453588
2138,2.3523602034672346,1.4025638292519715
2139,0.5678876605848823,0.059867592181035635
2140,2.1934783663467847,2.4357838873178066
2141,2.5427023778916484,2.4530505692981737
2142,1.6109606245631278,1.2440698831094077
2143,2.8838253560989004,0.47919337836644643
2144,2.011042492163419,0.17514489768662378
2145,2.5832108857160394,2.051039618378117
2146,1.6758428615310783,0.46890713455358707
2147,0.9827217159809861,0.5291220928803104
2148,1.73302672893087,1.3814179504919992
2149,1.791387964938473,2.3701871452499192
2150,1.7900352111417783,0.8775258689582395
2151,2.044935538406295,1.498489959158602
2152,1.9946653487647195,2.2570383177345326
2153,1.5060754002907957,1.754769776554073
2154,2.4755913125249265,2.578273539025625
2155,1.84814248039648,1.5964965611641049
2156,2.006725023089978,1.480112652532507
2157,1.893995173178731,0.6042045648101652
2158,2.3979381954173578,1.8021374554337253
2159,2.673828897628562,2.7519351215910275
2160,0.8660597299022064,0.7762817455752798
2161,2.0289415653127296,0.7632572450003157
2162,2.4308553448588013,2.4226735888633883
2163,2.433030812064844,0.29054512497857216
2164,1.642467511168512,0.712434619534248
2165,2.414588105450793,2.574324528003242
2166,2.5546054328852263,2.5024707392417507
2167,2.5893864622219698,2.4397336330762975
2168,2.10349737050154,2.4449452442689443
2169,1.139984197621736,1.4854200420710162
2170,1.5762673693161224,0.3601766564239898
2171,2.752657727750529,2.8503904425728384
2172,2.030907966708745,1.8006317118210589
2173,1.4741258149211165,0.3880042090808013
2174,0.930385823063323,0.38501615595621674
2175,0.5303874210010625,0.9609927908542426
2176,2.0603134828909644,0.7883287303290449
2177,1.2171610014453567,0.8780278331233182
2178,1.456977519732843,1.848379485003758
2179,2.56896871849661,1.6856833977765515
2180,0.9990030873509597,0.5133585074456223
2181,1.9677126720041305,1.3738856562131136
2182,2.058424650198753,0.6054893735988945
2183,2.4015406383735716,2.300014998748424
2184,3.1416127147672444,2.8560980669951563
2185,1.7144086657801907,2.4704465347409394
2186,1.9401958846525904,2.2256174852071946
2187,2.311799422399126,2.3050270387177205
2188,0.9396830269910147,0.5153641333022977
2189,2.1849256150764997,1.932751235381066
2190,1.7997729899493844,0.628146620566657
2191,0.7794097569145918,0.9682976503169642
2192,2.47664339731559,2.5489048945542887
2193,1.9149837904588973,0.998012618169812
2194,2.2710678023573725,2.1786115535945476
2195,1.6728460336439843,1.388857643336005
2196,2.419601882177606,1.2165089313030557
2197,2.3503365495749953,2.5813150697067426
2198,1.9061322009534476,2.194035872401593
2199,1.9434761393325573,0.7833931792241056
2200,1.2803498321851101,2.580440857485743
2201,1.061923477623749,2.2250013778841664
2202,1.7495675203222893,1.467588722343423
2203,2.597906830963847,1.6135224486895072
2204,2.8865273101495705,2.794209820223576
2205,2.662690154561023,2.055723153123409
2206,1.9511533698047772,2.4257740495657236
2207,0.3306625521219425,0.08298200067086936
2208,3.422587794707084,2.871922308328935
2209,2.30700892346657,2.438311499108695
2210,1.0076731753235455,1.0939351064596177
2211,1.584979395115858,1.209531933240004
2212,1.3488028486933918,0.8233776105086827
2213,1.7906446981283306,1.3539320262557257
2214,1.59586144410322,1.6624550961652675
2215,1.4867702379949455,0.47668188389881133
2216,2.0904690993245953,0.34953800087517733
2217,2.504227542178405,1.942341819393767
2218,2.5647419755548357,2.7459617374279395
2219,1.5921973392831132,1.131219766249244
2220,1.4464105349181942,0.7647209156125422
2221,0.8197909566571383,0.15685602183338776
2222,1.444767086668362,0.8352904410939123
2223,2.0980919368755253,2.5901169254987506
2224,2.068395540994375,0.23915287628086113
2225,1.6186944349217867,0.7013069263208547
2226,1.6309819567117472,1.7657781872259
2227,2.521755124928131,2.4259801395618745
2228,2.8533534066708586,0.954166203731354
2229,0.5031482642030702,0.10166571614486729
2230,2.4106567183713263,2.868051357593822
2231,2.606698277629479,2.8568165868364583
2232,2.2585389363983888,1.6435713840732953
2233,1.2417425746983655,0.16714535124574958
2234,2.024946198663835,0.48218695111346815
2235,3.100604098460692,0.35460670411681633
2236,2.507262550223373,2.535715798593832
2237,1.5299456997495604,0.20566062940482116
2238,1.5164332206449491,0.7946968533600591
2239,2.334231193429441,0.9084123779268355
2240,1.8723223183767557,0.657154781528204
2241,1.9634834725692323,1.039984108728895
2242,2.517525871364693,2.257334166122001
2243,0.8923560414599387,0.46755226937672417
2244,1.839421905869322,0.2111413839472161
2245,2.4350765149445412,2.553714551663018
2246,0.9688215090635008,1.664322864429985
2247,1.3256753810242108,0.8821990658824032
2248,1.4923286909953815,3.1466449370223057
2249,2.6506593596178676,2.038508781006014
2250,2.4928377480684962,1.1672277995805187
2251,1.9156949845752416,0.4461280856306946
2252,2.506875579496177,1.8355598173133474
2253,2.6341187645708635,2.7026860616601196
2254,1.1000287018993635,0.2822105697293904
2255,3.5095843608241126,2.5866632735721673
2256,2.3461474376576126,1.514018113578371
2257,2.295024131736486,2.414232185679789
2258,1.0669747628198687,1.5021907269099022
2259,1.7204542872656206,1.5611148076896062
2260,2.0757878390749442,1.300473969106608
2261,2.7460542483052284,2.7734392059140407
2262,1.319611380591411,2.20715425000032
2263,3.3738735376173525,1.8224074327356192
2264,2.138602993286827,0.614675382108632
2265,1.0831107923295682,1.7319993474988669
2266,2.9136510127907975,3.093454333538098
2267,1.3161118507122411,1.0320920222113097
2268,1.7754291718589041,1.6362641754558196
2269,2.4342301503605377,1.2188546536053422
2270,1.6704223745942999,1.2255106234867372
2271,1.5960685286629028,1.3230540540956615
2272,2.336185940246151,2.235131014616063
2273,2.265324305992759,2.1518832676266415
2274,0.6930326797918884,2.487786465453437
2275,1.7994833917681892,0.9110274658205155
2276,2.227909587561702,1.8459769762230334
2277,2.2817422524434923,1.649914101644542
2278,2.2473392929409477,1.7843829406927756
2279,1.3187176280895707,1.6441479474832015
2280,2.4680830495956254,2.2173640913768393
2281,1.9764534928291708,0.9926321658846935
2282,2.1272956618792516,1.4304037685377144
2283,1.9538710795342156,1.3200921061227386
2284,1.6516176163158212,2.48143774942225
2285,0.4683167556768691,0.19370702905227985
2286,1.4787693440654464,1.406871929096552
2287,1.1149441717346251,1.1913397546534727
2288,1.902471093014634,1.4688643921515643
2289,1.3363967238908776,1.4372267754914396
2290,3.5824674471040985,1.7181713428365197
2291,0.7508154035566328,1.2992977913732187
2292,2.186798929377892,1.8087644133450056
2293,1.7247356290112776,1.440476194943147
2294,2.643337751476497,2.3705420022414665
2295,1.847588659284355,0.3543838128184626
2296,1.8950254241892353,1.425128109879874
2297,0.6782144536403382,1.0332834486495404
2298,1.7216250908173778,1.724308949993141
2299,2.1134046995935485,2.220688944029962
2300,2.056496320429327,0.372648695128364
2301,2.2071488567997863,0.599165586329705
2302,2.425238041408401,1.5981937816734473
2303,2.467947194775244,1.960284243121764
2304,1.1985028892410696,0.4602147279345618
2305,1.9693630194947958,1.6614749953130592
2306,1.1463444916105614,0.19145673266235191
2307,2.737065348575069,2.9527729859700305
2308,1.563736649338532,1.3237068484658039
2309,1.9389695616272185,1.1846903203698205
2310,2.281203227724291,2.8089868179575976
2311,2.2188713272425815,2.8174262235553624
2312,2.236808423010061,2.1670767788122483
2313,2.0376095059619295,2.1873694530427623
2314,2.6801429896247075,2.2289120227340655
2315,3.0977179125979033,0.7191623271642781
2316,1.9039988441716467,0.5405887595933437
2317,2.444977549020424,1.8084226900998936
2318,2.3747158115811837,2.0453282010204026
2319,1.4979461732260384,0.4497227127198087
2320,1.4497481105790146,1.3436646364886635
2321,2.516621088444605,1.8757382552725632
2322,1.0850408597425512,1.1395703078727815
2323,1.4562171434810633,2.2419976318525547
2324,1.7177048754678415,0.1908402188870378
2325,1.6208808834304564,1.2460001727076682
2326,2.1575392802668865,2.5361000887140053
2327,1.1175299529720746,1.3174409614442637
2328,1.460574763620007,0.6212155535619204
2329,0.7150872537292318,0.06902035492988937
2330,2.239830775863747,1.5100008067553155
2331,2.0239643909359977,0.2052677512984668
2332,1.6257590385313072,1.4408585358303996
2333,1.2093827465430742,0.14402834253119923
2334,1.3947844469088935,1.9152624636047615
2335,2.965296891318711,2.7573841760514166
2336,0.6006310658271584,0.8508828196006262
2337,1.0222413260276917,0.4553722650849256
2338,2.8761135642631412,2.4152690746714547
2339,0.47565113129547804,0.8678979397309187
2340,2.7998422975838424,2.8847891970382666
2341,2.0934718081106136,2.816401414681623
2342,2.3838703231763327,0.5043242402072191
2343,1.9330798480811524,2.109085534449496
2344,0.6715931805260438,0.21615085182068106
2345,1.733293623393218,1.0857471874925002
2346,0.9162284264195403,0.13405801980993404
2347,2.1028246336870127,2.19147783142015
2348,1.989181354767079,0.8732752130169857
2349,0.6486677046950374,0.8640746547215691
2350,0.5012637635282025,2.5485792885986758
2351,1.5304069092402453,0.676216644539882
2352,2.2693920481664085,0.42355226906950627
2353,1.5108851635763463,1.667467928928341
2354,2.3377484695441493,2.332112453281464
2355,0.989453053674831,0.17524112647391615
2356,2.6366720782951427,1.6548186130006266
2357,2.831362135908632,2.3392033177362994
2358,2.6839833513415123,1.9705241855207645
2359,2.2965656641684515,1.3439162281890022
2360,2.25792469107009,0.6921329049127123
2361,2.1631207740847347,1.6456679977237898
2362,2.791269355725735,1.6221613643629953
2363,3.2321258997268987,0.7328475466110972
2364,2.2840373633810893,2.623228487635426
2365,2.0810749217996474,0.6529848944878908
2366,3.184333712182298,0.7853163179040841
2367,1.5164883173469852,0.611002972302328
2368,1.5011171180427674,1.2225166386277826
2369,2.3413815339806923,0.9905922040743212
2370,2.484097016357512,2.0592221782457107
2371,1.8353795660936927,2.2248750474760985
2372,2.4528093365327908,2.0645004127430315
2373,1.3445141610616835,1.2254224028823228
2374,2.335032775517853,1.6736489438395867
2375,0.9222304384522639,0.9779460606230626
2376,2.795039489786465,2.402598102872443
2377,2.8837594852289814,2.4674927389458916
2378,2.027659276172731,1.1969758961060841
2379,2.7163776116618266,2.6375131149431983
2380,2.1754862755724846,2.6901199033428362
2381,2.4555023812397367,2.7641021571257864
2382,1.7837643869655118,2.1491242566766258
2383,0.9775078423776513,0.5459719484049477
2384,2.537492520254157,1.8382188804286608
2385,0.45810120860550724,0.3076956387798085
2386,0.3496883956075437,0.18171994573460015
2387,2.0355980861140375,1.0375480277676057
2388,1.7739076757358718,1.9306242544176295
2389,0.7069601607453442,0.16394677630623192
2390,3.167547500791939,1.242116223267241
2391,1.478229317376212,1.6875669020994353
2392,0.8562040227247247,0.3132243451428306
2393,1.572686026028836,2.249061589247986
2394,2.3742572488651756,2.5911148168327722
2395,2.895582595642456,2.5601078190497524
2396,1.873775753538071,0.2049513140016665
2397,1.4167825312983122,0.7475982045797264
2398,2.4796494015032104,1.9488558005341645
2399,1.494855936553391,2.0387987225385924
2400,2.501556993609673,1.7673295944801315
2401,1.9413979422099634,1.0787685243520568
2402,2.1735294451634553,2.3441699506097358
2403,2.7019122749459776,2.721262265108538
2404,1.8652368025076274,0.638036762632339
2405,1.4921713330295059,1.4567371705614784
2406,1.7402862016332594,0.6076757621124069
2407,2.0485133153730994,0.9320489663965419
2408,1.0586649402929895,1.1555687029856703
2409,0.9887544587231052,1.1119547738267765
2410,2.6480437752118076,2.330421856642019
2411,1.73923819582458,1.8727667801831542
2412,1.1230167928588846,0.7947289941868125
2413,1.0606369420463815,0.3141997993901167
2414,2.649163970310881,2.076038868807965
2415,0.807376051670211,1.2462960927572655
2416,2.6757548705741923,2.484266109232758
2417,0.5775291216910755,0.27496380235460394
2418,2.6463408792952263,2.382070077817896
2419,1.029951355033488,1.8866529822123232
2420,2.550224200135297,2.860909442131936
2421,2.4055586042277137,2.096552811931769
2422,2.328574371653867,0.7396192277178378
2423,0.6669471358165464,1.4178620077309245
2424,2.181743520473318,1.6134385262407978
2425,1.8279864046892806,1.412688185408928
2426,2.3310805634306093,2.355767955538774
2427,1.8241830030596076,0.8390908074428639
2428,2.557636427058704,2.341545319799256
2429,2.09100538730127,1.5298046796242222
2430,2.3250529499334918,2.221837892546247
2431,2.062093271437264,1.0444142119178161
2432,0.9188448951127507,0.9200791085775057
2433,2.175061181765712,0.7948696462876697
2434,2.2257974327278034,1.8265156109235694
2435,0.64596171080175,0.6960257107225688
2436,0.5413994769070195,0.5836779230174235
2437,1.6090663788977553,1.7479848798721958
2438,2.4805385590418148,2.2799618481259167
2439,2.56204622368423,1.3767370448062208
2440,2.0845801410920464,2.125517244186667
2441,1.5206345240839498,0.5212740293520569
2442,1.913229651643337,1.8571615272646789
2443,2.317955878810023,2.4713904122145425
2444,2.2317783191956977,0.8956264164688119
2445,2.0875329225926325,1.3293697336509032
2446,2.2379568352703982,2.4548634766271396
2447,0.6722150120079358,0.4774508516612134
2448,1.9388929921017208,1.3799414822427676
2449,1.548794458784002,1.173265610169256
2450,0.7374443450709262,0.16479315511469683
2451,2.6026133304949006,2.4804434266129314
2452,2.7456210751763432,1.9961799978983867
2453,2.006467371313307,1.8158123665409422
2454,1.2031960306484346,1.4617981531627886
2455,2.548483833815846,2.6471199194967667
2456,2.871289017491845,1.001910861955913
2457,1.3482303350721923,0.45289181133867473
2458,1.53495558320778,1.6698555708029295
2459,1.1969529433964188,0.8393409336634673
2460,2.149673692590736,1.2537995267939173
2461,1.1593968365260106,1.5160876873446119
2462,2.2321288182286394,1.2216831611706092
2463,0.8603104464664241,0.1481965589213502
2464,2.0429867892545315,1.7376517739737396
2465,2.171345220552756,1.9421697049307043
2466,2.0644353361171035,1.988723435847447
2467,2.0128277973829505,2.0216140410910683
2468,0.7587044126133452,0.12921273329467767
2469,1.5818305733085334,1.9016096937095752
2470,2.9058558146702036,2.0031632396067285
2471,1.1641046483015995,2.317580199353462
2472,2.5013146427974844,2.122545727314874
2473,2.5489409488982533,2.356361380043249
2474,1.8104838378962727,1.1664831927190997
2475,2.3068125271138156,2.2159065006733347
2476,3.4571119024866612,2.920043751991494
2477,2.367358874369468,2.2121035724655136
2478,2.218998585718038,1.887485538187857
2479,0.8278155436372218,0.30908063694775256
2480,1.3174013899630417,0.9674502393476846
2481,2.316104867817734,1.7073866880229214
2482,1.9162947658067442,2.161549237370265
2483,2.01140184553354,0.06786922506870914
2484,1.6308502054697762,0.9514524417380306
2485,1.9621851868168438,2.446347833639957
2486,2.0245130195512973,1.3655210904067112
2487,0.7743831887835276,0.15353729890199555
2488,1.7859131814885854,1.7935624867411188
2489,1.6135551590391324,0.7118046589150059
2490,2.3847075134869375,1.242798670760303
2491,2.061987601679656,2.3372724349833462
2492,2.5634547946922965,0.851410508606548
2493,1.3149587562165357,0.31723554968001744
2494,1.0942559655261288,1.9275837451713589
2495,1.4812951852235878,0.9051475885443473
2496,3.469246710914959,2.5796021088327215
2497,1.5935902590917332,2.017323074557293
2498,1.445292769732575,1.3242525213090348
2499,1.6916668252024394,2.5809509876565917
2500,1.8159454871925187,0.8495692864697831
2501,0.935597632863782,1.30976981628078
2502,1.9101995387781254,1.2759713555059107
2503,1.0363124084738635,1.9677185902062075
2504,1.2177508601376719,0.8149043082939914
2505,2.5881261059798804,2.212707998426746
2506,2.5266846443354103,2.4740385206858524
2507,0.8848615974914433,0.12576070528694636
2508,2.4414329624825424,2.060739126810256
2509,0.5586143755299932,0.199790186945476
2510,2.6351011895640375,2.6799684840814044
2511,1.2075081740761766,1.3297705081364373
2512,2.2065847880937306,0.6374479021148469
2513,2.0934718768044864,1.37246402412932
2514,1.468583287166304,0.6235115252634001
2515,0.7807663536423122,0.8821258137164044
2516,1.9122439499869333,1.4362958116498008
2517,0.23567389868005809,0.24220124939749688
2518,1.090814549497267,0.4084196480190342
2519,2.8452635546850926,2.649149519670114
2520,1.7566192804283884,1.4411234852436037
2521,2.093585899994322,0.8336070979970841
2522,2.2817406983455433,2.862097492101581
2523,1.8471925618305411,1.036315682201751
2524,2.2021509437413234,1.9321111963399509
2525,3.399065559594688,2.051114758145628
2526,2.2843028741899634,1.690561653369194
2527,1.6242344297052282,1.9083065960251806
2528,2.371218026318745,2.6649452524166244
2529,0.4162353249597323,0.5557822181183355
2530,2.4597098821289114,2.466401090362651
2531,1.1792325689421037,0.49499474169503765
2532,1.200686039079891,0.6486830914762077
2533,2.0296430594030506,0.8957933093264836
2534,2.4218341548458118,1.530706967553912
2535,2.0935876567743508,2.4965912865707756
2536,2.4101914780614755,2.1937891953370667
2537,2.3350266885729782,1.295613735011567
2538,2.550460002432403,1.598283753634776
2539,1.1476878749422332,0.4274668518838181
2540,2.4840158387356968,2.026371226864075
2541,2.3265127513560095,2.0526638461711073
2542,1.4472642593381257,0.6739741379881123
2543,2.5707199927062248,0.9319536866013018
2544,2.3165554928309224,0.8600437059637132
2545,2.2525538499096927,2.48888807772659
2546,2.4251217481387375,1.741483856386596
2547,1.606317409875944,0.845763887260021
2548,1.0383606139153891,0.5267626868653811
2549,1.977292058249652,2.5498864059923534
2550,1.1069217197647652,1.5985039395639546
2551,1.2444626665576741,1.7785303249176307
2552,1.8901340359661332,1.2946616728846472
2553,3.402780248809128,2.558391939237736
2554,0.7553464447753567,2.6130532208114654
2555,1.4185937946927172,1.0198165835430848
2556,2.9868882576297335,3.4145135479760724
2557,1.979530221900463,2.592954844490094
2558,0.943629760229056,1.3593998840583226
2559,1.786753491559934,0.6388457327621551
2560,2.2524914088508083,0.8661990335353885
2561,1.9208626751108764,1.4369910911895865
2562,1.4353847852813473,1.30082325452642
2563,2.1240773560987414,1.405613366727349
2564,2.0997504557117797,1.5526972047986507
2565,3.1849013778192417,1.5791183662845742
2566,0.3710325697008209,2.084764348784038
2567,2.691708909528034,2.6669052068669585
2568,2.3296647955944274,1.651915989490881
2569,2.3518961042117787,1.8651221281060872
2570,1.6013772424001405,0.952059234351539
2571,1.2865328307725008,1.486421261841943
2572,1.4920799317411861,1.7677314105036344
2573,0.6867053800758098,0.5004867939602126
2574,1.7702438409300894,2.591631421225602
2575,2.4239017380424213,2.174958899007539
2576,0.6702415160792662,0.03828265844478583
2577,2.1804943281370734,1.9370225149787248
2578,1.3929556950628657,2.633021041938532
2579,2.6722386040923936,2.4521353977615408
2580,2.3497879286413736,0.6196615601968448
2581,2.3715161836137777,0.7239960266990937
2582,1.274892202738414,0.5536490892983501
2583,2.5642969026843763,2.4966599503072886
2584,2.4491361141958317,2.061905306138144
2585,0.7234357480725093,0.539035853781318
2586,0.6194181527419086,0.7349007190880193
2587,2.2964361827915885,1.9001173163905585
2588,1.0382413432800215,1.972272549379837
2589,0.9997672916098036,0.7335296941265752
2590,3.2873169171689787,2.4530915024042
2591,2.3815133610929102,1.1304873754919083
2592,1.3336461273126208,0.9917570690239849
2593,2.2977660326520395,1.5944455643948028
2594,1.86015360923994,2.4898350413756547
2595,2.431157478962471,1.3215581015848263
2596,2.0510454740740474,1.3480385832943806
2597,2.033316113149711,0.718281193303406
2598,1.0642073438686255,1.649160284212641
2599,1.431323769225003,0.927065601027822
2600,3.2380593158268605,0.9022716560914295
2601,0.43114960129604424,0.7760103710853812
2602,2.5080316029162075,2.8226112306119613
2603,0.5626537663176477,0.9599649325013404
2604,2.699863053080527,2.385812657223105
2605,1.4036698995826955,1.7785037247274644
2606,1.821285785272496,1.226663660498539
2607,2.2288919096333197,2.3592991310913307
2608,1.6656611240491617,1.0307419420019344
2609,2.5839893168681916,2.7607398016646774
2610,2.719846916539155,2.5667868040439417
2611,1.1663833607033554,1.7137531382133129
2612,3.2404634675552946,0.3594664456418221
2613,1.8993427348477148,0.8988387109020879
2614,2.5128471802933725,2.3926044875135295
2615,0.7843425250282077,1.8457782862472842
2616,2.6763999847744144,2.3417135775703377
2617,2.0100465471328657,1.6507148854174858
2618,3.4652986607408245,3.129469062797952
2619,2.643892081975897,2.519654115856702
2620,2.243921872017029,0.54702348570451
2621,1.1550470520448155,1.9236541075661207
2622,2.3319514865333146,2.5497640313903536
2623,2.660328372003826,2.6959961366686422
2624,1.641052932261593,0.14933906836909058
2625,3.377516601862799,1.3616830181660369
2626,1.1250073539834036,0.899740595165516
2627,0.9921428371478781,1.865305043924624
2628,1.1150202543818832,1.581664739386901
2629,2.3108182352672166,2.1201936725825625
2630,1.2106161612215476,0.4635431957429689
2631,1.2532594547387708,0.4453373659754184
2632,2.3829394669430055,1.2556860502153067
2633,1.9217282025522788,2.3119156088322153
2634,2.062092026050917,2.3965564636417915
2635,3.138532570697631,0.7272411169744364
2636,1.0573946212256904,0.7660746261714378
2637,2.63110876904607,1.6301125221307398
2638,0.8290886646083289,0.18138821266527594
2639,1.069815017139782,0.6044130568574532
2640,1.8457867516009234,2.623505401061862
2641,1.6489268915547552,0.4422480450140034
2642,1.3388589778236886,0.8274835606824107
2643,2.4540901063348106,1.9340192031040107
2644,1.4024703752217622,1.6010005740113529
2645,2.8107172965171783,1.1148267730727761
2646,1.5410851979544815,0.5867591085015402
2647,0.7488787198539907,0.05525971329491289
2648,1.530886438608836,0.5092996988902805
2649,2.030590224051512,1.798149644267695
2650,3.372355277361039,1.23046807757866
2651,1.89883384482788,1.479695308582684
2652,1.1214083629006328,0.08016198346839999
2653,1.777945013714432,0.43144896517547243
2654,1.6651695376098137,0.6551471785091855
2655,2.1495363830708816,0.8050149176217717
2656,1.0857160583845453,2.2923820736133536
2657,2.988859769653993,2.846041034523557
2658,3.3485577035331273,3.064492571737072
2659,1.1417046099797508,1.8360148847427766
2660,2.1407555129693643,1.2463819964306369
2661,3.3151583644029246,0.748962719675914
2662,1.3429555587769988,0.27618841097182995
2663,1.5637293578086673,0.5146532557371348
2664,2.1113175496064436,1.999843605859735
2665,2.595159315161876,2.3400388874310867
2666,1.279834635150153,0.5983024743484774
2667,1.6323002693609967,1.4605291435876029
2668,2.4363551594697586,2.544569207475136
2669,2.727246415278047,2.3182331841451855
2670,2.2764797506830896,2.3278205859002377
2671,2.3157711613319623,0.7225925051046473
2672,2.1544019650566666,2.299895182352505
2673,2.819994059670916,2.483734539425744
2674,2.2669354183058648,0.4663799484661868
2675,2.6704437850802725,2.6152370545421815
2676,0.8139413190137522,0.5392265082849668
2677,2.742646450667113,2.591911783032209
2678,1.795153025596467,1.5959915618216645
2679,2.5318779277924635,2.8257060711648063
2680,1.0098379657955916,0.8283714284432121
2681,2.2166489487791137,2.7866560950755743
2682,2.6405784933048766,1.9612398765671688
2683,2.419518826357456,2.1944615849170264
2684,0.705786471328189,0.04911940821534633
2685,2.2593521366629594,2.827680081562446
2686,1.5015427961586927,1.555255234924869
2687,3.6531979388161147,2.338278222625843
2688,2.8739478035799157,2.2296314378435325
2689,1.5331816151786912,0.8750154451170025
2690,3.354637155948892,2.188472002676293
2691,1.0177945299759663,0.6901830487114654
2692,2.082294596151448,2.3586677095669684
2693,2.350484993975721,0.9829813744879784
2694,2.173207654917998,2.568052659296013
2695,2.685860836114776,0.3846966988621496
2696,2.10443460743319,1.9082606879457855
2697,2.4106755171825105,1.6082142694534904
2698,2.9797375404132507,2.9132644644376584
2699,1.2217507728234296,0.4904768627996646
2700,1.8699278708822218,2.016338433003774
2701,2.2624844556181922,1.880859620068251
2702,2.5993566447398466,1.8266542437025075
2703,2.5172200356728194,1.674577155315899
2704,1.970015739447491,1.4613707649223282
2705,2.284255968993327,1.2465667378856067
2706,2.53855921085513,2.3640866550963717
2707,0.45614189788069864,0.6471953035903423
2708,1.9446723106809785,1.74139564062986
2709,2.574414669145337,2.733753076258867
2710,2.6231035469099515,1.5042753848606163
2711,1.9311667850533447,1.554112384132246
2712,2.2538702902652696,1.364784670843889
2713,1.6346347688372396,0.5547503268014805
2714,2.2380196017427845,1.4731363094321845
2715,2.1666444381568852,1.6078794118617203
2716,2.4722078705096213,2.612083833155247
2717,1.903007318455889,2.7399799910802876
2718,0.7625431081291458,1.9647977723018741
2719,0.15941939639449257,0.5069416414941562
2720,2.079465759011446,1.8728316953859994
2721,2.520461061744975,1.8956535192821171
2722,2.023787564444632,2.159437602603084
2723,2.0385204142140423,1.6791042921696722
2724,2.221950070723628,1.2189915016291164
2725,2.490898062181308,2.087270821618904
2726,1.315873816681448,0.20644679100021157
2727,1.8503262547300512,1.4362876258948023
2728,1.5136025123024905,1.456691864984854
2729,1.6432872730146213,1.689056636786004
2730,2.4960035606136883,2.58478507281374
2731,2.3551529101690356,1.8021570382440717
2732,1.9990600153709996,1.1258421384580994
2733,2.6644443263084154,1.9636021183299088
2734,2.2527696529249233,2.2759451881795267
2735,2.5700191001792905,2.099201926105444
2736,1.4098803635007757,1.6324625102645238
2737,2.430965248527857,2.7250336829652277
2738,1.1740273559570904,0.6088851734954736
2739,0.48635189208771623,0.22733346147236408
2740,1.256568156485932,2.3155564333935104
2741,1.9227739432117585,1.0895588974445205
2742,2.3749021672754784,2.2995554804199756
2743,3.1312260871245963,2.1748399445311204
2744,1.8255458639733169,2.2695534504410015
2745,1.495286692845589,2.167623573040711
2746,2.006430622183576,1.530223659615502
2747,1.974266575607183,2.7012969563753852
2748,0.7345610422565774,2.6268692068758916
2749,0.549356911636862,0.8628762099091182
2750,3.2559901204117425,3.4606735478583337
2751,3.3253761615138346,3.080938282632694
2752,2.622638153807845,2.503286314030305
2753,2.69715836155743,1.1088920430294817
2754,2.2859953279579566,0.9020933052650488
2755,1.4538004293433777,0.26645426875381506
2756,1.1506042264842509,2.1502089145215266
2757,2.4811688517821304,2.304907242227286
2758,2.181131185929858,0.2485079299924238
2759,1.4619363179066958,1.3082879788096524
2760,3.132217240065519,2.7117357652737044
2761,1.9595916753504607,2.0770200423836163
2762,2.140676761594342,1.9225118232170035
2763,2.0248342584692653,1.213713141719769
2764,2.1939050621738114,1.6307817901647188
2765,3.098467053507094,1.0238970141533086
2766,2.5956399992166754,1.884725950525173
2767,2.353634430833397,2.341559799295354
2768,2.657781238631401,1.7003318444750932
2769,2.6390714254676486,1.905999637604124
2770,1.7043023597975118,0.7386023229241745
2771,2.7565979317375184,1.6521508207605207
2772,1.9156980917427087,1.1128741464120293
2773,1.6520437302043574,0.68662467641877
2774,1.8323197559131927,1.175172728923463
2775,2.631191000896925,2.4352376452839932
2776,2.4829290206074326,2.480857179130561
2777,0.9820456885377524,1.5722733222734007
2778,2.197818658201066,1.2208093838853304
2779,1.9809032222854042,1.448846655196628
2780,0.7033565466129177,0.13412885639139652
2781,1.6596280971625716,1.26080550256476
2782,2.4654265164405667,2.310319830521562
2783,2.5069251939813704,2.04696476682117
2784,2.6085449998921924,1.2250321381571827
2785,2.5861004781514514,1.0181716657068658
2786,1.897008919229185,0.7442968692541451
2787,2.911268452151493,1.9010600093286882
2788,1.2607153773597648,0.7099858439745139
2789,2.4560567030368965,2.5160575332153354
2790,2.2447059736943196,1.7437294681301987
2791,1.8658647149093672,2.0084415990010305
2792,2.55985309150486,2.6511709425169347
2793,1.647391709138581,0.8156260356265482
2794,2.445987161289013,2.8446326909972495
2795,2.530279522613528,1.1895355469852003
2796,2.0023131451663025,1.5903497186025832
2797,2.4685191078380955,2.403241822087149
2798,1.8659364250074872,0.32687545550678293
2799,1.9221475257395786,1.4440962121328356
2800,3.0801567246006982,2.0699957084796647
2801,1.8425648436554465,0.5322954700432522
2802,2.456649945045522,2.329414506663946
2803,2.094190887702369,0.6280277084533595
2804,0.9884580239275382,0.4770643775406113
2805,1.8906066878162464,1.8612427417427986
2806,1.7404133194250815,2.5286153800436493
2807,0.9154997571023488,0.22059726514720182
2808,1.745286056415452,0.97264488819797
2809,2.4595314244497266,2.372576686621947
2810,2.3511979130100515,2.293413555024016
2811,1.8155974146141078,0.7722089795398558
2812,0.8600442176298464,1.7360460262457431
2813,1.283289340606328,0.8900375392408744
2814,1.9931250786246653,1.695908589761753
2815,1.8564204489463012,2.4270065626059476
2816,2.9510365009892108,2.2697982281376525
2817,2.863594146364547,0.49733211418781376
2818,2.1047663202009055,2.4111098430558453
2819,1.7761906153707576,0.8893237491799015
2820,2.5638466738443575,2.3080472466317645
2821,2.415463249410404,2.909582440205221
2822,2.100287286558055,2.5665743441627815
2823,2.355329816911878,2.798136190474351
2824,0.9457156864704447,0.6803108236645118
2825,2.2190499975244826,2.2121248905232447
2826,2.212548189744813,2.6413572930221103
2827,2.5892768236998553,2.626105692122198
2828,2.7084627357361475,0.8412248477474862
2829,2.5101956132124013,1.7563619684023575
2830,0.2603911345943504,0.3817917403247221
2831,1.9491999050139313,0.6666117642174653
2832,2.4728309712318617,1.9942435125455347
2833,0.18135338539326745,0.06495412023575615
2834,1.7764360568224746,1.5736756331915525
2835,1.5602036843645988,1.005796414097943
2836,2.5316719699207075,2.4993461705872835
2837,1.8860974496375371,0.36751939311144194
2838,1.3100144215151808,0.472472838691733
2839,1.4997605126417985,1.2146174648241446
2840,3.0577935551800537,2.3636953423813942
2841,2.1113287060974515,2.5335618456010374
2842,2.0864326705229,2.4929565633973567
2843,0.7168838255666641,0.662784848603871
2844,2.4678331053751825,2.0172462878520685
2845,2.6404274022642324,1.2404435678611319
2846,2.272261772494418,2.0626540505474114
2847,1.7788020046878381,1.0534978333165361
2848,2.1933828872095424,2.575062337560085
2849,2.134068041707807,2.194571775130362
2850,2.6335755416011293,1.5685029861041662
2851,2.5966890434823395,2.6799979825746036
2852,2.422483507117788,1.8479195526411811
2853,1.6116052796301954,1.3916432574220108
2854,1.7480120396610412,2.5154595863359552
2855,1.674039354321651,1.6559288029246457
2856,2.2279749033366025,1.1050130124295277
2857,2.1773242512865756,2.3970046334684487
2858,1.3036185948341692,0.8719771916155936
2859,1.9893359626247396,1.5037465445267462
2860,1.3831193842200078,0.2392202363111609
2861,1.815463021782847,2.4549549731242375
2862,2.4669686039170458,2.650973084400773
2863,2.592997163302392,2.710630490519846
2864,1.2819236594968122,1.2719413490721097
2865,2.968924104764742,0.2599421252103262
2866,2.0804000117744357,2.574535739634407
2867,2.990609396328928,2.0982765784706796
2868,0.6028825783457814,1.5265742392177355
2869,1.6477254041610756,1.7785954618079804
2870,0.6893802446756114,0.24471435669018604
2871,2.7457894663466518,2.439881734583246
2872,2.132198184052582,1.5484562025323576
2873,2.6194099717087407,2.278411555009557
2874,1.711719859505333,1.2561137823308564
2875,1.9410500756456683,0.5386925541036952
2876,1.2308295494360502,2.064737711131283
2877,0.931798654554069,0.1971307007619023
2878,1.0712957487616683,0.22944599071244048
2879,1.4693053784105932,0.9580074482286057
2880,0.6867731852145792,0.8403910395184759
2881,1.364400679868672,0.3038849892653624
2882,2.404169925876876,1.7543697800184892
2883,2.1320506279880176,2.0897316063854463
2884,2.5203047360370068,2.206092464742951
2885,2.05709108657161,2.154096648762223
2886,1.9914914935748314,2.483698629527598
2887,2.9642242440684554,2.5891723040048618
2888,1.5197406831069793,0.6040308034700483
2889,0.9117281085974728,1.2623317768768274
2890,1.903642506532679,2.1290080693670235
2891,3.0368289969372713,1.8296113868403485
2892,2.616184255799189,2.7358152641463547
2893,2.079720548814608,1.639153082814096
2894,1.6491705922565398,0.3913946522164139
2895,0.9404031093938017,2.469723468707131
2896,1.7359686190310528,0.6651712566648056
2897,1.8959033849054592,2.375730719938287
2898,2.2009234312166446,2.4165691027740563
2899,1.7894196483348277,2.1198579322843734
2900,0.4356610570497366,2.043699837007393
2901,1.1332964660920088,1.5295638667228406
2902,1.197075642475425,1.2962110367442288
2903,1.537759763504184,2.620585852440981
2904,1.5824545025207213,2.3856077524161194
2905,1.5541296314631732,1.7036582903428188
2906,0.5402531669229778,0.06604327942975642
2907,0.3570712297125432,1.6825245332064156
2908,1.5910069322138054,0.9565127506837977
2909,0.9251538991189778,1.8106722213702504
2910,2.6682569547380934,2.7045876239189925
2911,2.6102821286716926,1.782707105992272
2912,2.4804007228105127,2.736216995353467
2913,1.042971911626063,1.4873866300418865
2914,0.8229696639029883,0.3778266444425369
2915,1.3713599027766896,0.45999557810814307
2916,2.4080575278047585,0.8570135000089542
2917,1.1728952261864618,2.2365591386384756
2918,3.030221467487385,2.151113637864007
2919,1.6903232203426155,0.35477538675560094
2920,2.402286954488642,0.14709696442462844
2921,1.0009737366833786,0.39265035342102717
2922,1.8986469995948718,0.32339634390689703
2923,2.7843878002908564,2.254396816481738
2924,1.0828981237645154,0.3444187883149946
2925,2.554343635857152,2.6788513601667896
2926,2.039087708610237,1.6388414515693799
2927,2.7188926365510966,1.0432118067053777
2928,2.045441092445406,1.0641777157081396
2929,2.130782896960048,0.11068127738769024
2930,1.8634187843247936,1.6443812055779243
2931,2.777350679824226,2.5055045548203387
2932,3.3053438904525416,2.86668253527112
2933,2.3056643230115745,2.038374216832588
2934,0.6421222634751715,0.32994216962197837
2935,2.3375286521005787,2.0055299939618125
2936,1.4281451162752639,0.6672336465477487
2937,2.373451048224768,2.1021310356202876
2938,0.48694489502063043,0.9344057639169947
2939,0.878506739742782,0.1035848984084247
2940,1.399107035280437,0.3800511042759861
2941,1.3720313754403433,1.8832724455749383
2942,2.1025606819572333,2.7247419951099014
2943,3.099017754048046,1.8498099068041267
2944,2.197792365279311,0.9210805788356492
2945,2.0864290975152096,0.7367901904930317
2946,2.2207840607913107,1.1251281683462435
2947,1.7975576935573467,1.9421439729796695
2948,0.44040552656134935,0.229607423473352
2949,2.5182671078353085,1.9186745990556233
2950,1.3704001707644946,0.24687202645637218
2951,2.1166720474216265,0.5426888252303915
2952,2.428550599099007,1.7601204662505334
2953,3.0395427158194606,0.9467223332988421
2954,1.1977539608907757,2.1490593587633895
2955,1.6930718153555626,0.8103154607779949
2956,2.14376049885767,2.1164019880112823
2957,2.6162462854452637,0.3344916714191763
2958,1.3515996996122703,0.21389724015679354
2959,1.8563020454763481,0.6016038604399063
2960,1.5357432335467154,1.884857587774523
2961,1.8484862265166528,2.543532801509679
2962,0.6999394324249414,0.2755200397789648
2963,0.8956741889068144,0.6619846426402133
2964,3.444263254092459,3.623902087688422
2965,1.4142620673345443,0.43567850817197523
2966,2.2715991124820287,2.0562681631530495
2967,2.2492213123150058,2.0790316109264793
2968,0.9219295266710231,0.19693512388100504
2969,0.9021911163080619,0.2819745172599763
2970,2.1336779863306368,1.0727936254860684
2971,2.4608913648329,2.600820148680794
2972,2.841635673369516,0.4466131653551262
2973,0.9302597462984648,0.3697790789094482
2974,2.367598735103287,2.3613904071560343
2975,1.5731457893871368,1.1678878067858842
2976,3.3986597645125443,0.9502003512597884
2977,2.5077669678465195,2.294051246992134
2978,2.1328829008850656,2.578746014134627
2979,3.177520313930583,0.25186657365164433
2980,2.1216889734440265,0.819299833589846
2981,2.0264596744458916,0.5553238625249676
2982,2.1858843449344003,1.771485515926162
2983,2.096394370446515,2.544527970617923
2984,1.3926696085013008,1.5868555888733689
2985,0.44648528832913514,0.30715434468759106
2986,2.387451471644301,2.2499750877318347
2987,1.3302321767849956,0.21905712016252782
2988,1.514040314667874,1.0467452427362058
2989,1.2061562280865907,1.459225189378327
2990,2.336809663370869,2.237600404620668
2991,1.1786668724583398,1.178355659178518
2992,1.0639655384134534,0.6266276701190903
2993,1.7850147573219264,0.9312388632033176
2994,2.2528163028780135,2.877613719311161
2995,1.377396160713781,1.3885508468764602
2996,1.803826346131269,2.4202341109857066
2997,2.386577940171629,1.7823820079485286
2998,2.182766356249289,2.1092025172365307
2999,2.1786852636541747,0.38248682172618187
3000,2.0560790270278835,2.7416274327838073
3001,2.55713100135654,2.0046258263172345
3002,0.9316036429851736,2.2278110592381792
3003,2.367021156180816,2.4821527963705132
3004,1.9985881940977723,2.1770077831867054
3005,2.8449084896384083,1.6103343172816262
3006,2.6935195101081915,2.242287081235755
3007,2.828773674905904,0.7347481447788964
3008,1.1449456281971815,0.8819842177341369
3009,2.177952323454849,2.3013226172411887
3010,0.9673681420043465,1.7123841892717018
3011,1.4569350259061777,0.5742986535720398
3012,1.770540734490557,0.4865255674962594
3013,2.1205789782314355,1.35829549365741
3014,1.3109627113291893,0.17713226988417277
3015,2.402268604689243,1.1853435179187126
3016,1.6555462766950284,1.9382083767513107
3017,1.5411577363780053,0.40423705083749256
3018,2.2094370579758236,1.0269281742668601
3019,1.0903945330145846,0.39433257813727496
3020,1.4486944479686357,1.5562429676804994
3021,1.4338437125367904,0.3454213514404986
3022,1.5589252183174014,2.5084615878489678
3023,1.8787959650637822,0.887798667675184
3024,2.395460531879311,1.3639756018225666
3025,1.7134283981448168,1.8351634905766663
3026,3.0611780399619657,1.7036870257648273
3027,2.2847635191204514,0.5051921856135322
3028,1.063012712778056,1.0894752847951699
3029,1.2742055671873074,1.154516193481384
3030,2.704155321794711,2.0812071419295224
3031,2.1456537295759444,2.4983789097960982
3032,1.9591386462132072,1.937966370083641
3033,2.3144390243412665,2.000807882056466
3034,2.5128042187972666,1.9873844009532478
3035,2.4726376305205395,1.6011155256438825
3036,2.779299329385782,2.2487657577851037
3037,2.543114503380502,2.556684765976247
3038,2.3757744445233064,0.8207824535963706
3039,1.1653720063880622,0.1944156150567446
3040,1.3261339694940806,0.6221697025205987
3041,2.5349692858480024,2.202212322489754
3042,1.77503384066752,0.3238069411250305
3043,1.8958535840432456,2.8591209889400937
3044,1.1491698823175254,0.3413522842217339
3045,2.6214431952759814,1.7069686459747615
3046,2.76931821410628,2.9447031379484954
3047,2.5022991806184605,2.68652951177592
3048,2.0738317225272045,2.2438178359158036
3049,2.079558780013177,1.3766232148426367
3050,2.0665955875848816,1.2869857690700466
3051,2.3718932185641513,1.229861161046966
3052,2.8349299451226977,2.572789448441461
3053,2.5351352697773315,1.6194124727936732
3054,1.679054364918098,1.7103319304292859
3055,2.2295781092825284,2.039262233519689
3056,1.6903784677384373,0.7310825342634611
3057,2.123632411210511,1.1661640568351002
3058,2.095230367344508,1.1446128549720767
3059,2.3923946321776395,1.3056558042869146
3060,1.3897035644548443,1.2938344467909833
3061,3.072437155763241,2.5442015260771305
3062,1.4989093812563457,1.686086897884409
3063,2.206137520428951,2.5175884205145658
3064,1.7770631700993396,1.2956914205562644
3065,1.7084756815937077,1.7588878144186557
3066,2.277064786413283,2.5751983225646975
3067,0.6742793130598328,2.2813030110395105
3068,2.579614273139032,1.6723269181404128
3069,0.8283824674391267,0.3202001404464564
3070,1.4434198250934254,1.498130693882148
3071,2.2096393793080575,2.402083582888079
3072,2.4786969798620286,2.4143272767810924
3073,0.9808843416266284,2.8679268345281885
3074,2.01043020176913,1.463665644168185
3075,0.7546584021131062,0.1546612417479218
3076,1.8410987319802476,0.7251791247569845
3077,1.5388880978145099,0.7611223910695228
3078,1.6337008419759609,0.7401136537078872
3079,2.0367584132128345,0.9769453691425232
3080,2.1244067132835065,1.9309341384644272
3081,3.295334016329174,3.0042388435392264
3082,1.2440757168900478,0.7641987718040412
3083,2.0181213632128667,0.6699104336458649
3084,1.0422220465293006,0.4692474354554247
3085,1.8237706485331868,1.716366764579725
3086,0.5170087734240502,1.5021510290730178
3087,2.2296284958377726,1.5798348159380562
3088,2.6071316302945107,2.610910043151314
3089,2.4861067415246856,2.5192097728808194
3090,2.9485340429186975,2.22516480906281
3091,2.4874927069574966,1.7352572384891556
3092,1.3492537324190217,0.7185835644287509
3093,0.8311667114689071,0.9864285609442182
3094,2.046354435397108,1.2983178518373615
3095,0.6434948493504666,0.1876417017231875
3096,2.184025908241305,2.1929632200979063
3097,2.23172211636706,1.677778951625738
3098,0.6274468623766416,0.29339624352025945
3099,1.5908598557225182,1.2188816255212436
3100,3.317690490974361,1.0295761020830414
3101,2.434570338415762,0.6796369839859149
3102,1.984897157110348,1.8063189209307313
3103,0.9639109646683254,0.21588693131115194
3104,1.445946431233498,0.5481158393995285
3105,2.410385242472037,1.8692047911610348
3106,2.2450822921743083,2.3428247561282074
3107,1.3485834077364145,0.8788057478879505
3108,0.8470198874085381,1.09903590356492
3109,2.141097030845148,2.4434983924489675
3110,2.4566210874608476,2.704657813679909
3111,2.436585144408891,2.2571081757635376
3112,2.0881324698591164,1.2831182810122093
3113,2.5524030377278035,2.3846093573783533
3114,2.1033420401165768,1.2618438777585432
3115,2.4380580034279955,2.509833584347667
3116,2.1891110505512343,1.5392916486500505
3117,2.066269614303992,2.7226656847224673
3118,2.1019769574497253,0.7018211072038132
3119,0.8490606553528457,1.1992744168261782
3120,1.2789479625164584,1.571743904036346
3121,1.9723694010829582,1.605164681874614
3122,2.8740005529547985,0.39151028126932097
3123,1.569996620870001,1.6876880891002732
3124,1.1932481069467522,0.7725837697823473
3125,2.268194220727794,2.5115280937579962
3126,1.9549569281956585,2.334594391098563
3127,1.2746099020432402,0.2922667373258298
3128,2.1155060952135045,1.102890847354863
3129,1.8362365522385844,0.7455493902902657
3130,1.1763972755602194,0.5321419251556795
3131,1.7640862263347745,0.9907664306848846
3132,2.6193517778228004,0.8280769043678499
3133,2.747993731896501,3.3206373974963532
3134,2.604571752613147,2.6403937675620686
3135,2.7113543967237588,0.7696166375116006
3136,1.0268176727819174,0.5148618617816991
3137,1.953766706724216,2.321931770710817
3138,2.525962079780672,2.1546405633531425
3139,1.6270625373928633,1.8338148232447746
3140,3.0050322511876835,1.4379564327022034
3141,3.300533085269071,3.146395377773346
3142,0.7094513160137773,1.3482438838926412
3143,1.321403995041172,0.6910907551731572
3144,2.1374858084871025,2.389880615833255
3145,2.1571439612266907,1.4243576066905046
3146,1.8120486648240428,0.4623387428196153
3147,2.255550120229139,2.9214390972671187
3148,1.8053995237665101,1.301117073196877
3149,0.9954888412644107,0.24560930204662362
3150,1.4262761512003557,1.8870359633708071
3151,0.9791662157672308,1.297170555935304
3152,1.8880295722402143,1.0158009385863915
3153,1.7290992710770863,1.9024385623997002
3154,2.672093298967979,1.196180314436713
3155,2.3715982829345865,0.7770609986610788
3156,1.6418884383473507,0.5271842998643164
3157,1.0671834106558666,1.8236026111601251
3158,2.3633658553082078,2.44605970765201
3159,2.473031212381702,1.2377131700099284
3160,1.7576981155097648,1.9027379167540623
3161,1.5867731515926515,0.8538387890819406
3162,2.306416959050951,1.1466096665958994
3163,1.4079426380243145,1.964764740221145
3164,3.303365571817735,1.0678849799465877
3165,2.201999660866836,1.6865105872584998
3166,2.5895123392543713,2.582595620946858
3167,1.6188558915798055,1.1404679092848542
3168,2.138201013205252,2.573541382385416
3169,0.7320857935602832,1.9663935574217388
3170,2.6203162597498864,2.89469130744745
3171,1.098304236939266,0.5733178978868327
3172,1.8125557615716013,1.1672893658945662
3173,1.8381500846509913,0.7902310598359229
3174,1.2208030069777025,0.8933740962104364
3175,3.249051419288386,2.039961602708824
3176,2.0508890650754155,1.996059412880658
3177,2.316973165658686,2.4922506410432836
3178,2.099148577617375,1.4873643940103671
3179,2.8746564597549256,1.1529292388020103
3180,2.595434846747648,1.8958032923311696
3181,1.8708952933125056,1.5479702666079391
3182,0.9964768097115017,0.5264959091672929
3183,2.2389560393145067,2.1760215654020896
3184,1.501700540258997,0.30451341563620044
3185,2.7307829075809216,2.2837789595297084
3186,1.4928083307261828,0.32377986561781713
3187,2.2553878787417547,2.2280194533825544
3188,2.2176085242786,0.7663431732607042
3189,2.012157558119681,1.2522161864227996
3190,1.253601459967657,0.5276969868573177
3191,0.9870788650995345,2.1957756015092116
3192,2.8669627256847754,1.2441636751637513
3193,2.269851826985746,1.659403351115007
3194,2.4915078473546486,1.7341403922647558
3195,2.234687109960078,2.573589070185322
3196,1.1927355690258779,1.4738308896567913
3197,0.4136891328409846,0.8246120327119217
3198,1.6868655822860756,0.9006863075479303
3199,1.685685261486048,2.2846362410113508
3200,1.0246995158820693,1.130983224930789
3201,1.9042376902745337,1.5777070084400808
3202,0.7505695357689172,1.321329294466936
3203,0.6083942066108382,0.14205112125063193
3204,1.983702446005287,1.494043857927549
3205,1.0403708155274476,1.792842968011969
3206,2.3627789704595483,2.4156787083532754
3207,2.7476086920312293,2.501432611972581
3208,1.2171113690410489,0.7947509327496265
3209,1.8266986490901254,1.1674238784792947
3210,1.2458709701712893,2.300672681230327
3211,1.953898868368015,1.862725473633872
3212,1.5994438715025339,0.38912373046993376
3213,2.3566707828383433,2.7035233111231025
3214,2.626657281471783,2.2860055834480004
3215,1.4313768292124516,0.7469385177177152
3216,1.9899666049615026,2.294044913987257
3217,2.7502714436497837,2.378851897993047
3218,1.6247958711065524,0.714497310817088
3219,2.251469914189641,2.6195314459371337
3220,1.1819456456000252,0.7232767827661638
3221,2.3323361097337036,1.1061630148927368
3222,2.1379988738606337,2.4197245723937035
3223,1.8614558389747635,1.1596155747307415
3224,2.078016293023837,2.224873329727133
3225,2.927440324970917,1.0637285170891895
3226,2.267369636665228,1.9678328738067759
3227,2.789199509166481,1.6695769854177434
3228,3.062495751008586,0.2518400047119454
3229,3.3970515856795482,1.209216860761047
3230,1.7840231727936884,1.0526933183293505
3231,2.3912937532644065,2.325450439869877
3232,2.422215121235767,2.542841319120363
3233,1.5272535446072557,2.403185396482567
3234,1.95747339948579,2.166795720447623
3235,0.5639507682804208,2.0362218774002914
3236,2.0863118253855952,1.883551227795742
3237,0.6311525941024054,1.2420351874036428
3238,3.062942719877867,1.4424822579277772
3239,2.4487196417645287,0.5529584609221997
3240,2.4873887675114483,1.7194208164765306
3241,1.9474952268436352,2.0689703780917728
3242,1.5065482339688197,0.16973328853875935
3243,1.583424786301353,0.4053887690983721
3244,1.8530159960406332,0.22283329777220443
3245,2.482253088951446,2.6650273699776794
3246,2.466666384379787,2.2690846045503412
3247,2.2709561280358224,2.375043826974177
3248,1.5839629227953078,1.19752684066208
3249,0.5232648471498506,0.37874205621012874
3250,1.1077303498902167,1.5642202975147057
3251,1.6638259430145625,2.22993916553184
3252,2.484993839783282,2.7128793918456497
3253,2.3464625673797586,1.485325775337828
3254,1.064310248837385,0.43205634979056295
3255,0.8249278285917351,0.4012832512534718
3256,2.201738782227553,2.4532957924349823
3257,2.847211058673832,1.5871409414189848
3258,0.8055702281403654,0.9851279587662728
3259,1.860824236646039,1.871445683580238
3260,1.264892844852094,0.3980391351378933
3261,1.3372042508303195,1.2404896417901825
3262,2.5494579189425752,2.5012444105727942
3263,2.784859660847335,2.9100665128368464
3264,2.5742097565644584,2.581879876740228
3265,1.633204505982985,0.41325641676878355
3266,2.534050808248775,1.8887977990198839
3267,1.9824434354925708,1.1413768393091182
3268,1.711180079364036,1.2108380732460828
3269,2.48661495400996,1.1069768320629574
3270,1.646105426459588,1.6010519200235211
3271,2.432966096990333,2.2538605031743337
3272,2.867221959242514,2.9411914675602695
3273,1.8893689015153152,2.3364964249649374
3274,1.233342359903085,0.4574005052671975
3275,1.2480040484125885,1.6463304633689186
3276,1.703478030794843,1.3729527243969226
3277,2.338768990415531,1.5024365179361832
3278,2.496011184780876,1.7564409472684759
3279,2.1387778107177327,2.593171257347789
3280,2.430300179694177,2.304662622907284
3281,1.9514921051856748,2.45813355077175
3282,1.9827773348298245,0.908811564051383
3283,0.5966522795051634,1.7960546040812932
3284,1.0365948872043533,2.1252148970589864
3285,0.34489245543355035,0.1854401462466092
3286,1.2729548832781028,0.9850746203642079
3287,2.4506856199632168,2.6749477121997103
3288,2.5343540449739668,1.77385707530845
3289,2.269841895415686,1.6403318839162242
3290,1.1407075642931428,0.748512252481702
3291,2.571212627334114,2.514323891809201
3292,2.120795609954816,1.6308842160303971
3293,2.52615287718052,2.3433381078493856
3294,2.073651762485209,0.7061731986168179
3295,1.1049358013141044,0.22060227336589136
3296,1.883197633621074,2.2618552681515713
3297,3.4725688974825166,0.5837692457292926
3298,2.710977976994669,2.6022450571821163
3299,1.4950798428587806,1.3448820546546947
3300,3.3589013843800353,1.3454739430328488
3301,2.6031722836256685,2.5174163918196957
3302,0.5579810129929847,0.1872087398423734
3303,1.550128382980694,0.3172607561967351
3304,1.8244308648973053,0.906099443192807
3305,2.05695107506009,1.2506301843312384
3306,2.9832281393378635,2.021523484134991
3307,2.4689989253070963,2.1832546901183565
3308,1.2460291689384755,0.7074639607129469
3309,1.5548060510948591,0.825175156514091
3310,2.727942162793148,2.006237619315733
3311,1.1243427502223065,0.695870031871953
3312,3.03387047287355,1.3529049237093884
3313,2.462775083389437,2.3820863771487253
3314,3.0680056903380564,0.6673647008239385
3315,1.5001000499949702,0.3408355825668736
3316,1.815649154847019,1.539771678491632
3317,1.4418869066841975,0.7826771935436856
3318,1.703841193207655,1.3273670335376762
3319,2.4470178339550115,0.3409469938439444
3320,3.1659072596478706,2.9670485954433463
3321,3.23257308426879,1.3227015742880208
3322,2.1511339551647106,0.9272196851183895
3323,2.781549582910078,2.9138496681800077
3324,1.3100565956934789,0.195696665660404
3325,2.721967200956816,2.579443223692531
3326,2.198675761570975,1.4857978307975641
3327,3.1960736469507705,0.31416990216057683
3328,1.8938636926493508,1.4181067454526028
3329,1.8760932667050845,0.6754593472977674
3330,2.4431476900608677,2.0324081750625873
3331,1.8881789295914317,1.5546430103540003
3332,3.034154900485476,2.322221625280504
3333,2.398731643173762,2.2443358070600268
3334,2.5438091730185786,1.344668364160708
3335,2.427812621490993,2.6599371887328065
3336,1.9567922934317312,2.244798334240973
3337,2.2305572022704996,1.722097558139232
3338,1.6622336696224853,2.755658681167561
3339,2.077697288257134,2.678173642729387
3340,0.7458210410940023,1.452177616490449
3341,2.048106062646663,2.414474068810198
3342,2.459488913498396,2.3581254839484473
3343,2.6090183328678984,2.402405332067108
3344,1.9503158030099883,1.6543483074204206
3345,0.6232686603144217,0.14086782920533536
3346,2.4090785582579186,2.416980270146328
3347,2.5839506368463425,2.9033660693313985
3348,1.9208106427815612,1.9483746668290276
3349,0.2513350807272752,1.527246147154708
3350,2.227356983121477,1.1061074462872957
3351,2.3537746070238343,2.4436593290592197
3352,2.861671580401774,2.234203659856473
3353,2.5137093839510527,1.2701124340033394
3354,1.3394239871499924,0.6050899380995216
3355,2.390278551178505,2.2845023442197845
3356,2.4599102442195386,2.0158581425002207
3357,1.8318509181621665,1.1364312711600442
3358,1.181579322672579,0.49438877339665943
3359,1.5370957824314504,1.9379858766530544
3360,2.2854235720709566,1.8829143538719848
3361,3.0830083044274614,1.844585537372493
3362,1.6759356061179096,0.27328364701453756
3363,0.6654728085010664,0.8504960248852976
3364,1.4151495422846616,0.6607096812731743
3365,2.347220457322618,2.876767031529206
3366,1.2207651713669905,0.3981190111901587
3367,1.962180164108839,0.3179925148461179
3368,0.6475366129665782,0.5279247125034684
3369,2.8968786070828427,0.22868692271487395
3370,1.8579899530575423,0.39673034130142204
3371,1.629613167830815,1.6331459235952859
3372,3.163137868044582,0.5719898700697679
3373,1.8165255982575446,0.15008197784092397
3374,0.48003563825834833,1.4248209690678861
3375,2.1873667875430534,2.079601563930659
3376,1.8822055954433876,1.818654261460002
3377,2.8398859592864105,2.9916051933774157
3378,1.4216301255580504,1.1345332891869946
3379,2.4233509590733813,2.514025840475158
3380,2.946544411564334,2.203013091043186
3381,0.8092675354341147,0.9443967160928592
3382,2.3001350458564636,2.3242905741961115
3383,2.4059757680771754,2.5104902620260563
3384,1.6099854522403654,0.33005559238447224
3385,2.2041545026091707,0.7030640655528222
3386,3.282602339456484,2.4124565312953172
3387,1.4303035278996585,1.3775089078127687
3388,1.6029159621938027,0.5725707140064044
3389,0.4125906164379167,0.17628347066368752
3390,2.1848267223745474,1.1946996366266025
3391,2.2755774259553387,2.1726829463710295
3392,2.6655113374050705,2.0523266752822287
3393,1.584465370368862,1.523096066271462
3394,1.9793821964152192,2.5041922251678015
3395,1.906516626639682,2.460556546493478
3396,1.970830318289494,2.1457188405209946
3397,3.3404113605637704,2.003343644239693
3398,0.4434009534786222,0.18801017153014807
3399,2.0928689205510036,1.8325217056755616
3400,3.062928771715101,1.1705724318486148
3401,2.3774813917675885,1.3500450114530749
3402,1.5024176814681018,0.9588026811476339
3403,2.746992079445791,2.6283687500539545
3404,2.526947237924414,2.3796328985584294
3405,2.3826967343502874,2.036377821268889
3406,2.386743405507359,0.5511510293664681
3407,2.6876222337914153,1.993049037049899
3408,1.8494325086735075,1.319138474917421
3409,2.2761426211197633,0.8342565483411939
3410,2.497520874146461,2.173707144893509
3411,2.244518016837901,0.6385646874252993
3412,2.3483261640083173,1.0079571023410783
3413,2.202298528107426,1.0054883933766265
3414,3.55742386325883,1.3342700858104313
3415,2.7390048789490353,1.474195348540193
3416,1.6033382280376212,0.21796034472388803
3417,0.9272636267449483,0.9990564813292054
3418,2.5705473322872905,2.483929706354205
3419,1.545818983724514,2.2424675618085037
3420,1.9581840355042184,1.7855698971325094
3421,1.8718802908641892,1.9215292751379296
3422,0.5544993219174369,0.38863828149176555
3423,0.8738493786386775,1.3110225342394124
3424,1.218038142494401,0.30598566061342614
3425,2.6759278677599188,2.427436732004826
3426,1.2729797289721896,0.8560974883914167
3427,1.1540541526939454,0.9535881832862129
3428,1.7091855727563026,1.3066980842777005
3429,2.996547336082535,2.4618805957417984
3430,2.2415728498944762,2.034611102187773
3431,2.0165078696668974,0.8606462597504083
3432,2.387618243779838,1.947607586289744
3433,2.4859273461543427,1.7534896814695684
3434,2.354526412534161,2.623484281468032
3435,2.5158578698619527,2.5597825280973896
3436,2.353577179529622,2.144384242178552
3437,0.902484778989269,0.22767041756666373
3438,1.6210087928125128,1.0456965619817888
3439,2.186179357808971,0.545654449690969
3440,1.5939898172644504,0.5801116451383469
3441,1.3091236110682092,2.130464769358045
3442,2.0753125107659804,0.15963479010531995
3443,2.6999146519366732,2.6670544116050854
3444,1.4102405138506875,0.04593368599658277
3445,1.5748060266326196,1.387327998261112
3446,1.3903935604484423,0.7842960724607391
3447,1.255560152712211,0.40629998311203874
3448,1.7186641031675811,1.6303690938967321
3449,2.7932790441198168,2.6210715741258275
3450,3.4496809884273842,2.4275710820318883
3451,2.380572185721155,2.205593479573273
3452,2.643957283002023,2.2986061074786135
3453,2.2009675126621677,0.43820505926311565
3454,2.087349274583877,2.15756868020001
3455,2.329188929778957,1.7185570256781786
3456,1.8591083661441299,2.5724530786964754
3457,2.016100563996333,2.4783726396712327
3458,0.7203593228913949,1.186655515251403
3459,0.8358082426360581,0.49837289393858797
3460,1.078216370715988,1.9129002241795987
3461,1.274979115401811,1.9439790044820533
3462,2.1486350357211434,2.3272342515855944
3463,2.1307959312870643,2.209080430087293
3464,1.5005095136869129,0.30455568159333785
3465,1.7617062126544702,1.2908472864916318
3466,2.3520756301056718,2.1158976084823364
3467,1.1501073982717012,0.9028034184380384
3468,1.3204311466634093,0.5535434338593703
3469,0.7673721728951249,2.5230109591091665
3470,1.5556921446680005,1.537097502996391
3471,2.092323673768522,2.284699066309499
3472,3.3693933235506126,1.3057024423259458
3473,1.163328135580856,1.9186728692329755
3474,3.3937644040890027,0.4093739838971551
3475,1.9168366667747494,1.635902998284914
3476,2.077861627864917,1.495463615246103
3477,2.2289673828444774,1.8908279358919053
3478,1.4108163501030488,0.7687344780858923
3479,2.6436972485704566,2.661395943307235
3480,2.7410031288497136,0.1300386960480348
3481,1.710198120091984,0.12335162234650363
3482,1.9654978106527856,1.1917445759862602
3483,2.029305273671522,1.6161832479984284
3484,2.8005043835407157,0.8444020282873359
3485,1.147058975340135,0.2378608418540336
3486,1.0204837988792488,1.759243243654396
3487,2.373654943215198,1.843410771402274
3488,0.802744561998943,0.99265894372538
3489,2.239598782266177,2.4573441401203575
3490,1.8038328400263965,0.918987206652735
3491,2.438314353476767,2.3777612624885816
3492,1.7776266305822572,0.26917595232360786
3493,2.5595875218474338,0.7245160472549959
3494,1.054494908819866,1.1630949109523545
3495,0.3708667939429564,0.9630483123105239
3496,2.1291173416230142,2.6572140514143485
3497,2.2816688719166827,3.058726678878413
3498,2.2046029421824525,1.4451422146254729
3499,1.7417833875002946,1.4302040655958141
3500,3.271029129315443,2.3424459971747638
3501,1.8000906958935983,0.980576622935207
3502,1.761333235438731,0.9188954512661863
3503,2.500540793311391,2.042129639611361
3504,1.0989424652715858,2.1456309165059095
3505,2.0894313288588284,1.7124752810557973
3506,1.8427752240158948,0.5467516027663714
3507,2.3510784032175325,1.359870897483354
3508,2.042010571874109,2.640211550155015
3509,2.0631981805417827,1.9625410495918356
3510,1.5618112868554739,2.686548817280438
3511,1.7312227184785354,2.140523687788529
3512,2.7865393530015776,2.8227984156608343
3513,1.7646790386862479,1.3644002388332757
3514,2.4848438640063373,1.9831235148856627
3515,1.0328962759864417,0.7777963367106137
3516,2.1500051176367805,2.1819155464476037
3517,1.7480071396997583,0.90069835948102
3518,2.0804416147892204,0.7406503175705383
3519,1.9710729085278318,1.6728752801423732
3520,1.0101273439535672,1.523818180446272
3521,2.9903526221547225,0.9986582435150154
3522,0.15575126429785394,0.39070951595665104
3523,2.329891220998054,1.0203010161283388
3524,3.034797392882999,2.0445898820133857
3525,2.5134058439892737,2.4663887718627837
3526,2.4560203629703543,2.5377551000902687
3527,1.2434731922911209,0.22809166999438768
3528,2.442655221714698,2.3463158609625236
3529,2.483571319061599,2.035846148548123
3530,2.765199146681857,0.8797762068110876
3531,2.591762278462592,1.1091015091174024
3532,1.5433489689988678,0.16057204714739207
3533,1.4312113262755761,0.670690113191493
3534,2.7357116575554077,2.671531741215226
3535,1.306910366371485,2.0323535172077407
3536,2.341002496805687,0.8898565825916788
3537,1.9392397202877112,2.1248451693085553
3538,1.4940392543865528,0.7152502375071537
3539,1.6862481407584797,1.7982118765703783
3540,1.9368628692010021,1.7442977690096175
3541,2.377074281640183,1.850777637659668
3542,2.684915890178031,2.2638921781858374
3543,2.349384414425571,2.364237525810281
3544,2.6431190056202496,2.0237537995716304
3545,2.2294841190502623,2.1255167920088693
3546,1.9770781146085972,1.4182072577253733
3547,1.7625447320728957,2.027277186662842
3548,2.6677408441075023,2.0129983451537794
3549,1.7620975298051116,1.1815532947128937
3550,2.6463174936556655,2.6981112918346954
3551,1.3758377409383153,1.436475160369
3552,1.9437785154331104,2.7433700608359883
3553,2.1719641236779967,0.7167137832920025
3554,2.4414212635916988,0.8335630856550621
3555,1.6630120854246853,0.37867316202642626
3556,2.101697930839268,1.5484453580107647
3557,2.250335236750314,2.3616686531160584
3558,2.5755378823691637,2.0133964122342736
3559,2.038588236188194,1.7436437486953271
3560,1.9247432964956612,2.349227453909333
3561,2.127080531281598,2.3923135823429282
3562,2.5190180898033594,1.5685651644844247
3563,1.337555701623405,2.267817599000914
3564,2.5120266620829197,1.6044210339626108
3565,3.254910186242206,1.3538317844845529
3566,2.3555560904178616,1.0888369569817116
3567,2.307238647903978,0.9256393744544321
3568,2.811278086204514,2.4535837843145085
3569,1.23441303945233,0.8925332527157942
3570,2.704177017836348,2.3139209516116415
3571,1.8379777412409544,0.537960283265161
3572,1.9438289031874183,2.010547357243332
3573,2.1420384485975945,0.8894926085142021
3574,2.0102866527051892,2.251028270517059
3575,2.013587651308434,2.4336012302115995
3576,0.7497683447877371,0.3404576400207921
3577,1.7336710708486056,1.347326824265977
3578,2.1834500370098944,1.0356218829805712
3579,1.738085902995691,0.8607322196914956
3580,2.228345723916356,1.561071015417265
3581,0.28909733233234763,0.46423191334354563
3582,0.3721086218544575,0.1611645232377451
3583,1.9632547579826054,1.105334216201466
3584,2.509245804554773,2.0128768840782154
3585,2.362224554276623,1.4146701825128067
3586,2.3762983701792706,1.648976773066356
3587,2.291746512174744,2.587358278042067
3588,1.4646808216752352,0.5171851041808879
3589,2.204110350192136,0.6537014938482116
3590,2.4203518475439196,1.6957256679994166
3591,2.508537907780146,2.577840934558791
3592,1.9334676019766457,1.3684786920282166
3593,0.7292095992959884,0.19494439098653712
3594,1.6248486427209672,2.2734071238995677
3595,1.6402722161639285,2.1716074541373844
3596,1.7776028332154783,0.8055480629515387
3597,1.903792829505478,1.214179816263865
3598,1.2052957546049037,1.3656023307921226
3599,2.1173397687312296,2.188285387750441
3600,0.6830913055708704,1.0424457318907538
3601,2.265677359882841,1.7345389808773233
3602,2.330373087680531,2.157268296833586
3603,2.408896083209861,2.4850966066047397
3604,1.8482693182714944,0.9655173953175845
3605,3.3291841825137563,1.615232596167135
3606,2.185175286909358,1.58863893794503
3607,3.1593682493352855,1.5078758574533477
3608,3.098653145080164,2.1959075056311397
3609,1.5546107028051828,1.6939757433709308
3610,2.3226215284062235,1.4826679310511868
3611,1.2935768193720107,1.8320669478227467
3612,2.082427966747187,2.545520644125844
3613,3.4160228506555312,2.264031234199801
3614,0.8416496489309041,2.119064780972561
3615,2.266715643516439,2.857751196275389
3616,1.2803773005958845,1.8725486761573336
3617,1.89807796779313,2.094510570561335
3618,2.7346135265118425,2.236713563123418
3619,2.1781163299720743,0.8170372714944591
3620,0.2891331072343464,0.33450624974388865
3621,2.779371069819922,2.2571175363788343
3622,0.5353223490679708,0.04846266353510055
3623,1.991701148128965,0.7239909497282048
3624,1.3289379059790822,0.9188933131744156
3625,2.589518984645045,2.483723148761029
3626,1.394976994384839,1.8438016654759564
3627,1.2171281427240987,0.5524207249935899
3628,0.8259134789313033,0.20465294750219432
3629,1.9097953441755762,1.9520927848205556
3630,1.0957046763932274,1.3842005923389065
3631,1.408842567841273,0.8611803925383312
3632,2.024766112316354,2.769419507099399
3633,1.1752882345461817,0.8561448984555682
3634,1.2591531113173948,0.4263530846330959
3635,0.9829678595800267,0.46202128653781693
3636,1.818007854884971,1.5077570025519382
3637,2.1908058235251118,0.753739854403628
3638,1.2645983472202924,0.7943499870397783
3639,1.1402757163068307,1.1485393492497118
3640,2.056688215964812,2.212220217305908
3641,1.5375244252031754,1.8353739987244928
3642,1.8330948408666021,2.341114710914678
3643,2.7013291393548355,1.793800107958798
3644,1.825264748946305,2.286033039186358
3645,2.1663790331286132,3.2744687572193563
3646,2.7725389818917696,1.5060917500975095
3647,1.2755100153584016,0.4970011110599218
3648,3.2801420381068502,1.8857978480799302
3649,2.1066541758628374,0.9222865451425543
3650,2.9704082301776435,0.3814411632750948
3651,3.4418775254783576,2.4439246015802056
3652,1.6042522710803078,1.0095858584477198
3653,2.1979206049860127,2.607881274107115
3654,2.0726866802535597,0.631211186842304
3655,0.3026877394506983,0.25920730668711855
3656,2.6570129368259376,1.0008349317663559
3657,2.7713792380689037,2.0400493777985123
3658,3.2113416859343507,2.3723882063075115
3659,1.2144723441975955,2.39421523634825
3660,2.974573003191904,2.3621989745640075
3661,2.109797634623908,1.7134851183653907
3662,2.857917710927637,2.535150228916884
3663,1.5653253307290789,1.0564604151138461
3664,2.330547476253659,2.0298951178063525
3665,1.357119731932583,0.16035768935415107
3666,2.359926168848013,1.9380261812452528
3667,0.9194240009017426,2.806429135119483
3668,2.5720160360927706,1.1372316328706118
3669,1.6498802620457325,2.360930012550986
3670,2.159531306583735,2.4313552683178314
3671,2.063465492919599,1.0198450463916024
3672,3.249294830921216,2.536834701079369
3673,1.1114780350482165,2.086009163189371
3674,2.206020214092983,2.543874257300486
3675,3.2165519501332804,0.7946805882703715
3676,3.0833722026367116,0.7217315788889316
3677,1.6188158865651396,2.089229156303129
3678,1.770419204234888,1.1558257684232551
3679,2.677602176470987,2.454183469911051
3680,3.113840765219739,2.380598323468064
3681,2.8894511720384854,0.18147490656167103
3682,1.0997640985798514,2.293747406334425
3683,1.1354556143580594,1.3693733977990499
3684,1.9630316150276945,1.0966514750128802
3685,1.2875565974393204,1.59539596631131
3686,0.541869199806911,0.7162090981435139
3687,1.4360895017224833,1.9015851426605999
3688,1.8656834480404867,1.2746726560986692
3689,1.0189662280226268,1.2357128675744176
3690,2.035654122764632,1.502718512478911
3691,1.6526047989918584,0.8872584513899553
3692,1.6357680804637138,1.678753867082019
3693,2.190832306597564,0.4717554190814763
3694,1.129160320261773,0.23623875275748432
3695,2.4427579067947933,1.2023730638056702
3696,1.9245897659991493,2.1707509256161375
3697,2.013999792653794,1.7331238975773269
3698,1.4598504284796705,0.8180175934520605
3699,0.9036924847684152,2.0445467794922574
3700,1.4832050503371366,1.0408936584711534
3701,0.341820664194253,0.06611114300085232
3702,1.65059405194668,2.053296646920752
3703,1.8521831174713355,2.1942485930268485
3704,0.8446486986987455,1.607990461201654
3705,1.792021792332732,1.7607341599307889
3706,1.5584548895370198,0.7642610507205113
3707,2.1882356014527296,0.6991629855412572
3708,2.2664370546897685,2.251977691987813
3709,1.7215596379455067,0.6497720351760552
3710,1.3290867415195067,2.294526071229166
3711,1.7043380614838355,2.0163167183203483
3712,2.7366375115803434,0.4532731944473204
3713,2.9340587680121195,2.466756060095916
3714,2.685227654041972,2.49457660024563
3715,1.4352397580499634,2.2865350290878257
3716,1.1887337046946045,0.6385946507240897
3717,1.5428021648166392,0.7209457305054617
3718,0.22325332530377567,0.06145949436522148
3719,2.773457173434119,2.3150252420677715
3720,2.0205013112185433,1.6018185103409657
3721,1.7451071565213512,0.8615198389136081
3722,0.8095782903322157,0.8340403948783112
3723,1.6220007035178865,0.5728778394933828
3724,2.4736303266371658,2.845745720057473
3725,1.923954460966637,1.2398962497363242
3726,1.4811049058009347,1.8901063215051948
3727,1.7960590738172446,2.242933956375688
3728,2.5037354410113317,2.4188344677322817
3729,2.26120500253695,2.059504085421091
3730,2.8159217907709793,1.810545509349996
3731,3.160607157567532,1.8123740855193167
3732,1.3091573235075737,1.9899445682851604
3733,3.4428671056380207,1.3768098313924086
3734,2.057667378488676,0.701117063284107
3735,1.567484290654558,1.222005262253612
3736,2.5011671887262747,2.0213450931011896
3737,0.8665730511797933,0.07403949559946998
3738,2.861394211781892,2.9385805369088924
3739,2.712783200485633,2.076376233912519
3740,2.6063273306111774,2.141956824004501
3741,1.43067121103196,0.41635934778311523
3742,0.9695561219785659,0.1388789790656079
3743,1.2140332163483853,0.8982458796946011
3744,1.9642688223483171,1.2963430903642985
3745,2.1935179654568127,2.395047899813531
3746,1.6478074450970792,1.392819636707171
3747,2.638095912253278,1.4202370267792304
3748,2.549217077582282,2.4360397077567826
3749,1.2836846101392814,1.239528684366178
3750,2.3820732162909484,1.3732582201208763
3751,1.4469877223397574,0.4828111480191105
3752,3.2785319537848245,0.5172667848863952
3753,2.3367456670162077,2.319926057748062
3754,2.0344660057918875,2.444119146557681
3755,1.2682079385770855,0.7061477894851984
3756,1.8804564694980008,2.39558436172325
3757,2.0031126477420758,2.2560601364352433
3758,1.994891686464246,1.4150979519733606
3759,2.016632192373287,0.9108636980293355
3760,1.7419237299369832,1.9156071384741742
3761,2.050579298378904,2.7950091387523366
3762,2.540046868925325,2.3997069554483974
3763,2.503321627161838,2.6591663677310104
3764,1.2079585016880046,0.7073906402412022
3765,2.4091166018730736,1.7551029748431535
3766,1.562841199166641,2.469623171489715
3767,1.9276650522263308,0.8586448435851636
3768,1.3339675281748211,0.5856245568826031
3769,2.7622625783089707,2.542313362509757
3770,1.9647697115784701,0.8149030632712893
3771,2.3068456246164972,1.8926428320279765
3772,1.3743834056561748,0.5258792453502882
3773,3.3843710088379027,2.000360820381644
3774,1.8017261592676306,1.45078616176879
3775,1.0866359885440309,0.3644006418942265
3776,1.6714380695074955,0.9273346767655866
3777,2.0786905436164687,2.413630184216985
3778,2.624790367896026,2.5797359031117053
3779,1.7401724821619782,2.7970129778955717
3780,2.547383577558896,0.7823378671334591
3781,2.706793361961998,2.886487539497625
3782,2.7026049301325306,2.4864948215482006
3783,1.61140844450706,1.192413717749818
3784,0.7511808308205385,0.5096030924338569
3785,2.4120732112452354,2.457415196488831
3786,2.4642721168709563,2.4843374232002464
3787,3.208797492859753,0.5180002185189514
3788,1.7698926905972512,1.4572905031727095
3789,2.4586688865776614,1.8239180367689445
3790,0.9887599526555297,0.4346714821857187
3791,1.208931723681522,0.30855408328872314
3792,0.7723885591920242,0.3222665158624163
3793,2.6789492527776897,1.8872909396319282
3794,2.6796180646401995,1.7230581080594096
3795,0.587196879728493,0.16486563048240632
3796,2.3790029409716458,1.1490208505176724
3797,2.3572087706984193,2.1034798867249487
3798,1.7190468059473005,2.44687111285057
3799,0.6292295915318329,0.49669570979468214
3800,2.5576429351110033,2.6384282169644746
3801,2.3436322341737172,2.281959317697327
3802,1.7742208955608432,0.8312438498374902
3803,2.093404445210343,2.67067241457594
3804,1.576853061248796,2.4065415347471824
3805,2.3289845039371535,1.5485814754152352
3806,1.6436610735898192,2.270722861831333
3807,1.8136001726093745,1.5336721487910059
3808,0.9596011557727346,0.713482334196845
3809,3.512723393125907,1.776397483567498
3810,0.5958151827909034,0.7854039834310905
3811,2.51770940017444,1.4584206747380664
3812,1.321356113294726,0.18693975732825607
3813,1.7930528245437867,1.4350475226934902
3814,2.2180744967801553,2.2883373030104934
3815,1.6653158899625577,1.2274927523257073
3816,2.3233630292250727,2.474389987620313
3817,1.2591987054326,0.5875678359396856
3818,2.799835045711084,1.582540406597541
3819,0.5217353132534697,1.147686519808304
3820,2.393117492110231,2.5408386459276144
3821,2.501173229121099,2.487363030079354
3822,1.7424286314017627,1.0258368285865327
3823,2.792010927107887,2.0066778257322535
3824,0.9391054053269368,1.9070864958145857
3825,2.7435405175341416,2.6264695727692824
3826,2.540009542244212,1.530135389324779
3827,2.404570886291007,2.5670935149568854
3828,2.1226170738419214,2.4023234217125427
3829,2.856343301491066,2.756588266014634
3830,2.6539143063690034,1.5780024963082682
3831,2.492837860716368,2.3276101093170025
3832,0.8290450685191464,0.3615592877778195
3833,1.5553929689934054,0.27069063637483304
3834,2.3088872863154526,2.1264280688510917
3835,1.7699338166971055,1.7267373897259504
3836,1.6983329169026014,1.2622562994714
3837,2.4998076355135814,1.9916558681433123
3838,1.6778950743544452,0.45708826734713276
3839,1.190935025276436,2.5726188062735913
3840,1.0051381901210017,0.5619110982113971
3841,1.8856917396682595,1.9123106173539517
3842,1.6138106432128156,1.9801047051212486
3843,1.8829556068882982,1.6514195248619123
3844,1.3466797201444127,1.7345963319960231
3845,2.6505362585596215,2.397534462561992
3846,0.6716735055769549,0.5483135883259722
3847,2.576520092740037,1.7129572608175043
3848,2.9792661313510167,2.732917396873882
3849,1.5390933769722606,0.7851705486983335
3850,2.1807865576202623,2.570320487635449
3851,1.9268588725151947,0.5504536997780438
3852,1.5298962299029224,0.2681061374995928
3853,2.936494862061209,2.7110319772470812
3854,1.320989833222985,1.2308767127115856
3855,2.4946833817974428,2.5591046475684895
3856,3.005196319176354,0.4405702239654439
3857,1.6382466966942202,2.298013502587546
3858,0.93184354860411,0.2599641609965997
3859,2.239095070134552,2.6423079916491816
3860,2.509322177694122,2.3940105432841157
3861,1.4698571185524594,2.0976290040353787
3862,2.386687991858347,2.349648685355219
3863,2.0772002078440273,0.802710283423569
3864,2.444148973857042,1.703000429951483
3865,3.267265270718136,1.0158773362005382
3866,1.8705937682197358,2.603874641879316
3867,2.199754565240794,2.6810411987321134
3868,2.59261318689757,2.5729071580907443
3869,2.4954495935813,2.8126064516472686
3870,2.453091175690372,2.2651376543584054
3871,2.1068213260732165,0.9092634896677093
3872,1.2737279371904218,0.6337544186850227
3873,2.131774019377621,0.927584948635969
3874,1.6047664886041801,0.4181228496185384
3875,3.06131160921772,2.513714927077159
3876,1.3739837288886645,1.2003852215399362
3877,1.5613005438197594,2.0100880881628673
3878,1.6135425435664261,2.221172136866773
3879,2.3334811825542827,2.1056785634430004
3880,0.7859006537951224,0.5427885803066287
3881,1.9214722802307855,2.3690941346593104
3882,2.4611591272014643,2.2558698375469994
3883,1.1142734740201308,0.6735836687417837
3884,1.8341424584172055,1.3592818319596114
3885,2.2165637170954673,1.5710807818717132
3886,2.5806508815759455,2.560731546637418
3887,1.2746404965342046,1.048514103635943
3888,2.0097320688294587,2.3220244983970684
3889,2.771627282165188,1.8915864530443802
3890,2.0964392366469853,1.6081881216520846
3891,0.9439430093097277,1.7837191055207255
3892,2.5853602356596515,1.7977225555987792
3893,1.526039812169961,2.0122620310573986
3894,1.702815497536732,1.0081882614420248
3895,1.6745476715831984,1.5922440149604933
3896,2.2004825320874195,2.100369091072713
3897,1.5496878275080783,2.0450435837122485
3898,1.1246231049092683,0.1139209329281459
3899,1.3487406444167016,1.1129988815158467
3900,1.441624434664713,0.3128672648002837
3901,1.7727297429831255,1.1465482845737434
3902,1.3911937993964725,0.9991359373399649
3903,2.331244215912468,1.8941405940784006
3904,2.945326776998606,2.415030103828039
3905,2.291767559638844,0.5140266860947322
3906,2.2076150272087256,2.2407674127819606
3907,1.9101941264355053,2.83555161702255
3908,2.428808447672587,2.5306320426928353
3909,0.9007059843639061,0.756245616816902
3910,0.841323782576168,1.0925596255148866
3911,1.9239182586871488,0.37247847322901606
3912,2.445507314287313,2.5642601846351805
3913,1.3300073389026754,1.276908860093631
3914,2.2118653771192225,1.7558632017468332
3915,2.6306907131634225,2.0980526680841756
3916,1.7740827334399132,1.3894089696068757
3917,2.9432717660516503,1.9264358832542683
3918,2.2623266652434135,1.130220505707551
3919,2.0980165485840128,1.598945903217135
3920,2.4349531824412978,2.2996266534262677
3921,2.2038969421224355,2.5048802885526977
3922,2.366241976489602,2.0511693499771995
3923,2.1015312250860263,0.637252330784804
3924,0.3852856236296358,0.22909825019445584
3925,2.5600034434520054,2.5723695002784246
3926,1.3621215749475313,0.1625010203779551
3927,2.240191984019871,1.3792803384273473
3928,2.3332213359730645,1.1602780611018322
3929,2.3321920167701125,2.297631592835397
3930,2.5672860834820908,2.7779427093238764
3931,1.7819056232022719,1.0950583816558477
3932,1.816522004329761,1.5155653138331562
3933,2.500680424845877,2.8877219880860148
3934,2.281841620308395,1.7225078212143279
3935,1.3442276010843053,1.0463376944898533
3936,1.4178452641869952,1.1408622063336495
3937,1.8176769387165126,0.9312964136296707
3938,1.7297569177634604,1.8624617859283803
3939,3.1772091903922246,1.3463949542632139
3940,1.2297043234297724,1.9662181866321513
3941,1.1890898117933675,1.5597052274812166
3942,1.9352712452123924,2.6315978234187285
3943,1.8784051373166901,1.988418732681495
3944,2.94408516674173,0.6960206784792955
3945,1.7480324579969149,0.624164438920332
3946,1.403880661066113,0.540290846860818
3947,1.3900792521216057,1.2031999723884395
3948,2.363111403840368,1.3936382787157502
3949,1.8438159158845633,0.644172294987559
3950,1.5727901539790778,2.6249423064077746
3951,2.89128087491861,2.8976955997001275
3952,2.4575573403809097,1.6930171934930527
3953,2.8351595796076583,2.1760424095837716
3954,2.201586398976908,1.6474601791084644
3955,1.8843194474823157,0.3906770499766069
3956,2.08893816210411,1.6125086893974767
3957,2.4516396304217145,1.925175038953381
3958,3.0405547646186974,1.1912168779625023
3959,2.159705874241654,1.0014900121664159
3960,2.4227914250795486,1.513651728861947
3961,1.9846872129048816,2.00770646531167
3962,2.5023937983782796,2.0789332336588484
3963,2.0512271229564334,2.2650189875562865
3964,1.5775714634613538,0.7572708316122028
3965,2.1191196691254786,1.0969748761715574
3966,1.1172697774494655,0.1418293445217933
3967,1.3738012453351713,2.02845081083713
3968,1.7555451674838543,2.1370484540786148
3969,1.6726708436270552,2.01984132829781
3970,2.936018039025332,2.1815122030674985
3971,2.480457368233432,1.838756942699067
3972,2.743864487731375,2.728443632770138
3973,2.4349913993450616,2.6018916063023836
3974,2.426952799646623,2.0964665098546957
3975,2.554229931366821,2.0188991387639375
3976,2.6511390929848933,1.8959674230823855
3977,2.469406999484554,2.754351086880291
3978,0.9820370351234256,0.4563966465813184
3979,2.9367069542839572,1.6626630819529031
3980,2.232087565917151,1.7524344919193093
3981,1.5182585189000861,0.2438144098776922
3982,2.0210980136270127,2.3771851168321567
3983,2.421815300053417,2.228620171931141
3984,2.6562853242013906,2.365158431193678
3985,1.2444748566420056,1.368707124515038
3986,1.8044911009546256,1.692300794806288
3987,1.6811472787707449,2.323364642388425
3988,1.830023743391786,2.6506816427966657
3989,1.1647422928915632,1.9291369044670026
3990,1.4954863433015668,0.4819146793721535
3991,1.4834858752898699,0.49931232284489924
3992,1.80696875501948,1.8715855054272794
3993,1.0779596805329648,0.13400506577616625
3994,2.7989070349433165,0.5284910275259168
3995,2.4306097562983213,0.5229027856417019
3996,2.2335752120308245,2.1983245056949134
3997,2.7317508926066387,2.546253719117916
3998,0.5114220065000918,0.10061639694618876
3999,1.1895029528848686,0.6863109586935869
4000,2.34472822992748,2.1745705329561846
4001,1.774623247796165,2.4752633529832972
4002,1.0853959095790444,2.1695283923969786
4003,1.16265626718776,2.302108516917595
4004,2.4803763504853205,2.3048410842555045
4005,2.481158121184108,2.308965904558761
4006,0.926242505681433,0.3839161807800554
4007,1.7156551737894898,2.0171089220252076
4008,3.333957104558507,0.9679656495232993
4009,2.773535640577126,2.728418763699216
4010,1.5314636096776906,1.1643112328085756
4011,2.2831643596321998,2.4149112454440655
4012,1.2630005449513366,1.0610770735151878
4013,2.51625619061385,2.67097561768003
4014,2.6063123967338977,2.674687760459934
4015,1.1010140815918201,2.4445093003107687
4016,2.5389594255712864,2.6261750783401174
4017,2.195764468412163,2.273876925625744
4018,2.0849925260426527,1.9764276571865678
4019,2.0339799573391097,1.8014098102121656
4020,2.332295183673723,2.5288718430971997
4021,2.5998211905157333,1.7568454729135117
4022,2.9022551330398048,2.610952180694735
4023,1.1067881908003907,0.14620456787228586
4024,2.3898237723632176,1.7024196362809096
4025,2.5499160368206564,2.398304330814644
4026,1.557376803394774,0.9611515442579703
4027,2.45749819436254,0.34227395097162017
4028,2.0414513656548112,2.4433851962805435
4029,2.324005788104222,2.2929468717276587
4030,0.33877711601664934,0.23955530965655467
4031,1.3887034534091112,0.7290106053001999
4032,1.8675345249165274,0.2881732134534542
4033,2.5920990161770905,2.6388716490634057
4034,1.0773812115443295,0.7114497790037605
4035,0.8491011548071369,0.168619900637837
4036,2.5438222290260284,2.4893400611490275
4037,1.678841222311523,0.737930397552291
4038,2.247043547858689,1.6963951429503754
4039,1.588008654346082,0.984961883537614
4040,2.54878268476404,2.440333194815933
4041,2.5436962562534156,1.9651516097834387
4042,2.0141751279775657,0.8734036377658329
4043,2.0690057040829744,2.6681267078909774
4044,2.479828017712343,1.380182550338909
4045,2.64029800064948,2.922627635766865
4046,2.6439067389487922,2.383160515153137
4047,2.1149078459761554,1.457085609345805
4048,2.2625315047270305,1.6762154113261818
4049,2.041647890069348,0.8796693246450455
4050,1.7664834326069108,1.774298935732225
4051,1.4017306347943954,1.6189968009737943
4052,2.610107418023738,1.8569816457463095
4053,2.5702187781188237,2.5801867833555683
4054,1.649036459907392,1.5460430084717756
4055,1.7630825476973515,0.9194454031148925
4056,1.6682279744471629,1.3947660146755856
4057,3.2071163276083565,2.673276718092289
4058,1.6367204025803352,1.2529544292948047
4059,2.1164156282619095,2.29700758739575
4060,2.262236806234842,1.5517356747202833
4061,1.848376013341296,0.36546382631861535
4062,0.956463288972622,0.2368915638346552
4063,2.6405311570856136,2.4393900303844784
4064,2.8003168600153945,2.6616793745809946
4065,2.4007818739048568,1.8898391521856022
4066,2.131165234379483,2.105399200220105
4067,2.311184887953866,1.2897440470547759
4068,1.7380436629719553,1.415172074451316
4069,2.215971930669444,2.1269981280698382
4070,1.692167048959987,0.25387557731748395
4071,2.084087760405747,1.4027236019193887
4072,2.3369164579337904,1.750857171663478
4073,2.7373393581248338,2.3170500333712694
4074,2.1359689479403374,1.3625168546689796
4075,2.8903331324639536,0.11700408998941178
4076,1.2861785719116605,0.9911910856250399
4077,1.479526092426675,1.6691609843056134
4078,2.271359900137848,2.1470305366694036
4079,1.8834703205583536,0.43350585196439967
4080,0.9503116675012803,0.5504972313342472
4081,1.5552759862869643,0.8443501328966211
4082,1.3213369485120123,1.8101805979235341
4083,2.0888820676714737,1.954493982972891
4084,2.261372845306241,2.6764715388130047
4085,2.137135739441193,0.8120796590070759
4086,2.787176711405036,3.305043720608198
4087,1.5301645451667578,1.9367174834936263
4088,2.446307517493861,2.0424767303364026
4089,2.125054379343211,1.0237636640165997
4090,3.0201450358083264,2.7939194839620143
4091,2.4884444650808915,1.981299697882368
4092,2.4578176905592706,2.633404475932475
4093,0.9489628555246004,1.141644441725771
4094,1.5902471814476342,2.4328389776553183
4095,1.4873049383748207,0.6358997495020935
4096,2.6444801259126676,2.007279076867986
4097,2.4554936517032258,1.2176858182161807
4098,1.1699294908089115,1.4829878814244366
4099,1.723476471539926,0.27134653215507054
4100,1.9778477749290022,0.5469183293721968
4101,1.9719064583241874,2.4454470037859757
4102,2.3617757780050455,1.4510142026341837
4103,1.7541104265731313,0.4029273106578391
4104,2.5931742938294207,2.5676409275062944
4105,3.203707155321607,0.6152401781756949
4106,1.3142898926095894,1.04957751855734
4107,2.1956681666562203,1.2209621285306376
4108,0.8172762637451993,0.44362304846778394
4109,0.4378308145593697,0.585905057079567
4110,1.9724944808908944,1.5860748527517496
4111,2.3781693768700025,2.585114045565145
4112,2.7750184378743983,2.453774748987942
4113,1.9853234319837951,1.048980995178722
4114,3.343999318213087,2.7754918286774624
4115,2.0920933749631008,2.3510134576780493
4116,1.7085131852389521,0.3789494290269693
4117,2.642096176622926,1.7957518059928246
4118,1.2328953529853133,0.33024685828494177
4119,1.9685770500151836,2.5046511100439854
4120,2.2749914348414246,1.5400216294551226
4121,1.614278597000407,0.37349298328432645
4122,0.8645947241886432,2.0296294916544704
4123,2.396078607127548,2.527005248817873
4124,2.214558161610455,2.155940597351823
4125,2.1425480838547637,3.26871347743
4126,2.4495320384266015,2.3018036677048896
4127,1.3582874085510852,0.9950083090029976
4128,2.042026762171664,2.3408205075739796
4129,1.3309883053517255,0.2912688584236246
4130,2.642115526696937,2.7097426451486815
4131,2.5353652617035944,1.5286938778573953
4132,1.6477827412976402,1.3757539042652824
4133,3.0179364583378514,2.6730093802586494
4134,1.345468997929361,2.4364142281194288
4135,1.2459435072981582,1.156483928948002
4136,0.5264160555755619,0.10493168229773653
4137,2.747530758761988,2.4373217766751796
4138,1.1195091156448973,0.8107843941607416
4139,2.396535776941777,0.7291086766625092
4140,1.601069904395309,1.3359779529512992
4141,1.0872075976748963,1.16830266717254
4142,1.2762325671248635,0.2870158800239618
4143,1.173640049359624,0.49780173478849243
4144,0.9717626221645488,0.11218137213114808
4145,1.5228396459182303,1.9611464372750684
4146,2.6495758498837865,2.5785926085159523
4147,2.411080205278026,2.273055203179158
4148,2.3019956587250725,2.0753048336232793
4149,0.4082973342039827,0.07938031680195438
4150,2.5061111401836422,2.5279229480465557
4151,2.410048668226751,1.9075313214156753
4152,0.998507593928444,1.0363520061754135
4153,1.467377517821644,0.47082606191649146
4154,1.9155061343258313,1.2350287805372377
4155,1.0405795449455344,0.755235500538347
4156,2.0732947237357124,1.1349689375134993
4157,1.4886994701035863,0.6044005040741293
4158,2.0375781508685202,2.571481902067718
4159,2.112602270406875,1.4309569213503675
4160,2.0687069673181524,1.6216914488666723
4161,2.536967901902392,2.5050719047569423
4162,2.4509049755550016,2.4140864802134505
4163,2.0536561639934896,2.4705978743100525
4164,0.16024308198169457,0.009675224693427565
4165,0.6145140985541087,0.31318150166738734
4166,0.6557590866831458,0.4609082423102578
4167,1.263845077036449,1.3252585121365414
4168,3.0199123885579615,0.8680372040794911
4169,1.8029441540134872,1.9896370975067899
4170,2.3475123265239914,2.537987400392503
4171,1.4295736557465013,2.5090963284270336
4172,2.284256826330062,2.4520454281970956
4173,2.579505866618018,2.135618769625141
4174,2.4841324392040263,1.104338752004953
4175,3.207299012388493,0.7858623354238233
4176,2.16824615056764,1.627276675212001
4177,1.9827589790597446,2.662081615247126
4178,1.664846731531464,1.158647707463447
4179,2.6929675362928545,2.2107580745344744
4180,2.5620262223274377,1.094286934017357
4181,1.832226205340028,1.263999129244424
4182,2.3720129028385553,1.2755926703282157
4183,2.3117420488497147,1.9378076705228893
4184,1.534288560752265,0.744290265630555
4185,2.322014359662779,2.06317821791064
4186,0.4824740811028084,0.08462877632062
4187,3.138409132915844,1.4308195669407253
4188,1.7644587486893177,0.9820391001577833
4189,1.646668595458297,0.961620661490864
4190,1.5741024427482115,0.5068062574497646
4191,2.5357413513249942,2.7858443957287737
4192,1.4120151503645277,0.3276729101607256
4193,2.796610529504575,2.7229514059435567
4194,2.1672998240408274,1.8383501450517732
4195,1.9296522775719644,0.3799442921415944
4196,2.1673963133480507,1.5259128658736951
4197,2.2613666881430743,1.191500335593525
4198,1.0875753492099756,2.1017343290263275
4199,2.1713753851327806,1.6445008516707125
4200,3.438169321882691,1.8092325562105382
4201,1.283071067786,0.4984137234781552
4202,3.175106117066302,0.29275061594323404
4203,1.8177170352397678,0.646124864509433
4204,1.7888952859541822,2.0546206027675726
4205,1.4203096323697817,2.736047230051353
4206,1.0708466839250446,0.9511175547912364
4207,1.7032555601209602,1.9212358946687935
4208,1.9206397263935162,0.4879009135769587
4209,1.427611160863066,0.5955095772717208
4210,2.2892906808665354,1.371742642517282
4211,1.8726917740270967,1.055008360373673
4212,0.893000911821553,0.32523509455305577
4213,2.674632776040904,2.091981229656554
4214,0.3198685233005107,0.2551737747536461
4215,2.5007127141862715,2.7529097102904627
4216,2.1780404535892823,1.2540735936908183
4217,1.089968530573486,0.8918098783283256
4218,2.276138453746985,1.5318644844106046
4219,1.1308108987317462,1.4410408795718381
4220,0.7539151601117207,1.4625810214252408
4221,1.6164460459394137,2.262107767708928
4222,2.691584706844705,1.8876580368630413
4223,2.753121432855959,1.758190542755807
4224,2.9981693545757437,2.8847233741397904
4225,2.570245487453893,2.4315726682247103
4226,1.6225577567463911,1.9015537221865453
4227,2.3438130597392535,1.9880730172147043
4228,3.2715489860940994,1.0220034056224925
4229,0.8695787041349544,0.324221761503631
4230,1.6552218872116597,0.46632950601253514
4231,1.4110211204883767,0.3604619876143722
4232,1.9117041549901517,1.0147129356488198
4233,2.380423488482796,1.2476728755555277
4234,2.441974083842819,1.7639231939457432
4235,0.8855966831476076,1.4726279318614515
4236,0.6302637944481657,0.26009263346670786
4237,1.9877939133083042,1.4785990638569584
4238,1.9472628296418952,1.6502664187671177
4239,2.5064748144173103,2.4123380635780487
4240,1.808356697189991,0.977096813596881
4241,2.2038333060878674,2.194840836831855
4242,2.7272684840975217,2.4158399458514404
4243,2.066174961485547,2.3194203723196756
4244,1.8229407415060992,0.8960018956666592
4245,1.4635115188931669,1.7420996196427307
4246,1.24594635013566,0.36009705877239234
4247,1.0605152780046017,0.567366157619313
4248,2.3628050234235705,2.456631728739834
4249,2.39871177605327,2.172777450792542
4250,1.2630743912161841,1.590287637286823
4251,2.253304478973557,2.3482443405601523
4252,0.2493993082262698,1.185708578162044
4253,2.399599421017385,1.2714810108886947
4254,2.8580348241118747,2.435580030401503
4255,1.6110312267497295,2.0971878394783743
4256,1.8476737809781907,1.1134542136304773
4257,1.4785819794447088,2.6647319653546298
4258,2.515274792794212,2.320278301912856
4259,1.884676723598856,0.9726563111862175
4260,1.6177967744634751,2.0189128045564515
4261,1.4731475263040184,0.4294622961196693
4262,0.8032426900932211,0.04724439149238706
4263,2.457626649444899,1.6068817926001147
4264,1.8251615542112865,1.061502741473624
4265,2.3785648825925,1.8723046886613182
4266,1.5501840726897969,1.3581173312232757
4267,1.9498878265103665,1.3608313493746367
4268,1.900535485968388,2.4661730554729315
4269,0.8769026332625167,0.7094816504196377
4270,0.7473148306005064,2.1418836837339197
4271,1.0920797727669964,1.065354089883997
4272,2.594527283086957,2.2797924977446202
4273,2.1726489806318776,2.5344623304051392
4274,0.9702713783342918,0.3834818151580268
4275,1.4646205922598643,2.3658883231703074
4276,2.5620605720743743,2.1066380772789217
4277,2.434055093959204,2.336382650930857
4278,1.2402745508063946,0.44865284069877825
4279,2.3338855293719822,2.245475228785618
4280,2.177137971026422,0.8799897859236
4281,0.14469663934003688,0.1537061919195181
4282,3.1192483437889345,2.624009346501919
4283,2.1058132285887674,0.5237277858693761
4284,0.6994884318188712,0.6918364734512967
4285,2.8100432312669676,2.6663928645731683
4286,2.5142915460745456,2.6594734227398398
4287,1.3774549192256318,0.40553533502845834
4288,0.8859636750224695,0.10428160061529895
4289,2.016052908489654,1.0140895322171786
4290,0.5580942991055522,0.3586873564968222
4291,3.0380472459332517,1.0785979118867743
4292,1.365580007083772,0.22293382671951406
4293,2.155748304620036,1.5545823216939196
4294,2.3528667888153616,1.4470382828542698
4295,0.4732366856329939,0.24038599658250256
4296,1.9060215579685535,1.1740405592486691
4297,1.135521278990661,0.30830150912210263
4298,1.870928101581647,0.6659225926101741
4299,1.2994353033154695,2.0385437342866624
4300,2.3112521667489183,1.325943834371803
4301,1.3729596826860246,0.2651777572401076
4302,1.966429505727385,1.6983224994094215
4303,2.018153393737709,2.083582475129001
4304,2.2773308327656765,1.6122037923060442
4305,1.5078524605171375,0.540846939612684
4306,1.6900603341574032,0.27409739334518163
4307,1.9104390444942572,0.19754359549410458
4308,3.4461415739238777,2.3839637092292576
4309,2.1057097432818876,2.5006308811290716
4310,2.2996837275812316,1.6418675808084229
4311,2.3954591873482225,2.6588301926777933
4312,1.7888257377557746,2.30859795874656
4313,2.616044967853043,2.8640417864367596
4314,1.6186319632196706,0.7743261358390168
4315,1.3842148988392875,1.308905662560943
4316,2.0511748972743638,1.9170438033908739
4317,2.028647039137097,1.5838743028061675
4318,1.6900975221415764,0.6289602543837494
4319,2.0954109094116764,2.0957822998969418
4320,2.0045486339848164,1.9302163076015577
4321,2.5959722343940985,2.501552652115105
4322,2.781613863331755,1.9377301140060395
4323,2.2511047475985815,2.6249968271168425
4324,1.774547848372125,1.2797741484365794
4325,2.5380715091928896,2.4310068516691414
4326,2.8125996096797468,2.8809543925796706
4327,2.7328969575834914,2.440376361596007
4328,2.3578072280253313,2.867887444854069
4329,2.617029960123651,2.3443231282678667
4330,2.426519060710066,2.1173686492262953
4331,1.2047299234399522,1.6791457952792688
4332,2.5958115740486285,2.852430429247792
4333,2.9283800806538087,2.3435396707712783
4334,1.81484826218669,1.2514253215435385
4335,1.5878121452335283,0.3354823714355301
4336,2.0798294646201714,2.731747253953567
4337,3.1426011639746148,1.7568646001366457
4338,2.7923919163797226,2.1562132631131172
4339,2.7123360116074786,2.898203685220206
4340,2.994862140020743,0.31674098580988974
4341,2.5315751374689035,2.3233357433877844
4342,2.2514883270865136,0.8899472894546995
4343,2.721945706957715,2.4162875330699545
4344,1.625444847620303,2.785712370768152
4345,0.8912166872316859,0.24075562496609582
4346,1.9403055613061697,0.9217241540334541
4347,2.4475120810493345,1.8480894318266554
4348,1.4872867925978828,0.4724813307039716
4349,1.8772655669428686,1.040521369298474
4350,1.817910674009013,1.934011221324189
4351,1.216597828518612,2.0492658112933504
4352,1.9844396897800196,1.0584805703892883
4353,2.5434349073561617,1.4217181960194183
4354,2.5496478494176795,2.662195888868435
4355,1.6285262540341439,0.7597446144996814
4356,2.0176667683457143,1.9454227102171877
4357,1.8282402956208492,1.5062350507846918
4358,2.4837364645423774,1.970392431144642
4359,3.38495106852533,0.5333022944783754
4360,1.8181245733438598,0.4521029285359282
4361,2.32702566306012,2.3245697581688183
4362,0.7134495589451639,0.5906567130853023
4363,1.6241713032461242,1.7950141471476453
4364,1.9034336263405756,2.1884795826063184
4365,2.1789853146473113,1.8741760591376824
4366,1.861381440481175,1.3951954895559757
4367,2.260980074424507,1.3852883103959284
4368,0.6954748387058908,1.7599947890737757
4369,1.0876203951296188,0.8581290919515887
4370,1.5052263237840504,0.4300636764919894
4371,1.95730736951215,2.6785491726999555
4372,2.315631713892365,1.9837585590849187
4373,1.182752864982702,1.470298204638292
4374,1.1000830171369185,0.43792608223165924
4375,1.2845975285928601,2.357917162825668
4376,3.224697871983181,0.5690158151374837
4377,2.400532579081827,1.4490248177097236
4378,1.6612179707192338,0.171247318337759
4379,1.713246920122876,2.247414836608545
4380,1.5057513262578466,0.3290465308806119
4381,2.586411855367066,1.9455522621667083
4382,1.7636303739257688,1.7506023380378128
4383,1.6647051014669645,1.0997003903232307
4384,1.9063842007737255,0.35319546831386484
4385,1.8701991879762812,1.7112666884869299
4386,2.227831319878309,2.1626849526113308
4387,2.0129495537681827,0.5152876105428023
4388,0.8148908520492888,0.031080426870886795
4389,3.0202566925464454,1.744668893917191
4390,2.2356493643952153,1.880858072004629
4391,2.6542933960374864,2.51037119422673
4392,3.024804820844116,2.7598964390655247
4393,1.8168489734802575,1.9697022196403589
4394,2.0419169706283506,2.191350571355344
4395,1.2370603378054672,1.2688619608656424
4396,1.6116883100429547,0.8712486900151979
4397,1.4447266112201913,0.9438414642018513
4398,2.3726043867446682,2.070122025254156
4399,1.6532066101595744,2.7308575010796297
4400,2.4441525218929403,2.2176655972846615
4401,2.089954128048485,0.22142430698901686
4402,2.136161908359444,0.2966100925431152
4403,2.0404013067158875,1.742505789677036
4404,2.0487058798148072,1.022876569904021
4405,1.4399523127797058,1.8783919562995535
4406,2.0970235279475427,1.6630119210546555
4407,1.4269372601907961,2.1081961949883206
4408,2.4505600722810192,2.9116629966453513
4409,2.238849785040675,1.948028985916562
4410,2.6482898958746848,1.9998981795424533
4411,1.7677269975148542,1.4511204897742251
4412,2.423348465043769,2.862335779901468
4413,0.848731025448259,1.639166352837555
4414,3.387913636160463,1.032472144098038
4415,1.8909694084968744,1.074908156904359
4416,2.520519479828768,1.7504891785267838
4417,2.701668693987936,1.7716597933051865
4418,1.4873841454418362,0.29882749172061845
4419,1.214210863397732,1.0853050203193333
4420,2.585466741119748,1.3420147398390367
4421,1.706558914973107,1.9669177106517157
4422,0.9436299076714141,0.8018771791931902
4423,2.576210470236616,2.239853462885822
4424,0.8750033890509326,1.6056654295267871
4425,1.9108690610693737,1.3430366265634324
4426,2.8596455528402247,2.502609109105121
4427,1.2849296726258634,0.8916659862695203
4428,1.9897491744360105,2.0043117677986007
4429,2.5633170115731523,1.7471371720782984
4430,2.812869381923042,3.193952096118387
4431,2.7116893043460353,1.512423720769492
4432,1.5552567989462365,2.320604890858717
4433,2.0170186940442196,1.7353859171593558
4434,2.5568977198609044,2.0139373052295984
4435,1.0548519962365246,0.7517425629225872
4436,2.2170719859696555,1.1831266149918007
4437,1.5537744380502965,1.5175236854807048
4438,2.158482911090647,1.831075290829074
4439,1.06350745379826,1.6087017236629186
4440,2.304846477149435,2.5939277261618496
4441,1.912223191580824,2.3252377032054103
4442,1.4444111936837731,0.5904664002701215
4443,1.1467499553163951,0.4557415795642023
4444,2.3001997160682155,1.6804864585370944
4445,1.674908944654276,2.0327893447531062
4446,2.3032430924278486,2.2981127329875526
4447,2.590327887098158,1.8598548491345672
4448,2.4914928521791637,1.498365058572481
4449,2.1025301275337758,0.7233693517996443
4450,0.6670671290657529,0.06277390303077413
4451,2.533711337750669,2.5852727612304554
4452,2.603897908621475,1.6646681748865833
4453,2.33444719262073,2.23791698779836
4454,2.408795929114033,1.8479207369113324
4455,1.390841194070983,1.3544524988573716
4456,2.1423790442880697,2.3258380102572684
4457,2.5788898039924293,3.432474338295365
4458,3.140537669855739,2.644473410524856
4459,1.0906048039408782,0.24033935960713884
4460,2.3059649375478806,2.279805915214892
4461,1.2071377558535612,1.6683736195264005
4462,1.4554877838232498,0.6846304248869276
4463,1.1265825605567374,1.2412205959689269
4464,2.1032229406034606,2.1441981991338874
4465,2.2891482274780715,2.023376006829038
4466,2.0725024804851007,2.120458049229918
4467,0.6279004720038102,0.7791080716917448
4468,3.1006086970682407,0.697570414407147
4469,1.49220022114502,1.2359772220734249
4470,2.2177471820928116,1.3161925046909388
4471,2.2652033349910727,0.45917534017503703
4472,1.5835259062857778,2.2242654325807343
4473,2.0908503519279233,2.266884094573564
4474,1.6494513167689309,2.3481002012149492
4475,1.9879207403901968,1.0410584531713551
4476,0.5999351744111671,1.9489218013634146
4477,2.371875145069181,0.5016427352813758
4478,1.4967980747451806,2.429615441200876
4479,2.139691338662034,0.9898420882004063
4480,2.5143417327586923,1.355248874930084
4481,1.7439690637003071,0.8884615595960417
4482,2.66958303933426,2.1221091319260434
4483,1.9242480578713348,2.519218761411444
4484,2.2586398169010278,1.2867672917472104
4485,0.25989191040470716,0.10850962594613284
4486,1.9524884841189454,2.3654184362199806
4487,0.4671543615261418,0.7636581292628714
4488,1.3457780337629919,1.0714310153700284
4489,1.1624191571407372,1.1607398688625195
4490,1.1734798642006674,1.574806094781358
4491,1.7985971873817719,1.5316081897369347
4492,1.746293265361385,0.48235152893120525
4493,2.015190959166332,2.920540378499338
4494,2.599654672325744,2.099969822911543
4495,2.657295147088119,2.4248556740907654
4496,1.9463647932056483,1.637888846072205
4497,2.1817156025902085,1.4031243573551695
4498,2.4704177813946484,2.7080730163544704
4499,2.119212803980995,2.3831953938583244
4500,2.4088441126041054,1.4612206806830128
4501,1.9639789002296872,0.6229401443214342
4502,2.5015663220316604,1.8747224412911967
4503,1.4725278462551312,0.32622775765815515
4504,0.8279094993280417,0.4582139836579185
4505,2.128655638103543,1.2061269731667588
4506,1.7179846408697774,2.640733108157996
4507,1.9960801714015202,2.5350210070911703
4508,2.4520940985316986,2.324074746686465
4509,1.5849143547203466,0.8983673006053556
4510,2.2677963087447734,2.089069612614041
4511,1.9827511072341155,2.0193728552159373
4512,2.3106993942944483,2.4018358959196355
4513,0.6525611514954388,0.23908192701524525
4514,1.7251055157781512,0.5906355202356129
4515,2.9033857535747556,3.606817508937562
4516,1.5774963701609852,2.456400447652137
4517,2.2594056529573483,1.3174688492797528
4518,3.0205496643446175,2.434759505840986
4519,1.2451404782915598,0.7902759778454366
4520,1.9590014787576324,0.9203413125832569
4521,1.7843429444426775,1.6251634827393497
4522,2.337639679282321,2.4827307861128083
4523,1.3730149055575214,2.095266639985542
4524,1.2423718182844723,0.5857256911914374
4525,1.9619856009665,1.150686303917157
4526,2.135254373984302,1.9192621614333063
4527,1.4244137264719534,0.6390457430320119
4528,1.799626685456555,0.22586513938915506
4529,1.3415134332565999,2.28855369806566
4530,2.5228685150257744,1.8396820388205342
4531,1.983539634665471,2.435890366536047
4532,0.6126842916731461,1.1894890564465772
4533,3.333474906141431,2.14714672825863
4534,2.7742606983575935,2.2901303624434606
4535,3.0352209880587577,2.6278852573761085
4536,0.6010384454814988,1.1651875106966847
4537,1.0225399709563965,0.8254078625036669
4538,0.5794732734418333,0.038482928270178116
4539,0.7636466187577456,0.10220107096660226
4540,2.192515932346143,2.562742867047514
4541,2.3621918479371264,1.8254578180595673
4542,2.301421957302114,1.9129110404127807
4543,2.194106069345614,2.38552261965935
4544,3.1550417169280345,2.6218512410373465
4545,3.2655703275303263,2.7981872693654326
4546,2.240426970182736,2.531746011290209
4547,1.980668081578895,2.218550993980098
4548,2.0818715634295453,0.7584565951416803
4549,1.9202801399372842,1.1000955375109849
4550,2.1931637976647904,2.5307264546361883
4551,1.005246698509645,1.702520139246494
4552,2.6804715000950172,2.754891433593873
4553,1.2729480000814524,0.4087706756001307
4554,2.0506419764819124,1.9138025410843766
4555,3.07264712723752,2.955068881639717
4556,2.517969335344004,2.4727974689960095
4557,2.0388999875477958,2.2328968057090495
4558,1.2284852455615687,0.5555879340426113
4559,2.8204718486575535,2.5617606363792866
4560,1.945358609431113,1.0956129613556984
4561,0.5648944668923335,0.5955790257621959
4562,2.402333702404839,2.5406603602698477
4563,2.253167942959209,1.7749276667958174
4564,2.4329147805922906,2.6443971828283135
4565,2.870355604558283,2.237878152474863
4566,2.512150253822236,1.8271276042818407
4567,1.2009227998844654,1.4891279500621308
4568,1.520467098420737,0.4159374295630244
4569,0.7570279049941153,1.3973272984571319
4570,1.6313563613862396,0.32495064871296303
4571,1.5601197601537546,0.6866519893841792
4572,2.68067209155818,2.3969730141590793
4573,2.549657004205262,2.4709638964982155
4574,1.9457131683274809,2.5346578163101996
4575,1.0953591812161556,0.9770882994278549
4576,2.6839181896269766,1.3696384682025464
4577,2.319421489545313,1.9486076464181408
4578,1.2379363918029467,0.5818796082360533
4579,1.2844384310414605,0.9954251883964965
4580,2.9894431349730084,2.159656113942374
4581,2.8408519601449638,2.5123078194415513
4582,2.058535992918284,2.0579061302361916
4583,2.140504708961724,1.2408641812751533
4584,2.906661595648719,2.6317477942893386
4585,2.747404254642523,2.681535567953746
4586,2.2529716286254007,1.0923789829105703
4587,2.688253621118882,2.3436646251984845
4588,3.0587373568694094,0.39570138704979324
4589,1.8206565103681558,2.071832735615299
4590,2.0355171624331843,2.544595577106914
4591,2.0862266388319295,2.384340602604705
4592,1.2861421281851464,0.6201412925924109
4593,2.4051647948687553,2.9189138698709494
4594,1.2699405737933958,0.176719707775865
4595,2.357976650553716,2.3346910029427854
4596,1.6560898491384866,1.3146847271055566
4597,2.1228953359156297,0.7864136083821468
4598,1.422665294105217,0.3585425014027411
4599,1.788937240837573,2.3985935609336133
4600,2.2958881974667324,1.614313179817935
4601,2.695642159286123,0.7198894626694222
4602,2.250350490228775,1.9303531339586388
4603,2.4439426964248905,2.531343962382658
4604,2.5126221608572012,2.3128897545484928
4605,1.3206285076042712,3.1918891302731374
4606,2.344630569605908,2.5470582342516366
4607,1.5277913595626145,1.2019390618500525
4608,2.2632546295627267,0.7973782484604325
4609,1.9365978231660412,3.1766543769820554
4610,2.174946295219929,2.2426387939068895
4611,1.4995573156182613,0.6469163292432912
4612,2.364776039787991,2.6559570093001255
4613,1.1743721734667614,1.5205285687819958
4614,2.3594236605434014,2.649914113172592
4615,3.2997580824737294,2.683712104533641
4616,2.5232264072787576,1.026705111753211
4617,2.416688179644925,1.7790519888573588
4618,1.1338930772070455,1.1204007656663793
4619,2.4045656664815653,2.4759970789878274
4620,2.5355985744771963,3.095351424972442
4621,2.7199571427315585,1.3110662075171249
4622,1.426695225994454,0.6302575751642969
4623,0.9200449280278173,1.9543188238654141
4624,2.629726006020758,1.9470401860962372
4625,1.9643359600335815,2.048219190721921
4626,3.1434853236971456,1.688265707009508
4627,1.876088848178439,1.1458572412606243
4628,1.2300946767350742,2.1517655454447446
4629,1.9995493314552304,1.08655262056832
4630,0.7357084215608077,0.2623464093734266
4631,1.2509156872775764,2.6230909434208134
4632,1.2786629159453602,2.506898828994629
4633,1.8613303489436497,2.017969994547135
4634,1.3521536949514734,0.6462161126207993
4635,3.2804117464615827,2.813807792913179
4636,3.5177379637635084,2.5191681075622743
4637,2.8807200695465593,2.6082581266989417
4638,1.7098282875205266,1.7179284018971461
4639,1.010751177497295,0.45481786463048435
4640,3.1742403521816405,1.099946878527595
4641,0.9484866411280295,0.10480038190307896
4642,2.639761063293005,0.40995760736863596
4643,1.9479327230116499,1.199485262565332
4644,0.6682047440395146,0.7999159931941242
4645,2.0563732708432028,2.048891738042244
4646,2.1430600290123434,1.5109123767029593
4647,2.1002425074517475,1.8923017913946396
4648,2.3093486799027216,2.2319135245913153
4649,3.1849801520664167,1.8247883629052293
4650,1.8998849918538387,2.195242322370004
4651,1.5809478256861684,0.49119902689183614
4652,2.3977047410811805,2.5653176774343933
4653,2.148184748269216,2.417049114939036
4654,1.8084901477211661,1.2735672156135576
4655,2.1363607880178703,1.5157616135109504
4656,1.9263635825484164,1.3495319891604227
4657,1.698677951431456,1.4395365556226303
4658,1.5156645929579493,2.043087799670466
4659,1.507497143415947,2.124887986448822
4660,0.2877411435414454,0.8043882127761733
4661,2.4973629737949365,2.3332856739701504
4662,2.288100054988275,2.245888251878765
4663,1.974330360276969,0.38334357041325606
4664,1.95191167484331,1.246923310909745
4665,2.6104423405802937,2.768382517498776
4666,1.8912274843832464,1.3223705774966856
4667,2.0160033830833473,1.3260295440973568
4668,1.6258275404560594,2.1773664220261626
4669,2.3100234478956763,1.2676759798500625
4670,2.036337280235226,2.4243635163143424
4671,2.4617373640983353,2.1669110466305312
4672,1.7385757147915046,0.35852899195518717
4673,2.636452021848998,1.3541730213048888
4674,2.6647261326791045,1.5515360121255635
4675,2.011148998276522,2.3957793172442106
4676,1.9232103599421924,1.2445498112697233
4677,2.0917185472857462,0.5453290447663264
4678,1.961570736857763,2.2621733116512996
4679,1.2484904099343375,0.15692476775802586
4680,2.3413036470111885,1.6109462878363545
4681,2.4600556480641185,2.491313244013553
4682,2.4974410210079423,1.9082533265672297
4683,0.5276927815641388,1.1517955713311678
4684,2.6262741630738726,2.031882146505331
4685,1.8803182139748529,2.3426287714368392
4686,1.8974823655778954,0.8189325896963011
4687,2.5225994709839394,1.6091207888846222
4688,1.6005636775976897,0.5181892984257603
4689,2.381245081432447,1.4697296340697408
4690,1.8648810927488835,0.8851581348801958
4691,2.5011042240120984,2.0647762780966823
4692,0.4446822348985628,0.8586609274508705
4693,0.7099653010560573,1.3749039828672647
4694,0.6653239561768991,0.7074853959800649
4695,2.69530869437919,2.783108111782802
4696,1.744523486632316,1.4887084764008263
4697,1.333170247378141,1.1346612881992928
4698,1.943119476881545,1.8207238056682167
4699,0.7761349134323565,1.0093170963160139
4700,2.2216826879722587,1.4890060326777856
4701,0.9353941249913729,1.3250191997469443
4702,1.741988873283234,0.30858746519495217
4703,1.3029771306387463,0.2613626056407884
4704,2.2954106877702367,2.049440835884839
4705,1.415359624587729,1.9599798152901837
4706,2.2010564605786067,2.106414810507192
4707,0.7538411772870395,0.31233554285245707
4708,1.2924841090473962,2.5530498507737693
4709,1.0340713438877203,1.5078500118870368
4710,1.7766999727079897,2.561571751021084
4711,2.2662357892671885,2.1769312012872577
4712,2.047520116062229,0.6074260584040716
4713,2.5258692192654886,2.353156484928392
4714,1.7994078907969804,1.2366791893686775
4715,0.8947491899874308,2.0850224314914967
4716,2.1718401765778506,1.7788806355641442
4717,2.215810976342972,0.6213572182766335
4718,1.7984229088424748,2.2944467851205497
4719,1.9124790879802056,0.5559593310775577
4720,1.9340543319939922,1.5813710003363448
4721,1.8152889446037612,2.127798050009169
4722,1.2379337349627364,1.1672056687432568
4723,2.559250400382832,1.887986155690237
4724,1.9072685231355153,1.7181989280521
4725,3.2095756543972658,2.140359414668961
4726,2.018080603809713,1.9954499561600623
4727,1.4392124743055412,1.7122480921595251
4728,1.8713859276001117,1.7985526410927541
4729,2.1966581636918474,1.8490976494915443
4730,1.4415457118156418,1.8726827452628876
4731,2.3551802132628787,2.029919231208867
4732,2.3388217702166694,1.2897778164541795
4733,2.680714730852698,2.845581574238116
4734,1.470112710888011,1.8917115067391197
4735,1.3034991147074637,1.1556995591037837
4736,2.334851203256576,0.592725894491561
4737,2.4827596096294235,2.330117182811853
4738,1.9206384119793423,2.2533040318562176
4739,2.3682252017467245,2.2697834760573787
4740,1.9698401358474513,0.46005159645842797
4741,2.816706629229893,2.7183837903332755
4742,1.3124849453823237,0.6217671023314885
4743,2.4471003420532758,2.0180727770196882
4744,0.8612368548674891,1.8289228311250008
4745,1.5099672420126933,0.8676810387254824
4746,1.7420784753570024,0.7435873563441036
4747,2.4517603683415348,1.923768236052796
4748,1.7180723990078721,2.5291625147089727
4749,2.4652571066561952,2.233164502462128
4750,1.359722159340196,1.73063145846383
4751,3.0773906141045977,2.477964545474695
4752,2.5642973533032927,2.82432083445
4753,1.93016954720012,0.6667963912620365
4754,2.198246469664685,1.98565336180646
4755,2.064052749158675,2.3042615736597347
4756,2.386370346260661,2.606251400964115
4757,2.7061916329961413,2.55715121762473
4758,0.8808208059529831,0.31263650063187387
4759,1.7131069740388762,0.8836712073613822
4760,2.27098714611587,1.6585776239125318
4761,1.3494293791999534,0.4321572270380866
4762,1.6731519523213652,2.3938796629991224
4763,1.8094181080593825,1.005005832844668
4764,2.440813210419549,2.1425233791889444
4765,0.5476226491181192,0.5521358973595976
4766,1.2187791490962105,0.986786917050362
4767,2.6746748773702285,2.139407485971264
4768,3.1386120439167833,1.653896480296293
4769,1.4431804561885995,0.9489356302035593
4770,1.449089062384581,2.280396478749321
4771,2.177545719940467,0.5683788632475522
4772,1.9246580961689401,2.2432284454240268
4773,1.3568082307313158,0.12967281355251392
4774,2.3041398049154087,2.575086111978439
4775,1.9194706203388991,2.5190273447901124
4776,3.3280096543117925,1.524865516285009
4777,2.3336137264755115,1.171647661631297
4778,1.8507824224464415,0.5919619402748668
4779,2.60267498323972,2.6401540862481396
4780,2.076666846031021,1.6517907679978634
4781,2.328626562423579,2.556377635862799
4782,0.5464733891287895,0.6889558602252062
4783,0.9232487826570128,0.26011492316427504
4784,2.114001441711154,1.6759876511411378
4785,1.9356997427807467,1.471588029926838
4786,2.7943924210375473,2.754529449920873
4787,3.6212588318336207,2.8473095282846583
4788,2.141730702500593,1.7064726567364956
4789,2.000391539808247,1.4104196821617472
4790,1.4221935677050954,2.58980175986302
4791,2.4849403777099415,2.411706980235778
4792,2.4110467624578473,0.7738979650226014
4793,2.1596585272377435,1.4543417219191188
4794,1.3168099265947855,0.15059346062019785
4795,1.125065397301582,2.051711538535805
4796,3.137788155079794,2.6730006705873586
4797,2.4954412205905023,2.144878398525403
4798,2.543900720165591,2.3359813500373177
4799,0.9127448712109937,1.301428044287275
4800,2.4596807467302835,2.1828463421097406
4801,2.677779106586798,1.5628692361469372
4802,1.9000540012366511,1.5673987326346728
4803,2.6173323410588876,2.682253369395808
4804,2.687504162824886,1.899475766968639
4805,2.401431449638781,0.4706110793709843
4806,2.0594044089088226,1.6329771684931966
4807,1.7045351232464065,0.47614829093400607
4808,1.5229708313756811,1.6339631076987111
4809,1.687610609110752,2.279169574798764
4810,1.400394169381698,0.20273794205530635
4811,2.2094181368284245,2.302387729962249
4812,1.4676945277000892,0.3838268353919932
4813,2.4063299712564126,2.7317037125906776
4814,1.7876732265165494,2.3770460145630468
4815,3.1082680496052943,2.186642060536245
4816,1.6769486646271592,1.7587760289466952
4817,1.611124514340335,0.8156757006362675
4818,2.811258852890599,1.3726182233461912
4819,2.129947362683171,0.1591939946948952
4820,1.8318309393140089,1.4553259030772334
4821,2.0671604827937733,1.2103504508303902
4822,2.5721651588695287,2.483924068309775
4823,1.8239670942154467,1.1363152150923745
4824,1.6278042104348067,1.7423454083962562
4825,2.746102071892363,2.072806438494328
4826,1.5648990081405953,0.5494070075370653
4827,2.154849763663686,1.5844494196817231
4828,2.5320707565567133,2.389914486642616
4829,2.4815934587257944,0.49867555663074015
4830,1.1058675742974144,0.9082159080292906
4831,2.810209058528354,2.677854690444423
4832,2.7996388871584585,2.178173691227941
4833,1.8048059214107632,0.9156949334219924
4834,1.6043206278163422,0.6652040191510102
4835,1.4463425960882164,1.6678456193723588
4836,2.5333088261730854,2.41265564327259
4837,2.0663654615432563,0.9634892731511633
4838,2.1299918605554837,1.7003149801327968
4839,1.774436566957747,1.1556997408753635
4840,1.1818347383869179,1.862252026766736
4841,2.443510752645716,2.6614320624278758
4842,2.9032121152592363,2.5756188240719626
4843,0.6404240999411966,0.432604476718644
4844,2.942806343917555,2.242677385802685
4845,1.5109825203751484,0.48246848696166855
4846,1.048078199176128,0.7264899563206754
4847,0.7591560048487127,0.5834132008064546
4848,2.2000722809336026,2.00798278997325
4849,1.4927643015710834,2.1816282509487115
4850,2.570918388646748,1.7527301515046096
4851,1.0676245258685615,0.3073344991930803
4852,2.109548316413714,1.850090290332871
4853,2.0467839002587667,0.6350127123102404
4854,2.947723003376012,2.420626304734878
4855,1.1116192138674401,1.7894412980629177
4856,0.7777213610371656,1.4680671422910299
4857,1.8703119846323377,1.8298364164103418
4858,2.30285789579887,1.8870282896529997
4859,1.6579171637374632,0.7411035175489663
4860,2.1605730916619668,0.28745267574678246
4861,1.5080847063540208,1.4264885608008595
4862,2.1018899514987215,0.7337019401106428
4863,2.5157276495350382,2.079640502123319
4864,1.9586842832446518,1.212172793678842
4865,1.1902030278772406,1.909353987035293
4866,1.7288627530599674,1.22910928819487
4867,0.8985111288424714,0.7587442619835139
4868,2.040296951677962,0.6058868097787142
4869,2.04031062244845,1.2712108577992833
4870,2.135054988778434,2.2288475376753083
4871,2.687897090877094,2.6654860927740285
4872,1.2069935978333142,0.34597098371861906
4873,2.370689898567799,1.365341542483952
4874,2.421455131767437,2.2521503611298974
4875,2.1959270600885246,0.10579907176641026
4876,2.229312288210202,1.5201644503496001
4877,1.5959943774735257,1.8240153938048262
4878,2.613624810802308,2.1455931907486883
4879,1.92094981742873,0.9795551129183374
4880,2.1510260524435028,2.764318671150387
4881,1.0215220598408818,0.7844684432995777
4882,1.3143765564067065,1.1152638375296113
4883,2.5447025029120645,2.5954549335959674
4884,1.2236863693333762,0.5086709151192665
4885,1.8122204957350647,0.7951617569416717
4886,2.5201934251114673,2.0916105006625685
4887,2.3007412318343086,1.7088154759795469
4888,2.3982461368548527,2.5548999345237737
4889,1.026382185610446,0.6008118211532746
4890,2.982163550721725,1.4491746827234309
4891,2.5166956971575183,2.360260640378764
4892,1.3204219158746286,2.1842133962333063
4893,0.48847840569125267,1.532480322047282
4894,3.0261710106066175,0.9904237657708846
4895,1.1226906155247838,1.6418297339519854
4896,1.976408384262171,1.592079689833702
4897,2.4756550203662004,1.8510897880715336
4898,2.141685087398188,2.606816858041332
4899,2.0404705689165605,2.397946475054083
4900,1.645676683673326,2.5605271372315697
4901,2.2355580888239484,3.363337332951723
4902,1.0311937473422472,1.667155702414194
4903,2.6543166875075532,2.69180966398071
4904,1.739655980571785,2.2331907111972544
4905,1.645744287086159,0.9423431516129703
4906,1.6184577878918582,2.201925051577066
4907,1.8556988532264709,0.8966386747978996
4908,3.0543699791631163,1.2096575480582314
4909,2.0924305281489923,1.9993426053784409
4910,3.1577909597761322,2.7207496643617333
4911,1.9348703610507287,1.3681620827947398
4912,2.5356061551696314,2.1128409841230065
4913,2.413073305662961,1.4647824552689572
4914,3.053826130308649,2.637518963874636
4915,2.539554653020795,1.2010538990691377
4916,3.0963360756181473,2.2477598178637535
4917,1.221549981701268,2.220268124713414
4918,0.7688033846037798,1.796155885671683
4919,3.345387245772137,1.4781475570312335
4920,2.4909825711604046,2.4639775112893294
4921,2.3932529881355538,2.3277804514546
4922,2.255278652706727,0.5730098783384765
4923,1.5481233494042332,1.477268051424939
4924,1.1164656884066684,1.211653230945477
4925,1.6468768334027943,1.5615686930139832
4926,1.5500782008114793,1.2292765470571498
4927,2.2997377150109304,1.1997248649141263
4928,2.3161877392292767,2.3955444123603957
4929,2.7715655072602488,2.5528381168987404
4930,1.3132798384298618,1.7138632997772585
4931,1.9055191998054635,2.2461740957903387
4932,1.9135733165125246,1.1577655236674667
4933,2.3306723401341256,2.1249855107131035
4934,1.2784961821256462,0.3384686796330442
4935,0.9138169985296454,0.7199573459937303
4936,2.5468000003330635,2.355856929494146
4937,1.6382964728302518,1.4326051756895162
4938,2.481372856602293,1.4632661109708702
4939,2.49019494141263,2.53501563592978
4940,0.9826145947033154,2.1428513955750774
4941,1.6111880599476682,1.1663593893381852
4942,2.5504771905373764,2.339974878327778
4943,1.554153373041439,0.787940995454917
4944,2.467317376067491,1.0803853439525835
4945,2.413238472598435,2.0917066512255253
4946,1.7975828207911964,0.6254364980812445
4947,2.0193278123881715,0.5923553426596109
4948,1.7186844639733712,1.7404840407848061
4949,2.020464288683658,1.089531383983245
4950,2.9785913164383806,0.9769467572625506
4951,2.6544364595852703,1.657990562348887
4952,2.3924648914177298,1.598727956313365
4953,1.3523958477888214,2.455584893690203
4954,1.4100677210286203,1.1879392266632893
4955,0.7629212888921251,0.38968219317282077
4956,2.4901210576713284,2.3128164764735297
4957,2.150016989632935,1.3537233183581587
4958,2.9590612890966765,2.596194271074916
4959,1.7522278762139818,0.8426187658261425
4960,0.8587236151641718,0.1735107038980392
4961,2.515769347187187,1.8080678520306197
4962,0.5484180873499684,0.19684389679000963
4963,1.9278862633220744,0.6674767764154984
4964,1.69782178767372,2.110281538886955
4965,1.9895596093624035,0.975419399847235
4966,3.126242093462738,2.465215816550274
4967,2.4285007253751103,2.405813726266067
4968,3.307933666476258,2.496238749123516
4969,2.539065015918467,2.3570914460973986
4970,1.261025646392837,0.5529540466189102
4971,2.2227498965408645,1.2587451973741852
4972,1.0653038909871384,0.1203968256644702
4973,1.9916412976030438,1.1749198735666462
4974,2.5540227597322365,1.6301184283013945
4975,2.1198707545111812,2.011842912317942
4976,2.6752581759902143,1.805487868479892
4977,1.8626973855364468,2.2931168710548526
4978,0.7646919792903771,0.8928909305067374
4979,2.8469960880198424,2.7420832681800986
4980,2.6937668015098586,2.500626915251296
4981,1.5764281999298706,2.2992623659352933
4982,0.3966477676546836,0.07239385918768741
4983,1.9934039623726238,2.2805752456615744
4984,2.4469257295922486,2.6375096721907463
4985,1.2107846997740817,0.6940180338064741
4986,0.6484959315292748,0.6041219024714088
4987,0.5733408042872532,1.077432717236094
4988,1.5714455334865522,1.9834373651504482
4989,2.4021444906151133,2.0346862100993177
4990,1.4705919284986642,0.4240046636702932
4991,1.6177215176747894,0.5901225006165229
4992,1.9034102933163697,2.4190620243963674
4993,0.5019345103093079,1.8934696818757035
4994,1.9079230225660455,2.50476805691881
4995,2.5525513033228253,2.3250561063439092
4996,2.0295437636072577,1.9691434889911292
4997,2.908607596182352,0.4357037811390085
4998,2.257201322075312,2.304465293085394
4999,3.0230160139537077,1.900734053696169
5000,0.19294639936363786,0.2444502083228193
5001,2.2554850945845297,2.6951555782753807
5002,2.876862280088761,1.1548823869020042
5003,2.2680502267753297,1.486114131349871
5004,1.6385263360652476,0.15774542151392093
5005,2.6299095143096323,2.6115205245244266
5006,2.5049295596723002,2.9009080056858645
5007,1.3617714903038254,1.3541794687706605
5008,1.776415858167163,2.563692359048888
5009,2.2853801610458127,0.9796444543311236
5010,1.9907762909815114,0.18782709780797827
5011,2.106951147538786,1.793548585800281
5012,1.7247574190433634,1.2010302333053409
5013,2.8674788314567703,2.515256989770511
5014,2.6475636230102015,1.0794413923232467
5015,2.467195147213494,0.9846760316594608
5016,2.612520996383796,2.4580480005663605
5017,1.1813000399602693,0.7150571267264799
5018,3.413262722964054,0.30353313932131676
5019,3.083543348243308,1.2344472889405707
5020,1.3633612272578088,2.0424960010744995
5021,1.3498379913626044,1.6367274707182156
5022,2.105973497850128,2.308337425164568
5023,2.1568703874054473,0.8125639770442096
5024,2.9491980833451787,2.665820458476656
5025,2.12656092858284,2.0424921405416026
5026,2.2836700926857456,1.857745203763452
5027,2.3565464297700536,2.2537769912371703
5028,0.967627114036732,0.475507679503357
5029,2.6053857899143518,2.379708276586416
5030,1.4730108306518435,1.9392361850181903
5031,1.5327421232468146,2.418484160106728
5032,1.0199220794291104,1.1179442116522216
5033,2.019117777416312,2.6398579964661613
5034,0.9127992985450262,0.4364924314437638
5035,1.8235781313323298,2.6596526073784243
5036,1.779992635887162,0.7078384335169974
5037,1.5392310751129752,0.614622031995876
5038,2.6455591511652656,1.42686741153873
5039,1.1283054784313786,0.8651038120220967
5040,3.2255637155562815,1.9762020625638372
5041,1.6206660783385811,2.379042182117928
5042,2.5326400737462604,2.887647280017909
5043,2.330994099289878,2.185518981105297
5044,2.691452997314362,2.4369740579739956
5045,1.7644884231170923,0.959413756968975
5046,1.8175954557891743,1.7118689335191921
5047,1.7665460818982899,2.016917581623631
5048,1.4808565625727734,1.4999060181941821
5049,2.5371972783656123,2.2896318026387976
5050,2.33763249743384,1.5319338800593088
5051,2.6187870502695336,2.47217670406126
5052,0.2548140393567811,1.6640588683046134
5053,2.3886696598226815,1.2075089968951749
5054,2.2156716895696875,2.0417791270094665
5055,1.9811879763786198,2.0516984861044643
5056,2.3281710049944455,2.547861127841627
5057,2.1871672459125593,2.3533966070921446
5058,2.296705035568657,2.0683981997507406
5059,0.77632875874962,0.9889918295709798
5060,1.6331163014481271,1.5815456735677624
5061,2.0547743061923165,0.9822908458322366
5062,1.271011402288243,0.1683649349362605
5063,2.089850381101224,1.4555636649965227
5064,2.2543756313477727,2.7028650409780157
5065,2.6404837320992915,1.8592600351431527
5066,2.1918070541079007,0.6074290712800477
5067,2.1088731297356493,2.3290649886481973
5068,2.0822664914842206,1.0618231535320146
5069,1.5357926227341128,0.2994501005974306
5070,2.1997744962209747,1.874093479238956
5071,0.7402473364000162,0.1360652413022826
5072,1.9704335423071622,1.6808910047265626
5073,2.773323071848048,0.24406391777040784
5074,2.3973760575177905,1.2652647479389805
5075,2.6255462753436634,0.9788822717654635
5076,2.715167676198472,2.6738414341742396
5077,2.266384413602479,2.619702509783609
5078,2.7141687812171966,2.037079843331855
5079,1.735339046773239,1.0866847749698778
5080,2.4754019700887224,2.4745710919689174
5081,2.733327644849009,2.2001088799295254
5082,1.8300439697012705,0.7660951400418666
5083,1.8907792159016978,2.2358874174442467
5084,1.0877311081081678,0.09961163447755028
5085,1.7568694322628247,0.8022980695932433
5086,2.204126985057165,0.9893797260524465
5087,0.8299958199503437,0.2641862121576969
5088,2.5160889974862237,0.3671694108609576
5089,0.5048902127953585,0.4563638469323002
5090,1.9123545462988167,1.947939732846995
5091,2.187608929053653,2.3054422724036665
5092,2.4232745226307877,2.6051339808262606
5093,3.176792783534556,0.30701776763089444
5094,2.056874664525481,1.2728969001815538
5095,1.6661026962409007,1.618553949929737
5096,2.2431721646165474,0.555147247088603
5097,2.646350234880666,1.5855333621133476
5098,2.5890875409575367,2.3096057862223547
5099,3.1001156163631953,2.1748659213851687
5100,1.3705570794726265,1.2936475061665713
5101,2.616376677682827,2.3407310985742646
5102,2.064530465959764,0.541203304715008
5103,1.7267172856333903,2.39958774081798
5104,1.1474803561539444,1.026954212156113
5105,1.4729710154925741,0.32123695320624884
5106,1.7781403097082886,0.4371982098004761
5107,2.36626517324602,2.145988767475671
5108,2.868518437811004,2.510105877935664
5109,2.612566188849103,2.6587980097623385
5110,0.4424831155397424,0.42430036300681506
5111,2.408518464010124,2.707014777626276
5112,1.3143784383316899,1.5265444371093846
5113,1.5221630649339404,1.905073540434994
5114,2.3309493197053417,1.7005196542648655
5115,3.2521182493650604,0.5126633828290781
5116,2.9568310172012064,2.349560184592412
5117,2.344580967057649,2.7406317077145608
5118,2.0370809780718524,1.800338984563728
5119,2.4351987473487897,2.7185424597613728
5120,1.3398659873282401,1.6289769163617605
5121,2.3908437530700075,1.0498247609031082
5122,0.6941136297862807,0.7851477674371394
5123,2.026673401279335,1.2700761233995983
5124,2.9404666259454526,0.4967583892665519
5125,1.1584065263670846,2.6785981695884424
5126,1.3869093501810734,0.4205887552663421
5127,2.6135142156221027,1.851646233873701
5128,0.9870028595938319,0.4802036224205527
5129,2.1591367875688534,1.4665122100717245
5130,2.0069790646053836,2.3480708468105607
5131,3.422424986724906,2.7196398968039905
5132,1.4818042532466686,2.4574439571991102
5133,2.124147240029524,1.4134170460213757
5134,2.6139439854924533,2.3542611377692384
5135,2.3748707659584793,2.388401681908369
5136,1.6420102771791665,1.6449711790356134
5137,1.7412927325020204,0.9373172670541079
5138,1.5259410206101989,0.1415734690259827
5139,1.186658772754927,0.12183524475717294
5140,2.5537320289563583,2.3904888541855724
5141,2.0140265442622374,1.7878103220270631
5142,1.3556965523732882,2.0163826286111357
5143,2.230784567772483,1.4253209567774963
5144,1.5781117842106211,2.171524703035066
5145,1.9717058302699682,0.35133745903767655
5146,2.0430792891792677,0.9800707031646327
5147,1.2591560584775807,2.6321320609666037
5148,2.189391472990962,1.4416283503084228
5149,2.1461261777530796,1.1855109986966035
5150,2.6758631199103338,2.4851030213676597
5151,3.422242273442376,1.878669392151162
5152,1.8463087086869965,1.099486514732556
5153,1.8932224174221708,1.882211743826617
5154,2.9780757577029355,1.5574896426720244
5155,1.3264465746797396,1.3683326888982483
5156,2.5067636468908474,1.7849929042967665
5157,1.114518707326844,0.9656309374052231
5158,2.1597095801039266,1.5582346200427462
5159,1.8898698538563123,2.0118815261647818
5160,1.149281133362279,2.043937557477337
5161,1.954960390187936,0.6849896152231894
5162,1.7125371753371097,0.5689444092235966
5163,0.26730560944794046,0.9731561684281346
5164,2.856617570635767,2.7895429403364056
5165,2.1323386768456616,1.966221368887036
5166,0.9115835191124266,0.02142053435225011
5167,2.5219910418939118,2.1038152917447945
5168,1.1826055956278119,2.210370964746116
5169,1.2995326181314601,0.6519340704413742
5170,1.1898974948042005,0.8405062290552652
5171,3.3561822164494703,1.5107498863698194
5172,1.174212582717852,0.6438088527877261
5173,1.6232296318551185,2.0318281730277197
5174,2.3844053066596413,1.553780681532243
5175,1.528250572320028,0.05329346567155919
5176,2.513005889643414,1.4032027829605982
5177,3.2506303575564774,1.7920998376278936
5178,1.5865769099092344,2.251932746611821
5179,0.39929617535560347,0.8757262955847429
5180,2.210890791464428,1.0484735529134612
5181,1.7191658845258468,1.774822536176918
5182,1.5708365055027285,0.28924619894487974
5183,2.6660961049229406,2.899011115598366
5184,0.47562380990979036,1.0381525653153885
5185,0.770883773172023,0.4067562250878682
5186,1.5923604172317272,1.1265056757594964
5187,2.4364279398895863,2.603117414692707
5188,3.4682143347748347,2.5785348161532506
5189,2.819745370467929,2.846881703353866
5190,3.2005820375374947,1.5922004235004596
5191,2.458075907342248,2.0180217581596085
5192,3.229492036110108,0.7143848375798457
5193,2.845951008663624,1.8759815541816693
5194,3.1389571775978076,1.9333375703449869
5195,1.6730580799709567,2.075012003949853
5196,0.7825716234832476,0.7534880174311173
5197,1.4131139170750895,2.250824516433487
5198,2.3671367222943323,0.9554510579003147
5199,1.9391484721196701,1.0674021638539686
5200,1.2162467978357991,0.7515412526140949
5201,1.914736929007278,1.990705320374579
5202,1.07877653971114,0.4764207603209304
5203,2.4805895501147552,2.4004306879315482
5204,2.6653638978012877,2.7519639805742013
5205,2.377226283068252,2.025525814554201
5206,2.2851783196250874,2.451005153642281
5207,2.0525892975074633,2.1677772994348232
5208,1.4372585292040347,1.7785042151328752
5209,1.2157838159872254,1.0806072181165587
5210,2.454317616475661,1.8100059290648458
5211,2.3057757260485787,2.035556515839111
5212,1.1103406477985789,0.8318240747027418
5213,0.9873514899409437,0.43386123108934405
5214,2.440330023701175,2.5816388601756532
5215,1.8760648052451434,1.9601053009822633
5216,2.4938764327436633,1.9701990495082786
5217,2.2568055995347787,2.012013891438073
5218,2.3696488098281554,1.5676322986391371
5219,1.2556880305218665,1.4535297165066907
5220,2.623811997954538,3.3322797413347716
5221,1.3104885195637141,0.9415872832174678
5222,2.733412876830817,2.2463386742715117
5223,2.072531998285922,1.6125623567504666
5224,1.3380601437347512,0.9979604798864614
5225,1.5446409446807652,1.056990558252759
5226,2.4577145456175273,2.814569442031991
5227,2.316223062301411,1.914931855744449
5228,2.255163670474591,2.848185307433577
5229,1.907040745574695,2.2794566740196314
5230,1.6532794281345715,0.7144381292343652
5231,1.003773729090097,0.7360199152268706
5232,2.1358455153014746,1.4354504972602065
5233,1.3947418557712652,1.0737706725383442
5234,2.455413825360072,2.296512721566481
5235,2.545109260652842,2.355877803222156
5236,1.4751041383818668,1.4862440848539686
5237,2.5042149507124223,1.391950960933599
5238,2.352338269617001,1.7899522732034783
5239,2.4005664383687497,1.69426398276767
5240,1.5021383644278465,0.9522976868775703
5241,1.4681042028879274,2.4561020033937213
5242,2.393914215639708,0.6577516661665312
5243,2.0132893151397018,2.2784689669513276
5244,2.715925801834759,2.640591315030951
5245,1.5132738277515851,0.5139931541610265
5246,1.3214444012211422,0.9559571082069398
5247,1.832834805448797,2.6049966593866034
5248,2.8949428054242126,2.759513201874042
5249,1.5101565512627002,0.3533682682837049
5250,0.7214190306308352,0.08742468143434054
5251,3.0104664489162754,2.504968092384149
5252,2.5254247624002986,2.623402972281534
5253,2.3425310863824125,2.5662801400637996
5254,2.4055151371975505,1.3293853947623846
5255,2.306873251644372,1.4121822622203002
5256,2.7175394342902344,2.293931079139512
5257,2.752021041317474,2.5553718762892554
5258,0.9091885251586203,0.4773630283140674
5259,2.6212706654514917,2.0738448659971094
5260,2.3917821690483607,1.3443845465578828
5261,1.1919547443974525,0.12054258514475903
5262,2.7637398206054145,2.995964935535054
5263,1.1686587780476558,1.2665428718360066
5264,2.100204994166054,1.0988153711474489
5265,2.758054452255393,1.7912370734203358
5266,1.6025071512764812,0.8179066922907076
5267,1.4898446494535809,2.0573510354399445
5268,2.4852261125652384,1.743980476981486
5269,2.6944529144215106,2.2774799832760757
5270,1.1991868781538944,0.21121168677891858
5271,2.8057855812114565,2.253524520919375
5272,2.3659648197470515,0.34598541343233125
5273,1.1076542475383822,1.8518746422155188
5274,2.3449956603477675,2.340501365526891
5275,2.0169365682992,2.6880500634212514
5276,2.3369228025289353,2.042617599877759
5277,1.2622595975844098,1.8063674215554502
5278,1.7257824811596463,1.8482133021632623
5279,2.2573216317510827,2.361135506083442
5280,2.342690969821725,1.0485336171437942
5281,2.442995604485395,2.0314091850769094
5282,2.2663315602906873,2.2007777111161686
5283,1.608939949647958,0.66222232230417
5284,2.4705991735293087,1.0335479429868917
5285,1.7478222048262393,2.0504227532916977
5286,1.4756499578584117,0.28484492075263296
5287,0.9700195074818939,0.07609989697616838
5288,0.7473525025586307,0.2608045659189837
5289,2.0814237381074063,0.8626019232784568
5290,2.422480129157257,0.46000514535682047
5291,1.43231867974179,0.6359486701420248
5292,1.759063525649274,0.8506112545463996
5293,2.3981964238001607,2.645880372381575
5294,2.1649590547398714,2.1225332038928313
5295,2.6374622074255676,2.435582403489271
5296,1.8541039476961454,2.093782479628706
5297,2.0472518587038198,2.0051594689021996
5298,2.66789716869549,2.5780684440821005
5299,2.379392575269056,1.999233056238131
5300,1.201609795393083,2.462238806545019
5301,0.9764923043278521,0.29734233589203113
5302,1.8375396457138473,0.430871027187393
5303,2.8688604147708454,1.3814992344430357
5304,1.8825253401609003,1.260455511225651
5305,3.399629820375489,1.1232699901185568
5306,1.5410846455720582,1.5233034509314327
5307,1.2901381411393382,0.10006171749037102
5308,1.6125308693347122,1.7430003315174138
5309,2.921399265203115,2.3294169160481015
5310,2.4248993086142487,1.405272953270613
5311,2.375230331000381,1.9088518741608782
5312,2.210293315969228,0.9604654905011043
5313,1.89016630718615,0.2752766854230184
5314,1.1711321366149092,1.3693932320844364
5315,2.609371683608565,2.8677308997403883
5316,2.426187109411899,1.825543769155597
5317,2.232295451732083,2.475746811883105
5318,1.2624881216701158,0.33002990046789255
5319,1.9094837488023648,1.924348470897271
5320,2.5051736512153466,2.5783256941616517
5321,2.663126089350704,1.0438152963468141
5322,2.5821485673875704,2.6656335446620822
5323,2.68948183190796,2.5865558294488618
5324,2.3215375028731065,2.3765790265341273
5325,2.390638313882586,2.2053656097945127
5326,1.0938340273579714,0.7637120653503542
5327,2.5462116247303803,2.5409234851305302
5328,2.0807577222717097,1.8851222050213516
5329,2.0252783193828274,1.2077404974754564
5330,1.4969722528385985,1.5688188293111291
5331,1.975000708410952,0.8027566655065965
5332,2.552422397778505,2.0202085597996273
5333,1.8820706657878497,0.14367776083303632
5334,2.6763128636046862,2.9501704790776073
5335,1.314081788958532,0.30699793130268205
5336,1.1756761891161,1.5306280245759543
5337,2.1305566062990042,1.8003469876953684
5338,2.463967043707163,2.4104341553432214
5339,1.962125368169901,2.065935423734878
5340,0.9355794443880923,0.2751600262685076
5341,2.514107807749739,1.14521166796635
5342,1.9434718332056682,2.2523683780229278
5343,1.1115235189796049,1.5456774824922683
5344,2.0009379633166544,0.5193335498462986
5345,2.592575027655155,1.554714059473305
5346,1.7940667131055226,2.2985884548677413
5347,2.047363260379441,0.9392208877620225
5348,1.9372394288539554,0.9933146233442136
5349,1.8343284646158486,1.6964770980114867
5350,2.4334880922330444,2.273250868639476
5351,2.4290115756982673,1.6383942666459212
5352,2.249792516759894,0.4952259563914071
5353,2.469375977253651,2.0373129802041685
5354,3.1336571045598793,1.8086776048906938
5355,1.768882658521342,1.7115144768881043
5356,2.1258046328568434,1.9388420214555868
5357,1.2367799555742245,0.34346701356576637
5358,2.1272259734068553,0.29279379283478074
5359,2.5903493462892317,2.3605327396297318
5360,2.217454173772077,2.5917954994063694
5361,2.746880655154552,2.9589573791331047
5362,1.5470702683586954,1.944104990434146
5363,0.21824667044384463,1.7483806459958549
5364,2.9988607539534042,0.3299527809529745
5365,2.3714201386042366,1.2693375345889528
5366,1.679795519554272,1.4223750876411658
5367,0.5867614483550871,1.2727205995807178
5368,1.4145617412333515,0.36248029729133613
5369,2.7318003453228275,1.9430062917456785
5370,2.320932870150176,1.5120561116609268
5371,1.4922906336626767,1.1376581215778938
5372,2.637925946604574,3.171007419786328
5373,2.1053848159938076,0.629663409233726
5374,1.2767660830145338,0.4034321169198288
5375,2.363372347278013,2.4593938944173104
5376,2.5722586865683126,2.9301240175281857
5377,2.0784129563301676,2.4035490898357685
5378,0.9743846386016521,1.2865360377186454
5379,1.5016128390377717,0.5900236006059477
5380,1.602442905069722,0.44720203916671886
5381,0.5720589343304876,0.16315987310088773
5382,1.176189312945302,1.4489752661101116
5383,2.481413298840212,1.9079171345397394
5384,2.7450030500889695,2.1624993403575545
5385,1.7575302494290501,2.5025496589513794
5386,2.2756357474432836,1.5031140096337172
5387,1.435529654997816,1.194080864154432
5388,1.1004559686009745,1.0476452876730302
5389,1.7114642858656146,0.2072651543544168
5390,0.9815553219602385,2.0987619353319564
5391,0.7501521160356005,0.2697218039466194
5392,1.0744775350855647,1.069590481563378
5393,2.6826854983874764,1.3358378741290404
5394,1.1900993072025514,1.7917760554124529
5395,2.7245381815259284,2.519391965669518
5396,0.7934013542972261,1.7890081956061386
5397,1.6234440811643553,0.37133329786010605
5398,1.805937517141397,1.5126677860600903
5399,1.1921050641360107,1.620357533393777
5400,1.4121249842972519,1.0363721389180298
5401,1.1954851751326654,2.3261033261469657
5402,1.426595489467455,0.8552606328815613
5403,1.3576602088031,2.126369873853904
5404,0.37774959863346663,0.48776998770404606
5405,2.251192019274653,2.142914763398581
5406,2.5045145427238564,2.6191809672896347
5407,2.6253224211279473,1.5562547079118392
5408,1.9931191706132434,2.372295554988341
5409,1.6880448393696819,2.1259919066387605
5410,1.7792778930822826,0.9418933119104681
5411,1.5592111805285793,2.129378542105393
5412,1.9160864452312445,0.48121055392774437
5413,1.362885315101132,1.577830175884731
5414,2.11779617476823,2.109596186489099
5415,1.8075980667788676,0.42128511197411084
5416,2.471137175879377,1.665828736208614
5417,2.890990554331279,2.9988936846968293
5418,2.242366100483502,1.661794620759663
5419,1.2717210884578793,0.9146598946616246
5420,2.714360163563219,0.9379758024993451
5421,1.0707192268136574,0.41993491941958305
5422,0.9884445483776454,0.7480134974961316
5423,1.307358638348082,2.258135105706065
5424,1.4066523720225297,1.003351556039297
5425,2.3818262226462497,2.101102473647913
5426,1.7411017569431675,2.249480714198594
5427,1.8004907256692633,1.562682166425687
5428,2.436382460634125,2.770865767414495
5429,2.1550828251071095,1.6673273381956697
5430,2.416443983084671,1.568075417759583
5431,2.4623296783751134,1.8869694977334246
5432,2.5705073632502797,2.466220145016699
5433,2.1224670248854762,2.5851009695183778
5434,1.878006580669898,0.9552438379567295
5435,1.8682051788169747,2.4746458403723617
5436,1.7832586309990746,0.6044256893825813
5437,0.6843158706056388,0.7055860840582852
5438,2.7838371571376137,2.9198271346296236
5439,1.9881898916062333,0.6475370069439182
5440,3.4554605383383694,1.3792934705510473
5441,2.488177696697146,1.7465123201936954
5442,1.9321839805678178,2.0429791161540307
5443,2.1046745109347538,2.5512378157972444
5444,1.3879508010582,0.8498073434382191
5445,1.6298042476425882,1.537850330537987
5446,1.7592273056452035,1.9291268988777215
5447,1.9747868722720103,0.7620455743335673
5448,2.319253787059795,0.8602904727140679
5449,0.8891172174034283,1.9723413558034857
5450,1.838521393043563,1.786033593367673
5451,2.2074700244901284,0.9403441758448724
5452,1.1532170731086024,0.7299055943489127
5453,2.3653107138481606,2.15682594151479
5454,1.9782826335664323,2.2754832065832815
5455,2.1810854958441204,2.775525623283872
5456,3.0776343315878294,2.526039085733545
5457,1.9243624347569508,1.317846323399971
5458,1.3209644452236895,0.3849706944191853
5459,1.9791565514742877,2.4415885335113874
5460,1.6389940099973046,2.5383018717032164
5461,1.6518915088019162,1.152311468726314
5462,2.665613860927906,2.6448509611495883
5463,1.926773297875692,1.8884367325473268
5464,1.8687282600096835,2.136392806370797
5465,2.2501919275808233,2.051592658184132
5466,1.2910803440944645,0.9193586334398685
5467,0.9988849410406375,0.35151623843911745
5468,1.4156089862475696,1.2277398424760824
5469,2.351301590895383,0.7736887177550501
5470,3.4843400938364204,2.1456906505857494
5471,2.179156652043507,1.1817652282525124
5472,1.008479764031475,0.4043107349487253
5473,1.6256619431912442,1.8252710380039585
5474,2.4823757386289746,1.8563775077105424
5475,1.3756639123890706,0.3874691343722281
5476,0.5293052219421306,0.18056176930651033
5477,1.7254648495500708,0.9431224555327189
5478,2.2442943342455624,1.8281389260606522
5479,0.5291200914465785,0.2109284571393481
5480,2.7555835060201574,2.3738740540682324
5481,1.1761824447992049,0.15764612990259202
5482,2.375034900115393,1.1667520138847394
5483,2.458343243088899,2.52846002441067
5484,2.4928283808972873,1.8889933402782915
5485,1.7122276832003087,0.5505863030159709
5486,2.3509610373965653,2.7102711599556777
5487,2.27162161220134,2.4571870137421863
5488,2.085872505226692,1.4256042251023284
5489,2.405739859063886,2.6934194550087365
5490,2.360566486310419,3.2594072327234174
5491,0.218656949199106,0.02058426320981527
5492,0.8613423610370616,2.407668904384276
5493,2.405974244977824,1.9970654580467604
5494,2.3778936000338984,2.8660274207771845
5495,1.806562928956075,1.4224807588707948
5496,1.386271113076112,1.049825265484488
5497,0.9650195020268443,0.08706910027421466
5498,2.7444613153416544,2.20945633829815
5499,1.9720639112215663,2.6597510264818727
5500,1.5847674007900305,0.943841076838607
5501,3.1512337359359304,0.8043844195181947
5502,2.4111387749206807,2.2256088076594205
5503,2.0859920790258903,1.9749650563292833
5504,2.3639253494588086,0.8002604265768317
5505,1.5461074209616374,1.0707495200997308
5506,2.5241603688667653,2.511657769617157
5507,2.145874300247602,2.152325065512974
5508,1.8850807330186963,1.3595237467651915
5509,1.0377292140515597,0.1891669842438683
5510,1.0208142549890995,0.13068075575316596
5511,2.19117383024351,2.572147139867138
5512,2.8157157694770687,2.8010394743230504
5513,1.3978811624311989,0.376982588591724
5514,2.205981925689434,1.945154854546845
5515,2.108336563269399,0.9913117986554572
5516,2.4575438875739977,0.9101393250709582
5517,1.3393480136586753,1.4714809184749766
5518,2.5242148589284326,2.8211457378671354
5519,2.282390064108778,2.616839715695526
5520,1.7556013065088478,1.228090289099988
5521,1.7826946195828979,1.3308145230487956
5522,2.2037442455247627,2.027033116743332
5523,1.8332304848336018,0.9722253161301811
5524,2.3592513628957983,2.692959614095508
5525,1.3697559290116808,0.6054680789728728
5526,1.9314748345898511,0.43607780616492886
5527,3.237536590441423,1.1238956715819557
5528,0.5912018384255767,0.42448060875221405
5529,2.3364064698658495,2.8314401416333244
5530,1.7962060677775622,0.7071901641350645
5531,1.1253754525837305,0.3642553033751373
5532,3.565306125906045,2.4406153260305103
5533,2.3071871824553725,0.5860413963415959
5534,2.3788183710031183,1.6476611801552357
5535,2.089995310210332,2.150686695385766
5536,1.2553121609539386,1.7195892851731855
5537,1.2904690981920794,0.9386189750557221
5538,1.0706666379967769,0.9187457381265253
5539,2.4004092235899295,2.3401232996646772
5540,2.0897837651297997,2.093774543336738
5541,1.9054723499288209,0.5226067869609805
5542,2.255534682477286,1.7626514094825858
5543,1.8976412459959666,2.319000988296158
5544,0.3829576244840419,0.20431869510670855
5545,2.317456971295648,2.0183085599665396
5546,1.6013305975825989,0.524359312895044
5547,2.064398394813545,2.104676272501002
5548,0.5153044406482826,1.5224981810690612
5549,2.157448105544012,0.9286284125713714
5550,1.9721058482788625,0.7779136870812252
5551,0.937069662262533,0.6754802347700366
5552,1.6671673992807654,1.0119115255501132
5553,0.9231520239359687,0.3226169207931534
5554,0.6118342489657382,0.06960887119748783
5555,3.066661644618819,0.5375377190447097
5556,2.1979977031572617,2.6394108797902183
5557,1.5174708555947864,0.48198135397034264
5558,1.227425479080164,0.9700382569532778
5559,1.9761310249190664,1.7920647743509301
5560,2.4120145360867467,0.3579896209976597
5561,2.44664466006511,1.6950154940757665
5562,2.319610582863719,1.1229443232370189
5563,1.3285232196678136,1.318519490222943
5564,2.304423776892893,0.468584194424689
5565,2.6454586325861094,2.585805795060752
5566,0.971672914796571,0.6729990661514491
5567,1.4529650282893678,2.3573658534648736
5568,2.2482130722109974,0.8738259420813617
5569,2.0594043535459097,1.7792655745340222
5570,2.546298452364608,2.236729991848463
5571,1.6010712438025902,1.1470638757505902
5572,0.7929345992136799,0.8410189646756143
5573,1.2863352728887714,0.7768997093242402
5574,2.5561486669363993,2.725373360511217
5575,0.9241809066669797,1.613156567312129
5576,2.0368101665052816,1.8073934937001759
5577,1.74857890913199,0.823036896676639
5578,2.40981406670335,1.9852231136144676
5579,0.6487760431920462,0.35118533666139157
5580,1.468306895330936,1.735510641702445
5581,3.4002222177014967,2.92644722179295
5582,1.5415913645793606,2.7786959755017313
5583,1.9752546124296382,0.41814108898575997
5584,1.9542790552791605,1.553243558930595
5585,2.4442729728250208,2.6521013255302703
5586,0.6402671371168225,0.353835508114297
5587,2.5341265973608773,1.8466886867709569
5588,2.5493421137791463,0.8335383122581201
5589,2.5446063291457786,2.4259593844563874
5590,1.4423343305263894,2.188457967626499
5591,1.9793019226591961,0.6745388552760115
5592,2.576022519763887,3.0422293456012075
5593,2.820165032728111,2.0299958866744965
5594,1.936299740443175,1.2534922034089133
5595,2.4495003472462424,2.31504378444322
5596,3.5653848607577308,2.555252888484157
5597,3.022790628494365,1.367186178429265
5598,2.685205415125665,1.541769243822539
5599,2.601923893956965,1.6048489366710947
5600,2.1893921582033995,1.6610297941988685
5601,2.471659094048174,1.7713330170948578
5602,2.226557886150279,2.5892355544264087
5603,2.6035613492490306,2.8392976065847626
5604,2.5710745884809882,2.871730072924403
5605,3.0063909493574674,2.5914693157387756
5606,3.5491898389065684,1.5820821042260724
5607,1.1700449932279926,1.773430135060158
5608,1.6756404594532706,0.3021514235889071
5609,2.2873954484691366,1.947404688693196
5610,2.982752329810031,2.850164182145989
5611,2.1479545423442583,1.9779670534288663
5612,2.187542360780231,1.6827270901031663
5613,2.3182620314895854,1.3539518223266023
5614,2.4314017506294316,1.7015792367222584
5615,2.6072114277130956,0.900145345779855
5616,2.1699360488243045,2.4817037360400245
5617,2.949894219417819,2.7280116223594453
5618,2.2194850467788725,0.7190247196039763
5619,0.3691265603727263,0.9231243536610668
5620,2.3976762221508947,2.517166926346281
5621,1.4444823445421007,2.164062360543429
5622,2.3014226292587887,2.3231587127026025
5623,1.9134947624525078,1.759168332505162
5624,2.1651584505734776,2.6445903440496092
5625,2.3801219926586663,2.609724681489759
5626,2.096160857998739,1.7285182432453636
5627,1.60310918685261,1.893904949497925
5628,2.103188633066723,1.8138288684737907
5629,2.0969062475124622,0.7037391780642704
5630,2.614154563335177,2.6728224709342174
5631,2.667711420391312,2.271921799621958
5632,1.9139347465489365,1.0096758884981696
5633,2.2049309976744014,1.9017265777736632
5634,2.1277608828260184,0.765282582930618
5635,2.3266085089529036,1.0419872999142854
5636,2.863778957034436,1.3087304531182338
5637,1.6977153553520834,0.9297861125613943
5638,1.9857373295967502,2.442564730082288
5639,1.9644694596370296,0.5547744950816983
5640,1.965035835788105,1.7272790604238049
5641,0.7469771231496142,2.2106111674967552
5642,2.3740933807795006,1.5433471568962323
5643,1.7616998288689845,1.9380191326146952
5644,2.400477566739099,2.3256045335281983
5645,1.9007454901675898,1.5312367635790025
5646,1.4859317533617105,0.5850032972988591
5647,2.009440530109108,1.9547917667596482
5648,1.7716503575156057,1.671068551523672
5649,2.6902450522241805,2.5677377019841683
5650,1.057817528012011,2.2655248627320157
5651,1.719359650636847,0.9806642575814606
5652,1.8560278087130655,0.8371767232332754
5653,1.0284065151557193,0.65991399308074
5654,2.5911607653859936,1.9291638359049548
5655,0.8407058261652461,0.8032643879907431
5656,0.8184500575968611,0.6900298990621524
5657,2.4260476163059885,1.109774261535947
5658,1.03378465287111,0.5012481420387491
5659,1.648120318899496,0.8791113789382472
5660,0.9083512816094111,2.263413479206371
5661,1.9041645742504958,2.188410302705007
5662,1.7989425285334153,0.8457684347286281
5663,3.1109518965770593,1.0565896183955281
5664,2.971830771362914,0.42418796760171495
5665,1.1062387591073735,1.2804472458512017
5666,2.573257038899173,1.9643095555644763
5667,1.5186452062741744,1.9169381338598879
5668,2.4466867071287255,2.433964359421956
5669,2.4071217860386125,2.5754199967407136
5670,1.4335650193103113,2.401115165613483
5671,2.4040323938371837,1.6273070698215155
5672,2.5026300374989163,2.6408771558920328
5673,1.7078634595828914,2.624954188479973
5674,2.1236657989517242,1.6192994590267393
5675,2.1358096390023613,0.475200834337424
5676,2.109285581705851,2.75246968025266
5677,2.5102342268537297,2.7023041225805597
5678,2.4169737648079415,2.7210736510264524
5679,2.289591612911482,2.1798959190380622
5680,2.35259301547145,1.2523047294968956
5681,0.4106269506509431,1.2920982956478801
5682,1.178496950435641,0.21312929015900992
5683,1.482293921027724,0.3369188667960954
5684,3.3383568915861854,2.307111885302487
5685,2.939566525790531,1.5449951358082192
5686,0.724888885454225,0.32919805580860556
5687,1.7959021645223137,2.2415288088933107
5688,2.133399083284376,0.6673984494474591
5689,0.7236341633932306,2.3117075623815606
5690,1.1496912346785202,2.6522270576668148
5691,2.4928362905277712,1.9476440580002756
5692,1.0964739828351886,2.0468072495944476
5693,1.9924295617382866,2.2853966756081823
5694,2.9714577794422636,2.850601747536155
5695,1.115166921267348,2.131108046361046
5696,1.593852591620335,0.23523568357172592
5697,1.7370819591421307,2.210678519081435
5698,1.8801442713551657,1.2066467832552805
5699,2.5292583296087505,1.744330626026175
5700,1.277602959470236,0.6858577298260367
5701,2.105634574089282,0.9955442101116144
5702,2.315635539179223,2.6331263436795833
5703,2.2474158996963616,1.928828839976056
5704,1.3984836674202494,1.981518482084201
5705,2.4165549753949414,1.9357836060958626
5706,0.33876045711254893,0.4514514169014473
5707,2.195633358513559,1.6029954119299228
5708,1.677245414794742,2.2281803726257046
5709,2.476347012219449,2.372061929828896
5710,1.5585431709822746,1.178492542618928
5711,1.1915279844913653,0.2281318412158945
5712,1.6331941895220132,2.148152027462762
5713,1.5078409436597031,0.38418826732304456
5714,1.113681522904609,1.2282451249440693
5715,2.044787728712631,1.3296363749937405
5716,1.2538760143147194,1.3155912750739194
5717,2.0411950748065144,0.9034135803977754
5718,0.39097882574138215,0.19707417576790245
5719,1.4694562025318498,2.815989959312347
5720,1.8909260217813602,1.2486951101677706
5721,0.5909170769452402,0.05966940608245772
5722,2.1556731362230477,2.186556657955608
5723,1.2792771659894266,0.9202195886485828
5724,2.450169315618937,1.502143749180093
5725,2.461858995436106,1.0164555186888564
5726,2.6787135088793046,2.461775389349871
5727,1.545605631854803,1.9077800526328272
5728,2.4078980764130735,1.2683993135375817
5729,1.228289911079597,2.082734837877073
5730,2.185171462486744,1.7485366804047828
5731,2.272920138654677,2.303815315293874
5732,2.411474480452197,2.506451837286888
5733,2.518221631428797,2.115125659440488
5734,1.493864436703206,2.0131553537426483
5735,2.0391609275727944,2.1868197324228174
5736,2.767935334349116,0.9602068736189248
5737,1.3055433462241144,0.4510186140523325
5738,1.539247751023756,1.593762917392156
5739,2.3354098958024014,2.397148636675982
5740,1.8567067796643375,1.1947542554743495
5741,2.3994050910335507,0.596392769565745
5742,1.381456797447165,1.8617866312180433
5743,0.5053071454221011,0.5229153403877738
5744,1.0106031421833075,0.5080400282733435
5745,2.2592847749608005,2.4407832387438577
5746,1.2904859122725467,2.1075928073749353
5747,2.106098956089774,2.259645603310491
5748,2.069611851969423,2.213894346340435
5749,0.8973902192627986,1.1775594071238524
5750,0.9727595198314639,0.8103629990367791
5751,2.2751051370612685,2.2814841027388444
5752,2.4584513138793045,2.0472727559881254
5753,1.23129091816298,1.2511016773922767
5754,2.520582420433845,2.3772910349049226
5755,2.2724039975741976,2.488938042393043
5756,0.8425581948818648,0.6244929787406547
5757,2.1623469792266157,1.8872870825806911
5758,1.467251261846718,1.0364608947521137
5759,2.386759895828408,2.109872768773098
5760,1.6925719830601162,1.0919227861935532
5761,2.5503868068434876,2.345265282926073
5762,1.2409310914217526,0.4535025664974511
5763,2.5248741756290625,2.3329905040030328
5764,2.587845979699022,1.9339002945107353
5765,0.9947053676717799,0.3141245108979679
5766,2.0936714158080907,1.8121117688845871
5767,1.504218013532509,1.4016872742389523
5768,2.077793086448524,1.3786678390108447
5769,0.09862108453161099,0.13539121956700587
5770,3.03279056253081,2.2587767648703556
5771,0.946238642387668,2.01449561056903
5772,3.2470493784806314,2.652479605526858
5773,0.8439476460456151,0.6828281964554731
5774,0.36493350848824657,0.09071960665742174
5775,1.0401531651588098,1.4365865927097812
5776,1.726882041780348,0.7459802515253822
5777,2.438257012485918,2.570861457724169
5778,2.3192642431726656,1.4400343306767707
5779,2.134479130245387,1.7859014322612103
5780,1.2702827380196657,1.366135520548262
5781,2.4726679615934555,0.960312259390256
5782,1.525580715729662,0.828809878857524
5783,2.676390924337288,2.410346771335974
5784,2.651751961465965,2.0733096800672093
5785,1.4004311323910097,1.562818042204137
5786,1.7136328433072496,0.5708501464490133
5787,1.4464014802732166,2.0011733027042373
5788,3.3466306302011226,2.206667680628418
5789,1.9583243657097726,1.3168737393796797
5790,2.0523945873623446,2.53277679525488
5791,2.263484703362431,2.558120339565306
5792,2.6261150011179937,1.1969497829213285
5793,2.741411208590172,2.8523075574682237
5794,1.3152279590544302,0.2670223271266523
5795,1.2563084169446872,1.7531340236845316
5796,1.8347346448243136,1.8215674295400437
5797,1.324452284524009,0.6016779081743813
5798,1.615227352951,0.5891559129744663
5799,0.8344689530984951,0.4551060188013533
5800,1.6459225377193254,1.664002474192288
5801,2.1207520529311084,1.5897759256654276
5802,2.2350629309656544,2.470518600996138
5803,2.7995899556834867,2.7307021938996736
5804,2.253637026608929,2.264771010800377
5805,2.6161320197564972,2.413698014929938
5806,1.26978078151214,0.7879394131378791
5807,0.8765829387300542,0.3136184918516339
5808,1.0215889820528106,1.3415667214845157
5809,1.330592661627805,0.26932517387933086
5810,1.4932862606219002,0.13973673292023303
5811,2.7254918559523773,1.6986768444415472
5812,2.1139633387132113,2.7527423268206177
5813,2.749337930065226,2.5717784934878605
5814,2.366768983586051,1.8206162375238577
5815,2.659505545251135,2.0878773958251697
5816,0.6787983447541747,0.2501579384353544
5817,1.1049712595519299,1.2677545915796211
5818,2.384868761380484,1.8683800122644025
5819,2.319093345219817,1.5370448464491193
5820,3.3243162487526114,2.334424756247795
5821,2.7997052325043126,2.6498103500286723
5822,2.570102263659924,2.536962859744909
5823,0.6916131738657443,0.7584947624215665
5824,0.8195596731266819,0.12919385002733041
5825,2.3474943261752363,1.9091850932145809
5826,2.0258097074936727,1.973866481331338
5827,3.280526307218222,2.0352714436223036
5828,1.828550830899568,2.1765451298144796
5829,1.0667223233064602,0.08748997336025228
5830,2.53002544187404,2.547924011785758
5831,2.71426859881723,1.988663448093395
5832,1.5195518544826663,0.563957199329611
5833,1.9657548158397138,1.6140337059395198
5834,1.8153513058325592,1.0156912841229047
5835,2.460446951959073,1.589981110500502
5836,1.5907854203120286,0.5607711943105264
5837,2.566020999140844,2.512908927796251
5838,2.2494017061979696,3.0043816281281495
5839,2.631343167414888,2.2814924944084995
5840,0.797718912205125,2.222409340696294
5841,3.1497117837388418,1.450856977975258
5842,2.1664993686558027,0.7563440505797904
5843,2.0038072909650246,1.4378137167420042
5844,1.6736893728441362,2.482219490051738
5845,2.2715238925166186,1.887399052600999
5846,0.8764568870533292,1.3520578792484739
5847,3.206985491573134,0.8481884025080985
5848,2.6052618196002655,2.304285791360343
5849,1.8696922494818866,0.838767658458621
5850,2.0691236867775915,2.503233636889759
5851,0.173364724760366,0.9044097443355829
5852,2.222007924503968,2.09787463966122
5853,0.5740838077955527,0.6279422308313636
5854,2.611056876828051,0.8883861177258582
5855,2.689889001483906,2.698424654662735
5856,1.3455194359492955,0.1883448993981507
5857,2.7120256575069313,2.8320836947840484
5858,1.8883495376757033,1.7298362415445094
5859,1.8742378725362756,0.30079104992689737
5860,3.56367973749115,2.2319450633317923
5861,2.909683032433064,1.1603982161027278
5862,1.7859918596815099,2.434178260722981
5863,2.3277330297847434,1.37491150593349
5864,2.764000695226882,2.692695740223942
5865,2.6138173336493247,2.194326785624382
5866,2.8012246080368803,1.555765315764912
5867,1.58780700910181,1.784624593129456
5868,1.2244573130332892,0.3388763491913684
5869,1.4459557346996226,0.3271398686672166
5870,2.3652964619483647,2.5400703753494063
5871,2.2427631963353485,1.3640499891421471
5872,2.416971567043914,1.487066077567454
5873,2.181736914498929,2.511062920482669
5874,1.0889956468893816,1.917469529540175
5875,1.5317778126935289,0.18447350386807074
5876,2.364800033103397,0.9080316880831358
5877,2.496809874179942,2.672740729673773
5878,2.280054546213604,1.2934312156089804
5879,1.3832728406006558,0.240316625516353
5880,2.2290304803244467,2.721100823402326
5881,1.5945728109476822,0.9394055359930851
5882,2.030343569794275,2.574226345480993
5883,1.8705265936125557,1.5437683529306585
5884,1.8623873585787478,2.1096938413136637
5885,2.081200841553632,2.2736469037726916
5886,1.70021811433671,2.0159125789098016
5887,0.675853911745255,1.8123280482966777
5888,1.876502043636648,1.4174305441684598
5889,2.6347610741487815,2.702230010538635
5890,1.8492767669628014,1.0541688018113844
5891,1.5672045961816454,1.544613015829199
5892,0.3644580675848896,0.057524059184753916
5893,0.44789545911072803,0.31653833085014094
5894,3.0299276210902617,2.5785091187200906
5895,2.5845822232872724,2.555737870528251
5896,1.8129830966114928,0.42661588519955385
5897,1.8111938801080056,1.6687047514108209
5898,2.399810011968007,1.4863314489007522
5899,1.2394572531580819,0.2925253343903841
5900,1.4804251900093919,0.20357883611122518
5901,2.199864598764625,1.7825933675313694
5902,2.53233668362799,2.146256696533913
5903,1.9321541097326083,1.1371430702612575
5904,1.6768035600780316,1.659221619975494
5905,1.9417909935630755,1.0615060981471118
5906,1.8654237982398172,1.1743025206368887
5907,2.0723205590305143,1.4934052649547578
5908,1.5137022947840795,0.6121086038741064
5909,1.4761209689108539,1.657564891193583
5910,2.565114926557808,2.350856274607692
5911,2.123568971800394,0.6064675912976403
5912,2.0371081928397268,1.2379451425169576
5913,3.0776024473227586,1.1319008290745893
5914,2.1315780752841835,1.3367147184083528
5915,1.3525578230777182,0.3646051864436171
5916,2.2200183424775957,2.102297709676963
5917,2.0958475271480745,1.0382345212677575
5918,2.75955748598142,2.0561410362902004
5919,2.567772968678659,2.4468276985782755
5920,2.5652033924043476,2.3305888337033136
5921,2.4434438084658043,2.4109765664036997
5922,1.8543098242856495,2.375086166340441
5923,2.418431491240716,2.4482175584495134
5924,1.7471353891582544,0.5786469514664224
5925,2.408980229185537,2.599385668440914
5926,1.941846769392165,2.7032668932870645
5927,2.290660275106774,2.1533043070696984
5928,2.6140249543673053,1.8996124074341418
5929,1.3937408023555333,2.3602898727340285
5930,1.9864253865779125,1.583431775321405
5931,1.4933122837262809,0.5976641415710529
5932,2.6090931704251186,2.301866318197936
5933,1.4638741038945091,1.0139433109123706
5934,1.6867162971021628,1.8768191225728978
5935,1.2639846919901259,2.026637840947591
5936,2.3215165357317855,2.3369234139715886
5937,2.674310177357689,1.8759259402953796
5938,2.1126215429951998,2.4060466907217752
5939,1.7935700847116882,2.207086067765804
5940,1.4291983201972527,1.7368113232113491
5941,2.4891503460037407,2.3892653441564775
5942,2.492854072791841,2.301588875045798
5943,2.631023100484518,1.7645426308876384
5944,1.0272730564561154,1.8097695414300687
5945,1.6431024515654487,1.0061628240223754
5946,2.26904037891331,1.9806160862015314
5947,2.8940942479876517,0.4312904594776407
5948,1.4360390567116508,0.9591672497417035
5949,1.865195326145327,1.856293387736903
5950,1.447921593176519,2.124856070652458
5951,2.4613360977704835,1.989305746652606
5952,0.7867374947172021,0.08893097801551558
5953,0.1523182697564132,0.055091680822069895
5954,1.8014946832087337,2.077981478868994
5955,1.8024709553841933,2.3540020794976213
5956,1.8305007730891691,1.1150989983881583
5957,2.9662017863130945,3.4891396984051943
5958,1.9726726305073252,1.7067989387952893
5959,0.7652284640923321,0.6396849337519311
5960,1.393738198691973,1.3394943980234975
5961,2.387653673943135,2.462228997658864
5962,3.2283052795488403,1.414533376638397
5963,2.4327556738353904,2.395385043301595
5964,2.3733799390348,2.269672237157567
5965,1.9128397438738254,2.1644616413982916
5966,1.228780092859579,0.21732687029755315
5967,2.6247223795787327,2.2778902261104466
5968,2.237344628414116,2.456027601830425
5969,1.5862094368484492,0.4393265891750139
5970,2.6526070089764664,2.4651250569329743
5971,1.9278175615654223,1.7772362656479848
5972,2.7341990013247224,1.9225827472419423
5973,1.9408648148605503,0.8134150972589892
5974,2.4500075413200695,1.5916917496359837
5975,1.3832492199760733,1.3343763710753442
5976,1.7268365704851185,1.669004074374546
5977,2.547660167748103,2.518902394585951
5978,2.1633682141261086,2.183568258490492
5979,1.15464770666473,0.304811891299367
5980,2.1896516293872836,1.5243013697406191
5981,2.2010481478561483,0.9419238391284639
5982,2.2796852715923603,2.2611195781195264
5983,1.035969319177841,1.1393416623794936
5984,1.8832308217714833,2.281124070005155
5985,1.6466857959456993,1.6314515379486376
5986,2.226687601756082,1.821941307634625
5987,2.502540576254672,2.6676598567859915
5988,2.3427949328858846,2.0279993028613474
5989,2.047931720782062,2.1729223628657954
5990,2.5717562191617818,2.8011441827569055
5991,3.130750165571149,0.8118941177165222
5992,1.9301762463043863,1.3956131586555311
5993,3.42970077093397,0.9713250953601937
5994,2.2444705060225187,2.462866952212596
5995,2.489379024143915,1.0484640077340455
5996,2.0896419957230927,1.8429825688143757
5997,1.768889725890089,1.1083534613632262
5998,2.758411295961504,2.858580074925221
5999,2.8531812912532133,0.6846105371681805
6000,2.5591710650771833,1.5830319430955202
6001,1.3622020011839955,0.8443700210658674
6002,2.2247644147844965,2.6435321311005042
6003,1.59951099460172,1.8351278712244814
6004,2.583007452765093,0.9689584225151174
6005,0.628601443149482,0.5526582441337217
6006,2.908141825555445,2.7244711762381266
6007,1.7117430310897899,2.099841127551602
6008,1.13377148355823,0.1661711063398051
6009,2.581358630925402,2.067909087136047
6010,1.2428167976098285,2.1663054691345915
6011,2.1144537316271865,2.778228663346594
6012,2.498188527840637,2.616727530293586
6013,2.0753666135288613,2.486501293573411
6014,1.8230886420266825,1.399739958513262
6015,2.000183807587603,1.6624377861028643
6016,0.8334618211311589,0.6224321174463945
6017,0.7875670371634332,2.6459974604257392
6018,2.114337458552096,0.1377540396498853
6019,2.8293713665243514,2.89602790735326
6020,1.6915095585847084,1.2205204114344683
6021,1.6865955345658021,1.0929860053929679
6022,2.814605684428433,2.4234612966463165
6023,1.545613999214423,0.48437524235481644
6024,1.439598566811694,0.6106050891888445
6025,2.4396835230938567,1.1517552014199528
6026,1.7705690217692769,1.9449631304673496
6027,1.7777839320428686,2.009985935298683
6028,3.3674033380263566,2.2693945592443616
6029,1.8713971981725297,1.6353333348350636
6030,2.019469060595898,1.0047807488706852
6031,1.4700346366062458,0.6099599896110178
6032,1.040169851730859,1.8801474403005418
6033,2.3288008420113875,2.6359350152735814
6034,2.1284178840916583,2.476218433675864
6035,1.5709486187362196,0.53072489821335
6036,2.145896294241083,2.9003974051437136
6037,2.081909985377416,1.4081267935935722
6038,2.052629042742568,0.5815128204964654
6039,2.803440087831212,2.5446369295255664
6040,1.481390705923699,1.902607828378031
6041,2.8706366078617944,2.137510509142706
6042,2.621056215066342,1.7360728529254683
6043,1.4051838428755399,2.1250797880567296
6044,0.674942591316644,0.4292095591953328
6045,1.208502511623464,1.705156419525823
6046,1.4714104053700126,0.3918016785361527
6047,2.144739496933308,0.331504926244398
6048,1.2287085539931353,2.130184580298729
6049,2.4302705718474606,2.790080875782191
6050,1.1752971670615397,0.48217050752717283
6051,2.0021935802851294,1.138276811378036
6052,0.9836753299396835,1.346888199963918
6053,2.145013047138748,2.169699174431332
6054,2.5597462347576565,2.106916576428429
6055,2.2041332470902697,2.3439155057936603
6056,0.4887268096377205,0.29265581961534487
6057,1.5757621940619253,1.142840750916328
6058,1.6584726297944898,1.6265511599692564
6059,2.4941163791840357,2.6952804552890166
6060,1.921541704291449,0.9835595325882363
6061,1.9467413476247877,1.8135036570790628
6062,1.0307311996220865,0.2566257603609255
6063,2.1692584314481143,1.1706504854059212
6064,3.461125661667863,2.554685727938503
6065,1.6645484488234061,0.6266737067178978
6066,2.6667045617766485,1.2053426188270606
6067,2.0906598892616315,1.446225718495306
6068,2.0969554469507967,0.9823010637417012
6069,2.3816264379511334,1.780485427277034
6070,2.441437141074589,2.3998922884589655
6071,1.040277036683465,0.5249250165564541
6072,2.664408012879429,2.4858996838883805
6073,1.6557986358026011,0.7456580822240537
6074,1.3197963124781134,0.44470844421144823
6075,2.8694541271383547,2.345614897863026
6076,1.937364752338534,2.552034646732039
6077,2.2072787402306275,0.5713086586023652
6078,1.5659289416010869,1.902285015778189
6079,0.7525228286914709,2.0270032657494883
6080,1.8750427337649518,0.4279924303448718
6081,2.18272280634258,2.134032443300769
6082,2.0811808772053793,1.6296641914281556
6083,2.39225654757661,2.330325042375356
6084,2.546088318091455,1.2154892640720003
6085,2.5022276868886877,1.8540612161604488
6086,2.01488289048685,1.8533060771561791
6087,2.0400667770532515,2.1078836234794456
6088,2.4315823657602444,1.221545688436013
6089,1.5342402377603865,1.527463901973455
6090,2.2320007118105414,2.2240125477398176
6091,2.5304626640098866,2.099168192209732
6092,2.241694720609685,1.3491896517474475
6093,1.7636380155052018,1.4296819991503367
6094,2.5424576479144436,2.006285628211777
6095,1.3189020055308176,1.874369829889011
6096,2.55403504182784,2.6978097736043427
6097,3.206276611850574,0.42190916869514034
6098,0.5919982819846723,1.0684757696908613
6099,2.5231940337523486,2.382668710717362
6100,2.632504879356307,2.545173482968235
6101,2.984229715125732,3.4767567746738557
6102,1.4964722868261409,0.657210830117688
6103,2.1771205630104915,0.6993352360362005
6104,3.3681750924803153,0.7172261903930003
6105,3.1128229013594133,2.4124321732105414
6106,2.440653971407521,2.157966905396371
6107,2.395340282833748,1.70481156254471
6108,1.8717599489836856,1.7348691845997395
6109,1.7931782990494247,2.2975937590989424
6110,1.6632472331550174,0.3804178381331153
6111,1.9660111022743536,1.5608820253044215
6112,1.7927206344341635,1.794916459389718
6113,2.2054811109241803,1.4205802475438
6114,2.0753176920431238,2.1063723462397608
6115,3.055868965797958,2.897663331697964
6116,1.108854954405838,2.105806202485225
6117,2.5627893799340122,0.11880343047599898
6118,3.347107263855575,0.675797714234392
6119,1.7865993521313255,1.9520767290551595
6120,2.256164709619186,1.7206997324662627
6121,1.4365424854705282,1.5406242762167528
6122,1.615870192024125,1.7844176424867677
6123,2.393482915614694,2.05330083615443
6124,3.157320331553599,0.7777618410162705
6125,2.269204623354354,2.1727792094834637
6126,2.909557763163338,2.7424336448842155
6127,2.4726070825603212,2.6358773800094157
6128,2.450770516574463,1.989379494392871
6129,2.699491190198215,2.56596958348201
6130,2.452523690036106,0.5910066510197667
6131,1.6303108598401577,1.7297132965305628
6132,2.244903724370343,0.6533207813179296
6133,2.2573239355257884,1.5924468996709809
6134,0.4548943875969929,0.49898138896538025
6135,2.1014976559923007,2.2993063274150907
6136,2.78237947910004,2.247551971237846
6137,2.329235956135347,2.5785270860611944
6138,2.2433552744087786,2.1031435920353565
6139,2.6173791494089076,2.0308739865250582
6140,1.891931185176911,2.852083912924614
6141,2.426336360808602,1.2973750596300395
6142,2.3989684704931395,2.112518321732915
6143,2.595899955548824,2.584992842676571
6144,2.145041745001876,2.949906632346894
6145,0.15254570071807638,0.11936736965994284
6146,3.422447057364333,1.0216199814982518
6147,2.635877212830674,2.148827122428307
6148,1.7285740289403848,0.271444284500466
6149,0.8748341266753562,2.7316094777847644
6150,0.8849445279612854,0.23538275424706084
6151,2.4696945800903047,2.528500019977938
6152,1.1871766706021194,0.40538700432229513
6153,0.655300241475393,1.4730210531876646
6154,2.7350661314174185,0.4843411543638226
6155,2.140577018948845,2.2691251463900204
6156,1.3748525343828828,1.6614785686559765
6157,1.594661597295511,0.43529483428841703
6158,0.7167515325288418,0.23645890294202024
6159,1.5605758216246541,1.5765246708569414
6160,2.732346021987437,2.681547448729354
6161,2.3741364680329267,2.2604124624401343
6162,1.8409306737768072,0.7418227908679665
6163,2.500945924249985,1.9671404576381588
6164,1.1170077568469312,1.1916449691661766
6165,2.5808793631836613,2.210027858677265
6166,2.134171594637523,1.5758811191811126
6167,3.0427873010710216,2.110028082518514
6168,3.0363717295514254,2.496307626794669
6169,1.3178957088721874,0.6462781300261325
6170,2.3766264394738466,1.559167717330739
6171,2.618584869078518,2.4148193666675097
6172,1.2040263571730434,0.5440466921959948
6173,1.948081584043396,1.5404603713844491
6174,2.461893618708617,2.4124636947792952
6175,1.4033605724481413,0.4514798637186842
6176,1.6646198458626573,2.010010598770049
6177,1.6578097588320158,1.208389046051669
6178,2.4837491845417667,2.0348371628435316
6179,2.483451649941377,1.8170113954266873
6180,2.4382206557995016,0.3424485388825616
6181,2.120783345414876,0.8168719556713421
6182,1.3073137511432462,1.0818754815260345
6183,1.3158427920565872,1.7073850997289397
6184,2.159430842898584,2.304205897250557
6185,2.458857849205945,2.0284238414344458
6186,2.2746108573979966,0.5082110853050048
6187,0.8149991953409437,0.98481225276104
6188,2.0538965261784314,2.455804940722742
6189,2.437117714359357,1.9486064738830253
6190,1.1366620733152049,0.8116378216722194
6191,1.2868479913360193,0.21521602899075737
6192,1.1325013646386954,0.6889191019492057
6193,2.61667399311521,2.4285787691244383
6194,1.4055339464707954,1.327812157382571
6195,3.0968102242073106,2.475126945600226
6196,2.4016190391638608,1.975964232610539
6197,1.866999356005854,1.6775449814984913
6198,2.4432119008904616,0.7980745373019261
6199,0.6991187163286785,0.5212913375950237
6200,2.566756482392574,2.3857869598621
6201,3.0845300537606613,1.5771566774942543
6202,1.8030990066497417,0.34782761035622767
6203,2.308512760929233,2.261715767845296
6204,1.4709980250586447,2.44554547173641
6205,2.1007251104217537,2.4566617204376215
6206,1.6707314006724774,1.604834383442397
6207,2.0929431526284423,1.2564480071364925
6208,1.4003119188439992,1.1888406733382613
6209,1.1619448907467629,0.16941754500549122
6210,2.762131262482786,0.0591780376631835
6211,1.317438349968511,0.6742157059279392
6212,2.4803020810621113,2.19560481126318
6213,2.3655100752741807,2.2086230678701497
6214,2.260813823909841,2.022608110444777
6215,2.535295708780465,1.6587505507229976
6216,1.0430641981130935,0.8894366507890011
6217,1.7733320799255181,1.2412096738969753
6218,2.1468714972357605,1.0926762637751721
6219,2.184419347355059,0.842607244150907
6220,1.9273035574102972,2.0942361075558162
6221,1.1391471948041523,0.5358420363517471
6222,2.3096024510655186,2.020275443969748
6223,1.2143989698922821,0.9564634992437424
6224,1.4999546063118325,0.8886057938031117
6225,1.1266552419890083,0.3925019010818051
6226,2.6522618690523063,2.306744401256544
6227,2.0544189714750245,1.583801549125284
6228,2.1313654920952008,2.375036770356345
6229,2.505668505895245,2.5582024338866245
6230,2.99898987293932,2.0441258479748066
6231,2.489585075712673,2.8453544697804354
6232,2.5203646526074617,2.7567506294180513
6233,1.0091435257537817,0.9943049224426067
6234,2.570599270687298,2.7364070673327805
6235,1.420366440050678,1.1388985532146614
6236,2.403627659005151,2.3757558554234417
6237,2.036107195131641,1.1514680974804619
6238,1.7802014909727664,1.8700806348857464
6239,1.4399130916299114,2.0866042357319516
6240,1.8265017973576436,2.580582108093672
6241,2.604270219175551,2.792647514116788
6242,3.186480684689931,0.6719031921858345
6243,3.456905185320086,2.7189877844717567
6244,1.1855211787317486,0.1925859502867127
6245,2.7390038638513734,2.634841541951366
6246,2.1201208779925946,2.214485989165817
6247,2.0220321066968467,1.6003381238359293
6248,1.5132007174914466,0.6503111914386982
6249,1.498166574543455,2.7096991534880113
6250,2.0075128670879283,1.8477902184668638
6251,1.1483429388654065,1.202351182270219
6252,2.786366004276266,2.2924635371965496
6253,2.4869684167101798,1.9830956187281514
6254,2.8666708060882526,1.5410235971191624
6255,2.598623023490838,1.306669256470033
6256,3.0597122728186035,0.74215372614166
6257,3.0166680016825542,0.6921299891884658
6258,0.7315101567572908,0.03812512816901763
6259,1.6531476534131575,0.958187886002974
6260,2.5510810456459305,0.9452936896859474
6261,1.0456901833488466,0.9201953866036423
6262,0.7007723517228828,1.408529391231032
6263,2.333607568991695,2.347002207451473
6264,2.132112352555168,1.0268431675317362
6265,2.3892960103266554,2.324302648997468
6266,1.7776665663300357,2.0059547165048697
6267,0.4586365441981042,1.1116659086004026
6268,1.5513781416092174,1.2268998690657982
6269,2.323721678086353,2.2991521701581354
6270,0.41981741029507663,0.30217066744568316
6271,1.511632224600692,0.8482805994191506
6272,1.9620082769447797,2.1605573332079806
6273,3.2615375823451607,2.0655319324086694
6274,1.6492966955304622,1.5828188707003072
6275,0.4807168180783907,0.09470466536680061
6276,1.9021545248353604,0.3620856903841052
6277,1.5886159761068204,1.3110486532801646
6278,1.651456415071899,1.1401772470536065
6279,2.287507660675827,1.3304966248426804
6280,1.662047099344652,2.422007012857674
6281,1.8371869918829165,1.4768959601687508
6282,2.4621149025611073,1.9879122173288535
6283,2.284851583550157,1.1065241139349704
6284,0.8310161177190479,0.3008748703828388
6285,3.111154645448623,2.661359721854073
6286,1.5820764563260574,1.6281010518712729
6287,1.852305340204842,0.7782565418643136
6288,2.9613074702217714,2.871863889840667
6289,2.4267349562571323,0.5661200833519379
6290,1.2333111093189377,1.2513546475568227
6291,1.3567523336582659,0.6305797000563028
6292,3.115845541917791,1.978041292438578
6293,2.3433882484983894,2.14261122462989
6294,1.7485499968161513,1.182445740872932
6295,3.1522574946624733,3.1292903924345756
6296,1.1799138428409164,2.2532289590938577
6297,2.0410363988054203,2.712976810509462
6298,2.5942773419603045,2.3926443679248504
6299,1.6702063949082109,2.095131372294385
6300,1.9105254585735194,0.7247796605079435
6301,1.5964393824207068,1.1085494532017766
6302,0.8609184325998723,2.3301709645763578
6303,1.458519652503497,0.42228993693920125
6304,2.5398603144719654,1.5037128707862386
6305,2.5736735046423007,2.168658731838489
6306,2.048804752331089,2.4001627283281395
6307,1.685856363497409,2.359353970838299
6308,2.467589156518579,2.345553067202715
6309,1.4922648258412694,2.545407671377533
6310,1.9206670546388416,2.4201474870762194
6311,1.6188478631924745,1.2404265382320325
6312,1.5792587916571141,0.6267763496300365
6313,1.1392648656023965,1.1599955844928926
6314,1.7136448527662256,0.9364398666976332
6315,2.440195359191126,1.4043097047892594
6316,2.0612794959288876,1.1644542909498847
6317,1.0541522139021693,1.0875413473865647
6318,1.171954351416043,1.1518526825595572
6319,2.401106984579239,2.5318343743200096
6320,2.550191048617938,2.7037120928357363
6321,1.1238318470194046,0.17761543053966591
6322,0.788436510377188,1.0440168196416235
6323,1.1460756424199081,0.7879853564357827
6324,1.7653827231687895,0.655476631337404
6325,1.5389449224150231,2.1026713683954523
6326,1.54732236328649,1.6498036683374924
6327,1.3471248848212753,0.41028618946356654
6328,2.131876585743214,2.72885965868002
6329,3.019656188814757,0.7186318842868684
6330,1.7880477682635818,1.6331338875007193
6331,2.3133111967143876,2.3029094214030303
6332,1.8976067714787475,0.6110154217253282
6333,2.328884564255393,3.023871960209704
6334,2.2018628276675694,1.8577311158093275
6335,1.9064254655738189,1.7340409310586622
6336,2.5604162249808966,2.5833564197648955
6337,1.5415513946567152,0.8020479695830363
6338,2.352178262450466,2.3504409679641824
6339,2.455134928327661,1.7477708756373964
6340,1.8025189006082796,1.986828331828066
6341,2.27794051093088,2.4014366215605514
6342,1.6243906503311332,0.25182275878058896
6343,2.379878156421686,2.4234613734190273
6344,2.5771263929395665,2.125217325593703
6345,1.8182866584922501,1.933290121691574
6346,2.5240560994189,1.7309274296769552
6347,2.441799935347192,2.6400576483766143
6348,2.655615115839629,2.447797644331653
6349,1.5570553101167206,0.5521801358346431
6350,0.9062341888828235,0.6274170527110874
6351,1.0940777732403917,0.2959363103460409
6352,2.618198236525666,2.268319271898667
6353,1.7196617836492027,1.058224067547787
6354,1.5780784074566385,2.2759549116819997
6355,2.404793499492432,2.856877363459132
6356,2.6650146960847128,0.21455551871295458
6357,3.012217377806949,2.754956169244786
6358,2.4899372450335733,1.5103145273690417
6359,1.698518343211783,2.4478506786360663
6360,1.3856915369752811,1.9345432956665338
6361,1.1961260885373195,1.4429370762327072
6362,3.00685556929966,0.7401026693810919
6363,2.44070406692215,2.04887958626564
6364,0.3921769836228391,0.15903222162183112
6365,1.9121540483947908,0.1620568827800537
6366,2.0950380844457954,1.891844063612439
6367,1.4739108968171084,0.3404592242325922
6368,1.8973106159715105,2.5245371937395644
6369,2.8519635993099164,2.733030493056524
6370,2.500274611752035,2.3886107972135306
6371,2.124740102324723,2.1066638912219644
6372,1.7287997494190872,1.8473393063087151
6373,1.0293296769220253,0.29991395605937027
6374,2.6096845658967376,1.7439946710750944
6375,1.1766875195749131,2.1269605861277427
6376,1.22226035505101,1.1436148275990798
6377,3.0910369644000304,1.3446922571115651
6378,2.613075190399335,2.096913385476446
6379,1.1595162431387631,0.5406093155294569
6380,2.1070781668620575,1.243179257597562
6381,2.2847637789364605,2.090988388947418
6382,2.2664137938989275,2.5560228122834205
6383,2.1579235992342136,0.9724349715785683
6384,0.5094279491692824,0.08523911370373559
6385,1.9314206287609181,1.6458251070223395
6386,1.7085501976333648,0.6017977828474983
6387,1.8708560587486385,2.476781237439257
6388,2.094344215231894,1.0330799616141928
6389,1.253602012860541,1.4709858876025002
6390,1.6290018718260812,1.1941602679533954
6391,2.2255164300946446,2.176318221497347
6392,1.8008967228892225,0.5275680736199972
6393,0.9506404747933026,0.44549359647803016
6394,2.351353441843874,1.9676977016124197
6395,2.493030376342943,2.229313070636499
6396,1.1698666780882168,0.6061896291700803
6397,1.7913842370754618,2.4997373096707958
6398,0.9980958095885459,1.7944098116190834
6399,1.8302192267015578,2.0600564598070625
6400,2.9240228839429174,1.5781446979351017
6401,1.712588400812523,0.5759834086356166
6402,0.6160079075340275,0.047888859203840395
6403,2.270141260175386,2.325027457529396
6404,3.017114921320038,1.1757967266422595
6405,2.4896598257236087,0.46201115725705016
6406,1.2864522130253662,0.8132361081541173
6407,1.5956910877479822,2.6417378007418995
6408,1.0443954324842748,0.9037417733790098
6409,3.442729046711008,1.9167676839596846
6410,1.070402341330052,0.4728416099760854
6411,2.282082141686079,1.9573226896256073
6412,2.179193708035312,2.235347467074051
6413,1.4405653032248802,2.494620573049122
6414,2.3922319414996314,2.0021510919271526
6415,3.0036853414890547,0.6481179971983385
6416,2.5200806651387166,2.1288949058573112
6417,1.8986582030938108,0.8165298358064302
6418,2.6462974932574803,0.7076219912223868
6419,1.7105138123401649,0.5451864222180232
6420,2.4483379090519954,1.7801529483839829
6421,2.122989351787493,2.172878333264036
6422,1.3700881816088797,0.7585634845162739
6423,1.8080916698817877,1.304466621218031
6424,1.9583114285142786,1.8774601329904268
6425,2.829527137654724,2.4883059256406588
6426,2.1714961164594953,2.4315553312895464
6427,1.4753873198085472,2.065804386865029
6428,3.1490479891816223,1.245931971245309
6429,2.381429271785457,2.3752905614032556
6430,2.651148465857142,2.13437813714685
6431,1.28621547142112,2.1360289410923943
6432,2.0711962087573412,2.088919980395092
6433,0.43906455717690823,0.009194478920004294
6434,1.7271946464920085,1.5635845714411751
6435,3.199953575398586,0.5785767507596574
6436,0.41710152700141373,0.07419729784175413
6437,3.1883115212031923,0.2636257568554473
6438,1.7523861087074584,1.9240646045726932
6439,2.802831994861627,1.5151826241620787
6440,1.7428019871353035,2.0816479105108447
6441,1.8713390095077138,2.314860478465831
6442,1.347113705577396,1.102700371503945
6443,1.4680053626901275,1.871697792013587
6444,0.5001582279985731,0.49462652396295076
6445,2.920347219904322,2.791265556972075
6446,1.9128559258485294,1.9966090703857058
6447,1.1542679321628666,0.2703421246476555
6448,2.485738308198201,0.5106725729005842
6449,1.8005211298538146,1.7564803281770411
6450,2.3571260908790967,0.885851116503447
6451,2.7488646804653234,2.3924529404162542
6452,2.0039265648499063,1.7171108743028878
6453,1.1747683187694307,1.2898380557336817
6454,3.1553078228834637,0.7616184431243551
6455,2.226940462909602,1.4328070607754504
6456,1.0973359407322691,0.8977354698964679
6457,3.062793537248705,2.3544664327902183
6458,2.244921553399538,2.42102094987158
6459,1.407148267514429,0.8501945197506449
6460,0.43696243527524015,0.058177108559797235
6461,2.516997630615566,2.306054551657513
6462,1.7218499361121082,1.7578018476401012
6463,2.911871902681706,2.7836232781205434
6464,2.9129410854059197,1.73332863226714
6465,0.8948650151496621,0.9471418871115571
6466,1.9767650609521559,2.293391159142875
6467,2.55244412683941,2.5834468609855157
6468,1.3569679053487707,0.5808239118118649
6469,1.4019152654957219,0.8224196125901198
6470,2.1485521536470733,1.9529575822252165
6471,2.2593389322601882,2.4277882990023225
6472,2.482124121980553,1.5856080490957918
6473,1.2182217483169822,1.0517002386604661
6474,2.8418876784818203,2.490545675942774
6475,1.8507230968207342,2.1365146003645648
6476,0.4912535045722964,0.47880802064654265
6477,2.0495797486844785,1.344321095432597
6478,2.5991538069702527,2.683463094259833
6479,1.6471570732912189,1.811058037459921
6480,1.153190518325628,0.3384250438213404
6481,2.2107651794916556,0.8106610341285746
6482,1.0830327927211507,0.3290018097989272
6483,2.122509189682736,1.0948122048858264
6484,2.3380201343777047,2.133475244564948
6485,2.008227770976721,0.8629547851063529
6486,1.98914921929211,1.2437691142584124
6487,3.4832954858056033,2.314987108326147
6488,2.1738252606016486,2.2607051537233462
6489,2.5085936912217477,1.0789894557019515
6490,2.133989167714701,2.176370911259803
6491,0.4033796040349302,0.0726073643435926
6492,1.536012977531113,0.10679478701522754
6493,1.2878793734267833,1.1100921385927038
6494,1.9467123911967368,1.354009885915915
6495,2.589322212377317,2.0267802589980564
6496,1.501327664562512,0.27778885695734673
6497,2.730314499648057,2.4134763575939653
6498,1.1767179488845492,0.5035547963116748
6499,1.6052267486419505,1.694793735111171
6500,2.3709654104824045,2.2275085614672303
6501,1.908921366705298,1.28841528960355
6502,2.459250323658019,1.9718257073262324
6503,1.495553695845953,1.7647523516968084
6504,0.7583133876075961,0.8185936447177476
6505,2.095448433359429,2.4823052059855297
6506,1.625597869410798,0.2070025193018995
6507,2.3367979913112515,2.8164059762759694
6508,2.6887366239037833,1.2888788985727468
6509,0.5767353671377695,0.6611660997572251
6510,2.9292863053214466,0.36455305321245457
6511,0.6912263813606424,0.33059711554922
6512,1.3167636302058066,1.1668502527918196
6513,1.1450720995840014,0.23126492541509944
6514,2.1769709786398272,2.0047831223950867
6515,1.9398207460408365,1.2112577209997044
6516,1.8593010849813356,2.1782487006688758
6517,3.0382410005348315,2.1849138357328637
6518,0.6232707473394817,0.3996448855729504
6519,2.694500327403539,2.3441982863188766
6520,2.023190120980466,1.6775263791039245
6521,2.239471780594031,2.528860360196984
6522,1.6219198015503844,0.9694776859818794
6523,1.4105055976572676,0.17164390784902714
6524,0.9302750928745683,0.5266339623375756
6525,2.209162118321411,2.304587767935311
6526,2.1658096837870118,1.2269391445271318
6527,1.4780963769641131,1.1753673437255046
6528,2.173515087501023,2.4549812725070113
6529,2.406518619558375,1.784745682848917
6530,0.3346815711478584,0.28312427407503454
6531,2.9585790449003913,2.995879614253142
6532,0.7729747066795478,1.06716602718619
6533,2.4990784462410884,1.7082866342185554
6534,2.501827750176329,2.5521135550452954
6535,0.9515239800370846,0.2955250290882445
6536,3.24088444249897,0.3321400650617032
6537,2.527799942226989,2.70543667689155
6538,2.082863473522982,1.4608995573778483
6539,0.9111894584204053,0.5045653384147905
6540,1.6779447438136883,0.5042399452501996
6541,1.2174524833307832,0.30702592018637126
6542,1.7866939507578463,0.11878348735092596
6543,3.3283846537146204,2.542220688710822
6544,0.5935371404027148,0.1978612444799042
6545,2.4825749510759976,0.9427241363906538
6546,1.232855107770263,0.1549014087936543
6547,2.469489235617302,2.3908922743040466
6548,1.773010522609508,0.9669358391972932
6549,2.5935392175934626,1.6182792715628116
6550,1.2673731991048955,1.3338638117150337
6551,1.9690301005956108,0.7825581313721002
6552,2.1062546612823407,1.2636684058276633
6553,0.6883328404357972,0.33088380755285446
6554,1.4097419337106853,1.1572604827815445
6555,2.2815325890122984,2.246966164613369
6556,2.360018061397483,2.4332702996312223
6557,1.444314274443401,1.104335296934198
6558,2.364861751165775,1.6190006501915923
6559,0.7631642972401301,1.073148947715319
6560,1.6269005937694763,0.27846774985097006
6561,1.4535200243361333,0.7702706471399859
6562,2.261728117342523,1.6690900535635904
6563,2.178499315794257,2.422747966339428
6564,2.3864703161893255,1.177223055411366
6565,3.05717017697521,2.5455922164286555
6566,1.5527353671426711,0.783384140500186
6567,0.9258347681628115,2.229093681467311
6568,2.0482952330979822,1.0276598177136358
6569,2.1288202831428578,2.511760978177589
6570,1.767416495918264,0.6648470919439138
6571,1.9263313722167206,1.3360487898064042
6572,2.578072245084682,2.6993422660815387
6573,2.2530303584735947,2.4726571038964353
6574,0.8709554913043563,0.6026107945527156
6575,1.2512337183892872,2.248540445814123
6576,2.1033616984100956,2.167921421039865
6577,1.1132178371209636,0.3232854208601266
6578,2.0196746265156613,0.6395171963044243
6579,1.767103913822697,0.7969026939387651
6580,1.0948202544534469,0.6738250266721233
6581,1.3480859151699194,0.3112176702750036
6582,1.6581210903094379,2.2359933134107357
6583,2.8086779512748365,2.4578060255340946
6584,2.604672404128688,2.8744102795748905
6585,2.4628479682779787,2.412185376368661
6586,2.476828167453628,1.3812514181914533
6587,0.45122417372212215,0.014913399574247269
6588,1.2228774129693873,0.17248026424051813
6589,2.4419919010079356,2.6992021108110453
6590,2.4858976155399133,2.7511898514080193
6591,2.5096281355805874,1.5347351818381716
6592,3.067293291797707,0.654784216848983
6593,1.9378215483747632,1.5249266353083226
6594,0.7929663572993002,1.0331967235264263
6595,2.156771355918553,1.172887034733465
6596,0.604286649320648,2.381855633696153
6597,2.59758777276312,1.5986816664672536
6598,3.3990285199593,1.1997846088682556
6599,1.7355352319238853,0.5623793993502885
6600,1.99600223065248,2.6699984036305824
6601,1.447909680110286,0.8218983191411643
6602,2.5776553228673413,0.8363874031916042
6603,2.8060407707505726,2.558566083349729
6604,0.6541622676431088,1.389956246406675
6605,2.833940690777551,1.4900099767781518
6606,2.5960337192693914,1.0114465323707122
6607,2.9766618694002807,1.76957493706034
6608,3.1935974253243766,1.0262920339402362
6609,1.7114319816113948,2.561219341305209
6610,1.8233254893190327,2.261708531856637
6611,2.098676939731587,1.786535074325416
6612,1.6561777728042804,0.9153153136207098
6613,0.4574532948489363,0.20693521939714873
6614,1.7759784727738,2.433675876980772
6615,2.612858034139188,1.2449559252184208
6616,1.9890729232932385,2.35267505066884
6617,1.2537113246568303,2.376216762134227
6618,2.064948497901985,1.7371809177659592
6619,2.5951595578502253,3.055167953731949
6620,2.4779782242500614,2.3029912012126617
6621,1.366473948278276,1.1084033442977983
6622,1.482646264978542,2.0008731692386
6623,1.7738178806474774,2.399359952283469
6624,2.2523780655510666,1.1684464841788869
6625,1.0465710969139563,0.8270593583247816
6626,1.8000110273369632,1.8610115692149067
6627,2.050265322637222,1.9655314467536
6628,2.670483412446583,2.3936641716922096
6629,1.2774110128285308,0.9301812496904637
6630,0.713268351754054,1.852338469936257
6631,1.6885829244183173,0.7137253480501408
6632,2.2190591561109128,1.2794614394656592
6633,0.4005152049773625,0.22397672797507379
6634,3.040511250877083,0.960650280064785
6635,2.987171518247052,2.6008721398450074
6636,2.305295950136025,1.7256445502796847
6637,2.2447288717247735,1.8448722261028645
6638,2.4276912379732507,2.270718108572956
6639,2.239845390932248,2.495637994280192
6640,0.9941397631332104,1.7897928182134917
6641,0.46429216610373975,0.7105232627447874
6642,1.850815940139891,1.1302591669969324
6643,2.1306031353404404,2.341712659998201
6644,1.1792398881666497,1.8975767573031346
6645,2.5775482922890216,2.509396939414644
6646,2.0915529523129006,2.181544380976519
6647,2.3121147130192092,2.530962650087123
6648,2.0513868574879615,2.2124192733084436
6649,0.6884537394021438,1.4459143718850045
6650,2.318185008537245,2.1395271119010095
6651,1.8300942551715633,3.235012430894134
6652,0.8229598220838082,1.4813872156523444
6653,1.9984276649853765,2.622592656028976
6654,3.214243619761148,0.3489906878172126
6655,1.9911252482050696,2.4925403668020585
6656,2.310458083012194,1.8417438212262602
6657,1.361593022093229,0.5841393038296964
6658,2.366521659463051,2.613934016661591
6659,2.4515028481837486,1.0193143236162185
6660,2.720144233150829,2.4443401239225846
6661,2.7547628264500106,2.4961970290383895
6662,1.2494379640064062,2.432205094537331
6663,1.724244870176457,1.814759089590264
6664,2.388875591619132,1.694476245252608
6665,2.5744907504823242,2.537431746057221
6666,2.304611806196049,2.483436377593907
6667,1.8384091134998475,0.12212618755742088
6668,1.4332974256874813,1.3099781045817713
6669,0.6477761336504997,0.7471553098220358
6670,1.6292997936372615,1.988010444922918
6671,2.5805906370324228,1.374842574166923
6672,1.7441146200344988,0.3313108903275277
6673,1.8110814795563193,0.9644554472346056
6674,2.1864250675552115,1.813968606428464
6675,0.6914633680424933,0.21841401735952762
6676,2.1196175591341806,1.7187439246270768
6677,1.894300692618111,1.6610144317446711
6678,2.2792434723602946,2.339481219442008
6679,2.195686414951701,1.7234024566580477
6680,1.267283774242947,0.2134838338945962
6681,1.3248249189111654,0.7066937396667609
6682,1.2320188185840053,1.03180203974572
6683,2.3886241656287166,2.6551384944303007
6684,2.6959805270694868,1.2684784893422407
6685,1.0007458436669394,0.779939729936288
6686,1.3731439282639561,2.6747723969857384
6687,2.129965500198839,2.576152581223326
6688,1.1304733574098478,2.3353798639119248
6689,1.709689224651985,0.381990111786693
6690,2.746730427490264,2.6289654835888157
6691,2.158819505200835,1.7459210388491335
6692,1.906049955595419,1.725192402085453
6693,0.49484012869567995,0.9660113464761971
6694,0.6104622309314491,0.4015754502596921
6695,1.0436105755717677,0.3656425225960366
6696,2.126117875268341,2.837834482003506
6697,1.9460498837539426,2.4509369393048606
6698,3.3693345805670427,0.6385387920180436
6699,1.1706561740862564,0.2932033964955804
6700,1.3949927202642092,1.2269611978744037
6701,2.4187877720330957,2.8043546501045564
6702,1.894583510097447,1.2495656262906842
6703,1.1201658417635245,1.393862658469633
6704,1.358659527353207,0.8768661758855407
6705,2.6680209985854604,1.6635906015798347
6706,2.24865073348667,2.5076662890868517
6707,2.165454162214826,2.0107267341012927
6708,3.3501909353594197,0.6065392937849542
6709,2.677074592219129,2.538815343645973
6710,2.4304835375680702,2.7699418852919013
6711,0.9011289838220898,0.8663362962282912
6712,2.3323406403936184,2.1420565372813947
6713,1.5681860920925288,0.6895545897964844
6714,2.4641468741583745,1.9160228907518981
6715,1.8557345777086163,1.4604522802514146
6716,1.1080691070672108,0.6342037673022355
6717,2.2575056940738545,1.5919228352774812
6718,3.1558776306923115,2.2231613569476663
6719,1.5290677793268663,2.070989828416796
6720,2.4998350123133504,2.0655022874480244
6721,2.026013644110416,0.7328622636545428
6722,1.3927291873000343,0.9781995681225097
6723,2.733742653587287,2.3609416359226674
6724,2.571028088903426,2.469996311870363
6725,1.9061166806820726,1.544831687620952
6726,2.4868514409592124,2.6323822901508276
6727,1.2353193205424657,0.6063719588559359
6728,1.1607286544045794,0.1247792707807224
6729,0.2545164356159181,0.20098144053080458
6730,1.8952213806633411,2.6203875214351595
6731,2.347103699941314,0.988715691716754
6732,0.9506034574415757,2.7496857913899895
6733,1.9652380978492439,1.2489595005601333
6734,0.9059479748916571,0.06498178008238031
6735,2.4673828822131947,2.3031800118380374
6736,2.633080125963947,1.2346566172700006
6737,2.4173127381196244,2.4131540275530123
6738,1.7107074018200001,0.2589791059435141
6739,3.2326751281927435,0.4016279581455933
6740,1.6873632863065948,0.6959534539633841
6741,1.822496546291888,2.128419361667891
6742,1.9475109766175553,0.9633137700367723
6743,1.559160798674525,2.6139054237703907
6744,1.5561618368879695,1.0739833849246407
6745,1.2027876171961303,0.8297973565977821
6746,2.252954102469958,2.1058417659643207
6747,1.4621298953649502,2.416782150676952
6748,2.020183407054286,1.4198718122202025
6749,1.7977151956507509,1.8254975412491479
6750,1.7278131493362603,0.4596659352008043
6751,1.393556992041351,1.7874638845778321
6752,1.7873838997064402,2.188392330624426
6753,2.402589866914597,2.4469178983301143
6754,0.5598744558653257,1.011620983702445
6755,2.4530446325127033,0.8522559140536892
6756,1.1748581244550367,0.13703858616014788
6757,3.405732293849092,2.5710934713803733
6758,2.3993231690842998,2.0265427377803404
6759,3.3805821616176734,2.495109715496997
6760,2.2762405222509363,0.886804332365773
6761,1.6062062057228519,0.9820371669548019
6762,1.1974576745754506,0.37086951188738304
6763,0.4946181549536491,0.8929676789275229
6764,0.6607002955947364,2.1038983027090232
6765,2.3384214800129857,2.3156066243338054
6766,2.90583467357253,2.4321586144392997
6767,2.3098129375750256,2.768360776750551
6768,1.491275625789118,1.02704462244107
6769,2.3843220135691663,1.9969258268930379
6770,2.488471887333352,2.744537717539489
6771,1.380912197203685,1.4357395399100221
6772,1.4910183381984004,1.3144574110364255
6773,2.100922276234525,2.071191795303785
6774,3.385759360657189,2.0405039819569097
6775,1.3039550583532062,0.7045798118599189
6776,1.7546257019713156,1.2671076044969236
6777,2.4989969737790347,0.7819551512795121
6778,2.6442501645663086,1.5936771686193658
6779,2.0087355686680888,1.532520136179311
6780,1.5935830655473489,1.0658922370555008
6781,1.2500654303594771,0.14707140630486376
6782,2.134321873376186,2.197518059720026
6783,2.2166567704653724,2.365790029336451
6784,1.968247650866563,1.349086052970251
6785,2.304656143147449,1.327539530124098
6786,1.4568084012972984,0.32321919748170425
6787,3.489262185958917,1.9641472866196945
6788,2.5664363031898825,3.0476505581930056
6789,0.9175085971534447,1.904521962737189
6790,3.337508203479927,1.617430463322801
6791,1.6278198233317545,0.16677174805711792
6792,1.470703027263592,0.36772033582776714
6793,1.9136488627991162,0.6929184413448185
6794,2.42914679272178,0.8345701457983326
6795,1.8869283321721046,1.103872191437104
6796,1.0996475585589942,2.223520735558222
6797,2.5780125905952462,1.8471964628879922
6798,2.440681253852619,2.359152269873774
6799,1.9624481136545127,1.4949260596588407
6800,2.8061440686323333,0.46177614814710477
6801,2.326193105170327,0.7719937270929019
6802,2.4382182101042567,2.772589108410316
6803,3.30637775373768,2.0598150842280796
6804,1.9307431878852455,1.3822369496591287
6805,2.4378336978923185,1.351517292625696
6806,3.115853981581039,2.036272217583954
6807,1.1340968379730152,2.4676952064511153
6808,1.395862661899595,1.2055502556984745
6809,2.1386853717298395,2.3567740470776575
6810,2.032682114360183,1.212470638439567
6811,2.3646816538577773,2.25685842663964
6812,1.5450713638756033,1.0935429863287223
6813,1.0981750723139532,0.7237759649315919
6814,2.409421147673349,2.203462839432531
6815,2.358381408891668,2.3813584873690536
6816,1.1795436321365302,1.2395219355344194
6817,1.8910047226602875,2.3245527820400342
6818,1.5454606623947362,0.940139374186153
6819,1.7378525670964262,2.319173971870636
6820,2.5108543802915935,1.5090978218421396
6821,1.4918782042672096,1.815152149969269
6822,1.51321871932429,0.02739933054150736
6823,1.9336660237759633,1.25947303231191
6824,2.0201405443545717,1.6964555713400027
6825,1.9470190631638995,2.0432655103940243
6826,2.606138778292173,2.052373886530601
6827,2.638021833365048,2.5807900014286105
6828,2.4238534566743257,2.439809939989623
6829,1.2848377740014454,0.953524287090856
6830,2.2430575490995968,2.388692519598476
6831,2.129847168048714,1.8381071712988897
6832,1.2338786531297936,2.3855435685736723
6833,2.519412545213695,1.2240597562637399
6834,1.3065563012008214,1.3843973704069488
6835,1.308672698848884,0.6039047901667642
6836,0.8783671010675504,0.8020240090649545
6837,1.6852757850463638,0.6041134151243156
6838,1.0030890834652106,0.3372176642627647
6839,2.0558957550919685,2.173682057907191
6840,2.7996408904665038,2.6947825716006215
6841,1.6097576899520496,1.0493153589945128
6842,2.1006932014571333,2.6854597593842335
6843,1.84031329553753,2.3124331360397887
6844,1.1114111936636888,0.928508188651939
6845,0.6866323955247687,0.2633060763126678
6846,2.274792892774276,1.2890569524742226
6847,2.2388821303578674,1.783681921472384
6848,2.1408651710397226,1.4294026279268826
6849,1.9590314722747664,0.676122180882545
6850,0.6452703328410319,1.3388757711341155
6851,2.089702903272852,0.666906213942891
6852,0.7754737869908995,0.08848291559732242
6853,1.972991438287909,2.2676911342710175
6854,1.611962417704723,0.3455391406340438
6855,1.992033266318606,2.1976816224132625
6856,0.97712639643223,1.632225656589086
6857,2.5961933766811596,2.801917893715722
6858,1.7896921898683158,1.1225937588619743
6859,1.7932731923428187,1.1929950645350402
6860,2.060069519879216,1.475880240279148
6861,1.79017551923079,2.3642496770346813
6862,3.0667164480208435,1.020518497755258
6863,1.5287146887347758,1.3704695116139203
6864,1.6887783336677673,1.1290789820448472
6865,2.1871995289548805,1.9161634977726725
6866,2.4137196289243668,2.2720322234166
6867,2.2939594815536606,1.169934485209476
6868,3.151565216048654,2.6427323351654084
6869,2.334189980944216,0.9924772159131242
6870,1.8274936049903487,0.7647810211744721
6871,1.245552409659345,1.0803805814480072
6872,1.3871793918642605,1.0152527738938388
6873,1.1364591928355534,0.3971701770910544
6874,1.4057121026835422,1.3816387715088807
6875,2.071585225259359,1.222191188725506
6876,2.771864280921074,1.6596735381511136
6877,2.3588237466557285,2.6901926808027112
6878,2.3607358595900654,1.4923970067879295
6879,0.3580513675096983,0.9908781241822127
6880,0.8844092859137432,0.7423630777367787
6881,2.098335651892172,1.8797134621187659
6882,2.410347397082528,2.2298033113578875
6883,2.582229197415792,2.1071588916215913
6884,2.4645188956666755,1.3922985283527762
6885,1.681333080244718,1.0784948228870412
6886,2.2625372795122134,1.4417920364032875
6887,0.8665568112316766,0.7229710717118067
6888,2.496555549277816,2.3471066722789513
6889,2.2100895402975813,1.0728234232064628
6890,2.712133523869693,2.8592399826867845
6891,2.0946389747743113,1.6060493962557805
6892,2.394975561956432,2.5340229854314926
6893,1.6701731874067,0.6436214977867943
6894,1.958521161007923,2.828401474702761
6895,2.256170457021589,2.4035799247996668
6896,2.4171991677328486,1.706816480625897
6897,1.8122842126304868,1.1715985413780141
6898,1.597033113542395,0.6415837602123826
6899,2.5530427389352477,2.4728388165297206
6900,1.6688236286687854,1.7728419927843846
6901,2.3772672839904874,1.623873035186054
6902,1.3508692173285024,2.761661739857934
6903,2.13859588234166,1.9955683410185452
6904,1.5738105028334333,1.487270495191507
6905,1.9974874744123674,2.0441281194414405
6906,2.2911276336173096,1.752506665674337
6907,1.220356670442486,0.4782135155932005
6908,2.2184028387770867,1.7923021947280804
6909,0.23817949983734288,0.10393613402170035
6910,2.8170982393448236,2.639209574293096
6911,2.0632179261012817,0.9420232399477908
6912,2.406678079913714,2.638381966707452
6913,1.3448874539227802,0.6756186132438021
6914,2.6877095044792023,1.9413460335281976
6915,2.3523792161994557,1.155553666748202
6916,2.1963622907185036,0.8053729615807373
6917,3.4160230841815546,0.8623762313198307
6918,2.0365723860349125,0.3340199292513904
6919,1.4733836463677696,1.9575519468302436
6920,2.8219092514551383,1.891337768201379
6921,2.173777851277805,2.4257270807163986
6922,2.0199709680832294,2.2346939981564216
6923,0.7735564179120948,0.21543962902697078
6924,2.4090386555183514,2.544649631049879
6925,2.6283372884644955,1.6761939607929357
6926,2.361887647086665,2.7182049680919254
6927,1.0208550225171056,0.4556070895974496
6928,2.0537594121724196,2.1343317742370904
6929,1.2568263634972237,1.426282220506434
6930,1.8227811765214705,0.305341576585498
6931,1.179289771557792,2.7402068210219284
6932,1.9062249102760047,1.5623978358724206
6933,1.4200476267099937,1.0302781018622025
6934,1.4226879831389885,1.1909379636881539
6935,2.8306191042443087,2.5282536331569427
6936,1.0332273466961803,2.260177436780366
6937,2.2102639606196828,1.3185685472825641
6938,1.6372999759091453,1.8785873134452344
6939,1.7446766539998757,2.560363285160049
6940,2.776115937572424,0.3451626217209251
6941,2.8108480982527153,1.805003221410142
6942,2.761326131477335,0.9348901949660561
6943,2.5095443677278078,2.13501722033139
6944,2.9316216557662687,1.998959430359732
6945,1.7382517392525771,2.065996076238974
6946,1.8522093236315698,1.297212032454497
6947,2.573462043836123,2.6810607218689353
6948,2.5744572288468537,2.5584523803478385
6949,2.161583563644553,1.6825063014383261
6950,2.505694784200825,2.4862379683637457
6951,1.906316003779157,1.4252123285872775
6952,1.4056059808198955,0.3111345401122136
6953,1.787065487497754,1.5141768580012107
6954,2.308013980926283,1.3338237175125505
6955,1.602389389763716,0.6715248753315154
6956,1.6975760309206303,0.8948130500167017
6957,1.9978458980506535,2.3975805743186416
6958,0.751658318116578,1.5900264521119691
6959,2.5933434857566975,2.357446509891459
6960,1.0698595338715056,1.4299551748901205
6961,1.7269771487729917,2.003850135803392
6962,2.8380972336241035,2.8569366202989244
6963,1.9155300280967666,1.6548968897993288
6964,1.17388358762979,0.3294065681353677
6965,2.206963884260637,1.4657360419598204
6966,2.193824291853837,1.3295375686670732
6967,1.2530107968794382,2.0018554581624515
6968,1.3510534274188017,1.2227781068098034
6969,1.1624189064806318,0.15098967866893892
6970,2.0231633448965702,1.4063496079618047
6971,1.5509594131601618,1.0922928304193136
6972,2.6768547223109187,2.605628722026302
6973,2.413933447374672,2.3815612554969694
6974,0.7549989581621542,2.3346870694992097
6975,2.36891937011356,1.645596177741059
6976,2.2353917005285773,1.646997227999477
6977,2.347229035599872,1.4606809131817917
6978,0.682089182716459,0.6623366889775728
6979,2.252775607003697,2.7359603653552678
6980,2.985944480279026,0.5950552365030198
6981,2.185633436926923,1.9125919040895591
6982,2.255824742902827,0.8914136741507538
6983,1.99748071059212,0.8961573049867325
6984,1.2157183621267451,1.832031555234755
6985,2.1309858297703004,1.1804993668980235
6986,1.1794159583107295,0.9572101790462523
6987,2.6182081401260207,1.0137159768881407
6988,3.3339614393483843,2.4621913573931637
6989,0.9448892687759144,1.3147839695128378
6990,2.092874760223936,1.1248012882346532
6991,2.298961765934687,0.47575726483707326
6992,2.0512991379531154,0.4617912762836748
6993,2.5599339172907416,2.3256025196526675
6994,1.942203804299494,0.7544976691246299
6995,2.529367457377084,2.6082907731873157
6996,2.4447565632100043,2.1157196587722344
6997,1.666474495266928,2.3780147128544207
6998,2.0699615877318562,0.9455221870428422
6999,2.5222412277219983,2.3746439407434625
7000,0.7554733836651678,0.13116774314149812
7001,2.565789042088618,2.2920394481456356
7002,0.973469348875215,0.22036051418763053
7003,1.6249427183627512,0.5486070141762367
7004,2.6317045377623063,0.7748033869466612
7005,1.326953705026977,1.871984562091225
7006,2.011902643413799,0.4399808523466246
7007,1.3130821856760897,2.240827923239747
7008,0.37597835222152726,0.38696093861643066
7009,1.7883216654330587,1.3052945934863724
7010,0.9177116366920686,0.44438827367074996
7011,1.6049425311862355,1.0384946301390958
7012,2.4555763709671434,2.7531988785960744
7013,3.392884194491487,3.465441287223451
7014,2.3483257221401272,1.8319174261726265
7015,0.6314900803998594,0.4805941062108112
7016,1.9660214044929376,1.0307582456605866
7017,2.206350979827233,2.539645969020329
7018,2.0983361105191327,0.9328691070759143
7019,0.7459310505497968,2.6158271478371917
7020,2.872785935135892,2.6014079318396734
7021,3.457291189810394,2.5526386588075805
7022,2.106106091229519,1.2475346667719196
7023,3.5968575421017537,2.4106952179130605
7024,2.434130013545414,2.2696305775080097
7025,1.5022687018482277,2.082351699830327
7026,1.7043925210160271,2.8864072275587858
7027,1.0338986792739024,0.20379812792122648
7028,2.163980084016536,2.1783201399905807
7029,0.3748688808777085,0.03534207151364471
7030,2.551130212310801,2.597034655592539
7031,1.8985415785598125,2.058855457759652
7032,1.4228108490838607,0.43062278635787704
7033,1.7569399364933445,1.6763475195571078
7034,1.927011329982652,1.5066713595435288
7035,2.108390628593914,1.5107785720234015
7036,2.7630474764621713,1.499028075437368
7037,2.602438610598092,1.8276925341503996
7038,2.056775660967392,1.0150448021195817
7039,1.3204380049160358,0.35312031397507626
7040,2.535908978004421,2.342576658429797
7041,1.7204616775332031,2.1490202563894005
7042,0.8440236401950695,1.74860836866914
7043,1.7367169894625696,1.7432642419250475
7044,2.0882151334921115,1.9295720491451551
7045,2.0774316749429307,1.8090266091670413
7046,2.354485009874497,2.412843995215183
7047,2.489998593470641,2.4083393982481165
7048,2.382403549414739,2.4308576966021094
7049,3.044195055636725,0.5130403895067466
7050,1.6419987377443899,2.566146622456149
7051,2.2997876422624404,1.2016619450256714
7052,2.742587699884985,2.826653463461016
7053,2.6092388174210344,2.67866482332
7054,2.4359579046594573,2.063801831377046
7055,3.3652884780241488,1.0685576995799622
7056,2.8132037547748934,2.22671535959701
7057,1.246846012965408,2.3210637602478856
7058,2.7748490374010313,0.7771174506105697
7059,2.380475315396656,2.3910459239653976
7060,0.6330640002332367,0.662669763656422
7061,0.8116333390332247,1.041327522311904
7062,2.2166335164367172,1.9400302091916912
7063,1.8196732783568368,1.074598144991396
7064,2.210478218566006,2.1631216685753305
7065,0.7932746210246202,0.09609523454596573
7066,0.9341892218740283,2.575635094984681
7067,0.7670671933980661,0.5239395190138131
7068,0.05851135150886479,0.04894754242748053
7069,2.591460815173649,1.7007068989228573
7070,0.790795600845578,0.8275388637482828
7071,2.620441644647171,0.9902046932243677
7072,2.0076341905861055,1.5265469225857675
7073,1.4243018572548445,2.399511070995815
7074,2.663208313853891,2.670342654475086
7075,2.0780306916894897,1.5594589843107822
7076,1.9454482264665829,0.7503976926103879
7077,1.9350281914622935,1.9646899698118536
7078,2.549105358455721,2.433008062497016
7079,1.2070746282627622,1.645320424382839
7080,3.3099114525644864,3.181639988567427
7081,0.9529514683252335,0.4535485313712246
7082,1.7605719030989644,2.1239479700648776
7083,1.5809621589684095,0.5585675638769161
7084,2.1323007277947728,2.67599239746073
7085,0.6352064120097228,0.23455060122011825
7086,0.6017447380171919,0.13140067780333742
7087,1.9300911636125264,1.8015251397565
7088,2.2852688842304607,0.9732038485851796
7089,1.8351131830379894,1.9148390015047527
7090,2.5000492869911906,1.783168562075723
7091,2.9347043562344575,2.9249757668638448
7092,1.3200693845840599,0.29075733662993974
7093,1.39467385289088,0.40058486932641474
7094,1.4707136993338092,0.31592918708458856
7095,1.0455597971451107,0.6143950388613475
7096,1.8426484514328563,1.146005712323276
7097,1.7740296634311266,1.7496494200737718
7098,2.492602619811132,1.5140302549382647
7099,2.513659304335799,2.496814537311779
7100,2.2492075401102922,1.7151105712868808
7101,2.038572260569656,1.7677469273723763
7102,1.3866205649563053,1.0071909494540778
7103,1.3661482473945799,1.9980015875823858
7104,2.5146287038853004,2.46411762721213
7105,2.4430224337356976,1.6290789240591335
7106,1.7924094977640028,2.54008536858136
7107,2.2970058127848527,0.9672184120661386
7108,1.9365624375745243,2.62287932261369
7109,2.7148593419020868,2.026680173158448
7110,2.4631122999475363,1.3004652555683718
7111,2.5199136836181615,2.3929099121646247
7112,2.2224160555163777,2.3100385322522827
7113,2.4370047465942215,1.4598024218371188
7114,2.126008396603781,2.0319046971844266
7115,2.453980804407936,0.8410857122375998
7116,2.391779407403159,2.413738119248941
7117,3.2004466360458435,2.670348466679821
7118,1.8147693748606195,0.05329994672471306
7119,2.2392688719417335,2.5505111523274633
7120,0.14444614803220956,0.17252396857996563
7121,1.4898215087368556,1.4205494436166393
7122,1.9851765463798046,0.7584139427907282
7123,2.0928804338577685,2.3962777695703896
7124,2.0483837706382246,1.6385958464404091
7125,1.3861506671740682,0.44018341501207525
7126,1.9410354018549116,0.675961574545758
7127,0.8259685232737329,1.1768491868883955
7128,2.3910943276796863,2.151108623456159
7129,2.099109011807264,1.7677792699887125
7130,1.9854046015463678,1.8098936866277262
7131,2.31745844272265,2.3241238013907064
7132,2.2254762896228604,2.499738982479499
7133,1.4493700994126522,0.42112363560384
7134,2.2551057406900124,1.7928654589044972
7135,2.0099470567090245,0.8369468863583673
7136,2.0506454922552626,1.3293569384680706
7137,2.9013260846918523,2.6903230845236665
7138,2.5526147466507623,2.704647289635281
7139,1.6485806170099464,0.4251791198163765
7140,2.4159277286652956,2.515338121504295
7141,1.8692634021797219,0.42874954097567286
7142,2.8270953749621164,2.501831115184009
7143,0.6218715680343061,1.2050232762522433
7144,2.0332213811601973,2.0709798091972615
7145,2.22789818747981,2.5379337609208497
7146,2.74462048806539,2.865777642336486
7147,1.9036258756689548,2.1249773669133134
7148,1.7427273931513565,1.8308346364111543
7149,0.47684936230909086,0.20042072845403938
7150,2.2862862203561543,0.9263895919487986
7151,0.7319608268124794,0.45510803806574673
7152,1.3137714107636425,0.6030480073887187
7153,1.7384853940410383,1.4238891747404856
7154,2.6459446832813938,0.8897871083339083
7155,1.6778134787415695,0.5050563437023932
7156,1.7005519979803814,2.1238456550669724
7157,2.638563825801549,2.6938023716439434
7158,2.4060819329009084,2.8312469667137727
7159,2.5447420168358805,2.545725345116723
7160,2.4156754077328566,0.8915273507970279
7161,2.3198207444004373,1.0618676583698567
7162,1.8332150650370989,0.44728796224636774
7163,2.3259279844957548,2.4286951226805487
7164,1.56974299671879,0.7895387580512707
7165,2.36155212153825,2.456250722153094
7166,3.0184296926277296,2.3668654604836767
7167,1.2273218637826462,1.0464559542446834
7168,2.860575170448039,2.42587786349739
7169,2.267853186073423,2.1967499877115504
7170,3.0898393708767107,2.6420882517504136
7171,3.1926423206484027,1.2882421988356458
7172,1.062082920601888,1.7481053594929445
7173,2.1513205419531625,1.3193734966802655
7174,3.256950049350564,1.105415389776361
7175,1.4275567749517821,2.1606706796706425
7176,1.5388968128580798,0.2929933406152808
7177,2.533957921588025,2.044350821106697
7178,3.043741726390689,0.8582334384984709
7179,2.4435054011915645,2.399926250176737
7180,3.229693682412938,1.8027410321139004
7181,2.412588054295889,2.540800158102684
7182,2.897854649285205,0.8762539860395149
7183,1.84630109932855,2.618301622918702
7184,1.6131980971681483,1.346276972107449
7185,2.5441123005846014,1.827640482999858
7186,2.9207601282248223,0.9087526412244059
7187,2.53823585434287,1.2950324927365686
7188,0.7476142842294252,0.974806241044794
7189,1.6143296822507367,1.003517233216831
7190,1.8259271551726473,0.4632071752710633
7191,2.1457907224040564,0.7695159725456421
7192,1.4621922412933848,0.9168068915310879
7193,2.245812620300034,1.720653207193767
7194,2.5796721918883776,2.6010279640350062
7195,1.9611965605779482,2.452428967518054
7196,1.9213986390358073,2.1649426556604294
7197,1.6727413877238,0.1517774741031621
7198,3.1115361786113933,1.0516277081886873
7199,2.0741029726039546,1.6747365574470532
7200,1.929674595588016,0.36916997555075176
7201,1.5203484224167507,0.7948475428474475
7202,2.9719141618885336,0.1714572748079903
7203,1.4697327322131435,1.5286956511092056
7204,2.659705769599192,2.462215654716049
7205,2.270924768565174,1.379009496300941
7206,2.0899331296276826,0.7436877657820208
7207,2.4415820952795597,2.0543511200729614
7208,0.6142113356356849,0.5473779151953455
7209,2.1040278672321993,2.535660888263903
7210,1.2172829565084913,2.582781856800456
7211,3.0137866735373033,0.6512427742481579
7212,1.0851628482676043,1.5841667359724836
7213,2.5447404452744116,2.66618019172289
7214,0.9242329343573444,0.6215039113799963
7215,2.1996695374828246,1.36620221719431
7216,2.4737605678364893,2.7731521764883067
7217,1.6800536492179559,1.8350311540703894
7218,2.8423883295266283,1.4307418511834675
7219,1.804172796098751,1.2806807142863925
7220,2.7246949515541647,2.2518067082753968
7221,2.1118365551404366,1.6746889640077594
7222,3.2140724836964605,0.8445175752128432
7223,3.216691064006775,0.5613946882574319
7224,2.418810463206254,2.267148615795476
7225,2.1414112666714296,2.631664683965798
7226,2.824435946548281,1.9384928149330274
7227,2.1156544548692793,2.3131701337645247
7228,2.63815009815645,2.289216842289296
7229,1.4283802224885114,1.4370076849664108
7230,1.812007084908447,0.6571231619918183
7231,3.5507126630981487,2.4689425833330687
7232,3.1229567008601733,0.9056229232953128
7233,0.9320193186865198,0.3007363732060814
7234,2.2255580504462746,2.9307012416331744
7235,2.7093852968668592,0.9551051457693368
7236,2.5857771581150684,2.435585257222833
7237,1.3436365621533237,0.3831296017463424
7238,1.8792838495624908,2.3191162897862543
7239,2.5096194253050204,2.4351514728044727
7240,2.2647629177341524,1.7496975783108577
7241,1.9157006447651135,0.7853519489500654
7242,1.5515169525695722,0.6732844530170693
7243,2.5009772010668065,0.9321228919448806
7244,1.2853720499377388,2.285422786151303
7245,2.076542477751612,2.8195565144415364
7246,2.4238418901713947,2.0873194416759806
7247,1.2429762987345772,0.8774240958949356
7248,1.2745611552737108,0.653084682289789
7249,0.799975018723026,1.2724482746485308
7250,1.9104944017406167,1.2666860503680235
7251,1.3166061951463812,2.807187720190477
7252,1.8801166759634924,1.363686173957677
7253,0.4434435668547005,0.14098556870481133
7254,1.8906353342037567,1.2333142486321602
7255,1.036483800090167,0.3970117969757478
7256,0.8704398894817827,1.5354082752908704
7257,3.372378138480173,0.9195931216523565
7258,2.9769739594348583,2.08700518752335
7259,1.49461269213069,0.7444812058247563
7260,1.5291281912626702,1.3435661320070416
7261,1.7334072742728857,1.2409889367520432
7262,1.5726956106030145,0.30333067497904076
7263,1.889475400513413,0.4310434991276814
7264,2.438424375950174,0.7535410944544976
7265,0.6108131144177661,0.33008807120136624
7266,1.1840185167155957,2.9375119567852472
7267,2.720648081112168,2.7950436867207413
7268,2.2148426256376648,0.6017919664761062
7269,1.7911715299444513,2.0215354073385066
7270,2.5189782341842917,1.9220243589627306
7271,2.3440428396481385,1.328202615075321
7272,1.6659942948575466,2.6466450485715436
7273,1.81886578127267,0.7583570184898054
7274,2.588088244754967,2.844101052957958
7275,3.467862568723644,2.3651524087535454
7276,2.3192911074706255,1.6911636129879262
7277,0.7420981685524434,0.20505440739296368
7278,0.7915596456086902,0.08631398755352024
7279,1.7810830064808736,1.1727050962461416
7280,0.6706410243611365,0.5365197903027968
7281,1.8512423446553272,1.045932609096298
7282,1.4692204493906154,1.2733791256246885
7283,2.0197106562854836,1.1320481290465239
7284,2.6188578428043296,2.2940264982689955
7285,2.5503470568475914,1.5804130246685295
7286,1.4187452903394722,0.9945373601101066
7287,2.7377116734421048,2.3121277336672152
7288,2.3877498909539314,2.5066938247118298
7289,2.524186361065182,2.1378091900406697
7290,1.685753232243165,2.6093060013080467
7291,2.892455943622595,1.439392126008138
7292,1.8197382934110888,1.786712387409761
7293,2.1843328714207395,0.4265986321543675
7294,0.9192188519878671,0.6669921123357806
7295,1.4718945968914139,2.369263777058023
7296,1.8329774200733644,0.6994449126129544
7297,0.8180165160494718,1.831074092013637
7298,1.3493383616553805,0.3321343509038683
7299,1.6891757655040207,0.5722972819587373
7300,1.2064127612709024,0.2734086480893542
7301,1.5161650301964336,1.3501036323488258
7302,1.5987323656090116,0.955038854000264
7303,1.57892752148314,1.998825231110648
7304,1.1297121124549983,0.4271218212235161
7305,0.7793691671249274,0.150794762946113
7306,1.668157567167516,0.9664176791412028
7307,3.0739675288625694,3.3840295492989108
7308,2.4294065862968086,2.1143087102129283
7309,1.749205155933401,2.312017616782609
7310,1.0998321439185632,1.8929990824715148
7311,2.599789460448228,2.8869276142998728
7312,2.4083025512955953,2.7960882504664295
7313,1.4274127222270332,1.498603718297426
7314,0.7480075047072821,1.2598377717058398
7315,2.274166195672862,2.1622897659193687
7316,0.4334451873217921,0.0861575533262011
7317,1.2346120006009844,0.28567246958955334
7318,1.4203759130319502,0.9347701457556441
7319,2.4681809432482096,2.250190288147174
7320,2.1583284227576764,2.432194500865448
7321,2.5236418567291357,2.5836908103195064
7322,2.4061825802019436,1.4431627499477895
7323,2.118966818340479,0.7933323553794143
7324,2.551002728098806,2.2723616282437744
7325,2.6537019952618146,0.47705774674891765
7326,1.3851944157015914,1.7754122218836497
7327,2.2973206792789775,2.581733093128049
7328,1.8878791360318832,2.0771480886366316
7329,1.8531330964135335,2.295926456358803
7330,1.685908890974167,1.106787607769714
7331,1.5398483897457393,0.9690072176964015
7332,1.2944649057862907,1.8177936752522679
7333,2.639869390647461,1.752305603785536
7334,2.3725679321140967,2.3876295024823917
7335,2.4063679564632534,0.8186053187089037
7336,1.9910085217438451,0.7247626812071931
7337,3.452874960240607,2.5243774195698276
7338,2.9352834295992274,1.0121988137415352
7339,2.425723931372008,2.1893329694612595
7340,1.8060458312689436,0.9853937742124239
7341,1.0983585690641642,0.8430926917194067
7342,1.9515007604324668,1.5229464216277624
7343,0.6388562292571156,0.07234838681827743
7344,2.521771265111141,2.5528241621643755
7345,2.319514680576581,1.8688156921245198
7346,1.4351753385311588,1.3073534073925923
7347,2.5395491433889443,1.595293743299591
7348,2.171152468357955,1.6510327288613929
7349,2.413999420218788,2.086136412869214
7350,2.0263269264946273,1.2713258190275312
7351,1.1948954962899474,0.8345803400476004
7352,2.039934202648263,0.6612341071255734
7353,1.856352766582883,1.0268909260843582
7354,1.201845153267418,0.2772768934100658
7355,1.5252595886411742,1.256064998747484
7356,1.133172492347376,1.6849055908406527
7357,1.6951678971729705,0.6288477305820835
7358,1.5901742980173281,1.9445802114836435
7359,1.8467991271665727,0.5689811604314108
7360,3.307600072236414,3.29687093069581
7361,2.1887250692437856,2.413589093746906
7362,1.345317180184659,1.010372377599961
7363,0.8839093494102324,0.12286289905946207
7364,1.296967676270969,0.7654242147573013
7365,1.855919697808223,1.3315306525756956
7366,1.6655444763046818,1.0928729630690064
7367,2.8168522860373266,2.9234989569207093
7368,2.2587289099059498,0.9864456003966136
7369,1.3181244758293873,0.8932422030934072
7370,2.6972743709462508,2.0103441771466666
7371,2.8675367087825485,0.3213131592299321
7372,2.329333631878055,1.2756137244462447
7373,2.34969141439025,2.0471279908289057
7374,1.4405528796316471,1.2483801185183065
7375,2.0038857527211658,2.2936270390086717
7376,1.375498846382826,0.09737784421309223
7377,1.2776683860151448,0.35510622336201514
7378,2.014452657592765,2.4581237037875288
7379,1.978034171416442,2.3811893095927723
7380,2.16852037404333,2.3715139125120333
7381,2.565326729398019,1.4577414935201063
7382,1.7165047362652437,1.6245862735917616
7383,1.303089348246934,0.4251675045019834
7384,2.138977966477279,2.2035792142529442
7385,2.95737947280355,2.2323189360422058
7386,2.561998996594823,1.5859762691092998
7387,0.9354588595372281,0.4604967931650546
7388,1.9715651857531558,2.987328677775611
7389,3.0753812050088407,1.9981133332462744
7390,2.347476782585916,2.0285289332660064
7391,2.162838307134497,1.6955251076644473
7392,2.4778639819903567,2.023611212567341
7393,2.425841379223689,1.9390408766346436
7394,2.3568088744196394,2.206861791987799
7395,2.1551226530791796,2.7608659482283695
7396,2.117186792943912,2.871487934558972
7397,2.5361957954844816,2.8015540806094705
7398,1.3407100254251612,1.254420604429986
7399,1.1925308402569885,1.771163910906725
7400,1.3196140111035308,2.3783841161835126
7401,1.5470045553354614,1.6600859095172946
7402,2.291427548079838,2.5457885049389657
7403,2.422130129621833,2.208211456675164
7404,0.9647923654170316,1.654081941248048
7405,1.298845958998865,2.0963635937605187
7406,2.0515981025960692,1.2026355293455515
7407,2.7849800172477313,2.7074324050794516
7408,2.5242176725286343,2.196989276905742
7409,2.414942280867257,1.781187454822592
7410,1.647311356500138,0.3357566178033897
7411,2.559611667145281,2.1398267272668074
7412,2.3763897985768927,2.224197089669535
7413,2.782590718642385,1.0506978391109532
7414,0.8122313027027296,1.0222233530674496
7415,1.6299299275752857,1.812124307317066
7416,2.8660064657623363,2.1284228618236942
7417,2.7263307272346173,1.189730195229456
7418,2.601921352625987,2.506618112465986
7419,2.891149951789398,1.7519514082619445
7420,2.2070940255650564,2.206932403579912
7421,2.1778801588381804,2.1771435948910534
7422,1.242396234154651,0.36096472476792807
7423,2.7781150251351443,2.4922384124643067
7424,2.2684466975483546,2.8922207471404087
7425,1.3038165097547816,1.1518798753291168
7426,2.5251958274541084,1.7027583479053923
7427,1.7127322133989007,1.1981110631914091
7428,1.7642769693447953,1.9471645148920969
7429,2.0378278157347745,1.9516059305864215
7430,3.133496682809728,0.3043531094679796
7431,2.6618691198056648,1.6117403671087824
7432,2.793693697108319,2.6445828090192802
7433,1.7761604184259407,2.148644716755132
7434,0.5819988646380974,2.488220154377269
7435,1.1431899227475,0.627753372617107
7436,1.6333338549556033,1.6558497087572475
7437,2.5204893185991932,1.6923746154217947
7438,2.3220814882111096,1.2224045338812877
7439,0.6895143858955856,0.38941414452800577
7440,2.433642075468987,1.8384426638406253
7441,2.2418159452707793,0.12268429125380503
7442,2.220001022010618,1.7537964980492275
7443,0.5674848477346564,0.5600485200871816
7444,1.9557799193137309,0.8964028827156802
7445,1.2960872010910955,1.1308527862518234
7446,1.3071200784511525,0.8449224625046448
7447,1.5759970241269308,2.2473744787276626
7448,2.629173289649284,1.3406513000209022
7449,2.4692407931760725,2.73558474424867
7450,2.4795984636947175,2.590788768326525
7451,1.3864720506250872,0.6689067924347721
7452,2.311816607249956,1.7365938961023346
7453,2.572799620600561,2.3353944866496334
7454,0.7527488861928009,0.3203488580736492
7455,0.4507518238413288,0.8109540184808641
7456,2.9427332355881073,1.7397083228947956
7457,2.946635210727693,2.608127331638736
7458,1.9728141597490687,0.6235351249544803
7459,1.15199439744286,1.710336357294778
7460,1.2571872853100567,1.0358101712496486
7461,1.8105650885690252,3.0703476481103995
7462,1.9202425431347998,1.2340060788347835
7463,2.3353946330678075,1.3133803706459946
7464,2.1943756964746073,2.3555911737720807
7465,2.1070141207964683,2.0427787781097493
7466,2.0057139758999813,0.24545271346897865
7467,2.430207554641205,2.6382415614383206
7468,2.7266339702945666,2.792761261730656
7469,1.6393279164782226,2.232445589074694
7470,1.0099168180624538,2.0884101900648875
7471,1.1321407954208949,2.6165651512475256
7472,2.1299665297118566,1.3725743863054547
7473,1.4448179654823115,2.125282171741929
7474,2.4248104958332877,2.7406527263838623
7475,1.2968681210298885,1.7600101719445003
7476,1.1069251202920634,0.783476164160077
7477,1.969479279820666,1.8321024639312653
7478,2.5684613420656803,2.3035531192317853
7479,2.493986925211192,2.480935197164492
7480,2.9733009161406363,1.449710080041231
7481,1.8475483067869207,1.9511498737546422
7482,2.509510187450059,2.3321000714474645
7483,0.9590633349293963,0.7012314056309038
7484,2.4210207404993724,2.5979304096369806
7485,1.8895511037083421,1.945898055537567
7486,1.6807617294322699,1.834717713755931
7487,2.5224530346120817,1.4374596745554644
7488,2.642352662780576,2.411912552296656
7489,1.2231216160651104,1.9062630791333863
7490,2.3860855045818044,2.3322457988723717
7491,1.579082155826985,0.705899559940185
7492,2.119312363237186,0.4794653338499042
7493,1.9503753717809549,2.6202724039186815
7494,1.5572769600776826,2.112664412935843
7495,1.6330086231485892,0.9676405954251067
7496,2.7606750164022333,0.5379926566081211
7497,2.205573590430098,1.653992005864198
7498,1.125861714016351,0.15429658877223174
7499,1.1089040694751005,0.12199368131928988
7500,2.7322081085572876,2.752796913524947
7501,2.2217401899851223,1.2635668694306967
7502,1.3178600096843227,0.9082440745967422
7503,2.6218567210630828,2.065886203752757
7504,2.0959703191500676,1.991448862628856
7505,0.4150573346570796,0.1875246144349378
7506,2.0132987446510735,1.4884210638989783
7507,0.7172973119762712,0.40105047240546
7508,1.9492351478516166,0.5448198805500701
7509,2.300557512850976,2.172996754243681
7510,1.4436904923493028,1.319725687715687
7511,2.568414213588874,2.9104819188262114
7512,2.3853883831509717,2.284409649185327
7513,1.9928208594231775,0.7821333850760116
7514,1.5458787881760634,0.65716253327912
7515,1.8542183806782147,2.5561748337316805
7516,2.5676472954772813,0.8722458237913316
7517,2.210313782680952,1.80656364295621
7518,0.9236044811019978,0.36903263726289226
7519,2.3489020701260745,1.4094385205791358
7520,2.356180295513569,1.8688934449973533
7521,1.306048384874926,2.170120449444577
7522,1.7878399399712206,0.7236911655643218
7523,1.6030438513071528,1.1813726037266952
7524,2.1148294104637304,1.853983323384898
7525,1.7203855034973417,1.6985434709597398
7526,2.2576699893386545,1.61342981872893
7527,0.35178962185026064,0.3879761993915822
7528,1.5029826063158234,2.459956095168788
7529,1.233556350510187,1.3253690398874962
7530,1.5461682808407176,0.7899571075172317
7531,1.831346515757244,1.5041446685097857
7532,2.7021179437365768,1.7644446304479393
7533,2.0402748662781613,2.640591293722918
7534,1.4887126907019939,1.6408071649296254
7535,1.1986041732182477,2.154633121348336
7536,1.343232730941347,0.720649682899365
7537,1.123269785279475,1.0606126934696705
7538,2.6868001284738328,0.6707122004671864
7539,2.4175471118339926,2.3350842851674183
7540,1.799914843678337,0.4668287798790058
7541,1.5857151460578305,2.134238094416627
7542,2.331930886773031,1.0237128692790738
7543,2.0612291966711864,2.3751303215803685
7544,0.6216478883106501,0.26080144256380133
7545,2.594405333622115,2.2659476265527125
7546,3.083156650867114,0.6333764074386625
7547,2.071789019134586,1.514441319254228
7548,1.4370260294932466,0.41062534647623666
7549,1.714593228182875,0.4941578424134095
7550,2.931300827054122,2.758304279958182
7551,2.7117612825468145,1.9732281292682372
7552,2.680646044312154,2.6377588216504884
7553,2.0440532636699933,0.6177072603726662
7554,1.1184514818489413,2.0219776268551497
7555,2.4075846972914867,1.454594801621658
7556,2.712963494710837,2.316254954884917
7557,2.2905335192701703,2.3485456204417328
7558,2.720951410897435,2.0855400264880135
7559,1.7260892000344734,1.7331653198983075
7560,1.927834964202577,1.1100416450082995
7561,2.3039949728486118,1.9827750873528664
7562,1.6396056928603486,1.0468057579699421
7563,3.3559393000530453,1.3143420688793785
7564,2.3917098095322182,1.2435232666022575
7565,1.5070608106280692,2.050112701147337
7566,2.335321804541056,1.89145503219757
7567,2.0279808330757745,0.6589157880401898
7568,2.3978449110854676,1.5719558478173268
7569,1.510268413893619,2.106353925017743
7570,2.224893036279381,2.2034141814643564
7571,0.6133134975271598,1.5681877687199546
7572,2.5288429933114296,2.095469439088658
7573,1.8740991504479827,1.3342375725851119
7574,2.157977446308806,0.8058289220745629
7575,2.2430534104001127,1.0853724939508531
7576,2.2960062048812695,2.205884486228363
7577,2.9404145155157067,0.5269483031295106
7578,1.8000256489888717,1.381423618210447
7579,2.7508941555926865,2.545915318073884
7580,2.2411841185850196,1.6597204347885721
7581,3.193208069035402,0.6325117695501177
7582,0.8084150968709392,0.2272167858974103
7583,2.3958170605821407,2.240523154240366
7584,2.4943709824470317,2.4989883822802788
7585,2.4888944000244844,1.3497266965221402
7586,1.106013174072909,0.8542868669353731
7587,0.465051949937479,1.796439468603064
7588,2.50575329989206,2.2919979646896795
7589,2.0426204738486073,1.4262527641858285
7590,2.298593299370613,2.0789802539692315
7591,1.1012445627774354,0.8608656446632543
7592,2.4567123002524527,0.9164275394523335
7593,3.027407063148528,1.759022021332254
7594,2.3012114722338013,1.6689474348282534
7595,1.851527277802696,1.6055545829034843
7596,2.2642097203613853,1.5797554906969267
7597,1.4576365896938654,0.7816930239359251
7598,1.8689519738717013,1.1443760365087057
7599,1.6173348376959313,0.8424970065367707
7600,1.0554757767601364,1.5430325439399364
7601,1.728878879880978,0.49856739774806746
7602,2.173443283533676,2.1130657560954273
7603,2.0961040584335957,1.1341463562908674
7604,3.4081704297744992,0.2500273263944276
7605,1.9030677592332932,1.8291194232733783
7606,2.342087981718743,1.7750128218804517
7607,1.7531074038352832,1.2379901105094353
7608,2.2991063050380456,1.5103524624297457
7609,2.454599039869963,2.1795138716265536
7610,2.22239852389075,1.2406241498901573
7611,3.004898093069744,2.568192824430971
7612,3.3256197280984274,1.681791512812914
7613,2.719589821554875,2.2374406560079767
7614,1.2486586649625555,0.5460530118814482
7615,1.954627642929441,2.6441250886344405
7616,3.2360457386037904,2.490320443627163
7617,2.6068744961107138,2.545314178175876
7618,2.1446664202339116,1.3624356115449114
7619,1.4896712916469625,1.5257405165255509
7620,2.7950032651376513,1.8553428094911415
7621,3.2803875597769605,1.9847417871063482
7622,2.5775560486974847,2.6796963544541144
7623,0.8025508266584382,0.14037110871283315
7624,1.7490274499383935,0.4859606276917779
7625,1.3955707684201402,0.3878068804548149
7626,2.310428268633285,1.4902409039922238
7627,1.9509862120983856,1.0579157837409943
7628,2.1592802290634703,1.2337874338347126
7629,2.2308549127403516,1.686293176160034
7630,1.7766373929455703,0.8016002296583231
7631,2.48298529266359,1.5070725802292921
7632,1.1516307133372699,0.6351306725780421
7633,2.738983585506076,2.3591367824614107
7634,2.2141053170289724,1.4938864681448616
7635,2.051527749691377,2.833262082899381
7636,2.0452889573019046,1.9307583136465647
7637,0.5789606941339622,0.8144272167908629
7638,1.825985137532574,1.8805406106843772
7639,1.9525856150261405,0.5990130086620052
7640,2.165243358637835,2.117341693484642
7641,1.5115994401568638,2.271444379784859
7642,2.3049708659382326,0.3712495323494862
7643,2.316774129482735,2.056322032688845
7644,1.7718369644334495,0.9027576957490893
7645,0.45061713897080746,0.6558326344273623
7646,3.061211111759317,1.1143240477289287
7647,2.8708367889570274,0.35805566077255757
7648,2.158861768846359,1.5694879906869188
7649,1.834787452081728,0.9146501082017824
7650,2.430641977760489,1.987782902563549
7651,1.441141310048069,1.2367158906995679
7652,1.9379452222310385,2.2482732849177585
7653,1.8019976764114447,1.509018520219376
7654,2.202000604901333,1.3966995200168129
7655,2.0813974967001614,2.530538171121136
7656,2.309747243117754,1.3373636495868795
7657,1.8334088561796478,1.4770369082226444
7658,0.5302606796100164,0.41206901546006214
7659,2.333214016250021,2.0496117974844266
7660,2.9999380720926285,2.7381162128663137
7661,1.934478760755072,0.6677717991205541
7662,1.835095684999014,1.209226147569947
7663,2.268219346444118,2.6399008721269817
7664,1.8444210941773234,0.9553254251850763
7665,0.5548896556291585,0.16642101974357298
7666,2.5947083353317857,2.564810569457088
7667,3.160333564755126,1.2734116535882667
7668,2.396406540089399,0.8437491049276943
7669,2.085114018581622,2.187404795177008
7670,0.4181688736831642,0.32707943680892754
7671,1.9930009907512531,0.7415956043044498
7672,2.633115829845976,2.4413931246812224
7673,2.1428499346841585,2.3568620612000264
7674,1.4023360588653055,1.5371753713706107
7675,0.5536261494019028,0.37725370177859613
7676,1.4832042329995356,0.4339835259481384
7677,2.3321916091143957,2.4330106662362887
7678,1.8677439796934094,1.2076282274984884
7679,2.075182415854464,2.1828138772313954
7680,1.5105640327281795,1.3760253578342312
7681,1.6506184820896985,0.40248451090107457
7682,2.366758908043544,1.3821450889558362
7683,1.451878680629439,1.6798208968340673
7684,1.604388284949368,1.0165608791180907
7685,2.985475158782685,2.7771028766923878
7686,2.5952554227332407,1.960785302256736
7687,2.2553126508467294,1.8293993363672076
7688,1.2369563920031037,2.591069797967855
7689,2.8533145135727866,2.7394376598010766
7690,1.724095287650799,0.7949014810343479
7691,1.6501175623003594,0.6497583989529027
7692,2.799718747229913,2.7677071915448734
7693,0.6641053623650219,0.07389722418647936
7694,1.8829122749222693,1.2837419572943543
7695,2.0844728519542137,2.2942783586498456
7696,1.9769513184598526,2.177242899452688
7697,1.8627018540004114,0.5237215877704816
7698,2.244447299573469,1.6002635569964732
7699,0.6777434661020506,0.864997023668077
7700,1.0051345788295818,0.7315866691345075
7701,0.8632856489747981,0.23191250552492065
7702,2.4469521767615503,2.0129262512920207
7703,2.261299192704775,2.4182761601183893
7704,1.2677998282972982,1.094595233892487
7705,0.4564632097953401,0.31251078915674163
7706,2.203045542118303,2.404144362015959
7707,1.1583870554305107,1.3245429392432333
7708,1.444613099924158,0.9993243534340599
7709,2.4247031592651758,1.8964527386763077
7710,2.629037035212965,2.3905889174898065
7711,1.4821874468046594,1.3330715410199208
7712,2.5012221893831255,2.7781570238008655
7713,2.122030802613078,1.6385532117831996
7714,1.9619886273507625,3.0052638504524896
7715,2.4935240675396804,2.8073189772115645
7716,3.292677586047041,2.1847723050941634
7717,1.467217932614154,1.3984319724429088
7718,2.5812947975855716,0.3708312203320291
7719,1.9029869241617043,0.6840054311611056
7720,2.363901012135435,2.01111713452726
7721,1.6824101810960617,1.9322285782709028
7722,1.1831021099099284,0.3714577974013445
7723,2.897720812306971,2.6081148358014032
7724,0.9395892231153339,0.3422313235550676
7725,2.3088184082755863,2.109807355247925
7726,2.2276699423040487,1.0199640844580131
7727,2.1781293362411764,2.298109911361433
7728,1.4881781221313215,2.159254612943174
7729,1.1050836891668603,0.8710150571720346
7730,2.986285197475542,3.54131698559978
7731,2.598003580121349,2.2421504239911827
7732,1.5860562819753703,1.0405708697114038
7733,0.9437486489222813,1.585025431221739
7734,3.125597794538878,2.9254376357229828
7735,1.5252209228350462,1.0579545975303637
7736,3.4419026156128587,1.0304433966956472
7737,2.535421553703473,2.0749808909097744
7738,2.854101702800083,1.5617213606595217
7739,1.875715072011617,2.2313789005221936
7740,1.2021478034317659,0.3412434898661536
7741,2.6574254982601833,2.672664568581219
7742,1.8191133577250629,2.175320162612904
7743,1.9900058961632472,0.5595863967894132
7744,1.96180470671079,0.3465437647985865
7745,2.841095187172967,2.773393940300466
7746,1.04098729025254,2.454774108600505
7747,2.5360197084808287,2.4094946930201835
7748,2.584908477474834,1.3388067365996534
7749,1.5132913612948435,2.343316703521504
7750,1.5160435844227227,1.099718124604802
7751,1.4428817117107986,1.9864107624197629
7752,1.6187556619960815,0.860966122908616
7753,2.110321657724587,2.0084273669271275
7754,1.7448552916179936,0.923066990927595
7755,3.0369494424581838,1.749224012963964
7756,2.7646384899724685,2.636055457393327
7757,0.8477187604658685,2.0558827993811857
7758,2.1325462080595305,2.267029468073725
7759,2.45656003281161,1.657872309203972
7760,2.715320957971731,1.4976527488308764
7761,1.581601648409896,0.9331937138414929
7762,0.28343678872834493,0.5117671091592456
7763,2.9814564835907604,1.45682059314365
7764,0.8514991217122935,1.2388048815496455
7765,2.274151132046544,1.6535244881295574
7766,2.4241799042459236,0.9830850207131968
7767,0.7237998067459337,0.2711502190456467
7768,2.2606402195913002,1.406846922235229
7769,2.070748705542321,0.8955213428706836
7770,3.0575486037303166,2.481138424712319
7771,2.6239696567137565,2.0010682255449277
7772,2.090125779512822,2.5396112759917693
7773,3.3463162555409642,1.3197237576146201
7774,2.421295111964648,1.9432273655825916
7775,1.942767355533818,2.4333768557984268
7776,1.2646422499803922,2.445320484380466
7777,0.9014245125237926,0.24544860352141293
7778,1.3430352495682205,1.5358971468542884
7779,0.7949408657874293,0.7231462525949437
7780,2.5495093556105357,2.173662594272742
7781,1.8237414711855098,1.119854906381986
7782,2.380727977169156,1.1427253047187806
7783,1.836275072380308,1.5753433501557792
7784,2.7364006765890307,2.101685990655167
7785,3.2380953298443123,1.798825523518196
7786,2.2931121394296397,2.3557136265547554
7787,1.6907314226096946,1.6852673785485348
7788,1.3947118177450792,1.8533602171568775
7789,2.424112182198217,1.4144290635476509
7790,2.909585166956081,1.1861508671704033
7791,2.281553315837261,1.5191294877999875
7792,2.6972230852146266,2.605828248714016
7793,2.345354501054427,2.0577632757273054
7794,2.489601827572378,2.245290346496266
7795,2.4372978448910025,2.063017001775701
7796,2.3222381210444545,0.7573790547319337
7797,2.402817586066981,1.6614849690900764
7798,2.0557375804732696,1.0846392792766137
7799,1.1920567794872734,1.7640072297075065
7800,0.987959930082245,0.9875159354021764
7801,1.4393925227722721,1.4194303452339097
7802,1.0287325938406662,0.40739520606755963
7803,2.4105118999494546,1.9775152581636242
7804,2.8424511054343418,2.285446548709554
7805,3.4134280440534845,3.9119925673502745
7806,1.9540274342158201,1.3578026886816168
7807,1.5243432329976527,0.4137576229791953
7808,2.3799084958605454,2.5535370028412667
7809,1.447296227760085,2.2661242572348383
7810,2.283791066369981,1.2364101478235294
7811,1.9220485791961162,2.4821347080114866
7812,0.8440425579059159,1.9103319948239528
7813,2.3193060385391058,0.8277162479137669
7814,1.8800746436706903,0.7432534001174653
7815,2.2803652550712736,1.9670822236450525
7816,2.5816522203282948,2.0353101743242537
7817,2.962723343358873,2.855748630318723
7818,2.1117372736768347,1.3881320394657415
7819,1.5563792794090525,0.5369380340195087
7820,2.918794871381605,2.384684335937916
7821,1.7574681210455383,2.2241860872844996
7822,1.1863348097427069,0.24465207867847852
7823,2.2282263795723405,2.0428041325147848
7824,1.4183569226069659,1.8230424841223343
7825,1.0374113688098812,1.6820860774866586
7826,2.3471176628475825,2.4842672549539997
7827,0.466803005516883,0.010550294519552873
7828,2.263196827410563,0.8303416482013337
7829,2.276250151148274,2.636498809238048
7830,2.938763600135743,0.552397528017466
7831,2.340040989944452,0.6026639988496505
7832,1.7358160114914052,2.2301846532525604
7833,2.6385345554182935,1.1991910633839604
7834,1.9248670742176874,1.8835685122495651
7835,1.381417374906065,1.0597917684443368
7836,2.460157541701057,1.2182795137895572
7837,1.9505746991507926,2.36312180811163
7838,2.1114093091942205,1.251825872395746
7839,2.30203294233584,2.7612524569605936
7840,2.6837633240706604,2.390448337131577
7841,2.2166037027772654,2.145181817982568
7842,2.2350170373179057,0.46678275200133734
7843,0.8121195092037634,1.631639740817325
7844,3.4191659656170557,2.2687749715335688
7845,2.0550366454715125,2.50848463666957
7846,2.309743439169709,0.9461060632221419
7847,1.780694276711364,2.4516119845610254
7848,2.052441176159657,1.8710592087261582
7849,1.9796414097608812,1.5244546149418277
7850,1.5570693363632744,0.7826245412757719
7851,2.286681548475592,0.8582254526002284
7852,1.1201614197306322,1.3364600651429415
7853,1.3199384553272142,1.0701118868060104
7854,2.275472935600121,2.557692824306424
7855,2.548805943114654,1.0364782717936116
7856,2.559701713527193,1.791301439120824
7857,2.517674637525258,2.3601786993249307
7858,2.5088283079837606,2.472338246719837
7859,2.514191061740576,1.5488660506028944
7860,1.8186771409067737,2.155396328946354
7861,2.015389880760744,0.9417044035000831
7862,2.0399886881721194,1.0226343033219483
7863,0.6732044922953296,0.5121731266325894
7864,0.5418591074013765,1.0008957769989109
7865,1.917859871995295,2.4507447682973695
7866,2.0991506076461346,1.417813844227415
7867,1.5746177549697118,0.7249705590184007
7868,2.6586738285492744,2.542618013714083
7869,3.44041275225932,1.1677985713251373
7870,2.208689325468408,1.2635734633784677
7871,2.114874425554868,2.34073096771403
7872,2.290646142699209,1.8047938288241252
7873,2.8266276696100827,1.642737864529234
7874,1.820332021324945,0.5815641375321084
7875,1.2556189141137652,0.5272811653998769
7876,1.578683595544531,1.4475578997741325
7877,2.026637816839524,2.2193699695644415
7878,2.647017820706565,2.5427610448204025
7879,2.2804221953161714,0.7078882410661778
7880,1.3899577589977103,1.9100039660461163
7881,1.030187335760678,0.45399922303784324
7882,2.736292772813994,2.308768520891698
7883,2.7946496308384132,1.4136355093779014
7884,2.3787690018352516,2.396257539580767
7885,2.0552316645808046,2.4032660668628596
7886,1.0297233005098143,0.8328003726854033
7887,2.621508232257128,1.0142927074522918
7888,2.4391606546222264,0.9762069709811444
7889,2.5556209070754967,2.1884241094237016
7890,0.6147566956061666,0.6896496483762148
7891,1.6130344995927035,0.6523286755274903
7892,2.2396403630060546,1.7037862167970426
7893,1.8060585831342737,1.6968083573909143
7894,2.270767530440773,2.357227275060452
7895,2.130590796967567,1.7362445914265083
7896,2.14035040392043,2.5792255188566258
7897,2.0672193120609803,0.8612507665281923
7898,2.535784515165049,1.5015399769098314
7899,3.2900300498377453,0.6652401203700699
7900,2.1221237036226914,1.642844359708248
7901,0.7316178606978754,1.0614136330755217
7902,1.9744146033606806,1.6209797730280735
7903,2.5123060592774076,2.4801008926354995
7904,3.054144644687125,2.436254842190821
7905,2.390596404905378,2.6685874616955183
7906,0.9357602159396655,1.1053385039460646
7907,2.9037626632375098,2.2330227957241404
7908,2.532542429950842,2.524211013447256
7909,1.1233615684870273,0.1829864635023952
7910,2.407173333574777,1.3454835297143928
7911,2.3869270725718836,2.534887325753313
7912,0.8953118944778675,0.23751710163983109
7913,0.12719657650587432,0.013206730535013497
7914,2.562906022277914,1.730808078205079
7915,2.480348292165344,2.3056311483213974
7916,1.577492518184367,0.2258918090575976
7917,2.00091429435559,0.3272515375579878
7918,1.9332648879664016,2.098402176127657
7919,1.5145188295125689,0.4277503806936551
7920,2.5516282652203106,2.727147758811918
7921,2.1663200938065406,2.389864293478268
7922,1.3335307835115269,2.086869659980948
7923,2.0015781758345503,0.8179648007296683
7924,2.4329214087860382,2.129892992799707
7925,0.30094846030434136,0.05341702560679721
7926,0.7383548990003147,0.13278703600625455
7927,2.043276920350293,1.3424086110038833
7928,1.1699344839202188,0.279871936565897
7929,2.9078549701417944,3.455539168589304
7930,2.7233089789339777,2.162428304501114
7931,1.802214007655795,0.9366651218743486
7932,2.567432685580894,2.103917081237773
7933,2.2574443809101026,2.515033979582211
7934,2.443466224344345,2.384005398102141
7935,2.6381972210696105,2.767082326665894
7936,2.113006029306769,1.919804856769595
7937,0.9249345811826937,1.8033627731957322
7938,2.5409046137661835,2.562627332527813
7939,0.9789853018317975,0.9105258511769109
7940,2.069581120545072,0.6918382936615244
7941,2.4441376370176644,2.300328861113344
7942,3.3482413408174954,1.277936118558368
7943,2.084563157942753,1.779458426585444
7944,3.349037675019016,0.3335565710152333
7945,2.148179483821227,2.4491609976416964
7946,2.500882789711149,1.8337639757766726
7947,2.5598714946121417,2.608956484907738
7948,2.2722285631120815,2.1640756402064536
7949,1.334533812432094,1.1295893968661774
7950,2.632533313505534,2.6949707971737373
7951,1.869252029448266,1.1578852489628855
7952,1.7298214098188518,2.5393685514605084
7953,2.011240471654201,2.28024943102638
7954,2.470059469459648,1.6802563122393044
7955,1.964181405951934,2.0927206623310086
7956,2.214443625170888,2.2626298380463394
7957,2.16627423885674,1.485554927126656
7958,2.2200630009329476,2.1810787945651855
7959,2.196649971974875,2.037521305038111
7960,2.131722535977483,1.7864331497205461
7961,3.013796945106431,1.822336714309691
7962,1.862610531097345,2.7615877630184245
7963,1.8283854695508348,1.730200750970479
7964,2.028261934701874,0.652995672975585
7965,1.5349066470977304,0.4959182031181318
7966,2.5628328610974638,2.364312409189825
7967,2.503177207114515,1.4484819829022295
7968,2.1127840383932175,1.8186003275090672
7969,1.3139514665168484,1.734969273143
7970,1.765547649771371,1.5906002899781224
7971,2.0820315560622715,0.23337842912119974
7972,1.826402782269165,0.560467689843578
7973,1.724603397044816,1.084939709671931
7974,1.174313148428727,1.409520735352543
7975,2.4197486599821936,2.68223228243129
7976,1.4767313046600794,0.8221923032866411
7977,3.14279082576472,1.2659784733458879
7978,2.226652189010944,2.2783943869559593
7979,2.1361767221671712,2.0800633801519925
7980,2.6713378791716527,2.719415221029187
7981,1.883047007523583,1.552816979583773
7982,2.5432153411426586,2.283942201292452
7983,1.4006157266182497,1.6498521459949476
7984,2.7471012151552685,2.810593493340949
7985,1.7782327160934985,2.0598393257536767
7986,2.277281375676233,2.1563392788826365
7987,0.6320882103643658,0.4071773519086172
7988,2.455081117967245,2.5707468370261153
7989,2.350510540659003,2.33193106695196
7990,1.3822298667549084,2.107810516836714
7991,2.520273112230032,2.760583428052046
7992,1.8582428786751775,2.379855118723723
7993,1.3194431106086535,1.2253243120734212
7994,2.267038032524204,0.9871836937542171
7995,1.8308263202810933,1.2769823769169355
7996,2.3158972891435954,2.383801012974861
7997,1.0732833070851893,0.5588396532303278
7998,2.0382137850687085,2.6204658079272543
7999,2.6123416316247328,2.716003230925169
8000,1.9668759948736276,0.9892897809526507
8001,1.70438697792331,2.2892459187846983
8002,2.877093391893673,1.0551393392717854
8003,1.937063983433899,1.0336974949534692
8004,2.3421407917493453,3.2795456822145006
8005,1.7589904631982567,0.40171835822475793
8006,1.8374720227446253,0.9187316380400796
8007,2.0978885364763458,0.4228169021011065
8008,1.5647857710936994,1.5740600564411762
8009,1.7386436257857154,0.7664206873960802
8010,0.4710131449669188,0.04611694157008843
8011,2.7265449063699365,0.8706404353361608
8012,2.5777935093414786,2.4494703437506606
8013,2.5906001576103206,0.8324231538358914
8014,0.5780041031313248,0.424915224404571
8015,2.332442169448503,1.5740226122613914
8016,1.6611578711281474,1.6749295945610643
8017,3.5571584934828326,3.504042431192348
8018,0.9141793870932889,0.7092584138252847
8019,1.647449458060818,1.2172993416900915
8020,1.8107479935268098,0.15946459023420412
8021,2.5031055143464243,1.2995699503818543
8022,2.157383539479886,1.2231545113614484
8023,1.6784740286695474,2.1184618715417387
8024,1.7871620257297893,2.414983906587035
8025,1.2854752529105358,2.3061470871755927
8026,1.8162138506721184,2.8398069553980347
8027,1.3086862280133342,2.1583777893661584
8028,1.8073829745549246,2.1329417668898234
8029,2.589234906845927,2.418042959656626
8030,0.862918590557101,0.4598923838432843
8031,1.45957002919402,0.30551250978595007
8032,1.5921608171493464,0.9534209614769947
8033,1.8829174254695296,1.4103290651481857
8034,0.7374933793339664,0.14381251036482076
8035,1.8586485467449427,2.4405981424276892
8036,2.038950506421681,2.225955504633704
8037,1.155128622871868,0.8771140169353757
8038,2.528918393597933,2.58591488388798
8039,2.4829615491656023,1.3825293492464683
8040,0.6462361924316371,0.13965412363547217
8041,2.4587694776059337,1.2116549632366906
8042,2.3304099400738196,0.5929175412942654
8043,3.389245690549251,2.3176365908877155
8044,2.1990604016577984,2.1221033774221665
8045,2.3828252985538154,2.0624823820594167
8046,1.6569682355866342,0.26566233874991463
8047,1.3744902932857535,0.2595562859972864
8048,3.3403008900812976,1.1271186640809339
8049,2.47873349349656,1.7561587090473312
8050,2.1938402249623286,1.0282530787660573
8051,2.5529407427645623,1.8266700952563764
8052,2.405756857721202,2.542563226269045
8053,2.6289743736385383,1.2105110870353373
8054,1.8592162674360742,2.371009309305294
8055,2.44505706270268,1.49226711513962
8056,2.3849456924797865,2.086444343967745
8057,3.239942578416359,2.6836355840732016
8058,2.3053786416342437,0.9472801270976151
8059,2.279949683587357,1.8362495359130968
8060,3.096532413818488,2.2856904588083684
8061,2.6594390176473666,1.4895610811546625
8062,1.346878989018277,1.28341459472938
8063,1.3998885842983209,1.4065885037747636
8064,2.290191843290552,2.389331687355739
8065,1.6999529193141543,0.9659608310231323
8066,2.2887456614117645,0.736758500176394
8067,2.491494083879551,0.36902662041411644
8068,2.0300745220748526,0.7438038858329422
8069,2.252507913337095,1.8470494990746973
8070,1.4987606637276571,0.7197545976668968
8071,2.131901953901177,2.8203664506313952
8072,1.7013495659018003,1.417429233942406
8073,1.1469546326791835,0.70206976057713
8074,1.6770751361398253,1.7329044044298434
8075,1.6167415492692747,0.5201264523299602
8076,1.4382903185404001,2.2366739904158863
8077,1.923873744950954,1.5985673472755617
8078,3.416701050783567,0.3717451893805377
8079,1.3092062878489836,2.538821835436296
8080,0.5108884464070226,1.351930987036377
8081,1.8060869965852566,2.1130906495224466
8082,1.9728255616721604,1.4942961401233321
8083,2.7979038652768193,1.8634982891583725
8084,0.9632784154999827,0.9509653444239675
8085,3.183843238772614,1.7144349542200208
8086,1.5532818439466398,1.435012036218463
8087,2.03198606475591,1.0951864853235236
8088,0.42624434121634075,0.1961291475159179
8089,1.577782731816297,1.5768070750037075
8090,1.1107085643386307,0.5684077474131041
8091,1.5126092955022963,1.5102479471692005
8092,2.5975131983182638,0.4395287893429659
8093,1.1110714395377688,0.8972491929402228
8094,0.36986050930492376,1.0845453883138612
8095,3.47689504314578,0.9647645601632923
8096,1.767639904275888,1.9738614085406996
8097,2.2125951227162646,1.8420273541261396
8098,1.9719560151701758,1.4683407903671204
8099,0.21071442993046105,0.17576863766175244
8100,2.7836844869794124,2.624748666637888
8101,1.7451793432242075,0.830473376689265
8102,2.2493198206987306,2.1507992002087213
8103,2.4269690705027065,2.3104364946210656
8104,1.3435632758319433,0.6099629447667412
8105,1.839650551432458,1.2528159088988
8106,0.9062290330737256,0.30848526386581204
8107,1.3054981956492617,0.7553145581273658
8108,2.2223584261347753,2.4786888855760303
8109,3.123987867656285,0.8523073048077257
8110,1.6028193247597817,2.2894643835082857
8111,0.4019731682222181,0.40332893691424904
8112,3.016337780428392,2.5186896495908404
8113,1.4429464780045453,1.5059798081158284
8114,1.5163047239978054,1.6582147587026654
8115,3.2020198607106893,1.7137208625660092
8116,1.7807159409876099,1.2071767824136894
8117,1.0662792149399813,0.21091187821989693
8118,2.7093567652178785,2.3105198622839973
8119,2.365319915628917,3.027562946816546
8120,1.8976331416899503,1.4398802924656675
8121,1.664380577370765,1.877353262015909
8122,2.444046274583851,2.108871804306783
8123,1.9486857871168575,2.267308646548263
8124,2.2520156211024123,2.756268138284815
8125,2.4076293345235746,0.15225484892016747
8126,2.3425004586656377,2.6190940852868687
8127,2.341030949577533,2.4989147241695235
8128,2.485628831329359,2.564993201604016
8129,2.5945736621555486,2.6597618068194113
8130,1.7854800700309208,2.5499497807112697
8131,2.610991167029001,2.4782353606270324
8132,2.3734828627886815,1.6852596789891097
8133,2.8863640092706886,2.313332464836958
8134,1.5375580550246328,1.135832046708005
8135,0.49818141585078307,0.33424876920742486
8136,2.0409747377288237,1.6084337538066638
8137,1.6528399898581625,1.062759550828089
8138,2.12930173748532,0.8409471499568194
8139,2.7950675306471906,2.0677849572153093
8140,2.1148416726309422,1.7845824451433747
8141,2.4408904858546823,2.143953005318413
8142,1.155629789645114,0.5591268245878541
8143,2.347093633313452,2.779447396893855
8144,2.132480623998973,1.2864024115144836
8145,2.365828825743356,1.832210098915084
8146,0.8953513341407323,2.665868507820848
8147,2.0827504528033822,2.139674489861498
8148,1.1679297066424341,1.05504793096059
8149,2.825042850164204,2.020490877460422
8150,2.041704672250796,0.7770502639863681
8151,2.381844199376331,1.9257746570484835
8152,0.454073415001958,0.47623905349996715
8153,3.0550102021211303,0.6928962524781149
8154,2.1532013687613487,2.4821168057213114
8155,2.7153725993492426,2.4005743817045735
8156,1.792728647153413,2.198541930452319
8157,1.0051629556078465,0.13972495602062004
8158,2.2663578367440733,1.1865006342132223
8159,1.488444303917668,0.4759404775943912
8160,2.2523085129500307,2.1259552695995882
8161,2.172171164143665,2.4660287921647157
8162,3.0398926306736014,1.6981619179563125
8163,2.6111236196393284,1.9194669972071212
8164,2.7752628318095436,2.350125785080102
8165,1.0394814805137842,1.2822436921904554
8166,2.1832943036203805,1.6963269308883688
8167,1.9217738513518827,2.3324872928989655
8168,2.0756912027676933,1.6872728687682403
8169,1.6096638564109402,0.9382271617364604
8170,2.140541639848921,0.15996931785430604
8171,2.184227168624878,1.1412798248129268
8172,1.9335502692703066,0.8581428791675806
8173,0.959222447182156,1.5756181218776664
8174,2.3793837405512757,1.174050880536419
8175,1.8377459980375215,0.5555810016465996
8176,2.679309625314446,2.730814121292086
8177,0.5437921404442279,2.426702794966619
8178,2.088476696988457,1.2085098716771738
8179,1.5577442443541536,1.8549142881102203
8180,2.326072931859365,1.2343667566474743
8181,2.6593780557206594,2.6608909501487648
8182,0.7671025249033449,2.157094044686028
8183,1.5064311177466239,0.4770967580450833
8184,2.0727440089388556,0.2470099470401893
8185,2.4404551048536507,0.9982451516588966
8186,1.7799209887059058,0.38689806457066417
8187,1.9546692379064337,1.0893361595405586
8188,3.2342295498309324,2.579610728295422
8189,2.5271841797787338,2.91650882080105
8190,1.2995653692461988,0.17817000123923085
8191,2.7364034667986186,2.8379550443476638
8192,1.660468958029148,1.8223141043523332
8193,0.9742253238802119,0.6924220353090775
8194,0.6511814511563537,0.3624054302221875
8195,2.1129194608067614,1.3999185291606862
8196,2.83352664983422,2.80639260233274
8197,1.1167249166953734,0.21766683011458296
8198,2.347320493258702,2.617424893868258
8199,1.1337330351496768,1.4276735822166273
8200,1.9595627174332877,1.77629498850283
8201,2.943411438681393,0.46474063284997064
8202,2.173873696732725,2.269194073521361
8203,2.3994159245164544,2.3266117114132365
8204,2.421122179463055,1.7041154237779559
8205,1.5426963050207512,1.905415112972385
8206,2.2314720998466604,1.0408247997714342
8207,2.941056594438286,1.695641690623076
8208,2.333531619323267,2.518118010184991
8209,2.136692540082991,2.501215163379681
8210,2.4380869601524497,2.7049844050716154
8211,3.316010982179443,1.482969672390588
8212,0.8219288769986137,1.173174186668148
8213,1.0487770842655324,1.3926506221514485
8214,1.8058819271862385,1.9809159786623871
8215,2.2143191973820264,1.3121959359168982
8216,3.486866193692908,2.683116997065889
8217,1.4971285649146697,2.08198122668372
8218,1.265488970057001,1.0457772736595403
8219,1.0871167586143995,0.5928391386911849
8220,3.1838317619847074,1.5785920750611604
8221,0.9018511229783895,0.47403976398857584
8222,1.8748741863289147,0.9152808219713964
8223,1.4008640354604065,0.12490494628985957
8224,2.473187162411401,2.409561852756348
8225,2.3207316940942055,2.3352669888585016
8226,0.9346837325417537,1.0408898940675078
8227,1.8590417659561351,2.2145641576207207
8228,3.010807961647473,1.9145548171700815
8229,0.92627803304639,0.32383862734778723
8230,2.2709735024110427,2.441891289673551
8231,1.3402072950478365,0.8928520295408435
8232,2.079959322165662,1.1262054841662885
8233,2.787650941691212,0.4729905721865224
8234,2.561874350817386,2.061509771919556
8235,2.895599397675878,0.8459282143403279
8236,0.8111243822857793,0.11191023927671183
8237,0.6936261466500303,0.9727788357926546
8238,2.3882601238471004,1.3329058491497028
8239,1.5641109609990105,0.3675384957214416
8240,3.4148067563922155,0.6849767165609035
8241,3.2140469011039214,2.395107280299992
8242,1.6472766091689244,1.629036323851772
8243,1.562423564205529,1.2154231590318045
8244,1.6116495603839032,1.4668335450164773
8245,0.700818365649314,1.0530872635881592
8246,2.267419362717397,2.0253311019184443
8247,2.6855331089452346,2.505725100048962
8248,2.3581534572779295,1.3762968620075653
8249,2.576899253044304,2.838401011318172
8250,1.1635831353389545,0.6094133295439018
8251,2.5291406979208375,2.2611989073956673
8252,1.0966369737415966,0.43681885170568413
8253,2.2578906757162938,1.9401570119216582
8254,2.4529720766710157,2.429484781775508
8255,1.5819435290734551,1.031096945222889
8256,2.2965090204990903,0.6995240003173739
8257,1.8881561163272418,1.9110384784275292
8258,2.4828997832206987,2.2749328759204355
8259,3.0075675320656954,2.5266320543824192
8260,1.929672554743494,2.4258870114479145
8261,2.3222581769078845,2.2926510547208263
8262,1.7057971350194432,1.801339284970574
8263,1.251292167163025,0.37759332582377686
8264,2.049505936459814,1.2057019333119035
8265,2.1011514113321517,2.2750409368534856
8266,2.149047288974491,1.0118451579801087
8267,1.5405529714241186,0.8479741870723743
8268,3.1444632801406267,0.7789112531348541
8269,1.6552491520293233,1.709368804011492
8270,0.6405935320876628,1.4169721383085765
8271,2.8885672940409273,2.539100262906235
8272,2.2492877966832534,2.2224829328485174
8273,1.8326266315796127,0.42487051236415463
8274,0.503126197211109,1.9064099573212574
8275,2.572928302704382,0.9314814358321858
8276,2.380395599504739,2.1077779638793435
8277,1.8861334856739382,1.2859506808721162
8278,2.555419944815043,2.2064803851799333
8279,1.0205021297275507,1.0970664574139226
8280,0.6686432194814121,0.28324815405780707
8281,0.5767362052356734,0.28340182814273723
8282,2.242714698868483,2.487398440640183
8283,2.307697959822087,1.7943099034431873
8284,2.1951835475561183,2.467451064893767
8285,2.3514044421270035,1.655868516586679
8286,1.9545817616148267,1.5878323105964167
8287,1.9975295425880992,1.2087291952308732
8288,1.8873804236384613,1.9875443543787648
8289,2.115266389373304,1.280430244570825
8290,3.0370685940201083,2.625516459351956
8291,3.348522466982422,1.8650561136630166
8292,2.8255867431466384,2.828300039947665
8293,1.1322356877879025,0.5199205955744012
8294,2.5006053275172366,2.0947657059828164
8295,2.511289939619254,2.0090079241842003
8296,0.8079472195501965,1.033759505202991
8297,0.9983312502183432,0.7620374957335528
8298,0.9120727545351027,0.36336265350339847
8299,3.0263471607246544,1.384499257760222
8300,1.9972328179575587,2.0316129969245216
8301,1.6928691303852101,0.7365476836572394
8302,1.2762681592774388,0.5898711683547517
8303,1.5124212734898574,1.4117698025542484
8304,2.2069143442957984,0.5166443449162934
8305,2.4412715148234883,1.5458235734063652
8306,2.5171700395964356,1.9195532353809563
8307,2.500661721521011,2.0045271397959286
8308,1.703055815989675,3.233335437510862
8309,2.0097654154500995,2.0848896503559216
8310,2.4172700108176595,2.621833384608233
8311,2.1835525272539544,3.054802958560776
8312,1.8626394987692139,1.4102449492474085
8313,2.160436744116058,1.647657373169735
8314,2.47672458052703,2.101673719816918
8315,2.1563981441435778,1.6397393950109602
8316,2.8473388375375355,2.2961341850274026
8317,1.9002106410826003,0.882023497966269
8318,2.322636284397269,2.5598004515519066
8319,1.3875196862217896,0.4644672459750743
8320,2.4871460364396274,2.671073479226025
8321,2.4441896754608723,0.5461811682849029
8322,1.2193792434413575,0.22046046511230336
8323,1.9357148846985286,2.4547067205023394
8324,2.3266686281780373,2.4371932041515167
8325,2.7219863323186173,2.7943246434898135
8326,2.0576977127757834,2.0731357708474625
8327,1.770906866479501,2.709811949445414
8328,1.785201171641223,1.4365961660674136
8329,0.8099335353630447,0.2677116490598659
8330,1.2878860300089645,2.082235396268732
8331,1.9083702929842141,2.601522138012984
8332,2.607010458387465,1.126998770369112
8333,2.4186920906708984,2.6045792033755
8334,2.1777143313686844,2.9962319864835747
8335,2.6943181161988092,2.4258989428746145
8336,2.0264629990301697,0.19094778697492532
8337,2.136322265550771,2.2731405117979655
8338,2.5484773999236765,2.2261520860531085
8339,1.4935982285624019,2.134919359307979
8340,1.8911161894339503,2.018388332836249
8341,2.5194500739206442,1.7297109654611091
8342,0.9160940808026578,0.6578514620472683
8343,0.36747531092423935,1.1001098161878238
8344,1.228515009374092,1.4493768557249802
8345,1.6399374543291043,1.3365083107107345
8346,1.753584571448003,2.3065010819353517
8347,1.4307001072797347,0.9844736610993681
8348,3.0279085941880086,0.8495148518034893
8349,1.4206628819785814,0.8878274834548436
8350,2.596801485395558,1.4194003121756364
8351,1.5250896932637157,2.4178263417330537
8352,1.725940818959082,1.7872754588000295
8353,2.307550229494685,0.8578082022780118
8354,1.347651465567028,0.8056110430143629
8355,3.2436565264838064,0.6441029658030645
8356,1.8174369236789096,2.1335926769806304
8357,2.2401790837493025,1.6895721269999624
8358,1.66032678533472,0.6437647097639428
8359,2.8203173677669735,2.0678321334900804
8360,1.7224738017382588,0.6529162768616447
8361,3.0280243858104487,2.5335743511052136
8362,1.9487193600758823,1.8543555667544667
8363,2.1184165888557183,0.29590357735538764
8364,1.295737233885771,1.533365618880496
8365,1.367043964018066,0.09221423838222688
8366,2.5312145977001177,2.44981455109221
8367,2.6117547526083227,2.485854537692243
8368,2.172435162727351,1.9017342622861064
8369,1.1765701183190758,0.08455018961410568
8370,2.4532879296910117,1.356847603998896
8371,1.8259045044468636,2.2571759354705456
8372,1.0655752149703543,0.17993777913805303
8373,2.879987841728961,1.8460878442179376
8374,2.776638495425752,1.535382861385635
8375,1.9238030301453717,1.2264796063485635
8376,1.9233875976257415,0.49398989178520997
8377,2.261037373531433,2.118551889084324
8378,1.6348582829115412,0.6696001093192204
8379,2.5948153624441774,0.7883051822789654
8380,2.3329497157919654,0.8341421398051128
8381,0.7167012079613538,1.656401454901108
8382,1.6451469775669652,0.782432600975189
8383,2.2290643486497115,1.2228127984310553
8384,2.737867951984683,2.2597390608092414
8385,1.9336155158166461,1.2843856634488224
8386,2.4563728641115037,1.3903824375260898
8387,2.029040006044262,2.454074800205591
8388,2.6484506885591315,1.9556694285017135
8389,2.6186050180443226,1.7152452206321729
8390,1.778306575247917,2.3972345600062632
8391,2.4570988848356845,1.7413812203849504
8392,2.997982552553536,1.6762050547805185
8393,2.353295339752928,1.8292627560866357
8394,1.8000034505942057,0.3967475624231284
8395,2.1642765015373318,0.33983273648806495
8396,2.7403779943426496,2.922428028044303
8397,3.4373968561231405,2.164177857162623
8398,1.7656997142635833,2.271974973730638
8399,2.357497521005413,1.4749270062013178
8400,2.279455980352462,1.7360058521156572
8401,2.0502929380954225,1.7559846034889435
8402,1.7428051720519857,2.3630724068407547
8403,2.447003913065146,2.8177759885150078
8404,2.3074242168830272,1.8377736868338332
8405,0.8797652542099591,2.100983193762559
8406,2.3274995432332948,2.752155866445577
8407,1.8064245146329936,0.7376905096091799
8408,1.07590078585642,0.3282252645096482
8409,1.8399985094197011,1.208801732900095
8410,2.7646225983245527,2.6632440929366386
8411,2.027846535468013,1.1493310489068962
8412,3.498518513662608,2.4127644983019727
8413,0.5980177543693407,0.239546652734702
8414,2.9386061845262734,1.431042144436951
8415,2.6564941236562314,2.716197195735546
8416,0.6033591328426805,0.1205404144745197
8417,1.6840953846573952,0.5807496028457155
8418,2.182723190690888,2.4266264454253927
8419,2.4521145791929975,0.38436754963112846
8420,2.6590720564442365,2.4508428535160243
8421,2.088391242298617,2.12221101657628
8422,1.8203464651747887,2.231530534864547
8423,1.0003945991169603,0.5711622407846091
8424,1.5843658719094462,0.7181496839577208
8425,2.5107153444533963,1.4962907458176065
8426,0.7325775658851925,0.286307462997298
8427,2.479534736886531,1.8711799330676866
8428,2.3757084093471734,1.841750396707039
8429,2.5384362576458024,2.508652743822927
8430,1.6582256388382108,2.954594234453064
8431,2.500392025066483,2.6291704566011096
8432,1.1558741096044114,1.3655242251354203
8433,1.1279443625910157,0.29960398848769076
8434,2.4889780330278186,1.726308118919394
8435,2.680777475447467,2.1003108757851647
8436,2.7938444006650207,1.2670229628088736
8437,1.085279305916854,1.588325201873833
8438,2.046515782527328,1.248746767775697
8439,2.8924791633419344,2.5986468221309846
8440,2.2850844512360426,1.920309836959267
8441,2.1517838050872227,0.3011954238812021
8442,1.702194411906466,1.4180938122987123
8443,0.37687516076192246,0.39527779339361896
8444,2.3121228303955936,2.3614610510613696
8445,1.7037201247803366,1.4278890474122266
8446,0.7126738218015568,1.0423106501580424
8447,1.6130827484272228,1.3390013128239604
8448,0.789143750088454,0.2308980535605439
8449,2.449049388948002,2.5137035428620806
8450,1.2629600657609148,0.4970974491654927
8451,2.2784277265165898,2.523340890164085
8452,1.1446239546654302,1.8128968516025672
8453,2.1321237586522455,2.370255246053875
8454,2.151102909535906,2.4824968249790755
8455,2.3339804289286823,1.7307443387541461
8456,2.4178514495213217,0.11614400808388818
8457,2.64587001789367,1.0019548110936396
8458,1.542616451758744,0.765519862586839
8459,2.2127738641385046,1.0620285910841556
8460,1.659643411451967,2.104182486004411
8461,1.9357085906793756,2.1179854855608817
8462,2.6060842212080666,2.112425703078376
8463,2.422659337069389,2.3063285568408527
8464,1.9776849573581594,1.420739692109578
8465,1.0801080406663746,0.17885837403254362
8466,1.5224114430298394,0.2182644180458449
8467,2.0454692770214438,0.49624137434445076
8468,2.0223845585818485,2.3140069493728075
8469,2.275620656208847,0.7747416912500914
8470,2.3163879593892593,0.7646110600708892
8471,2.0272809797941895,1.8780322620310208
8472,1.3672672193399646,1.355885604080033
8473,0.91705657216889,0.6541525222267026
8474,2.358350281860745,1.0120544128153923
8475,1.6628057078748226,2.59175592468327
8476,0.6092611402546819,0.08491238913135038
8477,1.8482614921842664,2.7380935357078586
8478,0.648094462722529,1.3384844380101888
8479,1.6645756326341714,1.84721664945909
8480,2.5777105945454784,1.5753714104753194
8481,2.6365687935722124,0.31556918129632994
8482,2.2122728831697858,1.7788213620925244
8483,1.7206771975128725,1.1734384814414875
8484,2.543827131384485,2.4375193084805242
8485,2.064709152956246,0.790045018878737
8486,1.4948989569928737,1.433190327524904
8487,1.9968306271236236,0.20837553186296545
8488,2.480876479971171,0.4592718431923604
8489,0.8208991563694368,0.1973431912697895
8490,0.847223210595129,0.36640024837740537
8491,1.9901302159625105,1.7553007432671404
8492,1.0226517647506326,1.9811775040311486
8493,1.5695030411894546,1.4169959591576373
8494,3.495398548578309,2.568099273981372
8495,1.7198394547116564,1.8477383146247432
8496,1.9219284586076388,2.078573992824865
8497,1.425013558381807,1.673390824681693
8498,2.541585322425245,2.590048663300337
8499,1.6468217387782753,1.8232427485287628
8500,1.0478095469924587,1.686290234435425
8501,2.5044684749947197,0.32161107444225445
8502,0.8127925872012414,0.8878637818111927
8503,1.9452796044903753,0.45319038896766395
8504,2.7342612370935027,2.1289115234438802
8505,1.8022747684361755,2.0373871711411375
8506,2.3029619939264134,2.9228049675908765
8507,2.2480893247641935,0.15752913262324003
8508,2.0821271626302185,0.9434025786880569
8509,1.993298509031584,2.3361400007903126
8510,1.3890959328979517,1.8959838471421944
8511,2.0233365401730214,1.3590732168488797
8512,0.8861577397435756,2.1011934684736304
8513,2.036065273058552,1.869683921526915
8514,2.5577435974105605,2.312574693481561
8515,2.271788511079859,2.2905516642376638
8516,1.7454643718094347,2.2415024074061036
8517,0.732508839087138,0.2160120711288132
8518,3.179523530744741,0.4725125242977022
8519,1.8847712045257479,0.3574147832147315
8520,2.6997470826336274,2.8503399412188153
8521,2.2999700052687895,3.0047604727929933
8522,2.2667262725481274,2.4375335324849834
8523,1.728679862672919,0.5445776817816432
8524,2.7243701093899335,2.386107106623863
8525,2.298648059035915,1.3891797054684476
8526,2.517508204460128,2.4193747971609074
8527,1.310846493257561,0.18945640949353654
8528,1.9553322174692302,1.6746629609241055
8529,1.9425669879435226,1.4545425879757996
8530,3.026233845775116,3.058442997340668
8531,2.3878066764847543,2.266793833615519
8532,1.6974650442123724,1.1231498783571672
8533,1.8578719122194278,2.317129077291473
8534,0.9482049020705464,1.888960958134216
8535,2.5142894774353164,1.7547864471820354
8536,1.5948106599726393,2.469327925188698
8537,1.2698873646129603,1.332513896888241
8538,2.1864074807558267,2.4283261917876495
8539,1.214215725491018,1.9908097845007213
8540,1.4570850764091874,1.5184396934595223
8541,2.52579979346757,2.87455638042593
8542,2.2932713886576277,1.9754647839773551
8543,0.9840442504740983,0.20667222590023843
8544,1.6996309960471503,1.9943736853223837
8545,1.6786580787497691,1.481858857095497
8546,1.73027209979846,1.675007537723645
8547,0.3720083922335684,1.513862493478036
8548,1.9949044431651328,2.495712348297796
8549,1.0235174769376454,1.8670887867675015
8550,2.014387904748282,0.8787284739457254
8551,1.5217828843514674,0.3981943457715038
8552,1.6324867850490197,1.4177466691533618
8553,0.9354905061167296,0.27714434212024086
8554,1.3662230412450667,0.7952124813098159
8555,2.6687826453980237,0.2849363347143043
8556,1.0483460887174008,1.397538822654983
8557,2.204253755094274,2.6405959347863646
8558,2.4847432725344043,1.703272598875196
8559,2.1043519958848114,1.7796023138649144
8560,2.226987340763918,1.2713063023331086
8561,2.3194326028468635,2.4465938253030477
8562,1.2524862301468287,0.9746595662522648
8563,2.0759806307526074,1.4730839509478042
8564,2.517748712760164,1.2709649270800762
8565,2.624568525566264,2.1912865431657345
8566,1.761686373898161,0.4828538854891304
8567,2.073088189347102,1.8747108703995659
8568,2.0840612655995097,1.2213792929885332
8569,1.2071429356440635,1.1007092334100725
8570,2.8931675320384205,2.5749646456346302
8571,3.235603633546589,2.693499831636685
8572,1.0459663641794261,0.27342331281610444
8573,2.0548402512888435,2.323641009415839
8574,1.50164869137136,0.5333768746074794
8575,1.7407691955283782,1.4540337469826718
8576,1.415304737522274,2.0104755552919573
8577,0.511932951195555,1.2600670742371298
8578,1.5169340706721712,1.2459757538609257
8579,2.522410746834086,2.2475362394290386
8580,0.6136050096679659,0.18019134620571067
8581,0.8191065332213326,0.8964940337449565
8582,0.997529272002463,1.0847029019075158
8583,2.7432460492572814,2.5588676494585956
8584,2.6502643204674894,1.8714608908928707
8585,2.788202888507253,2.568423912529856
8586,1.2445936504154638,1.1949831674064166
8587,0.6304897508095358,0.5003968000012281
8588,2.0561735954536835,1.6525236692912626
8589,0.7617686239363651,0.10444832886577843
8590,1.6240680482595098,2.723920278430201
8591,2.0003637731555175,2.709971434463534
8592,0.3942704181361474,0.10217128609257409
8593,1.024084689970012,0.9365104287687857
8594,0.7591868544967446,0.6632141291439821
8595,2.2987935840005216,1.5607375426722703
8596,2.058873625237199,1.1449425929582655
8597,0.7943677916474089,0.5719948640126991
8598,1.0367907760676165,1.8525682770710306
8599,1.198342598492799,0.043552154090807045
8600,1.7206655959886092,0.5752958602590426
8601,1.8863006009995846,1.3823220310791526
8602,2.9516748237892743,0.5786227686156135
8603,1.0511292972418038,1.1264151561102076
8604,1.314984067134212,0.31365896216373873
8605,2.3118075599059598,2.4376734633999857
8606,1.9503977025514498,2.49570674722941
8607,2.4131343491333164,1.7277025949031972
8608,1.6647359013087548,0.2043881541663123
8609,1.7816064539392633,2.243703075038165
8610,2.3168322696073287,2.8602051723070527
8611,1.7000923341820875,2.1648244398307663
8612,1.7798753327789387,1.0028760906559322
8613,0.8691450699567591,0.7473035310929637
8614,0.6576285729097293,1.250702486698315
8615,2.6199621497539356,0.8363460785514129
8616,1.3849191286947962,0.22180273354243046
8617,2.8123833762684893,0.933143127551679
8618,2.1322070796428645,0.8469190672929598
8619,2.1671046736128363,2.273263081536545
8620,1.5965396289592204,1.534162911051557
8621,2.4507371961088613,2.179377255904515
8622,2.1888432227119283,1.1245181537492261
8623,1.8920462164168732,2.7033620229397712
8624,0.7070792890790586,0.23749143261069325
8625,0.6417367430838962,0.29691431374398786
8626,2.3925512814094754,1.8543454089119111
8627,2.0305411382436693,0.6321893380340254
8628,1.545838000987721,1.0448390822649372
8629,0.6723573624773531,1.2503344005945656
8630,2.112575665058158,0.5545455748100107
8631,1.5699104930011105,0.566681960807381
8632,0.9256080103970734,0.5145340423658012
8633,2.387092452791192,2.802263911498944
8634,2.1428484785293365,3.203429645005743
8635,2.631782600617696,2.4895575185407823
8636,3.229213231558111,2.7656043667441654
8637,2.9501112797110602,2.7873156812826827
8638,0.3651455807115937,0.2134477356452397
8639,2.354266232010272,0.8255811704213364
8640,2.0341946613592965,1.5699643344906897
8641,1.270955528013164,0.37204729111507445
8642,1.9572584627408485,1.3537989154037904
8643,2.594966417433367,2.4435640910074827
8644,2.3664554743424597,1.6922465676988185
8645,2.621066820153721,2.282725777547516
8646,2.739603041055126,2.1288511218480446
8647,2.048229169378818,1.540526149277191
8648,1.3654752144440185,0.6706621016611435
8649,1.852490034410441,1.6090337302076894
8650,1.048345554501701,1.3281124206210335
8651,1.9626512779956706,1.3018743788629243
8652,1.9608661675374615,0.7539365959075796
8653,1.0672569231463012,1.4809286203426537
8654,3.370163393343675,0.8154939372146632
8655,2.03625225447288,1.84839614502855
8656,1.539882132436344,0.44458257750702085
8657,2.951703457777434,0.28699642615478155
8658,2.914113051899981,2.46203247945955
8659,1.121593150938387,1.3733331447699315
8660,0.8289295274632982,0.5366909212328915
8661,2.689769274056131,2.7645673272904667
8662,0.6134759237468452,0.8103778496695169
8663,2.268276093378323,2.834132436623872
8664,2.868373111047096,1.072504719717454
8665,1.3393322688422828,0.670139950827134
8666,3.0948624501123048,1.1390079243103128
8667,2.5706071407340123,2.531529029690587
8668,1.9780427238138738,0.3159984492624762
8669,2.4223854426481184,2.6888474253814634
8670,2.5481663650692346,2.473438140719384
8671,2.48984897105974,2.600567410966183
8672,1.544956346774581,1.4742642915946043
8673,2.0203052749330843,2.4104910792235748
8674,1.5123502770470232,1.1986379210487215
8675,0.5567520044165951,0.4920151516869652
8676,1.947060883854401,0.8722479785865229
8677,2.172315420206182,1.6871482876165835
8678,2.324268617044235,3.191843554740217
8679,2.7367900236177576,1.846203345973911
8680,1.1485211522092296,1.116345828887191
8681,2.633286426317589,1.88452901872682
8682,1.276032664961763,0.27661491492059537
8683,2.4694525643040843,1.0601355216135575
8684,2.207672087835298,1.546537266252881
8685,2.1517750983623647,0.7107826761746596
8686,0.748200372576321,0.08381304097541964
8687,2.0201641018499887,1.816955872473988
8688,2.753618751111496,1.678380970286406
8689,1.552318060893543,2.2837864652118243
8690,1.838730102679111,0.6356575773299724
8691,3.1219050148872927,1.7626041937361752
8692,1.7601647732712657,0.4229469671562454
8693,1.530784538207532,1.7549160959111405
8694,1.4419177511350867,1.6252478424527497
8695,2.43190989543988,2.1795572669843177
8696,2.7168984484668077,0.44675447427081466
8697,1.0672739106127402,0.3934337466233238
8698,1.0368538884630807,0.7316307462083537
8699,1.080668901244881,1.8545154119683807
8700,2.094675833800216,1.8392021992284096
8701,2.3203266868719004,2.268303099071107
8702,3.4319966840110223,1.8987045635260973
8703,2.9715939245299436,2.66877219787683
8704,3.14697460017979,0.9058224544267762
8705,1.8398025607291344,0.3092179339136119
8706,1.987932990917493,1.4822649153877174
8707,1.2233598453211547,0.7603563584238094
8708,2.934811310283766,1.650960718147941
8709,2.752481315913659,2.4327074702973532
8710,1.4544481284929627,1.2109455043530235
8711,0.4652032452088497,1.4349706077845699
8712,1.4348376070508135,0.6682986498221716
8713,2.645079870710759,2.9124693330983433
8714,2.026286603649069,1.4640585546327352
8715,1.916458912716779,0.9775954335575866
8716,2.3483501786946404,1.847525406141834
8717,2.2830039513216835,0.47504125518066853
8718,0.7696645487061126,0.5902718205764057
8719,2.1559978666045296,0.8053053484627358
8720,2.6874632938190715,2.7951013252661165
8721,2.489733448511909,2.0568374024459284
8722,1.489396969175076,0.9720371991688176
8723,2.3020893226387518,0.9253337610788123
8724,2.5097501366796817,2.8343373346615546
8725,2.200493826403556,2.007360731232876
8726,1.4288282932000664,0.28935017180427075
8727,2.333087260225464,2.3306402502788224
8728,1.9531652834109101,0.7402518802789702
8729,2.741560557630978,1.2229650020000824
8730,2.5075629446056054,2.2606130225473526
8731,2.7418932734437105,1.5446510499865778
8732,2.51884697096776,1.2526496706918333
8733,1.4206544868380078,0.3504834901674833
8734,1.848106636635215,0.8980665707910287
8735,2.4520956860777536,1.6665163648062007
8736,1.7358031855344849,1.335343969626114
8737,0.8048851100995068,0.2291349483186909
8738,1.6400063671347105,1.9943677080387194
8739,1.8518709590187223,0.45927865945021806
8740,2.1215429998112225,2.584564659425911
8741,1.1168428764149014,0.20482638652614577
8742,2.4653226456518387,2.0813257464614185
8743,2.223161618906065,1.3331810629160117
8744,1.6927162849553723,0.3990852851899734
8745,1.5024971830583826,0.42024845110207665
8746,1.866523618054485,0.5476767150313315
8747,1.1286254861944691,0.43230200026429455
8748,1.5807796583780844,1.6488951354758623
8749,1.8733717012185496,0.5285308998057102
8750,1.0978481446500288,0.17506749492205986
8751,1.8953530124726716,2.455838690828657
8752,3.019184111024974,2.998657547266394
8753,3.1979893533744015,0.3593717217290952
8754,2.455275044430497,2.42208404538314
8755,1.9224337543709866,1.7238435611577712
8756,1.3573931474725345,0.2715478124454213
8757,2.4152084734675556,2.096335406448388
8758,1.599911539244129,1.4455849931816303
8759,1.829262085668153,1.2950277837355508
8760,1.7463926911751255,1.6891725316544346
8761,2.4298872496734756,0.6544170800707235
8762,1.8530361422096628,2.526013796055558
8763,1.5460505434325245,1.9339264813348447
8764,2.7043045582659433,1.1938477554208946
8765,1.1925331180545793,0.3885041963882388
8766,1.743544703515847,2.3933409640531367
8767,1.5218182473421613,2.178394316902242
8768,1.7437237158606824,1.0484879104044478
8769,1.7067907112809944,0.6346010940573165
8770,1.9708675842643093,2.2412698363042036
8771,2.3032302726736122,1.9796390174322225
8772,0.8092856213454495,2.9714789620879247
8773,0.35186977862113766,0.03875741153393439
8774,0.785569674139375,1.3761589329463484
8775,2.4239902928702763,1.9372564817330578
8776,1.278678650111074,0.12305132219927797
8777,2.5800252611711296,1.6799157787769314
8778,1.759679716075453,0.9959302687246191
8779,1.406193241295642,2.2108637832733233
8780,1.7174208748640116,2.32155906396468
8781,2.6274388964675803,2.3759572781619465
8782,2.465729210551611,2.1705317109279143
8783,1.85355681582228,0.3966550779125236
8784,1.3913192730377517,2.227178463634676
8785,2.5312587216001816,2.8787886124799145
8786,2.2201277611067574,1.713996390154107
8787,0.6943904558961017,0.8196741720502632
8788,0.8754812444173202,1.5005523214765961
8789,1.1713037883522799,1.5969721863140185
8790,1.4381511291658886,1.0180976437420097
8791,2.176846969931257,1.8337452360228352
8792,2.0581305980615228,1.707041415024553
8793,2.025658196787439,2.2545164133163484
8794,2.6424399608584177,2.3980986193353817
8795,2.2567069873484793,2.533319271908359
8796,1.3477833837754598,0.693259626718132
8797,2.4753833562636367,1.600993310316291
8798,2.1893308586506843,1.3793857106737335
8799,2.3658211426231412,1.3909190207078774
8800,1.306517456944851,0.3440828425244235
8801,1.7541686964573426,1.6683154956701858
8802,2.763048602790048,1.8372266421802395
8803,1.6267459799441375,1.187185645295287
8804,3.325553030814364,2.568934537228687
8805,2.4348088474548373,2.414755307710774
8806,2.3497937385208405,1.1446736296688051
8807,1.1067795183702136,0.6961031786662913
8808,2.6463800197439995,1.2617119019640082
8809,1.7628059654815076,2.106920919660985
8810,1.3540088141013233,2.1981476112608727
8811,1.4273460163506984,1.1153974178298933
8812,1.78084556448138,2.3486488148499074
8813,1.1932442591488313,1.0731968312231723
8814,2.4156789030885286,1.9206418644966703
8815,2.270259642588974,0.812486069536152
8816,1.9385924092562845,0.31438197866169476
8817,2.1090857116414794,1.608119714050524
8818,1.0523494807138802,0.5452303361116118
8819,3.4251258313429673,2.1423864052439363
8820,2.690178822454308,0.831951131210215
8821,1.4707213652701994,0.35046555371484045
8822,2.303993690733323,2.2343182321404664
8823,2.406024288588075,1.7857957842072003
8824,1.9685628265133914,1.0811909662949952
8825,2.2204321013352883,1.648438247477876
8826,1.8616744783059995,1.246257824068929
8827,2.382291567540866,2.7156454363278204
8828,1.1625968310364305,0.7817521910481975
8829,1.236998366242646,2.285311207802469
8830,1.631358855426236,0.1404197003495202
8831,3.3731269624135267,3.031614905939707
8832,2.0257000756340497,0.8906867302414362
8833,2.301467888824963,1.456671114884513
8834,1.884065173173508,0.8867840417170713
8835,2.492061850204406,2.1049900530337364
8836,2.1065863394079067,1.948281530583168
8837,2.0234648584487855,1.6741291850988016
8838,2.6040754155359527,2.212434919305974
8839,2.2973128350778755,2.0614175309938143
8840,2.1023796266125787,0.4611579738538715
8841,2.6481616263941095,2.1434045131971353
8842,2.5154125499982305,1.7731964441719865
8843,0.3058801106787257,0.8920656039734611
8844,0.49830523059404486,0.18858425945640275
8845,0.28818347382755394,0.2201247522586811
8846,2.646438096640308,2.8900127582903172
8847,2.9651931686185917,2.6020469812622853
8848,1.8643141091045508,0.9698523896429356
8849,2.62387616594393,2.4851753435076813
8850,2.2066199004712868,1.3992217964187361
8851,2.6145611668953608,2.7813835292238185
8852,3.017662800481126,2.7269676286160203
8853,1.7540665422225785,1.2865883368603392
8854,2.196741431881123,1.6055487904289336
8855,1.6664120141283367,1.7798481883152124
8856,2.716617596852889,1.0390406416882259
8857,0.784745862191881,0.14792106028568147
8858,2.3338210873204117,2.31831141723194
8859,2.2994667819678196,2.992400415148892
8860,2.17568911826301,2.232368379494116
8861,1.2490078654072103,1.6483324359518843
8862,2.25360078575521,2.780901355545244
8863,2.259607051926351,2.6690045606756505
8864,1.2837351034583029,0.22340474985229067
8865,2.4926758045925097,2.304259750701478
8866,0.6002081298960151,0.12212564492005
8867,2.417388160660725,1.248279617408723
8868,2.0735509185859775,2.7752863150968037
8869,2.298103381607067,2.482719052452382
8870,2.210869282413881,2.3614028867502452
8871,2.3770798683541687,0.9194992962740883
8872,2.529427925988099,2.819158521115764
8873,2.697808846781239,2.2086771600675785
8874,2.5903300889992877,1.4261644596358467
8875,2.8962897511963233,0.43727420778036563
8876,3.3008753056818887,2.8518202221652116
8877,2.0241690020942924,1.9602803048970192
8878,2.176712347894373,1.564939990528485
8879,2.3709279828916165,1.5418862858053357
8880,2.8364525586501204,3.6545204182426523
8881,2.649887562022966,2.586493610613674
8882,2.2490755998453533,2.9645429893505093
8883,1.9044326234423075,1.9946124508510563
8884,2.4293375370954693,2.596348214087161
8885,2.040005389969637,2.486993282818553
8886,2.1979898935788644,1.8612599738867046
8887,2.9446382065992163,1.1488781577485623
8888,1.8906462309504852,0.5137491478134285
8889,2.6991237027289463,1.888164963539767
8890,1.7992939141005582,1.1575237741749933
8891,2.3600058040599863,1.2630121888976023
8892,3.340276680952302,2.46117970772104
8893,1.4110971951695068,0.8546448438666269
8894,0.9641292552442827,1.687175347430413
8895,2.555753800749988,2.144112873555435
8896,0.6462940590851278,1.6961618723585277
8897,1.3855922407547063,1.6302298777601036
8898,1.8105962267673996,2.259929748767561
8899,2.9072237234747123,0.10944557659810489
8900,2.8724297704869652,2.3571639640123543
8901,2.412384240227405,2.6044106508345046
8902,2.1311876127356677,2.161767777236521
8903,2.470072507979054,1.757238393689338
8904,2.5164550848653326,2.528278906826852
8905,2.0319831482692803,2.5960332688504018
8906,2.655101285135905,1.3404668837105023
8907,1.577945943035895,1.5331701017580064
8908,2.988506162064585,2.681677456371763
8909,2.544719437196626,2.410504263657183
8910,2.222078839319817,0.8730078848941237
8911,3.523670425421728,1.7293574133189904
8912,2.258976591678059,1.9024586283926215
8913,2.326313187784798,2.4076230084361407
8914,2.281775876387658,2.815790533595067
8915,0.992402499648173,1.6138903246701537
8916,2.520331180439283,2.6224736898099206
8917,1.5124482924139493,1.4334848105734412
8918,1.3153100192312062,1.4810920566559083
8919,1.46760374074968,1.8126678257293325
8920,2.5282450903251212,1.1988175066899232
8921,1.9611293232384706,1.895789767174513
8922,1.3710766048975576,0.22047607723369267
8923,1.7411567316551184,2.5194757570512287
8924,1.345744918934726,0.8360227921316128
8925,1.381312837161681,2.2999105599287457
8926,0.8908201603623427,0.2744637844410109
8927,2.512403285378973,1.6368852519950636
8928,2.7325273989700563,2.348327155972984
8929,2.254091205198335,1.2573861673653475
8930,2.3797285957478356,1.9696392279997965
8931,2.273494414330006,2.412169133391603
8932,2.0088860128326473,2.625111325909914
8933,1.1996502954226715,0.38071495655854976
8934,1.4436099943910556,0.5220914663930637
8935,2.3160906702086823,1.357222677200591
8936,1.8891405122275942,1.5713723388615972
8937,1.0789224076222137,1.9573731542319242
8938,0.6903640980675152,0.42715541788467065
8939,1.8688004669733738,1.7828844035049216
8940,1.9790418108145285,1.8078619824226605
8941,0.9051745595882456,0.2600648418192755
8942,2.415674647875029,1.44476279027708
8943,2.682249577612672,2.3884718070288393
8944,2.708036781631401,2.6925209874023266
8945,1.728514320288011,0.8525325395147629
8946,2.6935522259808145,0.578979709567659
8947,1.9324729727396073,2.1325457593219705
8948,2.515434853709024,2.117450807140166
8949,2.1758495961847566,1.3397894552368539
8950,1.5040747221870099,0.41643108416914604
8951,2.369633946646314,2.4741846942626298
8952,2.033558381968744,1.7348535014889597
8953,2.161213256370426,0.8004402676761292
8954,2.2880176142385977,0.41626501505802127
8955,1.192839829419796,0.4217361938249282
8956,2.7622743879081413,1.0827162089557443
8957,2.2848537798037687,1.7737700365269047
8958,1.9305704724945227,1.426110766749276
8959,2.1893575226039648,1.9912951647383743
8960,2.575727217274457,2.5371569562046115
8961,1.2322869874820448,0.7735665008438263
8962,2.4478953127042873,2.302478849333508
8963,1.7161344052482315,1.0504211080104457
8964,1.9420602533716909,1.139622280115487
8965,1.606751675594445,0.9327565929891961
8966,1.081658282223609,1.1359858279856279
8967,1.7081685097493635,1.9760104095491455
8968,2.267568321969392,1.7620881753027156
8969,1.8994215513519188,1.4085958375204217
8970,2.1154682356475165,2.4324032715562716
8971,0.44997333870055756,0.18873902371426313
8972,2.4446389346084403,1.8440749549998483
8973,2.4242897926581857,2.0330496727830045
8974,1.2089934476886695,1.3990507556639786
8975,2.264316226892996,2.411820587098893
8976,3.3330047651122525,1.9079151507366392
8977,3.0309680728312753,0.3886755137721915
8978,1.1993467407228735,0.692045817192486
8979,0.775522805455188,0.2786754619667914
8980,1.5000203320989394,0.523702681879134
8981,2.765409478048304,2.167189639853363
8982,3.0701902217849835,2.3762520213025047
8983,2.6439402612225895,1.9727963862778968
8984,2.000668781180464,2.0923328076395546
8985,1.8618484875251513,2.470447430632963
8986,2.09692267071089,2.075101528202008
8987,2.3730801444806713,2.3584409102374564
8988,2.1818596328143336,1.8725092741217737
8989,1.7017359224327266,1.6417901839640423
8990,2.1945748921629806,2.100774464270604
8991,1.8742769230976655,1.4688061888528976
8992,2.506171137165601,0.44954769145339646
8993,2.337631723731858,2.623276906662174
8994,2.673039171975941,2.216155327431153
8995,2.1942568861847738,1.0052764551457678
8996,2.0034104745361834,0.9679602105549248
8997,2.508274680291685,2.235886093624257
8998,2.453198362356602,1.8272788558987345
8999,2.9306902652031406,1.75745781097078
9000,2.0597658602399966,1.2159563213278441
9001,2.147859114931539,1.1894998967280808
9002,1.122474332994338,0.4180694507021248
9003,1.29647617099073,1.473497705932974
9004,1.2666420260822167,1.2855919780423144
9005,1.71134413154077,1.1013423422225381
9006,0.7778160091882187,0.8535356037011588
9007,2.4537239965919473,2.1185555275843546
9008,2.0475121071901095,2.1849959887900225
9009,1.6863648719345627,0.8776061179901657
9010,1.3159621165372701,1.6169417351516193
9011,2.740621551675238,2.616372119185707
9012,2.26817244293635,2.25949949724051
9013,2.179195328274193,2.6537037699391335
9014,1.798545759620643,1.2960665001531824
9015,1.410777272112241,2.1326007665097024
9016,1.870739870919893,0.2784214287255719
9017,2.196036701957289,2.1088002069501046
9018,1.2336744927124885,1.4112962544451353
9019,2.4540471314157464,2.2770667137464295
9020,1.6568488908303827,1.385819969870428
9021,1.227698309348249,2.1803594011985394
9022,0.3573686105036951,0.6625370778538674
9023,2.0070541190962836,1.7892454339512593
9024,1.2104712822036043,0.5854283139824943
9025,1.1831635152122313,0.11511273309703009
9026,2.3742010640196343,2.681134221578398
9027,1.7800901574278016,2.324090295254104
9028,0.8568245943746197,1.5091769940796107
9029,2.3470886354358216,0.4906183381293772
9030,2.1665913564626536,2.1553479274221394
9031,2.619263934529061,2.800052309486203
9032,2.2122247018270844,2.4166659834346196
9033,1.583134873865526,1.3046948621517094
9034,2.7424877978997877,1.4325955787491298
9035,1.1879566432254098,0.523012754100848
9036,1.5547969336615914,0.13377085706723127
9037,2.576754125644234,1.256318796160188
9038,1.191023140228095,1.557445109978193
9039,2.064201643208487,1.9103256456000124
9040,1.7089974008904159,2.681287431222553
9041,1.7188164056110147,0.933054074087946
9042,2.4398540459086933,2.690793278292905
9043,3.1465212121267863,2.10298161565699
9044,2.2314004713342364,0.7354982763703537
9045,2.4859345106827084,1.4421946233656886
9046,2.647475738132968,2.212339383133511
9047,1.767329359930327,2.1891375810216083
9048,2.29148393097947,2.9265352304316674
9049,0.6751860536041252,0.26857692524880133
9050,1.6033013279737873,0.44431951820802196
9051,1.3319772480494716,0.3603210153137033
9052,1.0030823016458175,0.21683165922088635
9053,1.8546762323038881,1.008022268735751
9054,1.8342560094553002,1.4276397734823494
9055,2.4815774288465002,2.5346750821599953
9056,2.0421521657910273,1.6290412524480042
9057,1.0663863250938832,0.7152217895119443
9058,2.5978005840990415,2.4238207753221386
9059,1.6450630777236201,2.7191700124697635
9060,0.9542868888234313,0.9119449388416335
9061,2.4807156547117484,0.9898426747957088
9062,0.9478121292044285,0.6355836797622011
9063,2.322106964110012,1.7849937897239083
9064,2.4819850811414113,2.49927293235564
9065,1.6570106767113,1.7840934278211404
9066,0.8666140910005938,0.16011114920306163
9067,2.5702805386377383,2.2743715688456354
9068,2.7218316447106776,2.140234342109964
9069,2.8199777798281955,2.7388672279034094
9070,2.906301748278405,3.374367391051399
9071,0.7538559488938634,0.7683575398592998
9072,1.8950279735842535,2.7176011610787887
9073,2.171084612726546,2.524571985800767
9074,1.6342196547321541,0.6157554986608624
9075,2.5270545852630897,2.7888578922139153
9076,1.4748501008308648,1.052991262947062
9077,0.7946418121319393,0.4633596431570221
9078,0.9089297124933018,0.4086327895256087
9079,0.7631287415801297,0.7721359601458214
9080,2.541509100586234,2.270143292759975
9081,0.43028448305672234,0.9272529547576466
9082,1.2130538933899742,1.1007159646970004
9083,2.0688812743461575,1.527704191119411
9084,2.0003174530725527,1.870809727818384
9085,0.2994097022832443,0.12440990640848919
9086,1.015158755886395,0.45233551859168897
9087,1.6812811060577253,1.8335781200448924
9088,3.1979709700475323,1.7451847925407358
9089,2.6831335217784464,2.2811518774828397
9090,1.421874693790933,0.7917436141471793
9091,2.963267421817978,2.500361838425621
9092,3.1930575211194427,2.323750923489147
9093,1.0640714043347361,2.052007610315918
9094,2.270782628859593,1.7638698744584858
9095,1.1859562960880463,0.3999637919584953
9096,2.2186409775386204,2.033320750673457
9097,2.2727084496503416,2.279285529316867
9098,2.5702031911313945,2.475111606688085
9099,2.711535827374627,1.8999277462114483
9100,2.5159811140412054,1.0637720838336733
9101,1.3443155439545835,0.5394095491112298
9102,2.7679398625034723,1.7944085657050521
9103,2.4848831107084903,0.6988657265528638
9104,1.699016940054048,2.498768577167015
9105,2.291066610760256,2.5225427046425914
9106,1.2216249745817132,0.324423558014847
9107,2.0451878107788244,1.8883398937731506
9108,2.0219726425161633,2.011847232985925
9109,1.519834364733295,1.211702023897429
9110,2.4868950658923787,0.4138120996341807
9111,1.8662812503913284,1.801537129838068
9112,0.8782334005186057,0.8933195795761274
9113,2.300283638546674,1.4506985869106872
9114,1.9087621960650447,1.854563345988283
9115,1.89046194523554,0.6909113580081737
9116,1.5700167645819143,1.2474652569568767
9117,2.173517500063712,1.4047660151559063
9118,1.748975187304531,0.9146458445618938
9119,1.3573101612882892,0.8728400443099202
9120,0.7422781993156482,0.062418417469914306
9121,1.2274217570683716,0.5748933407469947
9122,2.246775823459652,2.0553217962507606
9123,2.5208992257867777,2.5832307339809453
9124,1.9862270873318038,1.6594437798819617
9125,1.6245781529955643,0.42456149098467144
9126,2.197131101033799,2.027892303883294
9127,1.8438317004351645,2.713994589303198
9128,2.3069364242914614,1.5262769572827408
9129,2.257127623482466,1.525955230684647
9130,1.6073345575523015,0.29081364183705977
9131,1.4104819919618097,0.6725230396439933
9132,2.5819404303245403,2.8220041072474915
9133,0.6398051854424408,1.2139994667982794
9134,2.6947403742541027,2.733853741283412
9135,2.2545140628682527,2.7937095896664834
9136,2.400287722022144,2.3230913704296405
9137,0.8427604355631498,3.188551859357946
9138,2.5820205816156823,2.1904468121902125
9139,1.5640619560680524,0.6614063735935287
9140,2.3666502391440143,1.6686200599413603
9141,2.6438468041141294,2.1619561439144825
9142,2.3491436716247285,2.03134945785664
9143,1.38048410688167,2.220703016603762
9144,1.5172607919258538,1.8282730568164502
9145,3.377784109876076,2.1558282094789356
9146,2.1107670079608,2.0732574157869337
9147,2.2051127627669196,2.4111501309836574
9148,3.387282640211525,1.785724406664714
9149,2.4574497548982692,2.5694849903825174
9150,2.2153686393237453,0.26093938062841576
9151,2.1319210156272477,1.7018916312394732
9152,0.27968044091213795,0.5298712503664188
9153,1.4592635126262183,1.3091433700916668
9154,0.8124609692649774,0.3035248706041287
9155,2.287413439418015,1.9546526765307801
9156,1.8180527655970997,2.2885808629526045
9157,1.1883421286120295,0.7473435408053913
9158,2.2718504622842204,2.1537291200164215
9159,2.4195206714230766,2.3055388549873554
9160,2.2803942069747096,2.3958728978215964
9161,1.8693626243197048,1.5361805455580573
9162,2.307032983357633,1.720406750936916
9163,2.6081563670578003,2.1874255516643926
9164,1.0755783930988794,1.665274562161892
9165,2.8943015027977523,1.7136536969192744
9166,1.2346135039706339,1.906657139735419
9167,3.026207446341739,0.5295865460128614
9168,2.1023538825335883,1.2421368197681446
9169,1.3686080642983214,0.7917353533947267
9170,1.309386775834582,2.038774759044168
9171,1.9887164221264049,2.4767826342648567
9172,1.839457750266826,1.0418702899543684
9173,2.4470172608447687,1.6638638954281413
9174,2.8424390870733136,2.68314552514409
9175,2.1064552859432193,2.5948644423429665
9176,1.895868629248976,0.32434865423487663
9177,1.7609722814306183,1.994828494019493
9178,3.3031914840617325,3.0814260512936387
9179,2.0235622744750863,1.3413817116218276
9180,0.45501365330141896,0.33615616359994765
9181,2.0370217121274536,1.9930697164019098
9182,2.2045173788919143,2.2764117204256222
9183,1.666281643074735,0.9490007115311616
9184,2.0874445202805383,1.043605348187124
9185,2.540787425673971,0.138454863266945
9186,1.776608253627947,0.728459113531192
9187,1.4815069404695491,2.426350219361085
9188,1.706420715379293,1.906366450422135
9189,1.163528662958627,1.686515612181218
9190,1.7034320475158853,0.8558934619999052
9191,3.0517603252082734,2.0103644505022786
9192,1.5384009071503923,1.2070970897880793
9193,2.5478987902145667,2.726061384954291
9194,2.379139212703404,2.1853529639218743
9195,1.6714264918067514,1.7821861472345484
9196,1.887077874709209,0.7130871325455674
9197,1.8170451922393387,0.9837512127369854
9198,1.39651993242985,0.2325682586959595
9199,3.0590347484044145,2.509347129879206
9200,2.45807951020839,2.351084258554206
9201,1.5876024926063275,1.2126931399715972
9202,1.1269248900109283,0.12322123463340919
9203,2.0871363163860375,1.1765463556305868
9204,1.5205148690990304,2.3919799790318437
9205,2.5963698252200644,1.0697752153614297
9206,3.137440497270102,1.4863989411688177
9207,2.1611905797941784,2.0015797183058055
9208,0.7898481817014297,0.5480338330741381
9209,1.5594433090709163,1.262580891726475
9210,1.0920734857027523,2.6020539049123927
9211,3.1312229724351175,1.36632670125141
9212,1.9451324694992513,1.957717718918383
9213,1.7885201752519382,1.3646093641759758
9214,1.5397942782594618,2.1746096793875522
9215,1.0753630627967197,0.29742927085171333
9216,2.227504364887935,1.435197743747694
9217,2.000270498747013,2.5292407201563294
9218,3.5537835155391426,3.5063916207385106
9219,2.0104106069931946,1.4574550219914841
9220,3.176308813512346,2.0138304493399373
9221,1.6278498110678994,0.5803113967098792
9222,2.421108298127546,2.500707245786816
9223,1.8843964118543617,1.7995345455458063
9224,1.5579685194394433,0.5672322345282648
9225,2.082665677681284,1.6593785974015625
9226,1.8700572048878668,1.967600043178986
9227,2.2769629326459055,2.2057193163484947
9228,0.8948831391533069,1.0726550710840002
9229,1.4791297348124062,0.5434403881898546
9230,1.5828931827137935,2.091290402902093
9231,2.272498452036899,0.9935043180167328
9232,1.7873693391940366,1.188069865779151
9233,2.040507506597464,2.4630087206143663
9234,2.6881526233324644,2.176525402280302
9235,1.4736414239775215,0.23613377889054732
9236,1.7762871082277687,0.6273393503881569
9237,1.4730096505203603,1.603466162006183
9238,2.609230109006322,2.197775885596355
9239,1.7268998666472601,2.3605783300511427
9240,2.396892854794568,2.558055040692052
9241,1.1998327456760765,0.5785805981388703
9242,2.3980593149384593,2.1617981061636335
9243,2.597907006193265,2.594056556069812
9244,2.104216482454718,0.4848419067738829
9245,1.243640457797787,1.656973592020924
9246,1.9697726551725037,1.9731416800026393
9247,2.689661934338248,2.0614607787111896
9248,2.112599704178112,2.2260718894545515
9249,1.7927076585655495,1.3414867766074425
9250,1.8423961221960927,1.1862208496438416
9251,1.1819463970246744,2.4081567249420357
9252,2.2409140833460395,2.4672252944413766
9253,2.3755608095609544,1.2845860435020753
9254,1.8621525603869846,1.6424494292483949
9255,2.829672971421179,2.718946129048457
9256,1.2941506256654955,1.9719585031282651
9257,2.860056636204801,0.3640543193417401
9258,2.4926333845445563,2.1224812722165707
9259,1.3274378420531512,2.427227982369513
9260,2.255947914744936,2.0405117854691763
9261,2.244155870584381,2.1769672401906837
9262,1.4789931221495347,0.6507137543257888
9263,1.9540923737778904,2.26881346044832
9264,1.2823659774203335,2.358826052460077
9265,1.4121946221565402,0.6102515825504357
9266,0.6049750439646796,0.2858807507301602
9267,1.3462609569713118,1.3247958756067773
9268,1.590620154480561,1.4763725309389475
9269,1.1284503774605368,0.42504701035005993
9270,1.8925447916686748,1.2020737754064248
9271,1.3799097514219216,0.9604659476220501
9272,1.272322739080953,1.6388838631521903
9273,2.230307920489368,1.5826203131570562
9274,2.40582146137682,2.48789308135574
9275,2.7122048472968023,2.4570098279370414
9276,2.360640218216009,2.9103667140908183
9277,1.633295285554489,1.2773997769982828
9278,2.407882586141607,2.181065439921989
9279,1.0709515474668687,0.16468588369863116
9280,0.8239214307358022,1.547513317688167
9281,1.5133760756791967,0.8321083797395326
9282,1.73268741753405,2.3515627423682632
9283,3.2791191474287285,0.8269704425502598
9284,1.2275210256585805,0.2111997227679605
9285,1.4523842396891014,1.358353569025711
9286,1.7988241556491233,0.7131036713539949
9287,2.228819666721794,1.1033656726027274
9288,0.46194810827138233,0.5922803743380841
9289,2.0356784053808687,1.214818521326864
9290,2.2244457399682847,0.6448261347356674
9291,2.246064385762152,1.122999056655711
9292,2.01681712764151,1.4467068538635233
9293,1.7484707888380167,1.3005932018798516
9294,2.4278333132656624,2.2349536588102232
9295,2.275006707504469,2.3947216360098618
9296,1.9778059986345455,1.5390338990117711
9297,2.0876361011593665,1.4717097845419977
9298,2.4693488288619556,2.781891164592664
9299,1.3912037759716482,0.6163157442862088
9300,2.1656032786275357,2.6524005991560875
9301,1.6307110102233318,2.772185312394911
9302,2.384775065712663,2.851087516682145
9303,3.0907823540820174,1.6361992599057928
9304,2.043495962776555,1.9714194496421138
9305,2.334850428770935,0.8453248356018647
9306,1.9068393675117123,2.2468815136787663
9307,0.5767770653714757,0.4006403251462255
9308,2.654786969789961,2.5782596759079777
9309,2.080234244629803,0.7408666656149658
9310,2.7396502086310828,2.733738873014848
9311,1.7516470215322675,1.8986232394530507
9312,1.06166854543496,0.10942476680088176
9313,1.9743404424509594,1.311503695154893
9314,1.5208450629281536,2.083369217296435
9315,1.253229512595076,1.1577702743445266
9316,1.5384908759638478,0.6691741787611944
9317,2.4347245450152393,2.406968715726758
9318,2.62402617009134,2.6051772195957352
9319,1.5644530334464772,0.6243638495560738
9320,1.0454553743107484,0.9734401340175157
9321,1.4196815849080908,0.6555369394971183
9322,2.3263791219694867,1.8790461284797597
9323,2.0300544369079807,1.6257230240306317
9324,2.1572792975820025,2.3988380166534715
9325,1.9053727041484019,1.763442515160681
9326,1.638840943257022,0.32174586050394666
9327,1.2020938113081223,0.9108990977330723
9328,1.183108475433015,0.695298881290586
9329,2.622063936229408,1.429272768069357
9330,2.346659466748927,2.2746336919339623
9331,1.1058378974209502,0.9634309121259361
9332,2.2774974298039377,2.56709012155484
9333,2.781663807831882,2.710264720867028
9334,2.7739977282332147,1.8947148780567196
9335,1.3887529003277665,0.8957938374696489
9336,3.148501074358894,0.9493631206874307
9337,2.1215096277675265,2.5513951020128873
9338,1.9136952590108063,0.5460371280841768
9339,1.1567243581118,0.47238340289891
9340,2.3627517273083707,0.7049197002303923
9341,1.846189015432791,1.6479104483456328
9342,0.870189613762969,0.20783917074210467
9343,2.6038612881626118,0.32328831435740235
9344,1.1522302311027273,0.8257690177080312
9345,3.419318889738688,0.7605029988978738
9346,3.2022782303796036,2.3324967454261802
9347,1.7381267861319845,2.371974025531455
9348,1.6115096631792767,1.4606638980574742
9349,2.5703014240064332,2.614755582653909
9350,2.2301423696096396,1.688977413532982
9351,2.798106808026492,0.9549245872529237
9352,2.300356321227259,1.039483154165191
9353,1.6815392066384558,1.5337571494608446
9354,2.369901469719298,2.493213148956198
9355,3.259207197251697,3.3682289369251373
9356,2.9427975980919876,1.995121881813405
9357,1.5506687918585187,1.2106573690913724
9358,1.1105265401056674,0.6594734325970366
9359,0.4460166353338736,0.300649149762481
9360,0.5038993301901247,1.301112350855934
9361,0.9372500143671938,1.3693679834898125
9362,2.355380288181056,2.572146096395015
9363,2.01795971772793,2.511833295987626
9364,2.0628435751034297,0.4703531328317767
9365,2.5149793720671862,2.105320077436578
9366,2.7713186744907095,1.7804763137081159
9367,1.3250387558238892,1.1163137239699565
9368,2.2899429056524077,2.4673558496248673
9369,2.337497021046308,2.3453432566949295
9370,0.8054821576952996,1.3483468567135632
9371,2.4598230067631737,2.271885432576621
9372,1.5088396723740278,0.5237424989119559
9373,2.948164805332326,2.6860213713859276
9374,1.8350087459583455,1.7873795840021738
9375,2.3678262913761214,2.2621609539573964
9376,1.881950108658737,1.7765270551844254
9377,2.7874285447877507,0.7464331454452042
9378,2.2031722379931282,2.055551181673621
9379,1.92010203379245,1.3786871410507402
9380,0.5750036962937786,1.80122752107658
9381,2.5506776034056253,1.3751029387343108
9382,2.2436802031558103,2.590790580254742
9383,1.8551220443032987,0.532445241678018
9384,3.280858986970634,2.915168622530036
9385,3.3172603436734134,2.3352085196874284
9386,2.3237499976448257,1.6003973852245124
9387,1.5443665484418188,1.33892535016743
9388,2.5984637753426583,2.0596617565223996
9389,2.0931481021050056,0.4294731933661406
9390,2.2320984573296343,1.5676721182942097
9391,2.313429438435267,1.5042856495651307
9392,1.3285638477335193,0.1392128668358216
9393,1.921224789035637,1.068750533287571
9394,2.3998586227521588,2.3185367225426234
9395,2.4608774173323718,2.121676756629907
9396,1.2219873416665032,1.3340237889103124
9397,2.797041269538182,2.869112150343454
9398,1.7448417918486832,1.3373692625829738
9399,1.8532281235832553,0.683649962823988
9400,2.4887874416571547,2.0984929700294614
9401,2.643754710775092,1.7171760394500595
9402,1.1990997686362326,1.7048637450737472
9403,2.3334865649208543,2.12678845976273
9404,1.815010220012453,1.9491794781842713
9405,1.433093016019393,2.0580749762361417
9406,1.0836432483352223,0.11624685997663073
9407,1.4423262736063067,2.1687811632207055
9408,2.6041384154594,2.223978280343551
9409,2.332078394710381,2.0713195190664555
9410,3.2683484877056914,2.9014646091749356
9411,0.8337283424668083,0.30129005988617513
9412,0.433885462750964,0.14064449204855747
9413,1.4190445132082639,1.4414487285510071
9414,2.175613558945815,1.929564101755485
9415,1.7421800714194964,1.4775173759616622
9416,1.7723293730571708,0.6606561325052177
9417,2.1587851039180705,2.5488185045043825
9418,1.3759427829484188,1.2419232517388157
9419,1.3165431866526036,1.6469398702831983
9420,2.133835557463609,1.9838320906678764
9421,1.1203193524646484,0.7907982536251007
9422,0.9342095775443896,0.5253077927170559
9423,2.309850926986943,2.5011623022304503
9424,2.7596202188172794,0.4101954087724614
9425,1.9499234659091504,0.8703381366601031
9426,2.986022759686318,1.8872212689186907
9427,2.043757449261942,0.41288373775605997
9428,2.2271260278486014,2.1050515310829927
9429,1.1252289625975265,1.8560876616455513
9430,0.8442730589454345,0.5573565110115557
9431,2.632039024088656,1.6357271143750405
9432,1.9495364870863154,2.1473633682363786
9433,1.5165400630540276,2.090158653629574
9434,3.3171955883987416,2.724483579593039
9435,1.2021061436232363,2.3860753151020653
9436,2.574101868780049,1.7943789542742026
9437,2.231821694884894,2.5974411904197807
9438,2.3611612645273254,2.203697222296641
9439,2.2261734414817163,2.034895188769574
9440,1.964067289611178,1.2345450218901082
9441,1.873173650826532,1.2249102943495396
9442,2.649044784855722,1.7042543534457852
9443,2.0925612450694584,2.3797064364790588
9444,2.3727998731032254,1.5981472008514637
9445,2.6745354870564406,1.7231707412183066
9446,0.6769174930037444,1.0178775241904283
9447,0.9629637164855991,1.6985932528398324
9448,2.2883666200434525,2.220509176458492
9449,2.8995828683460356,1.9472200414345806
9450,1.293501017118919,1.3888917384513564
9451,2.264637514404701,2.6326645666450204
9452,0.92218542379129,2.385027066359871
9453,2.755901912434429,2.210347086131978
9454,1.0815215672923253,0.3155837504519708
9455,2.0651989004448827,0.8745989226520525
9456,2.044416694982108,1.4726222908404316
9457,1.1069243507319175,0.5216109835674707
9458,2.0812749124991257,1.0631465286922077
9459,1.6262917305050189,0.25649235954922966
9460,1.695396310389837,2.025926555255306
9461,2.0563260073125074,1.6359964807438117
9462,2.002079018003158,2.4530955805651202
9463,2.4554860335904043,2.255000432888666
9464,2.15967800113521,2.169903347019949
9465,1.8084490466756133,1.3607198801516425
9466,1.8070402692941712,1.6752755429789996
9467,1.9622260078194227,1.733576186684462
9468,1.5200231145357066,1.3000872611258163
9469,1.8216575673911741,2.7896385111297164
9470,0.5184278705143834,2.1959554039874023
9471,2.233262232666756,0.8180231905081361
9472,2.4430664059684237,0.6862579763894042
9473,2.0476978964815644,2.6258732995702307
9474,1.8541388905600529,0.8321564898560033
9475,0.7680676493305035,2.4419862053393793
9476,2.172611275417348,0.30885898036920034
9477,1.6862296046694238,0.999643702109405
9478,1.8818236357797116,1.8408273866777904
9479,0.5358846148480849,0.8077338911808881
9480,1.5079265245379652,1.806884745328412
9481,1.0410456667701757,0.6909326795684065
9482,2.587602761401107,2.3483417892237366
9483,2.104055146581728,1.979704799574899
9484,1.9882267826367246,0.7410542772403612
9485,2.7897789157693005,0.5931287003649324
9486,2.816109474508407,1.9385853762184095
9487,2.4048680542785683,0.2494679641551757
9488,2.09004910469987,0.47117526655987574
9489,2.5427067571416875,2.4411481084854665
9490,3.332692406206698,1.1108010244841222
9491,2.577401199801612,2.0617674239700285
9492,2.223738242312896,2.050444395364047
9493,2.6930961600419367,1.0086817568646993
9494,1.4318685162935085,0.6523644229395844
9495,1.5243709042738645,1.2725139013344797
9496,2.9566528802542487,0.8270371703545621
9497,2.512397740893431,2.486296859290513
9498,0.7487299889806375,0.6027655260555685
9499,0.9034628578171492,1.7593528241136986
9500,2.604418861673267,2.3397799875669896
9501,0.38911372871217803,0.3899153631596901
9502,1.5361208043143266,0.7405272825048849
9503,2.3047813851319736,2.0864980847466357
9504,1.9404519872272787,0.8457103934570358
9505,2.7848032027170726,2.965948413259421
9506,1.5675370051960014,2.687642353050018
9507,2.282681058564355,3.111310010828337
9508,2.528838757571975,1.7625933459387668
9509,2.7577722420944677,1.4110199277440514
9510,1.0561043659691984,1.550467279667523
9511,2.2093668983542467,1.450442015403341
9512,2.3747247864188026,2.8821280198503105
9513,1.8250961897393048,1.5159569076568848
9514,2.249651172564078,2.399879739159303
9515,0.8575928463560405,0.5175183517117519
9516,1.2196794001176063,1.1859134874444646
9517,2.6107094874473744,1.9669157505977197
9518,1.655257768213115,0.671543282116552
9519,1.1848581625857686,1.1431842990381276
9520,2.5222587059281647,1.7432751666258661
9521,2.31875878581908,2.237799680433641
9522,2.209124749168406,1.4792112210696002
9523,0.8166113368368534,2.0997328375412683
9524,1.1812907619703317,1.5512666688562777
9525,3.004284928654455,2.751120619310856
9526,2.342453936467558,1.220255495771503
9527,2.22876884660172,1.8655216572603857
9528,1.7419418678087826,0.9687213273712455
9529,1.819539483429438,1.0895162458095449
9530,1.57583132820126,0.7549621561040134
9531,2.3607768832214835,0.21631770591813118
9532,2.386875146487498,2.033835334598167
9533,2.2930626669142504,2.1596224162601194
9534,0.7606834461631975,1.1017851274444463
9535,2.465027419596346,1.9063577619588772
9536,2.9536786918960636,2.1618640064927725
9537,1.9837455192216595,0.742565317699149
9538,2.0165851879937393,0.7995618393897608
9539,1.5063413447650018,1.1446422020678988
9540,2.1127842340655385,2.433787603001543
9541,1.1065961300480314,0.1519369241833617
9542,2.711685305020468,2.0814955440080727
9543,3.5618422643442655,2.372817421167253
9544,2.3544632524901576,2.098923674475867
9545,2.1235989325649554,1.4339544861914528
9546,2.121334617922009,1.2377188446805314
9547,1.7956855245168213,1.0058601736673587
9548,2.6978049990188,2.0291864910737902
9549,2.3166403680120187,2.215357085348743
9550,1.3017495816067963,2.3428971897202397
9551,2.249476766449182,2.5404287886147348
9552,1.4302608550510945,2.536898943647357
9553,2.0821623347744844,1.5387279017208055
9554,1.499293754432675,0.3938589532923766
9555,2.612069178388261,2.242824495884414
9556,1.524152017353898,2.094447515033175
9557,1.3551800397560316,0.5872009379447876
9558,2.52981502989806,2.6624834429803896
9559,2.700426683916544,1.9279234756400028
9560,2.1935510585268627,0.9497052476204477
9561,3.122742466184386,0.47195727313299846
9562,2.65467985085686,2.4330231640802364
9563,1.7927532293072233,0.340993774715154
9564,1.8950324809895194,1.7780756227699044
9565,2.5087263992337,2.08889440556084
9566,2.7999349151053567,2.181446883292288
9567,2.7607584850016167,2.7249118785171493
9568,2.202980036302139,2.3361801848962007
9569,2.296085189115321,2.0819601455484866
9570,0.5849541149535414,0.5209288198280625
9571,3.5463310437041,2.9168513740691497
9572,1.0314759033200795,0.5069460754708366
9573,1.6594654131072857,1.2507709831694778
9574,2.0411317005190255,1.6317940618365987
9575,3.204143749408904,2.4589581743152924
9576,1.1859447970046426,0.6068288744621576
9577,2.22923337725269,1.5963700855251999
9578,1.6454939821143613,2.0949080072268735
9579,2.1909690273805285,2.4399220359442593
9580,0.6663855417201185,1.2480711444937402
9581,2.629645372828959,1.9966419491145142
9582,2.4460968323861634,2.6494505230600263
9583,1.552985696574694,1.4101372675567503
9584,0.95887113513186,0.22926828108636427
9585,2.086183648566853,1.7135985285330948
9586,1.177071071888118,0.8680589898981146
9587,2.4700409976810196,1.6804205392068385
9588,1.3325069643334055,1.6782727393467225
9589,1.7979752751064435,2.733340606929363
9590,2.284401988730287,1.739748185024967
9591,1.9344629652434688,2.6629386861813376
9592,2.3732711208839095,2.009116353122251
9593,1.6198112697509532,2.564553492089345
9594,1.781418598897536,1.680376036714489
9595,0.9975350500013935,1.5951297084846001
9596,1.9261072486443822,1.336393842139623
9597,2.992686673028231,1.9823848840927003
9598,1.2843364761578855,0.15331593476815408
9599,1.1528140853294937,1.4362915594191283
9600,1.6364474857055715,0.5216227071110451
9601,1.1525172042766945,2.502196695433097
9602,1.7781188364545955,0.163918241399012
9603,1.1373990226623618,1.783092931013703
9604,2.233868546445627,0.8141649728228861
9605,1.2650173328756178,0.7590103643205504
9606,1.0411906674958396,0.617774425854273
9607,2.1067321749986667,1.6191861773962901
9608,2.503174362300219,2.023201754757414
9609,1.0854044978199968,1.1607447792201535
9610,1.9095952903514843,2.0017082096020906
9611,1.5846818574245625,1.1370112599911715
9612,2.956923275126141,1.154828998143448
9613,3.0590893340830747,0.5350852307198678
9614,2.058136403470609,1.5889544742239028
9615,1.9444754611809918,2.25157876605376
9616,2.591927345118007,0.17883445997822325
9617,2.2988296154532377,2.484492151196817
9618,2.5642559010623613,0.561546839346026
9619,0.6459417127575268,1.6531141079665006
9620,1.856058024367932,2.1342176550822844
9621,1.843815133235499,2.092684874372569
9622,2.3757351218295284,1.6520651205086767
9623,1.795247632953452,0.3356331648628927
9624,2.6644371999752883,2.292382616423636
9625,0.5156684537238171,0.21689397748786218
9626,2.885339946011626,2.3656244031439604
9627,1.1513556582466997,0.9818819435915633
9628,2.5818354186341432,2.6810169752679043
9629,1.9230778984856216,2.1872879981487614
9630,0.6889076390548029,0.14518574045263807
9631,2.9192307343079733,1.830106222459824
9632,2.39757606534957,2.539966214590662
9633,2.1456121131600963,0.6448120522073834
9634,1.7439419142804944,1.276621240794279
9635,2.232111777231776,2.0955070518396606
9636,2.4219522969438794,1.1644425970702985
9637,2.3942857601935152,2.174323480581885
9638,2.6836827646276515,0.28995783981879875
9639,1.5439220749148463,1.0704877464770153
9640,0.7289432345325195,0.5221114736991785
9641,3.048686582186982,3.192676968121169
9642,2.6291488944680506,1.9220798385249402
9643,2.668868840257302,2.2883249490224755
9644,1.6236842377617982,2.4684295532834786
9645,1.836938492000739,3.1257817828596495
9646,1.4032843722737185,0.5364428975290784
9647,1.3712791680260894,1.138161619715907
9648,3.0210074588210096,0.5003818670910072
9649,0.9989331747103576,0.3834101143907475
9650,2.091556821675334,1.4841601975428933
9651,2.625947559273548,0.46906793724725093
9652,1.126790711054094,0.45656166014602084
9653,0.721644993356237,0.22442749533238565
9654,1.4374243187823668,2.0721478548620142
9655,1.5357556683369495,2.0767537343071423
9656,2.441189685375493,1.4951366818842233
9657,2.5034129962229064,2.6766002920798053
9658,2.4015599529986633,1.4924919642213466
9659,2.3540935033278956,1.8945952925378808
9660,1.8268840128230313,2.391813300792502
9661,2.7534255389418436,2.219576313395478
9662,1.8731774136742507,2.445414565536788
9663,1.519210974875843,2.272584008967056
9664,1.8233547415017348,1.168521299149767
9665,1.6331506398745226,1.1753592961193409
9666,2.2024128451508447,1.1019491676603073
9667,1.8114758137291902,2.5256256962505392
9668,2.293414050632834,1.049070805328801
9669,0.9827177740490578,0.48078834645166696
9670,2.5560317138260427,1.956154742251577
9671,1.2026854745475966,0.2705513575478744
9672,2.0513482825930827,1.1213773431466096
9673,1.6458200200046593,2.370159878755558
9674,1.0525492314154996,1.2714791580403042
9675,2.1069348141337643,2.5566278854961304
9676,3.0080078868393465,0.8612827978008811
9677,2.5357352990537,1.4325556230524052
9678,2.2726667223948867,1.867698430979589
9679,2.6511732826100776,2.633914171470155
9680,1.6252090212091577,2.137319759497538
9681,2.3322310273878784,2.7103685473541086
9682,2.570952317723776,1.8492272833214927
9683,1.3260691059831644,1.609326454657584
9684,1.8944085700586115,1.8169090439565005
9685,2.5586115688284923,2.4903781248846766
9686,2.3399285576107838,2.112646666574163
9687,2.4759408660290005,2.339207730864041
9688,1.9365846015250037,2.1144164431559425
9689,2.331814278850167,2.0910322966173225
9690,1.2623863176407257,1.5472423801943915
9691,1.1721254496202897,1.322435558550784
9692,2.6253176044109545,1.062000906969436
9693,1.3801714221836243,0.6136454060068348
9694,2.010642639181137,0.07895268646510765
9695,2.2764891827978477,1.6942186262842949
9696,2.4694846204821066,1.9874031972316126
9697,3.389607319433196,2.8816643444522154
9698,2.58294044284929,2.611976611825986
9699,1.0179046766583055,2.4954999448525648
9700,2.3910431748847243,1.0272560194205882
9701,1.5643103934156009,2.8074986198965304
9702,1.7001985991608126,1.5839392816984625
9703,2.048948079102583,2.5203803777889897
9704,2.165017879450191,1.2758315430991753
9705,2.4779141104828883,2.0121609324516085
9706,1.477975263277861,1.4220750396207944
9707,1.2272187252779196,0.8358287778773132
9708,2.62735270335351,0.9006759318526156
9709,0.771015101204177,0.5319293048754062
9710,1.438282797705551,1.7407562660207099
9711,1.6699966419655845,1.5768814292763056
9712,1.1509987317668853,0.3858798723589153
9713,1.9279008660206698,1.4861775308653373
9714,3.402884543923657,2.3444061684208473
9715,1.4772993179798366,0.6978626055273569
9716,2.775360391682239,0.7290762353744981
9717,2.448142701800967,1.5800699890586738
9718,2.486300804787264,2.3090528443415055
9719,2.1656833853253246,0.6066662001570438
9720,2.6795136645801962,2.305752881284296
9721,1.2015598678293002,0.693356347528423
9722,1.68916770170721,1.3916607845934161
9723,2.169465638484178,2.974154928014996
9724,2.8066030131620963,0.22550091199094816
9725,2.284993980101264,2.128059546419274
9726,1.8294175815196796,0.777352678382313
9727,2.3266287644513874,1.790517115445987
9728,1.317609513297908,2.8651861647333496
9729,2.01878117440906,1.2600586991376774
9730,1.9738693125298197,2.7074641022299484
9731,2.1529148475320135,2.242870910700592
9732,2.359599295822015,2.502401937755673
9733,1.9459529749360263,2.3419564312512784
9734,1.1344070353579487,1.019449315389638
9735,1.7946923966441102,1.3802020976612952
9736,1.9982544276205059,1.4210518998536352
9737,2.4635357134286777,0.8953846728454922
9738,2.742806160297891,3.2727003315147325
9739,2.65736238556474,1.2399434545449761
9740,2.2432844311654363,2.213200887195015
9741,1.884350300770394,2.427839618951651
9742,1.2556383937850164,1.5708004013925223
9743,1.5983705074685473,0.47242498140561656
9744,2.350510133398512,2.0054168221819118
9745,2.1197893029686536,2.717966695506078
9746,2.72453563376604,2.6398226415223545
9747,2.3921399785010915,1.9196290811703667
9748,1.5405854045183742,2.110338117651413
9749,1.5258320353259636,0.23514268157322527
9750,2.111620857899817,1.8421219877243604
9751,1.9747879678865672,2.1122179698944454
9752,1.9697882757147847,1.9536095228302117
9753,2.0172878121477438,1.5918291515218215
9754,2.137145835313973,1.537009601291695
9755,1.7628656390598147,1.2904960465351991
9756,2.315538390412161,0.671093911345463
9757,0.524030795276092,1.7005593325009591
9758,2.1071433458340842,2.01815909553648
9759,1.9555883556461533,1.859545561286705
9760,1.189614015732523,2.937917251407939
9761,2.024661202609631,0.9651588573495853
9762,2.098463585584502,2.0967784952964994
9763,2.061324682504097,2.387888079289036
9764,0.8294367468561105,0.18096208637735123
9765,2.579973717175096,2.5046532340818417
9766,2.202285964149622,1.9339325084625294
9767,1.9735264429052057,2.420506590217698
9768,1.5665402682626133,0.27392977081912234
9769,1.159269676949149,1.8271700908599746
9770,2.6740759387999207,2.5446138546644446
9771,0.6656784390280808,0.2831366918477689
9772,2.6063916566521064,2.5836747642191966
9773,2.1498424792544597,2.157494477984354
9774,1.9797634227882956,1.9152139323511432
9775,2.1782509026127563,0.3001391305862242
9776,2.0405364292184722,2.1245787454517027
9777,2.240741579978588,1.0368146790532
9778,1.9852247401705243,2.2859325485658797
9779,3.1692225112830985,2.750816350027792
9780,0.43184287114605996,1.1026030733525658
9781,2.380750058601738,1.2314861738015566
9782,0.8948613895973951,0.4987870609743861
9783,1.6814079086804332,1.5196689605280858
9784,1.3095835371749502,0.8667282223004521
9785,2.9830305684837923,1.5223815233347968
9786,1.9295710506958237,1.6841353591903454
9787,2.3264710196870766,3.4041543296906807
9788,0.5943405348315773,1.0207015615258022
9789,3.4164699878763822,2.5058378813350672
9790,2.2469537335802876,1.8547900482771564
9791,1.4005978602859495,0.2131000590334172
9792,2.6903273993763928,2.8423569051900315
9793,3.6810414266876537,3.0331132622870958
9794,3.2007261227695882,0.31785254430816473
9795,1.7640466353345694,0.6420824860675428
9796,2.1992560624234305,2.157530638076666
9797,2.4325158790870547,2.4928454469646444
9798,2.5184595998964996,2.372175911468233
9799,0.7852243555294972,0.14233690860871348
9800,1.054233217654557,1.2445697065091572
9801,2.075948382557821,1.3475441845312444
9802,2.24672754528302,2.457854995511326
9803,0.34647247539911435,0.15036285540540248
9804,0.7307490612930547,0.9851795949648783
9805,1.3189128685117912,0.5934585679716171
9806,1.8317623914279957,1.0357171780027818
9807,1.1370717660548197,0.8076192439172771
9808,1.639201902507128,2.2018153316663276
9809,2.0184879898801253,2.09377845686025
9810,1.6285469415813776,2.5138553591770973
9811,2.127039598912566,2.462254552572377
9812,0.5122768759098649,0.02917839221832297
9813,2.4744534453661204,2.5862612145485953
9814,1.7191887087790927,1.842930108061472
9815,1.9816678869896578,1.972759842409308
9816,2.059085537041206,1.5117296556380004
9817,2.4224051117679175,1.4089787076082885
9818,0.605669309780914,0.24828838811097212
9819,1.756256259324356,2.324221606051064
9820,1.1705932423026888,0.29646693032225735
9821,2.210301063577497,1.573017211238631
9822,1.3272351343388566,2.415427057350858
9823,3.167046095633681,1.5256027157555887
9824,2.619460307188818,2.292165550481212
9825,1.2982299488724693,1.1182673028263483
9826,2.039422424491767,2.4971055102368673
9827,2.4496338502473596,2.32365979856189
9828,2.562726638801574,2.8130655355525276
9829,2.3812933473689637,1.500513230597992
9830,2.66321996475041,1.4186584127141129
9831,2.494201305435501,1.6340706165407652
9832,2.387693419121076,0.9286879873507805
9833,2.6545553812205323,2.4630834852129584
9834,2.209869466517857,1.5479831180489696
9835,2.0908178831166584,1.8362994633122633
9836,0.9979001249039412,0.5767555455024875
9837,2.911790855266788,1.859817402495574
9838,1.1632602158735976,0.9022204499493994
9839,2.4856717676332134,1.9288373338632097
9840,1.504831052697803,0.37974463612653586
9841,1.157279673634089,2.2889243632380656
9842,3.178376151809687,0.14708193659987506
9843,1.795008420374571,0.6652523005684567
9844,1.3336651537855198,0.797748201209184
9845,2.547912036298169,2.785937171725127
9846,1.0974158610836562,0.8327402954181519
9847,1.9229129006366383,0.6659310276864461
9848,2.539365346498433,1.0041887453671876
9849,1.5966484936232903,1.8794045681556317
9850,1.9909589584406702,2.149882242072754
9851,3.0598464023143337,0.2842329430578445
9852,1.8431655036692787,2.2242180409720875
9853,2.3183208649653184,2.3134888868894357
9854,2.3184573777074786,2.799170591187441
9855,1.596760944904336,0.3552268797076511
9856,2.5424412716283395,0.72443183112703
9857,2.094978655543964,2.4127505196708214
9858,2.0520348906558827,2.232373066018352
9859,2.2961212119428516,2.4479253515967874
9860,1.5466872803061296,1.0096225104409275
9861,0.21745059504087783,0.04423611793966631
9862,1.5690476050426232,1.0830707495497447
9863,1.533111505385659,1.2028278924933402
9864,1.7785798989538568,1.8873794678123437
9865,2.0534444522964326,1.7398365484670228
9866,2.654536189840804,0.6966844843175045
9867,1.535040108205008,2.351775008790236
9868,1.2498321487805233,0.8021603103939474
9869,2.3282078180715176,2.097504879868002
9870,2.6953174640993667,1.3383021350093753
9871,2.79500768113063,2.5894667312110267
9872,2.4897512056602498,1.3006840291015225
9873,1.8625059748257766,0.3351480150013655
9874,2.8545874380060394,2.494538450044754
9875,2.19397097971505,2.117011570327568
9876,1.8032894761522698,1.1244299606890191
9877,1.8786284378670683,1.8261358142965
9878,1.238522285325294,0.2154411632123921
9879,2.5298127018279457,2.1248016319596963
9880,2.1614401503288123,1.904233382571818
9881,2.3414824376362926,2.225641798617357
9882,1.8340682761775866,1.7781316969244598
9883,2.153599068512346,1.051063849326493
9884,1.1955329060317652,0.363362701772358
9885,2.134133652497474,1.2440525247978143
9886,1.3321028504992833,1.4988960094732888
9887,2.0132896156925706,1.386677354833229
9888,3.215201912768751,0.7219860365362896
9889,2.1223339274549238,2.490324081125023
9890,2.6734095658974097,2.6691644367311707
9891,2.5582859389030097,2.514992049316848
9892,1.7511878582713787,2.370814028690542
9893,2.2736636587856323,2.5346230410945356
9894,2.016341456030833,0.7506384379064017
9895,2.41059908304842,2.743836665170853
9896,1.858643971265602,1.4512899294858141
9897,1.3601825940504355,0.28752032988141735
9898,2.627460173065372,1.716400071143071
9899,0.30595252951184754,0.7725583465941908
9900,2.5740815713720404,2.8348966175686834
9901,1.4120714185448724,0.4710907169176721
9902,1.4292929171018578,0.6908195662881715
9903,1.809537717040449,2.0417382119902037
9904,2.6184923506528097,2.125364563365829
9905,2.028969078631896,2.5491208622724906
9906,2.5104093636558744,1.1415159378516475
9907,3.584563848569911,2.2279216775116986
9908,1.712475022497458,0.4873181645012366
9909,3.3068965694602785,2.5537792962896093
9910,1.4899112938454802,2.4167096616922916
9911,1.372842732288787,0.5429121758664994
9912,2.1408824200814602,1.5540808384629052
9913,1.2728202899855765,0.8480823113313736
9914,2.99624779424555,2.0395666274314532
9915,1.4870186498851854,1.2993053614947148
9916,2.1482242620511096,2.478598050458128
9917,1.5813762554577993,2.1812799190586967
9918,0.6692687242872862,1.1480354162079338
9919,2.264029738865143,0.8493094445750154
9920,1.2547134167932996,0.6943074376039321
9921,2.517921692525155,2.3007827798106955
9922,2.389978838487369,0.5012228128590478
9923,1.773551631631286,2.4873928300528942
9924,2.34052453196303,1.5528779474865555
9925,1.2724127581886038,0.10698264853687359
9926,2.2228449012945157,0.8299351187389397
9927,1.3557590501985282,0.8027149745329739
9928,2.6687493166006893,2.7165070038849812
9929,0.9423347854092898,0.07708308155099289
9930,2.291070519520635,2.4228053246812746
9931,2.379218045200257,2.715698861879216
9932,2.9630999172320562,2.608626602260147
9933,1.7917154799746573,1.899791820466008
9934,1.6211851565122464,0.653591987225863
9935,1.107396413423804,1.2507647084071465
9936,2.5333678898928857,2.496522073096691
9937,2.139529155474718,2.3427891437380453
9938,1.3479653244207201,1.6226595037679712
9939,1.9519046151760908,1.5203766906861884
9940,1.4615900028204407,1.4152527698267388
9941,2.041924091809449,2.7677327381877554
9942,2.5669140899197758,2.772681839504747
9943,2.3979336632404973,1.5143354494162722
9944,1.5772780109525502,0.8910675536630094
9945,0.9113149403064436,2.081685966391475
9946,1.1833224785184353,2.1689672246231417
9947,1.6132450971786252,0.46164644143067773
9948,1.700543380742708,1.9090372799488762
9949,1.4005803301973603,1.3851896796844476
9950,2.551132294224244,2.7664385702216383
9951,1.5719687958122774,0.2299446407883612
9952,2.10155027056918,2.292007525266099
9953,2.5142252197021624,1.6728547199412664
9954,2.348386060513498,2.167283440115533
9955,0.7634313195467769,1.3223215912539998
9956,2.7601524501345844,2.229253346566787
9957,2.037258383582334,1.3506498253588375
9958,1.782291862821856,0.8725673030313512
9959,0.6726526362402515,0.18861866455496898
9960,2.5529441780229174,1.6305164140599528
9961,1.6802703940590515,1.2838233911187995
9962,1.5550545838892365,1.9635558689506136
9963,0.654455800484114,1.2408207887406637
9964,2.099483532684804,2.635048792111003
9965,0.48116676500946426,0.3624268295858045
9966,0.7650229412758385,0.13346555599124113
9967,2.157362543457052,0.9155961856841538
9968,3.5528426051143898,2.7502136070287118
9969,0.9375008619716486,0.45987109724432457
9970,1.9548589001445917,1.2210819351855688
9971,2.266982751835041,2.583581377048529
9972,1.4719077433587682,0.47388528463124646
9973,2.2390500852260433,0.9768969055095986
9974,2.124268223091312,2.7771917647272852
9975,2.646990311625316,2.6398541076245166
9976,1.8436364373980578,1.0178516972312965
9977,2.5251047492116947,3.117419844908863
9978,0.9727581230144072,0.26769464797225734
9979,1.4665810423530063,1.3952559311185493
9980,2.5037160941072294,2.7113721607399985
9981,2.693297551582122,2.73525363353717
9982,2.2233085310189584,1.5449298730562473
9983,1.3671447784198976,1.7703683984123237
9984,2.5115473208144583,1.6561508980752384
9985,1.6515611483352826,2.124354533215287
9986,1.751800866188223,1.2057234520546265
9987,2.1167908809868217,2.2151481392712813
9988,2.589885199525921,2.6118212302303383
9989,2.230156332946097,0.7865781000046453
9990,2.004985309007736,1.9492335621388548
9991,1.5692535664407201,2.488218623605462
9992,1.644633132566526,1.1598268696688305
9993,2.01973412753445,0.6058504654898393
9994,1.8956836085116584,1.0776201793675808
9995,3.4780207076683167,2.6760151743235125
9996,2.4454847378969893,1.3311539914856305
9997,2.3731222921022552,1.4978412601805917
9998,2.389742022488885,2.0801522687580998
9999,3.3486874733418714,2.596708916710006
10000,2.6299292795140987,2.379580325544446
10001,1.5828436636349115,0.787748154293496
10002,0.7698532239356971,2.18595935515555
10003,2.5988103898232002,1.8881738310146208
10004,2.1582803009510867,1.748450312694921
10005,2.5551143428970966,0.6732701695593326
10006,1.7118023232572899,2.281508054276004
10007,2.2038522853327183,2.2295545672777184
10008,2.1971993753206274,1.3019408624414603
10009,0.8602241497128049,0.4914664232250387
10010,2.516247944205404,1.2886373868404368
10011,0.8920035673473524,0.6938105285405686
10012,3.0600341010964955,1.048426653066671
10013,1.6346600489018344,1.1712622279171445
10014,3.2501709421479066,0.5346065038175076
10015,1.9861596327531421,1.1135302496001456
10016,0.5127962151247197,0.43931805896250997
10017,1.3344233514850927,1.4012833097249913
10018,2.0335740152640254,1.8906600858729206
10019,1.453337727923541,0.4715347657842225
10020,2.551647963140518,2.181517662861056
10021,3.2596855376418605,3.217840636853155
10022,2.3817874041426275,2.1838103296736375
10023,2.565628293131063,2.1704488212018465
10024,2.5467399179432677,2.1505139673559612
10025,2.2795144395807,2.0588572698493337
10026,3.0158537188385224,2.7539413162693163
10027,2.964642862700988,2.4549828187381615
10028,1.2706371528732967,2.008026291551068
10029,2.606030228880082,1.4432603362083263
10030,2.3862621725400643,2.050936272488299
10031,1.5037310329834659,1.2541877004817847
10032,1.2404780779510258,0.4124817834444213
10033,2.141650844471484,1.8186835645222146
10034,1.6445964263671438,1.1673999436839393
10035,2.3024701369405793,2.1858918906167903
10036,2.040913292763504,1.9914473030853503
10037,2.1520677606859815,1.3783122858305157
10038,2.198924096053241,2.0247283821362387
10039,1.2702775155885966,0.4751841176846103
10040,1.3275773522575518,1.1303915673960896
10041,2.9068184401364916,2.9095574994024354
10042,2.5428360790546742,1.8761104278676344
10043,2.056999043583537,1.8160432233535673
10044,0.19110936986017701,0.28368701233938926
10045,1.0931697670522798,0.43912619659045493
10046,2.2972496754114218,1.428585136785146
10047,2.517591837288845,2.330507686800642
10048,2.4051832365542847,2.6882521236682946
10049,1.9226275553672019,1.5509863924304617
10050,2.906944800712656,0.41252585323383145
10051,2.5759521706167243,2.3964171091767223
10052,2.2758029372035105,1.340549699639738
10053,3.1958998682190765,0.540039401544768
10054,2.0504069452720097,1.9966047443435464
10055,2.403538123328423,2.749472934456317
10056,3.3769659737763122,1.4358896901033609
10057,0.4302329265053108,0.22652366917972952
10058,2.5325906453900977,2.2997297724155223
10059,1.6159178617182435,2.2247411574932405
10060,2.3690316941819938,1.8765519801133221
10061,2.2561968354076716,2.371331284963581
10062,2.085898610659134,2.293860750633632
10063,0.5796003942334668,0.6645148138722091
10064,1.4867855604740945,1.9199772416281076
10065,2.144434661719255,1.1296010167066266
10066,1.0127620262079293,0.18246620023146667
10067,1.5273024922394076,0.4446808326065457
10068,1.5832742340415498,0.8780050560889125
10069,2.5806344280273277,1.647572107262063
10070,1.0084958231924306,0.21266945481048716
10071,1.783314499983041,2.2908651428774567
10072,2.4628602217489037,2.4855846919066606
10073,3.0271714974473554,0.22085987013359654
10074,1.883909599145611,0.24968039341998213
10075,1.5466638559761614,0.2749474783836471
10076,0.5385583871534719,1.529167944368648
10077,2.2069596029335243,2.597446911163418
10078,1.7187280495548451,0.4027452019396777
10079,2.1310252983904183,2.0977592130980067
10080,2.1803792042710883,2.351512316410232
10081,1.013105943691141,0.4914970773160582
10082,1.255331627266775,0.1899694025079927
10083,0.6338082672233399,0.11841311993401729
10084,2.091556058357061,0.8193186623483876
10085,2.198748082008844,1.497301964730068
10086,0.5972212272024211,0.23004070910214366
10087,0.3727314578093578,0.018824862258901873
10088,1.3915208148443452,0.2084916061600688
10089,1.8242579606062796,2.1487295259195034
10090,2.511683507421272,2.587036430166271
10091,1.1358013046632665,1.2641367861903279
10092,2.403040485718659,2.395641322783399
10093,1.7960197991835711,1.990252370031698
10094,1.7266478110419672,0.9966068255617041
10095,3.2361822688069837,1.5610228555015209
10096,2.045869910879572,1.3044891028692338
10097,2.3071957462724533,2.0595463583312767
10098,1.978705851211798,0.5288752914584024
10099,1.7788659295666303,1.1150768476938693
10100,2.509125008642661,2.306083316294781
10101,1.2601452958520525,0.541945759216561
10102,2.156282693350926,1.9069841446814528
10103,1.7206433789737725,1.2253197776217315
10104,1.980430863104051,1.6640962311569916
10105,2.0896358094506318,1.9003850191673428
10106,0.9025995677019557,0.3814286408629352
10107,2.5686969259191006,1.2034627340394675
10108,3.3105288001118987,0.9260217484118137
10109,1.8118874891675443,0.8239498770486549
10110,1.1739051234453206,0.03891883260365153
10111,1.903165940070443,2.1184164242884798
10112,2.2428195234826287,2.0668945499352462
10113,2.420603385909196,2.3824854750505655
10114,2.189326734654745,1.3106836861739866
10115,2.404884437419216,1.1477072987581047
10116,2.1783380455193666,1.3346673546043355
10117,2.8376153560312614,2.666517159484027
10118,1.0881571112250998,0.5304322091256988
10119,1.7695946811385326,1.0785024162084773
10120,2.623660719873231,2.70768246544387
10121,2.181868899446699,1.6654489208932222
10122,1.5474511079819189,0.5513905742223224
10123,1.7592345069907118,1.3013135475346345
10124,1.9541729080943129,1.7239152112011533
10125,1.7918864774975627,1.249806993130015
10126,1.3264612711414232,1.7093805899600225
10127,2.3380954087111196,1.8459858368657447
10128,0.6743547142114165,0.7883933946217153
10129,1.6991877871773025,2.4071033804984916
10130,0.3092739626666282,0.7410793451409892
10131,2.3929379771021515,2.273873527641507
10132,2.380413811291335,1.4304896182932874
10133,1.8730697075207419,2.6849077263673586
10134,1.1850466422345072,0.5741906304089485
10135,1.8791139710039417,1.2615619425055915
10136,1.7798805327981844,0.6259733274016828
10137,1.9646797575667763,2.4255703318733595
10138,2.2312541584971104,3.3711573329295725
10139,2.655457533602977,2.2510336768986874
10140,2.64795942562451,2.9040329697662672
10141,1.846105263994824,0.5189487507333084
10142,1.6442208760283934,0.8043539747120447
10143,2.0675291265761326,1.3963301595103335
10144,1.6226919730566132,1.89929563158135
10145,2.519277410336996,2.2646572485121452
10146,1.8576771827508902,0.5735806011036794
10147,2.0733922668478035,2.2803123978887285
10148,2.0722673554942386,0.17689141623777874
10149,2.0278020506141536,2.3502341265342652
10150,2.185016674203501,2.6112708073333333
10151,2.6388461436189794,3.1930071203755452
10152,1.581887351819685,1.5755288514384873
10153,1.0732035513028098,2.718365006235593
10154,2.3231101291058978,2.5795747001416243
10155,2.339211429934535,2.4134839641663883
10156,2.7667389051705125,1.9896731623763202
10157,2.313473116875877,1.2550489731871552
10158,2.4709611526134707,2.2882755054804864
10159,1.4656254844103818,0.1866815349254435
10160,1.8057899641394177,1.786265559867952
10161,3.561455176114216,2.0816509329911415
10162,0.9469097084341213,1.4641299286025187
10163,2.066403153038753,1.5773397213001048
10164,2.2472200089486893,1.4668522472323693
10165,1.867485437445942,2.826683613998275
10166,0.5872394778971955,0.41815778149026434
10167,1.7697498545969204,1.7577502526551174
10168,0.9401223221878449,1.8064546569500484
10169,2.5757871195379116,2.1190265248575004
10170,1.4030442129671505,0.2976844528155081
10171,2.5211680617152927,2.9453120125758665
10172,2.4529777784084152,1.2019682189624368
10173,1.2906395728322335,0.5874809077529265
10174,2.11396104251121,1.720093730726486
10175,2.3284061676133248,2.011517052424158
10176,1.8403992356791363,0.7294431318359449
10177,1.6740001231122943,1.1450210105377205
10178,2.3036247318328296,2.1789933036119593
10179,1.4338250662519074,1.6683565963903144
10180,2.6631440978004806,2.3587155589115807
10181,2.0927952519000224,1.0865765066657884
10182,1.406172147302752,1.1154290778974876
10183,1.2792571144798117,0.7647401822992421
10184,2.632852840867599,1.3961745623792061
10185,1.8839335847989265,1.7215026041451376
10186,1.3013919369020681,2.0313338874031888
10187,1.7995246128427667,2.1740395899561054
10188,1.4068125198614874,1.258561370963007
10189,2.1406504588551,1.4220059449326525
10190,1.9378766386837896,1.226905573893127
10191,2.436540078056286,2.7750861777154276
10192,1.375045952253368,0.5946716258139019
10193,2.0902164592909602,1.814420691263469
10194,3.530032573734423,1.9671069578944933
10195,2.5409290255555,1.6437535963781538
10196,1.6893624171814003,1.5197899345809827
10197,2.2590358764628493,2.5073941178684054
10198,2.009666111627304,0.849788702264437
10199,2.273676151669093,1.2591126945363964
10200,2.117947701873835,2.039245458323615
10201,2.655671641237441,2.888834225256224
10202,2.756492939040976,2.6942903210933373
10203,2.4150346013149124,2.6613948025908964
10204,2.6584157565345463,2.6133620848982013
10205,2.1854939250963272,0.956885430672259
10206,1.1400672794714954,0.9002449828187491
10207,1.8078586548412057,0.4366859915000721
10208,2.0012764515917163,0.6404866377200312
10209,2.543731033874301,1.8928195936271588
10210,2.686098057078648,1.8306089972277326
10211,1.9897333637787882,1.1810343533014975
10212,0.4147338469196466,0.08456179135732676
10213,1.8862051584521466,1.731340408927909
10214,1.1599867611154517,0.5289694557388143
10215,2.198267848627244,1.5540738572900827
10216,2.791677352140994,1.7006784131565198
10217,2.2480432421303673,1.8341249533479174
10218,0.5794379228421855,0.41817706204518634
10219,1.7391566274438293,0.7652970870384747
10220,2.758440256034996,1.794006027206193
10221,0.8047984183160493,1.7997915100729402
10222,1.757754449960407,0.3180939566026254
10223,1.4608569694264375,2.6691596785322504
10224,2.110659750789605,1.505388303242488
10225,2.542089727398031,2.6966767702752623
10226,2.4616863353237366,1.2396252069158138
10227,1.7534339514399617,1.4486134342889474
10228,2.9579859567270104,2.3507626266849884
10229,2.109201292709373,2.101697669017915
10230,1.503702113856424,1.6430738595770518
10231,1.484336765254122,0.26377425216610106
10232,2.2116192616229706,1.130415622185657
10233,2.908533663584932,2.9386473194995015
10234,2.7443588534685213,1.179144794951099
10235,1.572656041527207,1.2373717641393962
10236,0.5990533291515422,0.0761338456712531
10237,2.120482847104792,2.287124752200424
10238,2.3425149029214642,1.9838448657257617
10239,2.341657637681617,2.285458266010295
10240,0.3792509821745111,0.10576466901443264
10241,1.2269219745629696,0.6885355272945606
10242,2.255964080905265,2.34406130608507
10243,2.4078811551065082,2.1465613740725975
10244,2.151336302782857,2.906136446473035
10245,1.4176262336472698,0.5137452849422136
10246,2.0958818035824596,0.37852759954429754
10247,2.699814072349312,0.34630987554764386
10248,2.1175731186082936,0.3986548347699018
10249,1.5556026058522707,1.0067527519157333
10250,1.734991980205649,1.1540029481200051
10251,2.3117511397762063,2.497407915564381
10252,2.0962945205815573,1.8311006228016444
10253,3.5228427961369886,1.521495893843468
10254,2.438582516797044,1.4510457729364812
10255,2.719958195874303,2.4205307795215885
10256,2.0716866226120696,1.482983515280118
10257,2.448526313118798,2.24426749799854
10258,1.6106680507440705,0.576384534420823
10259,1.5264221311184492,0.40821411110704137
10260,1.3625067453506008,1.4386188966218483
10261,1.9401324517215082,1.18057803310338
10262,1.8521443409601914,2.1085322468351895
10263,1.1773371417222116,0.2975603998713163
10264,2.390049249597078,1.0877258432001418
10265,2.816826951077773,2.278123545630392
10266,3.438511555394593,2.572854198638941
10267,2.2772189174353805,2.447588221071382
10268,2.4016302437810597,2.088158516657703
10269,2.3252261234625817,2.6537544457859163
10270,3.0955144986688694,0.3687080904873377
10271,2.171651769692619,1.4020599172826484
10272,1.9512770788639546,1.8018357594342689
10273,1.876875329958115,2.1622933016177477
10274,1.4704014178999456,1.585970683166287
10275,1.2485160102136794,0.27236735293830117
10276,2.2719307278653678,2.382952249033462
10277,2.9546351093820675,0.5809591198015813
10278,2.029641127514873,1.3743763856098725
10279,2.56760663712776,2.350313282887522
10280,1.749060669324274,0.9935416968483197
10281,1.0992545813008692,0.7709251932600566
10282,2.458107621134183,2.53110797418664
10283,2.685521251316334,1.133996983875139
10284,2.3918335647933726,0.8716619764304718
10285,0.740592527875392,0.4062864333557458
10286,2.7341182682908074,2.85947773164977
10287,1.210837221179036,0.40934017565350217
10288,0.5395355318881414,0.14352065886626889
10289,2.5402629150776486,2.661697413526015
10290,3.2273258073184112,0.8790564514578308
10291,1.6549350022144842,2.341188838919358
10292,2.4844649795423543,2.413837850303405
10293,2.4337296069476846,2.3648633245158805
10294,0.24220284881309448,0.2276342537448851
10295,2.5137480235722394,2.009686025539199
10296,0.4846116747888708,1.4288978604183846
10297,0.867012866089203,1.0536999473987876
10298,2.5711033093699887,1.243297865614871
10299,3.248594692361511,2.603262114875033
10300,3.2670171539380615,2.2069983447700032
10301,2.6285616030130137,2.711505377153185
10302,1.957209880945436,0.4404164148175459
10303,1.6386658060166948,1.9100148397189884
10304,1.8577051912624822,1.9995260636675416
10305,1.481485772552906,0.8334781390665612
10306,2.0342428103501726,2.4014911169598836
10307,2.5987199074594276,1.54661860966052
10308,2.883939505070295,1.635934741198487
10309,2.3639429023730574,0.6050016075812951
10310,2.418962600410885,2.473274766042586
10311,1.9876161876489682,2.1687203591813313
10312,0.45406829750721184,0.24815691532445658
10313,0.8544487696858423,1.0298482041448516
10314,2.384344349139858,2.458980231361489
10315,2.4957949105188155,2.495143604836832
10316,1.9784103808108624,0.18904178326453236
10317,2.4233048303369045,2.475056273274279
10318,1.2300099400157682,1.5295172843773814
10319,1.511004712495532,0.21705227846404823
10320,2.198954829405031,2.4368403502257148
10321,1.1703046444129623,1.822114338700811
10322,0.8533508082823125,0.09972337721040143
10323,2.344120953867847,1.0461142286550393
10324,2.5242075778051953,1.713584251396076
10325,1.474779923347524,0.7595358687487688
10326,2.693187347220229,2.945562248267493
10327,2.3262774644064437,0.4023745805272126
10328,3.226027959853821,2.3473892658581095
10329,3.101238457203887,0.9791333817117668
10330,2.6239674018320547,0.3380732303794263
10331,1.1975655030890624,2.676477854738025
10332,1.592106980824845,1.773265118534164
10333,0.7613476491221626,0.3432346525797962
10334,2.2795138936618335,1.3552859337433742
10335,0.5290582178435015,1.5958951611235555
10336,0.4150878764737591,0.711795529037289
10337,1.6767590491466615,2.446111755666934
10338,3.341022441316044,2.243575920575084
10339,2.49561389094755,1.488588744541932
10340,0.5356632727878833,0.6614522879906556
10341,0.5814366914974508,2.008485101001054
10342,0.9987308136141269,0.25090149790506683
10343,1.9033605284168535,0.34398726665218343
10344,1.4036456020700354,0.8533918523899018
10345,1.9179189759342206,2.0505032006070127
10346,2.8077692011051267,2.6126316488221226
10347,2.5327550014900275,1.370134482926941
10348,2.3396084063115237,0.4956343313759787
10349,1.1522627051726297,0.42785242868693585
10350,2.060286927100998,2.3514981094874674
10351,1.2065507147719527,1.4255973688952903
10352,2.310794070496182,1.9966269389818576
10353,2.5381302616389325,2.0040820272818425
10354,1.4373050155855918,1.6596447823762444
10355,2.3181586192680905,1.7134568525427567
10356,2.5336470105770785,2.8296112400897964
10357,1.3097461520300873,1.3552635503817965
10358,2.5347410707632965,2.819705504630905
10359,2.7180165128061726,2.4549635607629745
10360,2.333242865239672,1.919143851507104
10361,3.3513140705301283,0.30777801679796246
10362,0.7016192675300272,1.1687820149035075
10363,1.9155977683923593,1.4374696864072896
10364,3.112083287224072,2.5646887580541358
10365,1.560249551670314,0.1395399001317105
10366,1.9400947234984305,2.4795100285176086
10367,3.2193529294658814,0.2538702762879707
10368,0.857808193856476,1.247456988355448
10369,0.5535571005900225,0.3716183575085378
10370,2.2066911647790755,2.4506359100085353
10371,2.4123401856707964,1.260930857872612
10372,1.3971728851955985,2.5156354671674483
10373,2.042679378591174,1.9924833597817675
10374,2.6512975645681327,0.6205036361650664
10375,1.7936566392795497,2.5946866659806846
10376,1.4918735907351715,2.5018242354339932
10377,2.9319663997828953,3.4654318533734245
10378,1.4359182923661467,0.38170487860084007
10379,2.6215364617363117,1.129858446552644
10380,1.2551470981181159,0.5226376692463688
10381,2.3363633493980687,1.7424266455373962
10382,1.7161191087978012,0.4367668535804946
10383,2.118193515785066,2.12779424087135
10384,2.613166026083378,2.2662031996105827
10385,1.5308731057561227,1.8837188927154367
10386,1.7900389987792933,0.7461758320164931
10387,2.8306640545819497,2.333270820305327
10388,1.7145422796458378,1.9984780260587918
10389,1.7150541696372352,0.9346701382040162
10390,2.0141802990726987,0.44574652813307586
10391,2.060957179092129,0.19409616635716231
10392,1.8172695497717062,1.6970023379278432
10393,1.65886150963217,1.1052143310830687
10394,1.4664274717192072,0.4685923891904207
10395,2.2323236028135107,0.9667137685525087
10396,1.7447562985167202,2.727263376963779
10397,1.3301715965453864,2.311350392403315
10398,3.3984118943471433,2.187385041398121
10399,0.6022180856573024,1.5049405249676175
10400,2.824588062625234,1.5909626213567547
10401,1.9839269379193138,2.010471956804553
10402,2.0878924173294844,1.8032502300943813
10403,1.401705912160089,0.7750634004984269
10404,1.7445370809346072,1.5128543343668084
10405,1.8596472224328895,1.694499680012867
10406,1.9571178430008644,0.9009119907671789
10407,2.8151147356390958,2.090438957929343
10408,1.8619062514504272,1.9384706520443082
10409,2.1753155585933728,1.8745957796245305
10410,2.809034964115234,2.518004606824889
10411,2.2596526866045,2.259240936347636
10412,1.8003543028804185,2.889563167176432
10413,1.6105340404275432,1.544393444342878
10414,1.5094866312957456,1.7893801866929193
10415,2.386135766763727,2.1399803921633196
10416,3.556957591367672,3.7641658274673184
10417,2.105876863510099,2.369022283881541
10418,0.5859948297800963,1.0318681560914897
10419,2.1275142213188083,1.2224306532105274
10420,2.278571272326666,2.1820328499359873
10421,0.9861888600455949,0.3205679101788829
10422,2.510780555851044,2.415615349362186
10423,2.314547140004478,0.9475954694620339
10424,2.9164913800223644,0.5078252528738437
10425,1.6382282542131519,1.8210936848467767
10426,0.8130589683940866,0.11116669077444949
10427,1.7463040994780894,0.8373506057284329
10428,0.9673883725775174,1.27379388330351
10429,2.5437469989271575,2.5683759527288745
10430,1.1962331977629475,1.164578302299452
10431,2.0251085840870457,2.1947592537206155
10432,2.497994012783242,1.5855952883898798
10433,1.7130166411245373,2.33546320112054
10434,1.8695962777091002,1.6083230646738582
10435,2.982535617756008,1.1709263559574588
10436,1.3199576807155506,2.3520604868653456
10437,2.53066281522484,2.1537067358090325
10438,2.458120248068811,2.4043020540528457
10439,2.079766353166654,0.869278327599456
10440,0.16662804902132938,0.48723503949782176
10441,2.284630503804457,2.0523385271709076
10442,2.15446297812236,2.5980635599439514
10443,1.4822834923868553,0.9894156698208104
10444,2.187296316765927,2.252904681643005
10445,1.1268466060671172,0.7561733652136965
10446,1.9365760414260507,1.444581192352305
10447,2.729670645910232,2.3831765370439633
10448,2.313620550759436,2.1483049283455595
10449,2.026804373116944,2.5460208440039573
10450,1.6121168163003075,1.1375951969804696
10451,1.0967128500263297,1.8980528267845713
10452,1.937604841758371,2.4322378225733914
10453,2.2160802468335117,1.5740451316516526
10454,2.5944027617699095,2.1648951115824873
10455,0.7441051441427267,2.0879880153217125
10456,2.2308659217294076,2.684996378869552
10457,2.5197615007906125,2.238261304568064
10458,1.6374803999047978,1.451194350338415
10459,2.4712230582487744,2.8103503327913937
10460,1.6262336906319177,2.069942540140058
10461,2.52313004024751,2.5768314582746834
10462,2.505076510460697,2.345344476549383
10463,0.5539074474703819,0.3860375317645283
10464,2.8997696974422027,2.9357906788754358
10465,3.5008737280194295,2.4233246559831128
10466,3.2993146768056065,1.894790640263823
10467,2.294003674454173,2.5315348770017883
10468,3.4101339427897286,1.3434257899338085
10469,2.3473925297804437,2.439845184017244
10470,3.5483819729565873,2.349396733775866
10471,3.4174275126730005,2.118924403041409
10472,1.5731237064179182,1.44359286685177
10473,1.2754660921762049,2.140372373094043
10474,2.3313830416751107,1.3146926727480743
10475,1.3745319673832554,0.39560194514750496
10476,1.7709143863616434,1.8892996855367639
10477,2.6048542457507224,2.4866345605473805
10478,2.5889674125705655,1.703527915925997
10479,1.7764345252790215,1.9089724156147747
10480,2.1153095788397698,2.1582377508134836
10481,1.5865595611503538,0.4243922985177612
10482,2.2718362641323897,1.068111949996173
10483,3.3207591927101547,1.5662561607830434
10484,1.689764811129003,1.7688683462817534
10485,1.6719031728931506,1.1008045957287216
10486,0.5236663690302545,0.2433547576513951
10487,2.3492807611946103,1.9803371356809594
10488,2.3357531234196003,1.4300514127148856
10489,0.5414379774387994,0.6452503964379425
10490,0.910648123026703,1.3680036042593207
10491,1.4619124771078131,2.069918187075147
10492,2.3823641569934004,2.1310901763267434
10493,1.3868540539358412,0.1169013120975944
10494,2.060336536732742,2.2147383973110233
10495,0.8909543119999352,0.16098214210140546
10496,1.207029156909559,1.8294844186737076
10497,2.332506683928736,2.14273825602463
10498,3.3947161793675193,2.8745981299799643
10499,1.3932862447896066,0.2472606685588025
10500,0.9959265593635533,1.5535969989466425
10501,1.9259185796683302,0.9658843106973831
10502,2.0931916778849513,0.5672308391072152
10503,1.42390538942222,1.3446624200625696
10504,1.8664645382696718,0.9568176486170049
10505,2.813430003022885,1.6170313722652139
10506,1.4659612599692902,1.5843038519814285
10507,2.348107806461015,2.2954747031656866
10508,1.5753922148280521,0.3450246321380483
10509,0.5617224775842493,0.7387224760650474
10510,2.3511798732576445,1.7022611047677947
10511,0.6571624951006677,0.3366802911680827
10512,2.7151895508864294,1.9686479140989082
10513,2.4819923522644114,2.595601140312992
10514,1.95822981779157,1.1520918498196615
10515,2.254384131406697,2.234465179337515
10516,2.5854806677173054,2.4463028284537187
10517,1.8046494109345472,1.714305748175471
10518,1.336779976930932,2.5882956853864205
10519,1.8799021511547023,2.4343184066872996
10520,1.9485807811193407,1.642905737149471
10521,2.5955004259010725,2.197879444366091
10522,2.9665644617145763,1.9123632885573167
10523,0.7721736336173638,0.6359945076808132
10524,2.2110567917452792,0.7621420840864117
10525,0.8891263297595086,0.514882594963535
10526,1.552653963704477,1.1283396580058354
10527,2.1519323749893875,1.6542563847466907
10528,2.204728270590678,2.122636968402691
10529,1.511224697841401,1.8390516129093117
10530,1.3167306126270981,1.9337844718841575
10531,0.9794513099371293,1.1873307128997488
10532,2.6044286558007195,0.6276022714905117
10533,0.9827313090797617,0.4714120590789018
10534,2.6683014290981215,2.4602102508085837
10535,2.919236953902339,2.933390019553026
10536,2.5009595508109768,2.5933785840739554
10537,0.490618770460494,0.6003959149101064
10538,1.6932414206833886,1.0653479913000765
10539,1.5938682847059673,1.4890274369173375
10540,2.0946678046185867,2.9207987313531034
10541,1.8142099506165836,1.2836829861831258
10542,0.8415747043906119,0.12181117953393146
10543,1.8407380756307072,2.4215211413560986
10544,1.484054732182633,0.5503364718491524
10545,1.1275264090458883,1.635808008725752
10546,2.287260993805429,2.670268399313291
10547,2.680048106210783,2.850548021264772
10548,3.3781096578779124,2.38388098105144
10549,3.184592945206163,1.0936725477521376
10550,1.384924964502806,0.3969406052627942
10551,2.109413276388303,1.137371478502343
10552,2.19229935627033,1.2797935367529536
10553,2.4813710888309193,2.89318526516116
10554,2.363267188883811,0.791619297693402
10555,2.5682258923495875,2.0561998731930315
10556,2.1995861951178473,2.2236178768533716
10557,2.9527265687727917,2.387890606003103
10558,2.421932887941852,1.6976840913878912
10559,2.361984718606719,1.9523592603701
10560,2.107476676890974,2.55919267498337
10561,2.4412257395986217,2.5569853414005363
10562,2.1501743939051465,1.7635663369411905
10563,1.7748996912642285,1.3065909977709977
10564,2.2985249386209947,1.908337333836021
10565,1.359226276901057,0.9529684797049259
10566,2.6988122003834762,2.82373459039492
10567,1.383450068138703,2.1369158868261438
10568,3.4134588060672306,2.973544957271862
10569,2.416218011796918,1.4196883323947171
10570,1.5755201688205855,1.838713120244714
10571,2.178598137331136,2.2007904347108638
10572,1.9911644066092333,2.051811105032037
10573,3.0400588470958376,2.9401263031858895
10574,1.7556722958236453,2.0657723474302
10575,2.522852868695778,2.084709091244514
10576,1.925299751332218,1.5447804875979936
10577,1.9095697277109935,2.762677176324874
10578,2.2203979325641234,2.0313467955989233
10579,2.2247790073150835,2.7341445793446746
10580,1.7012088253523865,2.34281852482116
10581,1.2994249530240463,1.344854907114337
10582,0.7567049092655748,1.0654203612075135
10583,2.347421395790254,2.477543919502361
10584,1.9628967137070765,2.596416236264987
10585,2.0784909174683883,2.2647545167857825
10586,1.9506648007773641,1.3369546919553392
10587,2.16567309482522,1.595142787849003
10588,2.4038914119193104,1.207580983252398
10589,1.8837801240750167,2.308965073366864
10590,1.7202416826834779,0.5202654131277024
10591,2.7096072519483845,2.1716802175917107
10592,2.0609699107071084,2.079400243624627
10593,1.7270300333808193,1.6567292371787399
10594,0.559190789851422,2.101911030642465
10595,2.957857861804259,2.4545824207433267
10596,2.72566808159648,1.3597823124771953
10597,0.46195637518833277,0.12931153138666512
10598,2.313383827585895,2.069886041026627
10599,0.9748972809294911,0.8709758509217382
10600,2.1057687463523718,2.62977502189991
10601,1.874848057662714,0.7087573624793584
10602,1.426962468426261,0.5472413105275076
10603,1.5046081064483403,1.129913815708564
10604,1.97557808769584,2.0719067487471983
10605,1.6334558755340105,1.2060143049105032
10606,2.1695111589789877,1.8384054265453176
10607,1.9978100727784764,1.3846227312074153
10608,2.919961727735073,2.1745167286486367
10609,1.3387158609492713,0.9958101550226274
10610,2.483371404880909,2.756169376836916
10611,2.4503248327722096,1.8528108712804436
10612,2.164734004676697,1.0715834166369882
10613,2.1200010739528365,0.6830024102582031
10614,2.1824763429504888,1.029525061721841
10615,2.445468731534331,2.2598930107260244
10616,1.4494975145284952,1.6276156215112054
10617,1.5733276652204342,0.2490995627292201
10618,1.7549955737796732,2.062865803949665
10619,2.8439964918807696,2.4812838641450052
10620,1.5366518208283817,1.2908312564859936
10621,0.9997834104048307,0.9226960287514356
10622,0.9879562438282119,0.23444643320851086
10623,1.8006432794913798,0.10591192122978016
10624,1.941808227797358,0.6131210444224663
10625,2.425531499384609,1.7952324700064157
10626,2.3728086861067132,2.1960963857351694
10627,1.7318039600466664,1.1605467209227198
10628,2.6775131577535127,2.498254697161665
10629,2.0390329374161564,0.8415665534940672
10630,1.3422550881593622,2.490502326853961
10631,1.2215255827545977,0.544116328776282
10632,2.6623977501796787,2.5253672651524837
10633,1.8286514078523577,1.3726926755219884
10634,2.2471707900375972,2.3904856085613035
10635,2.2518519292253707,0.581152651254157
10636,1.1448053984422,0.6975201211342165
10637,1.7873496931920567,1.8438963624863272
10638,2.272498865864196,2.2471000104366197
10639,2.501318192530327,2.6483515652971525
10640,1.913185458976336,1.349739495339064
10641,3.1829872309510727,2.0720726359171313
10642,2.1059713922361705,1.0232748889869892
10643,3.464059146668826,2.928101348439063
10644,1.8247148626985832,1.8449396174661317
10645,1.5750278555413137,1.2311189393710873
10646,2.566676204200806,2.392773243126132
10647,2.8406110194581804,2.3106790815218012
10648,2.991872685828603,1.5757817235580087
10649,1.9172844482246523,1.7226810353666093
10650,1.872562686560178,1.1418977469054505
10651,3.2203973495388722,0.5040287604880974
10652,2.3553562617471355,1.4022954748670124
10653,2.738197770909909,2.3209818102828974
10654,2.6918622758908684,1.783339290533967
10655,3.4050268186360984,1.7669488723925337
10656,2.43907245515258,2.3912689267402243
10657,0.6238185767277928,0.9453960090560849
10658,3.178154252315908,2.6049835030028303
10659,1.7187825585982641,1.9148427365295286
10660,0.9075368886212244,0.3688420102677986
10661,1.616650252917673,1.7851335981834473
10662,2.192411085671277,1.9774071320762217
10663,3.212689521326727,1.8817362285196895
10664,3.1887745555245335,1.0070226704051595
10665,2.491915420907402,2.9354946127891997
10666,1.9742817372829657,0.8278093115084139
10667,2.4816841348854224,1.7640599136457265
10668,1.4224172665847226,1.3649793879816945
10669,2.09294330955683,2.412224378592975
10670,1.5166385871124128,0.918964509840231
10671,2.4376227097254386,2.640676311289545
10672,0.781668389761262,1.1042251372891316
10673,0.9548444036635254,0.33630628912696836
10674,2.1644430098994984,0.951363922486713
10675,2.0939744189066665,2.572800672499825
10676,2.244237521248932,2.2690587633759858
10677,2.469184563828263,2.2225459379969847
10678,1.7560009287705751,1.3951145059499985
10679,2.565298670226463,2.5917256991409605
10680,2.6317837828491597,1.5153205387412005
10681,2.6324945259817794,2.9157104865217054
10682,1.2845659339796376,0.5347386369793258
10683,0.9369622644833298,0.4692573283135023
10684,1.908430768033461,1.6021251929410099
10685,1.4581221465238035,1.755326996675461
10686,2.2983034219639475,1.0038342263720743
10687,2.4632574844663897,1.2067533462194497
10688,1.722774400810937,1.9335767821766578
10689,1.3364349412420833,0.3492786113536512
10690,2.202873632717424,0.7940241595767605
10691,1.745698636422114,2.162483433130557
10692,2.629512619815025,2.1176855042171026
10693,1.985147741740667,1.7505801405924741
10694,1.0395139343337736,2.6888906504952854
10695,1.3403999691559194,0.5724137077260918
10696,3.115733228238024,1.0018906737581843
10697,2.4709883918186137,2.036598840066797
10698,2.280540358218039,1.9259538235004545
10699,1.7405626534036929,0.5055690863482054
10700,3.2668383200111637,1.7855470795676396
10701,0.2646662157371253,0.27915458522835457
10702,0.28321128080984886,0.2834245669880315
10703,0.6052911591901646,0.0639365650788839
10704,1.5981760534665863,0.42086557002311004
10705,3.195788921213307,2.2658348798263783
10706,1.221270122848291,1.2217988820198962
10707,0.5230177953801718,0.6303573872774849
10708,1.721837439611944,2.084054068474107
10709,1.3526670957707254,1.8223929713299227
10710,3.118881357159998,2.365181902352982
10711,2.163708271452299,2.441199149899017
10712,1.9944006329941724,0.26999834665532924
10713,2.168007709109933,1.30443958880757
10714,1.9824951179388008,1.5445016702140497
10715,1.2247027158231005,1.3446059724077355
10716,1.542151056058441,1.2084034841415578
10717,2.7476371178206422,2.612144836690749
10718,1.7246557140793446,0.5754672858071372
10719,2.056013635888422,0.09837959638455424
10720,1.668514818899727,0.9947570133869638
10721,2.0158316283133946,1.5834145788582934
10722,2.522907162382154,2.4465004237649715
10723,2.4332098052042404,0.9334840236984513
10724,1.998224390012601,1.9575009931137277
10725,1.7227499363396475,0.549288757212723
10726,2.6215716509851923,1.6969295002021847
10727,1.0245386177086366,2.2440159792558108
10728,1.4953912925608122,0.47624089720123763
10729,1.8533489657796915,2.3499794166376593
10730,2.222621641204801,1.6260962092098008
10731,2.6263712927271747,0.9878310299506622
10732,3.4267829454355363,3.3177535688448847
10733,0.6463183939964587,0.3022183644576721
10734,1.4093650806014941,2.6010655648002476
10735,2.550524063184305,1.2675568472949874
10736,2.1555901146844487,2.06383647632482
10737,2.5137047985804166,2.8042860566049357
10738,2.3470760135283135,2.371824321331843
10739,2.037739335971171,1.8419707524968478
10740,3.076668492558451,2.573803080066914
10741,2.93956088673771,2.40062590344268
10742,0.897862441674635,0.6897435585540362
10743,2.1129120079642325,0.7822105813560251
10744,2.592652632001046,2.1835055796835876
10745,2.783045857448637,2.937303833969823
10746,2.4886185086674977,1.7152949908734032
10747,2.5745253657263767,0.953560066030065
10748,2.3395361201212594,2.110629972153784
10749,1.036972591773398,2.0319087905465434
10750,2.0378313512569886,1.3394271418901367
10751,2.2131705104819117,1.4569783817253004
10752,2.204847955940814,2.045046682581397
10753,0.248913560696143,0.07723150297120027
10754,2.276358495486017,1.6551889228532515
10755,2.0705435591652397,1.2898288338665458
10756,1.4035052891440354,1.7792862786941266
10757,2.6378302615439884,2.5783200125372217
10758,2.390146997863024,1.803503917039239
10759,1.9629386788430838,0.35927546604557076
10760,1.8555772036793605,0.5744204226734153
10761,2.3071799004431304,1.1354598710739239
10762,1.7451406203790851,1.3679560172694387
10763,0.726550721523912,1.2238022018561927
10764,1.193451370657949,0.17113980378081325
10765,1.362649442544608,1.137170446379865
10766,1.3556227086092763,0.5308524681550333
10767,1.7144068403212833,0.9885816225817465
10768,2.200558827096226,1.303687729122632
10769,1.9117877780516694,0.6343260590338315
10770,2.531064904866665,1.5911447686832467
10771,1.9225047955260515,1.1097306948890635
10772,2.259611803618502,1.4510083480890816
10773,1.8837671594795107,1.2283274116637033
10774,1.2388217671434367,1.1903619113491841
10775,0.8843836492259998,2.2990904542087334
10776,2.131016954852862,1.430070390470667
10777,2.9267766218770594,2.190956874684882
10778,1.9690305883407304,1.2591986173961613
10779,2.660402633046784,2.3839922038425234
10780,1.745690091204922,1.7603028246309422
10781,1.935535382339426,1.4063855264212766
10782,2.235039177968938,1.0395610823821961
10783,1.9634816098954155,1.3397410017422224
10784,1.8735934180872609,0.5821253936914175
10785,1.5944275499938723,0.8050627401216484
10786,2.195034166415311,2.2079590861140757
10787,1.0407460243428557,0.2155156954137193
10788,1.1166199341581922,1.1012965519729554
10789,2.38744101580994,1.7176204120656589
10790,2.4040155365354092,2.6094703072328786
10791,2.0200172905172877,1.3562355812696834
10792,2.567939937825592,2.1719545508011433
10793,1.8337142959782309,0.4977639367372724
10794,3.3839486182363614,2.5256768260322513
10795,2.704804687142889,2.6289395554851476
10796,2.4650522657240956,2.648142235552894
10797,1.8807371287363819,1.9291597815311887
10798,1.7993747373123632,1.6646871692578167
10799,1.4086128552331465,1.1249176428887073
10800,2.0176135481751243,1.810323364677813
10801,2.3965134544854663,1.8964670652581075
10802,1.8351030187964181,1.4221829069812937
10803,2.6239252842847813,2.5162079184982424
10804,1.3450906261310824,1.8719291356148107
10805,2.6963648864105116,1.6779207611473232
10806,0.9906207387520718,1.0989165030707435
10807,1.8419350757928044,1.592686621609637
10808,0.8219624394732694,0.35229313478990293
10809,2.2742978484131706,1.8025834905885463
10810,2.1514445013053782,1.3404936831104008
10811,2.818642903973201,2.1382252502738623
10812,1.7565502842041028,1.1688504450280202
10813,2.667147061762458,2.241827337149101
10814,2.329785529201227,2.5176126092980646
10815,1.5892795497948253,1.4985328454819853
10816,0.4882888085317234,0.3670816976184462
10817,1.7483536621387454,1.3644576058890099
10818,0.08749678472823191,0.044251661422634016
10819,1.2358402569833677,1.0543096167843642
10820,1.2830541861029885,1.7183920071225056
10821,2.1805332685493677,1.3308325092915245
10822,1.2097079814858223,2.0551856720587773
10823,1.4164672234411209,2.574882439292506
10824,0.9655588300365776,0.4463363900564669
10825,1.7245104831626594,2.4669344407099483
10826,2.4019631291898214,2.282343587351734
10827,2.698834843915797,1.9018164589128814
10828,2.3104687579068575,1.3200808402008943
10829,2.3222638419948254,1.7943244930045246
10830,1.4610527653114564,1.5976008659266243
10831,1.6060166664888802,1.099972570922955
10832,1.6840073045474595,0.21560372882495696
10833,2.804456541886208,2.941570426671381
10834,2.2370714327783645,1.9354718800590283
10835,3.276926102643536,0.5109330786283369
10836,1.7556765587128418,2.004306683637695
10837,1.5777151531062297,1.0197447316998063
10838,2.319521995801718,0.914574721428195
10839,1.5395929777916106,0.7749357638542045
10840,0.5429196130440668,0.10474795373211233
10841,0.9716094237817215,0.8751637982126516
10842,2.5007421475955973,2.3838421053049608
10843,2.15319600558501,1.7415987270886673
10844,2.3275107628503338,2.085816024366289
10845,2.722371808972344,1.2090980699099811
10846,2.4362880364036346,2.790099202095076
10847,2.3655620649639593,1.84315331612837
10848,2.0552546750598353,1.8071307629420745
10849,2.3879726491992694,0.9555150221977142
10850,2.4648572048946704,1.2724900417750216
10851,2.1155364492141993,1.7227409262247684
10852,1.7772378725039408,1.4579845644244487
10853,0.5425935453308756,0.6068690146178121
10854,2.579563638675612,2.5870045586100874
10855,2.9539003145671088,0.7379853586707804
10856,0.9904272161986144,2.0126112299100853
10857,2.912142606010933,2.3562374455309407
10858,1.2162606849105964,0.3950851260249108
10859,2.2741623512059523,2.2738114244247987
10860,0.8269484383044363,1.4743393021643632
10861,2.0362939323669647,2.8104437284123263
10862,2.5113197982438034,0.6817481516000077
10863,3.318805947235233,3.1222268502691124
10864,2.267323689078498,2.121822852763233
10865,1.999035943526209,2.3843585249537034
10866,2.6814852926419603,2.4147064454218783
10867,2.6302083783461265,2.0865578136458036
10868,1.5965499962012957,1.4198499218474692
10869,3.0545140661155017,0.13327928156424584
10870,1.1116794801474592,1.1290930151288947
10871,2.1257900971473607,1.7994960409740461
10872,0.7254353718325539,1.2690053012626052
10873,2.444394859532838,2.2946593861635374
10874,1.1339946392257492,0.6484718595224553
10875,1.5827119785762842,1.0089957440717092
10876,1.6194245025101879,0.3254118088643078
10877,2.448668976646415,0.9382060254326281
10878,0.44132900818089926,0.4757983012434816
10879,1.9962183188013953,1.8176168149782217
10880,1.3917939848194447,1.7234146489665876
10881,1.9889041124943456,1.3274695215920669
10882,0.9939420101183611,1.1832032634860443
10883,0.7395152994287815,1.3676745361963722
10884,2.4561922740398323,0.9885039742455862
10885,2.420667059557978,2.4785732659539073
10886,2.048848578105825,2.2422476755906438
10887,3.1323947246820114,1.724412379417864
10888,0.654268096411594,0.15058457125044153
10889,2.138824173984834,3.2134548056750387
10890,1.697126986052164,1.8351556198137609
10891,2.2819667227567004,1.027840748463512
10892,3.2730150897833097,1.029773724862767
10893,2.1028478397335584,2.389505153713393
10894,2.613837000661422,2.6389045677510223
10895,2.1790829162831087,0.9328349790038772
10896,2.021464859750243,2.507239569599424
10897,1.4138371870339157,1.3007639499756993
10898,2.015482630424962,1.846154252399302
10899,2.306646424954136,0.2926015688318695
10900,2.2442648807380943,2.044308899869311
10901,1.0488493465853828,1.7253608438827472
10902,1.7182085126572901,2.5995564530022715
10903,2.7028806149896343,2.165973289206479
10904,1.954543381487047,2.5336989352329393
10905,2.5126191775788063,2.3173804425766233
10906,2.394991252101642,2.1714508033044915
10907,3.009386172029448,0.961880885919416
10908,3.1688381751146006,1.460755682602451
10909,2.2681014713528365,1.56976528078171
10910,1.9061341478286493,1.1764169192304097
10911,2.1115125664667325,2.2548359879704787
10912,1.4582291815908368,2.4417228814226486
10913,2.9590426107878014,1.9934537719104148
10914,2.0302940056028786,1.9296910508199125
10915,2.4639905287319053,2.2135312790737274
10916,1.356883243050052,1.507216516039333
10917,1.8936471614581791,2.154554602599688
10918,2.1348438383167325,0.9652081282852351
10919,2.188861405271657,2.396113037345243
10920,2.56855942579053,2.5132625426188757
10921,2.464814890059881,2.3299165090590392
10922,1.3833827539286243,1.1269202687339106
10923,2.675889099066146,2.0483133202357413
10924,1.7205535122416054,1.418465060577865
10925,1.4807190371161207,1.4051770952441172
10926,2.4066283171364535,2.0322321981945493
10927,2.0786254964636326,1.960900735189873
10928,1.228350350775495,1.2581658341086404
10929,0.8229344513526266,2.1685907942352833
10930,1.9567110162243047,2.2191722787267114
10931,2.6594921234183664,2.259404654598286
10932,2.0899792261174426,2.1649393556946146
10933,2.7207238681230086,2.7525209173884226
10934,1.9478136162419788,1.2840728721943486
10935,2.581487955317204,3.0230774770507867
10936,2.3058375997157676,2.052748886950999
10937,0.6999254428141,0.2724537716920987
10938,2.19621263313855,1.8882291372479718
10939,2.124194779184001,0.4954800192331851
10940,1.210335935220467,0.31136174477529543
10941,2.6779198714474273,2.45831214197542
10942,2.490528951059674,2.846216535672551
10943,2.8558178478307776,2.547044010509536
10944,2.2323814470698187,1.7761223240363462
10945,3.3237990032709495,1.1894973488383436
10946,2.6268630224693306,2.5433382832110074
10947,2.3849440578673566,2.4263261786195613
10948,2.0887449860527196,1.7543143663341279
10949,0.940870579489541,0.592178969704137
10950,2.8554061778656723,0.10815495350921672
10951,2.2903037807890647,1.127634933912328
10952,2.371560077931969,2.237285903008033
10953,1.9974114672471526,2.6595275995493832
10954,2.017446598461883,0.35737565146723366
10955,2.5399560729048627,2.3214587033797573
10956,2.6067370514787798,1.4652950278528618
10957,0.42451722542030557,0.8421294096542138
10958,0.8960541720964196,1.6733532944026044
10959,1.181041281499006,1.107850943215439
10960,2.351743797469517,2.371408777827956
10961,2.3320950780462617,1.3190483948207863
10962,0.854338629379023,0.6869529627392854
10963,0.5791390406105745,0.15780483398406558
10964,2.2957050356476425,2.1913244793277586
10965,1.8395146195889402,0.3058317453264364
10966,1.6821760423970846,0.6177325781127319
10967,2.147654633856791,2.297815362961671
10968,2.458828314414056,2.4171288454610598
10969,2.005927285002952,1.151609479268767
10970,1.3124933951130204,1.2118544513643543
10971,1.352063038024572,0.2260500791121664
10972,2.15770797613643,1.196125661522408
10973,1.620844364264682,1.5687178769429744
10974,2.709134502173166,2.329938280742549
10975,2.3492441438114775,2.166996947156119
10976,2.032972555891841,1.3483393347506698
10977,2.5439967389269604,0.26574748307986346
10978,1.5276111347950714,2.3151514875502084
10979,1.3373947500718777,0.05664641941081059
10980,2.002754727156125,1.256726394923747
10981,2.193499791740257,1.4741189856311783
10982,0.9367006955822422,0.37952662639419177
10983,2.7636137298893937,3.089083936386753
10984,0.9113085055455561,1.4052910837730384
10985,1.2445767312051272,1.3047584506417047
10986,1.325277528690792,0.5935815671662367
10987,2.5146301830134643,2.127054643529453
10988,1.1743584511201488,0.6699082402512825
10989,1.8673084930085526,2.2911073092054606
10990,0.9964740148992222,1.1687808777435977
10991,0.6666436142104784,0.8599803438050856
10992,2.3654955463595853,2.354095042124646
10993,1.6780002277738042,1.3843461493946858
10994,2.2001582796526913,1.9864506603137684
10995,1.7442528099142893,2.7393486664132687
10996,2.456574841557295,1.8205466334195373
10997,1.3696475543981312,1.7040465308294155
10998,2.2381157753502845,2.4401155669529784
10999,2.503685884846164,2.1435022319732537
11000,0.5327409795226273,1.3893653725205632
11001,2.8857340576716246,2.2224095228186123
11002,2.3099571263236482,1.3226256638796947
11003,2.631313653578229,2.8079334442027744
11004,2.913111155680577,2.089458334459358
11005,1.9761037970721502,1.2068188979213363
11006,1.3011368095719487,1.5821344105950226
11007,2.13266747982002,1.886038538000173
11008,2.875448357592528,2.537136918702636
11009,1.9099754555290995,0.7248562317026407
11010,0.7743457891806732,0.7604093970723478
11011,0.9692054493200112,1.415432584950781
11012,1.4704696489385078,0.48713740446880893
11013,2.0935705937828106,1.7914962513572807
11014,1.561361913045716,0.5779712247825646
11015,1.4825669632207212,0.8652862620713906
11016,2.758198323321576,2.154999052090996
11017,0.42354634740287006,0.8541563453740811
11018,2.38875746264624,2.5119454573995896
11019,1.8147464770881963,0.8496555822099767
11020,2.2003276284144793,1.7557234714938785
11021,2.640970105713962,2.228809792179976
11022,2.3913202857286193,2.6312555779499007
11023,1.3148866644882289,1.8785719776044218
11024,0.665322247037269,0.03408590213111465
11025,1.6329048496697998,1.579654173085099
11026,2.7320522075882763,2.757572508966271
11027,2.8009404432734,2.150971659955699
11028,1.6712213507992233,1.9738942307596772
11029,2.182066041495878,2.332479179759954
11030,1.6662221216928759,0.26270099360190624
11031,2.1819014145178994,2.7778193957398165
11032,1.7391630817875947,2.138556375470962
11033,1.214713564303536,1.4874469003578923
11034,1.8622249008287872,2.050622443731868
11035,1.7501509687723997,0.5566823666570984
11036,2.121049128488417,2.335552951610696
11037,1.729667576934821,1.8339694627152698
11038,2.5823529606929423,2.4647971139367155
11039,1.4923700070716084,1.1854254133853444
11040,2.9010760556599453,2.690827450234176
11041,2.2493496454309274,0.8621939608432365
11042,1.57207426890532,1.6661065581806047
11043,1.9483743917196201,0.35715793619488084
11044,1.2563960455285113,1.3803480474202277
11045,3.0773041411099777,2.6609176612272076
11046,2.5733062390410217,1.394980249549052
11047,1.0769310147225184,1.4464237719475617
11048,2.7544536082365654,3.441869545042579
11049,2.703309155646259,2.062282717542419
11050,0.9427056224098412,1.9504759272966818
11051,1.7133748001943567,0.23989802616654587
11052,2.0107827376772254,1.1241404295757547
11053,2.041021533073326,2.551973310541768
11054,3.1659163129599723,0.5047481358407403
11055,0.7971599969547342,0.12498516301994848
11056,2.423214383346857,2.35996705340931
11057,1.1717938416902831,1.9875241647640929
11058,1.433788119298472,1.1438456756880022
11059,1.01764340206838,1.5704999766359167
11060,2.6141578451751797,1.8854777572930053
11061,0.912468406827918,0.18115757488868933
11062,1.9532037557207524,2.3276024040759675
11063,2.1268960177881415,2.152317148697579
11064,1.9984148012565102,1.486915111629145
11065,2.2320342365634085,0.9176497892544854
11066,2.315492831531478,1.9785792544606349
11067,0.6945666005039419,1.0832499897565158
11068,2.311682472110266,2.3806728469233924
11069,2.121648456161848,0.3560955378394926
11070,2.939046435691515,2.3050331424255113
11071,2.172881020280118,1.8357503890999345
11072,3.0055980373266054,2.329215029485726
11073,2.0643744043743517,2.7318435392978966
11074,2.497814995727301,2.2493912140483188
11075,0.5139941684278807,1.9538635654380305
11076,2.62219454395472,1.6249792037317445
11077,2.214188485880732,2.032969251399197
11078,1.607665517960309,1.3179592479784816
11079,1.1911955597283104,0.9065620416591942
11080,2.225708673914492,1.351032638054367
11081,2.5853344567347363,2.4972155803263547
11082,2.6680896819099384,2.03496533518128
11083,1.011184492596707,1.9258498799269033
11084,2.203395994643944,1.7588872659208656
11085,2.4503142080790408,1.877635686971704
11086,2.3008484833615257,2.4402907216229965
11087,2.7650103912702364,2.056375325706776
11088,2.618747672283993,1.586494047910575
11089,2.178565336760907,1.1411279886572463
11090,2.4275112813177304,2.4293543966003153
11091,1.5240314983838237,1.5507761654223255
11092,2.347707623965069,1.034989337741932
11093,2.546738906960112,1.5066331200950587
11094,1.6634459254045761,1.621111710492568
11095,0.8129531550482769,0.2569631784406135
11096,2.187167258482005,0.9802075449263155
11097,2.4192822714607694,2.745915939882153
11098,2.295738744985567,1.679324832224666
11099,2.319986413635921,2.447396339586192
11100,2.6172527775572387,0.8990493094590052
11101,1.991880294923986,0.6507440068442607
11102,2.2364512253189317,1.892681885209999
11103,2.1972993057494814,2.0605836345388004
11104,3.2234082290740784,0.8736539505316778
11105,1.988959684952504,2.441935444257358
11106,1.4754519255349277,0.4677390915029208
11107,2.040794410721097,1.8238199794194934
11108,2.4574532801480755,2.237028103618506
11109,2.203071835291027,2.3898064905600056
11110,1.885908756310867,2.494226195258033
11111,2.026940614305184,0.5428758356795172
11112,1.3772951258967165,1.3647899865939361
11113,1.8291788825209934,0.5450742570748282
11114,2.359907222566088,2.655416828273974
11115,2.2109078793871118,2.1051855147429546
11116,1.8444149345508216,1.5687528300388718
11117,0.9695313118284297,0.3673020062945079
11118,1.6800051024273128,1.0370925336510635
11119,2.3368936153035618,0.943874277045637
11120,0.6526712534360466,0.0972689673460175
11121,2.100094152118235,2.672341177088393
11122,1.4886931749650953,0.8918665140352773
11123,1.1985545197332241,1.1984462241425373
11124,2.0079594643097094,2.1915583216236554
11125,2.4338480285673567,0.18563550248200325
11126,1.2680291411566202,2.462397851098757
11127,1.3100066447159653,1.4752883360545503
11128,1.9776873538092357,1.8727914385043583
11129,1.7028855849753828,1.2421118215607063
11130,0.676781715552552,0.33434892146856526
11131,1.7639656128124594,1.1432352877483665
11132,3.111884592826465,3.677323610429234
11133,1.474846439290108,1.8950956117589264
11134,3.021412484550504,0.47864165299380795
11135,1.937669796321254,1.784129478237279
11136,1.0450617517479635,1.255843003695206
11137,1.2394808713033645,1.8144411318433038
11138,2.434833335334818,2.2302698783588433
11139,2.4292413326626563,2.152492019389865
11140,1.9670752198132397,2.6118149266467636
11141,0.7409041911969398,0.5883132747938115
11142,0.6338429576164111,0.1539203178163946
11143,0.37802762303430454,0.3460363788454435
11144,2.0863288226259322,1.6069679817510436
11145,1.6916402115309128,1.9271174016184662
11146,2.1361971563894286,0.4627307615878439
11147,2.821510437658602,2.0154876094792282
11148,3.129036542553048,2.0703844043424593
11149,2.5025326634592426,2.4842936490731664
11150,1.732610244361362,2.257456047036314
11151,1.6774943501130597,0.7033500018325821
11152,2.4070826762254924,1.6828276834708789
11153,2.3002180925765088,1.9770901934004985
11154,1.3416042923151679,2.199081333260341
11155,1.798904617476662,1.2273834152239005
11156,2.282978425032951,2.6500578840891653
11157,2.0449577378988084,1.7897927100724151
11158,1.7321019413343148,2.2087748713789623
11159,1.7483016237281432,2.4034830545215353
11160,2.771342182729941,2.7271100283345957
11161,3.2641317964111374,0.35780380692781427
11162,1.2361692031994245,0.10111657882232099
11163,1.3898327341003198,1.0883630578317367
11164,0.9800089712978122,0.24694383518550866
11165,1.910478153958484,0.4691375489246866
11166,1.2118272292816132,1.2809993362241991
11167,2.4401282832396762,2.54660859832933
11168,1.0542961793115444,2.5892508538401318
11169,2.575218544189736,2.5814204793127993
11170,1.16296551196688,0.11911130234313529
11171,2.2779083507040156,2.815546125890247
11172,1.9631078327987221,2.5819498023049317
11173,2.5070740810321284,2.83785159925813
11174,2.5618603015385095,2.087460354472582
11175,2.5086750808082092,2.2747763318110383
11176,1.887772485228691,1.7386460542881585
11177,1.5324744031550483,1.7225296642307102
11178,1.795366184220413,1.635542717134204
11179,1.9274208541036915,1.28377258855584
11180,2.44965774059775,2.222839241946514
11181,1.8002321303746853,0.6362522738704547
11182,1.9761067724636747,1.8276524772969633
11183,2.638985122501259,2.5521784110866936
11184,2.1422067260186903,1.6545374430421582
11185,1.4591900208931354,0.7531939218329181
11186,1.2601185992241228,0.19098487947528844
11187,1.0759236405675172,0.4281199189950297
11188,2.380385739239056,2.019027348935618
11189,1.2941080106157017,1.1110071614032495
11190,2.3827751334964105,1.0720384368151288
11191,1.1393319882610053,1.5863421111914005
11192,1.0998162664514473,0.4299118366046148
11193,2.409972119122007,2.1966877026763223
11194,0.8160283598651471,0.510775546846807
11195,2.026046714304126,1.7573583038090503
11196,0.7852044960698228,0.34904100688506356
11197,0.7894348828128287,0.571695635674105
11198,2.339387868579887,0.7671611419927289
11199,1.432481105418888,1.8006360715600163
11200,1.163415095416744,0.6728497453163641
11201,2.6105081894666116,2.4663243781598316
11202,0.723169708516699,0.558876526002474
11203,2.3963024103854127,0.6384214577663988
11204,2.5699479605300155,2.43964440539962
11205,1.6549867012129764,1.4479564345067881
11206,2.1330306843958664,0.7998493699519008
11207,2.870532238118852,2.5647306480489895
11208,0.46970570680328566,0.17910212729728453
11209,2.204203362468034,1.727657502582285
11210,0.8326125920492475,1.0091842020588178
11211,1.9807659403760447,0.7014419097337165
11212,2.429502556596126,1.457927580720016
11213,2.2615257695583186,2.612783229179879
11214,1.174483934138068,1.8398490191880665
11215,3.5628931676572377,3.3364555338758217
11216,2.3824524772899687,1.924839077014355
11217,2.053446658687133,1.2602649936586214
11218,2.257767402018884,1.0731497265775347
11219,0.7972182320624926,2.00408252778589
11220,1.9605495819446375,2.4594443783730524
11221,1.8265725829781287,1.1068850112831736
11222,1.8198041365555242,0.9705792626772856
11223,1.1073205076339676,0.09583039675483514
11224,1.9026097653583522,1.6040284311495716
11225,1.9571079281142536,2.1129484825104163
11226,1.7801916177044868,1.5472421961809357
11227,1.9140279439086114,1.758893550197128
11228,2.08017386862289,1.0941584186977982
11229,2.6824088869662677,2.9248813502759794
11230,2.052339365930213,2.1065110235411604
11231,2.3723513697770566,2.490254798229669
11232,1.9277685696178408,1.9221304986481627
11233,2.302481141117902,2.130918014182979
11234,1.8041571396731784,1.413044905411103
11235,2.1163672780189304,2.1668396560529173
11236,2.560071869094892,2.786152793613821
11237,0.7764482065358662,0.19816088162335393
11238,1.7417643274064394,1.5739960192057356
11239,2.1542239946616393,1.713261307599152
11240,2.2709661022282805,2.5880799416414866
11241,1.7465354694382114,0.7047969270107616
11242,2.0083429872149754,2.5650454527146325
11243,1.7308696253926006,0.19532035028375513
11244,2.775027916294292,2.542397286386703
11245,2.606574281736069,2.6624922766143047
11246,1.8228285653748593,2.163216999133161
11247,2.007558231139488,1.431769688355107
11248,0.692423232768802,1.7305649173062658
11249,3.099593049182337,0.204343529818859
11250,1.2954509061783042,1.6472576736958902
11251,2.463165426299006,2.502001876809199
11252,0.553761158089063,0.6026555000278543
11253,2.2386931207884797,1.6472640545862482
11254,1.3569803841134496,2.1372915873704814
11255,2.0622690796172742,1.2393157638212504
11256,1.2500985163814122,1.7682755270842163
11257,2.229432195863932,1.4585008979626106
11258,3.239151613760611,0.7881944726007165
11259,0.6252265405951116,0.04916460346693976
11260,2.343827487461895,2.104414861770203
11261,1.9466136888939585,1.485748012846059
11262,1.9869962577465596,2.2136832520509135
11263,1.5452570840201856,0.3878276808969413
11264,2.3122739312094724,1.1955735970999433
11265,1.4596513989333677,1.3575629847624353
11266,3.4375809161243303,1.2547829282990024
11267,2.7307806816612503,2.2186332069796637
11268,1.9053291038469113,0.8988059889536946
11269,2.8283679728959026,0.8554759740064185
11270,1.1932732988454458,0.4341989671730007
11271,1.2378460287312616,1.794137130019423
11272,3.2656106654774746,0.633250782984552
11273,1.1270362695628497,0.6042201870547567
11274,3.1086854504909414,2.8869285325148035
11275,2.5843850873551046,2.087535038805958
11276,2.5951008425421973,0.4644347827782897
11277,0.926634366881787,1.4967016225359386
11278,2.496939262613469,0.5768360258175126
11279,2.143578615050297,2.6463228120640463
11280,0.7672863743538405,0.07569335177439829
11281,0.9039781928341165,0.9032872260885689
11282,2.2414952513025677,1.6574297179199766
11283,2.6428694580554333,2.5873066799941133
11284,2.2906162595813075,1.710059569157033
11285,1.2452927435486256,1.0093676429082292
11286,1.4662755722855476,2.078080334859849
11287,2.5319346704383006,2.0821983749603876
11288,2.4264985925778646,1.537907332157491
11289,2.5210951688213528,1.7211863203242441
11290,0.832794201842355,1.833533821088063
11291,2.4675134545903266,2.2451057804626946
11292,3.062092926201042,2.1785211022209
11293,2.9257961806946513,2.6939876380870915
11294,1.5976760644657593,2.1148807460634345
11295,1.76054538482105,1.8340153216075337
11296,0.4955719027750383,0.1936506734687664
11297,2.9555943921918657,0.7662579638596239
11298,0.6206478928423593,1.0756309136333166
11299,1.912881978032334,1.3095872081207391
11300,1.764740220080034,1.0831977429358115
11301,1.9029805661108616,1.7987706351824155
11302,2.325150349138486,2.1063632607794673
11303,2.8732912362862035,2.13421496481817
11304,1.8230327502241854,0.8776386135596649
11305,2.347992672821605,2.3285251194499117
11306,2.0266970904780983,1.6304488069529215
11307,2.713151754365379,1.4413958259979374
11308,2.426664556760559,2.656527239553062
11309,2.594089227509775,2.538791035449932
11310,3.2520726735709715,3.420823604703794
11311,2.993155891882167,1.8323790796855524
11312,1.6043127249609546,1.1295258669122865
11313,2.3331836720367516,2.343507019744405
11314,0.8763040141849517,0.9182876629684817
11315,2.829706506743685,2.5546761599437584
11316,1.9224937983118793,1.7875430961824104
11317,1.7599401838606499,2.307809634621651
11318,2.311255385513242,1.5025685010140075
11319,1.585470753798068,1.4534495947466222
11320,1.880841222455104,1.2690534055006646
11321,3.0838487185365,2.9045775997190098
11322,2.206262185234512,2.5943485212730426
11323,1.1243293750300287,1.4408812196469902
11324,2.1553665449590245,0.5722005852074815
11325,1.5982769640397387,0.5371142388123595
11326,1.4051612513728127,0.5488901302538014
11327,1.38845113949751,0.4313412949557609
11328,1.6448161850288423,0.25255079638937544
11329,2.323828302760417,2.7328150561249225
11330,2.2045577555502534,1.2308498677412172
11331,1.6046283279722435,0.15154691247872817
11332,3.5211669661366303,1.4434085147953308
11333,0.6337361910078695,0.34440597299545406
11334,1.7607217532306976,1.7155188021508474
11335,0.733825630705267,0.27307221798216974
11336,3.2855951633719895,0.6300970136784806
11337,2.4399253449614573,2.0380613315843155
11338,2.3241776048562044,2.6474319743660177
11339,1.81511460260291,1.373332171494477
11340,1.7426685749768183,1.2366699093914757
11341,2.362096539926007,2.4317940741088804
11342,1.004821360730398,0.054100169059814164
11343,2.6957586421038306,2.4456186064360628
11344,2.408191521554265,1.9235211685734213
11345,1.478531651579317,0.9757516016165267
11346,2.384505622550431,2.105088836615699
11347,2.2301512805821013,0.5751420428226329
11348,1.9908558367429585,1.5557699379600656
11349,2.7180325428004566,2.05700286692207
11350,1.15747874459162,2.0127633325406875
11351,1.041815335592697,1.4576425702156544
11352,1.0735959475842327,0.1842758214107889
11353,2.2821308264621147,1.5680141940084174
11354,0.8011407964991516,0.07959910300677457
11355,2.029522714465287,0.8373189168574336
11356,2.9994576234853376,0.6213663639267911
11357,0.6983275407975363,0.8265789697552895
11358,3.5326266737442014,3.117547220396648
11359,1.1043453704188968,1.7470475753804668
11360,1.8651915323868733,0.6053704036440314
11361,2.0203929698262852,0.2131876108602499
11362,1.531493186044863,0.5830037186905579
11363,2.9511151944036698,3.15691867676214
11364,1.7727383594275479,0.8002072749199802
11365,1.6205097665137052,2.009832715220304
11366,1.2164528693355148,0.9610302047716409
11367,1.521595030036208,0.5569729122137922
11368,0.6146146002404927,0.27512767584729114
11369,2.077641321786606,1.4297832162255137
11370,2.5469076389091563,1.7668562396871703
11371,2.314921453956375,2.1039303420691287
11372,2.3672130593157834,2.1596326395897414
11373,2.3402855545785615,2.1446009897539415
11374,2.543203238325344,2.572536623189528
11375,2.4107991902140924,2.6624086000424794
11376,3.2904102781988516,1.2262166789485909
11377,2.0406886059559115,1.0620254539262486
11378,1.964795029451717,1.9004601016998683
11379,1.5116251614708842,1.517330751806968
11380,2.7924437973960754,2.4184379106743865
11381,2.8318505682165065,2.7975871264799346
11382,2.384563102637786,1.7072606751060697
11383,1.6018141456764716,1.6262831784697427
11384,2.561274606752451,0.948296474507173
11385,2.4184588123974224,2.5264022328007885
11386,2.1542664060977814,1.1565803585974783
11387,3.2336634170239895,1.0614809706331376
11388,2.638225597993379,2.5138504317035055
11389,2.3137764394745415,2.6464382457142466
11390,3.3154185600959156,2.3957874295282675
11391,2.859453696967489,0.43008188997241925
11392,1.750020566883924,0.841638118234504
11393,2.1770274803989693,1.3076103436543258
11394,0.9548541592872136,0.16352823878462097
11395,3.237839910088986,2.297247446459553
11396,0.9745694437697741,0.28877337202216513
11397,2.264827366903788,1.6346905662970128
11398,2.455943187019177,2.5360354287689524
11399,1.839278560422006,1.0594770419944497
11400,1.4059255895405156,1.7422878758864047
11401,0.8770584624073151,0.3893766848816129
11402,1.2133767704426528,1.0975948471471737
11403,1.6174324956291826,1.824577139436215
11404,1.4607956034010516,0.6736751085640892
11405,3.4157962344430053,2.284681179060754
11406,3.3340291736203547,2.7248212214185465
11407,1.4292212583334456,1.7924597996408411
11408,1.070595930168436,2.3353203013829775
11409,1.2819658031808745,1.5965293127412223
11410,2.7857159859199063,2.726134272334143
11411,2.910630084233421,2.5075912001729868
11412,2.4468567866274067,2.261875138101166
11413,2.0138924062114083,2.428171323209895
11414,2.2472823244715707,1.9206898988798582
11415,2.662535080965951,2.427891628709726
11416,1.524732457738832,0.8512216833085352
11417,1.6055497528673284,0.6880470249740395
11418,2.3185923056100757,2.03578432902094
11419,2.581640155624384,2.5193800008146847
11420,1.024682074963591,2.068314956506822
11421,1.9899194317287272,2.170788126323428
11422,2.6291783287423733,2.4721255616258633
11423,0.8876543019323112,0.019537567159185223
11424,1.447174317712919,1.0609907927601074
11425,0.9880510173863036,0.23781392959924275
11426,1.902629617358032,2.084082964895105
11427,2.192318331836646,2.086617632854685
11428,2.204767285188782,1.8742229297154012
11429,1.960591827224365,1.7755247677378652
11430,1.9694355571625506,0.6694399509499456
11431,2.0307585443530294,1.0536360588348312
11432,1.550221176541726,0.5463631117090393
11433,2.4887391697719834,2.1200251222723656
11434,0.9661875031046411,0.39387859323401936
11435,0.6975785324219721,0.2682719113477669
11436,1.7879188937295811,0.45101869908995934
11437,1.2585102760750928,0.20689468701667205
11438,2.4583351130474647,2.666052131712334
11439,1.4061214724001712,0.2539302428247681
11440,2.099174235072137,2.52135936398441
11441,2.3236557260532082,1.316119248462258
11442,2.0845013961421075,2.010517980079328
11443,1.0857927991398209,0.46078942700804454
11444,3.063643566116905,0.5762186890003631
11445,1.6412543491735587,0.47814661346128834
11446,0.6470149238655705,0.34724944262186375
11447,1.519888788099219,0.38225593730926605
11448,1.5640561239600068,1.4074379649202995
11449,1.7072162065259588,1.116849279868908
11450,2.3280518906841845,2.1773754118072097
11451,1.613364624031363,2.490384964282618
11452,2.4136671460173353,2.3416321143071963
11453,2.036080538087231,0.6000942124935911
11454,2.1016174712284714,2.0621672863367104
11455,1.4569445857334087,1.2657314514858509
11456,1.9463097261676539,0.44630979748811367
11457,2.1951348177230243,1.1889225903932568
11458,2.6834509665072024,2.056878661730143
11459,1.9875087117894934,1.9777993686745743
11460,0.9699274671653055,1.0169367378441256
11461,1.6006878924219352,2.4867268636699946
11462,2.075630406318295,1.136649022738864
11463,1.5278691294376254,1.1685592467943213
11464,2.398234530217974,1.7811893707573732
11465,0.9210609806097111,1.5892989083277722
11466,1.8325796201929825,0.997284611019111
11467,2.6412906702979027,2.210304771670976
11468,1.8148636085708345,0.8187977639303553
11469,1.8366762068336744,2.623298009828595
11470,2.521259616095041,1.8830632095823168
11471,1.3647703324455769,0.3116238563752634
11472,1.7293812630119438,1.4653141507459984
11473,2.0031840237786356,2.861795840511997
11474,2.1553684196984637,2.5277731268602706
11475,1.010965678101165,1.324423813393966
11476,2.454260968672562,2.520021082925233
11477,2.5403586298626677,2.1464472184127
11478,1.5721553499806238,1.0968026156017403
11479,2.069797876411602,2.396867562955295
11480,2.665498993883367,2.359211083617331
11481,2.343668452600805,1.538145229750956
11482,2.456521128746341,2.674056416807558
11483,3.5208307098087404,1.8161792741779768
11484,2.056350489717032,0.8544754575841027
11485,2.214435420613842,0.9230187958499494
11486,2.469149958547026,1.557953529512743
11487,1.560102449402593,2.4966831502195177
11488,1.3962054414869924,2.2200841147803954
11489,0.7844069768686438,0.6880468746155621
11490,1.472766149597246,0.0885004045373847
11491,3.346899368986759,1.3384795356450352
11492,3.100851625534497,0.8779619567337337
11493,0.6144107428827051,0.28450524479623335
11494,0.4379296247276607,0.160878353591237
11495,2.4340269373379844,2.3816612241554234
11496,1.8845438031102602,1.6454031707764847
11497,2.279462029395331,2.1633304217144667
11498,2.3977936514936715,2.5594207127397266
11499,1.8192424720129354,0.5197926369994402
11500,2.6213978249316088,2.5606990579698876
11501,1.1279232759459448,0.3025313144715084
11502,2.6322088459435515,2.0815775249305983
11503,1.4768293483722608,1.0372142042332395
11504,2.679688570585627,2.230799133166887
11505,2.0648713644142185,2.619430963221802
11506,2.354146273063469,2.544346875738977
11507,2.4895652107998196,2.2051592904329267
11508,2.265037869067447,0.8685772886859371
11509,0.2464967513855955,0.1383221434000874
11510,2.2016828296260464,2.3898494107345436
11511,2.2659791632072017,2.2935051207904706
11512,1.9536780188810399,2.1373273868922156
11513,3.155687960374294,1.447722243320275
11514,2.5082769198650405,1.9078575919452603
11515,2.170143537325989,2.2707354374001407
11516,1.8589135297495836,2.541047107376869
11517,2.1791031531560114,2.137531974028162
11518,1.0140628480110812,2.070104086292004
11519,0.7708349521879357,0.18733931425018463
11520,1.8394955869362175,0.6785644144258977
11521,2.320191813861436,0.740876469881148
11522,0.7752470319338151,1.9675926151434382
11523,1.7414964758621587,2.0848972677996156
11524,1.197218634583497,1.3242331069843136
11525,1.731325287896321,2.0005588978289848
11526,1.9199668848681462,1.4310917529959066
11527,2.9908570567201944,1.7649990542132115
11528,1.603709390758691,2.1500689640092796
11529,1.5499826197143562,0.4106445175789793
11530,2.3993641320185253,2.352212992216639
11531,2.2836688003291195,2.3180527988552835
11532,2.014671385616241,1.9132159337124828
11533,2.449339589051306,2.5484138365842064
11534,2.300484157179284,2.337719520632827
11535,1.9378059927471172,0.9270424406991633
11536,2.9900204442669076,2.047853784412514
11537,1.4430031814855275,0.6628654722147584
11538,1.1770403330997377,1.1348133951167967
11539,2.1368311947373657,2.1729929184337693
11540,1.3911776052765537,0.6044540074530279
11541,1.9819300775991073,1.1478415671485587
11542,1.4775965137252425,1.4007766770102068
11543,0.7168941785368419,0.27971470202880455
11544,1.8123700907165172,2.4289476813688076
11545,1.3455137618830753,1.7823029372657002
11546,2.918843427879656,2.7715804825128894
11547,0.7460969382406258,0.19753334193875005
11548,0.9542145160230449,2.046078059184772
11549,1.7225990103565918,0.9820450186943457
11550,2.265962597679269,1.5950589356943954
11551,2.4980711012722456,2.4804671001194047
11552,0.9512153043032185,0.7010137842324654
11553,1.483709416986079,1.0047933516311034
11554,1.2130778433367169,1.6975324552451205
11555,2.174596953388075,2.7587778133264975
11556,1.1467431836711077,1.7539283325942778
11557,2.0682675193910023,1.6886180690516535
11558,3.2254061218413326,2.392123597592135
11559,3.0067098803714423,2.4948559323026065
11560,1.5914872967729263,2.0611708628421295
11561,2.1731330767873014,2.3260821310618356
11562,2.127843643838798,2.2722577242207325
11563,1.0675858385153363,1.362541118030891
11564,2.5316700207334155,2.3240203448225674
11565,2.6262435882576662,2.2679126645198564
11566,1.7152755036913747,0.9438865888961038
11567,1.6161982645401858,1.1127393096176426
11568,2.054522700649082,2.8572735487941507
11569,0.7701336463695719,0.29443048254193116
11570,2.1674860778020246,1.4958814534132052
11571,3.377450322969613,1.1729819964446317
11572,1.869428006615798,1.3926319733299375
11573,1.2853318650621188,0.7723762346485218
11574,1.543401311383304,2.405079428067781
11575,2.180472838558381,2.118666832969655
11576,1.5152504854798652,2.521921091378313
11577,2.8998874065422138,1.7754182154410296
11578,2.4723531661587783,0.6643770034177087
11579,2.4541950439669242,2.164670415438874
11580,3.0075044356163056,2.7730079915547168
11581,2.6312880207023808,2.058445281370984
11582,2.038497172609283,2.4206775925837087
11583,1.6047283581260785,1.1424942420412294
11584,3.0008741214287653,1.9960503349693455
11585,2.6192709654393243,2.121193610906671
11586,2.254489788627766,0.38730285287158345
11587,2.0186834910121876,2.002191150517625
11588,1.0325922880224434,0.8509408837097215
11589,2.011680963980206,2.421755368078663
11590,1.1581284160398975,0.4935941409473458
11591,2.5437712537843287,2.470715695560466
11592,2.359724760996402,1.7209435208787272
11593,1.8479601840349729,1.5591905484384492
11594,2.6252056891892956,2.2151503734484925
11595,2.3512562315476813,1.9784759332840496
11596,2.407299804618946,2.122530660116245
11597,1.6415633552812026,1.8668485639491366
11598,2.841798868149699,2.5727811976856056
11599,0.8054763601291843,0.9424140079256063
11600,2.6534244939143266,0.9407736866828967
11601,2.2380443199962476,1.3858424341832356
11602,1.7895134697984063,0.8437307353797542
11603,3.522949840639714,1.1255334079110573
11604,2.1168241811242288,2.3284687961368373
11605,1.684032619213438,1.0396417102148743
11606,1.4482009080970237,0.9949337148301424
11607,1.8375924296880242,2.532862072580265
11608,1.7639596544550993,0.9065894160872389
11609,1.9373378423743397,1.5779898103502772
11610,3.421919157904039,3.0048564089296446
11611,2.473023786242157,2.2432866197094055
11612,2.342581096359356,2.2735853301905267
11613,2.29928263250292,2.100746000015452
11614,1.4380898572844119,0.28810184846734493
11615,2.7065492679969965,2.4097241110433854
11616,2.5695563606438725,2.6547061258299274
11617,0.4994895016845395,0.1791468092193474
11618,1.7847197066328235,0.9300627340304605
11619,2.20110312901497,0.6742444734149825
11620,1.6614623836652285,1.756026324908349
11621,2.659995086872869,1.6545076645750896
11622,0.7568617796970726,2.9413842718283068
11623,2.447324393702777,1.9137496238488079
11624,2.695510250650341,2.860751634638011
11625,1.8236349637834879,2.411171543566954
11626,2.437655079892578,2.2288366323196067
11627,2.2963009487284722,0.8155233875456046
11628,2.3484878901124566,2.360710820276297
11629,2.641189690662659,2.590472729123021
11630,2.7267539952672495,2.14225649965908
11631,2.2731676875103837,2.2621902901799884
11632,1.397428931075148,0.19542097776171263
11633,1.276624232595112,0.3532088670688881
11634,3.1769799956403886,1.9761351398624105
11635,1.0854896556620874,1.3457615487400374
11636,2.5111913821906664,2.7145760103610215
11637,0.6313110725337338,0.08107235863718257
11638,2.088779861256903,1.2765794223760467
11639,2.425014171164542,1.6515408233311253
11640,1.9877050900510242,2.0818576646839064
11641,1.4510376968482335,0.8806446447219266
11642,1.9906213600797478,1.2743110847592978
11643,2.286294893124715,2.8995843819479354
11644,1.7430335856656012,1.52232344051207
11645,2.427537397202977,0.7693207546667037
11646,2.038838783550063,2.476732878963717
11647,0.9788857455435354,2.793196370071099
11648,1.2250337111307892,1.2086498766286498
11649,1.7528920384546347,0.8036419791602356
11650,1.9991233494347465,2.5067528713527745
11651,2.5498252142508133,2.5847454936291965
11652,1.9868112063761834,0.7271300518402916
11653,1.0835158235461386,0.1019285875917861
11654,3.4904938027621997,1.6459719307010607
11655,2.4072158913255297,2.02470982905074
11656,1.9932627230543705,1.746030587951892
11657,1.237489058382623,0.7598426805521948
11658,0.6222692818857581,0.3213341370121735
11659,2.391693882234225,0.7833892976113764
11660,2.002096688764614,1.0382944551351123
11661,0.30196585023951844,0.30100454043236774
11662,2.322037918940712,2.266176702410672
11663,1.9136102920870686,0.831841298870841
11664,2.048853350471833,1.3443761501899751
11665,1.0359986073861653,0.19407749931218277
11666,1.503360702768855,2.1629497524578585
11667,2.6316393084630776,2.379138732123142
11668,1.8787567545435349,2.2343217670159956
11669,2.615068557144717,2.6784321686526535
11670,1.4897792123927387,0.8022296641843036
11671,3.2999036036841014,2.4885619939049386
11672,1.1915934597250306,2.6831310215438338
11673,2.571983815721845,2.578708494133214
11674,1.844667050792846,0.6970541161363502
11675,2.3798081363676777,2.619779408102691
11676,1.107797120619373,1.5929350198500958
11677,1.4647909349978903,1.7668874215710417
11678,1.703926056379218,2.5619892637961588
11679,2.9328373006787567,1.5916402950854425
11680,2.744818869625963,2.3445304821714346
11681,2.4308813552159463,2.417678233466712
11682,2.2404979118639523,1.7507744236612857
11683,2.4708042078855565,2.16698093395032
11684,1.0824700558065243,1.2837880890401818
11685,2.190813778502782,0.9645061855988368
11686,0.9856705649099777,0.6838942384182306
11687,0.9076444702958785,1.060046998175931
11688,2.339487026339469,0.6023603378139487
11689,2.0844135858059682,1.4847182138154977
11690,2.4441119936632005,1.9378986367881645
11691,0.7081388710874594,0.5496687904096108
11692,2.468049359383227,2.2944254620050635
11693,2.9063729966567875,2.084164216175226
11694,1.862042932977482,2.268803860617007
11695,1.2392375809613276,1.0343812237775951
11696,2.3619686156435513,1.8491326393407488
11697,2.0916137769732805,2.360449740790962
11698,1.3948398549461074,1.532155608103596
11699,2.3399269757463683,1.6966157122125742
11700,2.412020382750713,2.4561553961583136
11701,0.8865126690963251,1.3641531669030424
11702,2.0078541781689583,2.7969746303323815
11703,2.095667933512444,1.3245787992737388
11704,2.3317625666797985,2.0735900673002696
11705,1.2332346846376145,0.22165116627319292
11706,2.2486279266217437,2.509879078172072
11707,1.3794263448386153,1.412208975075545
11708,0.8880085142617274,0.9011725939426029
11709,1.7034607770850578,1.2995681685612746
11710,2.3531989961822948,1.970751652600088
11711,1.019576547650733,1.0617348157893653
11712,0.8953784753719891,0.10179617011366099
11713,2.358158900269624,1.456917062152548
11714,2.1106321219349335,1.924555925561463
11715,2.789916523067474,2.0538789979288357
11716,2.5070740401094187,2.3633029249003346
11717,0.7926485023653774,1.6563058259165626
11718,3.1664599131741684,2.5854755174383217
11719,1.1690406361640935,0.7329918657622603
11720,1.081780568068512,1.8181102314002675
11721,2.076313488032731,1.3975120896459572
11722,2.304505298512719,2.012377609025685
11723,2.6917165697186265,2.7167470285096686
11724,0.5230075795456844,1.1039696919436863
11725,2.2161494541949547,2.3970411454655687
11726,1.5773206315681318,0.7680057622642508
11727,1.1076450864534482,1.4863979252649768
11728,2.3280811742506597,2.4234994667520486
11729,3.372663771764776,2.927961420695738
11730,2.50507271343023,2.722974516636661
11731,0.981622716865792,1.1882312565022062
11732,2.1771476729495243,2.6823481803210107
11733,1.6060783654995014,0.808759519895719
11734,2.4107607146923797,1.8497718453709042
11735,0.6557096404441286,0.15889860543439774
11736,2.3575461296020714,0.5554614059551535
11737,2.583549820287866,2.7345407941007616
11738,2.5970633431238976,2.737597757467242
11739,0.7563302034747077,0.0708702804786972
11740,1.489926781963185,0.36332216680384244
11741,1.2871841957709231,1.8355472944657927
11742,1.1921835168681358,0.39290811095885286
11743,3.2946324440218198,2.0408619252556353
11744,1.3553874286306957,0.624920262626834
11745,1.4027150693372732,1.6719296894114506
11746,0.27325264103141006,0.609984462239299
11747,1.372722303603263,0.6432166873989135
11748,2.1525882892861237,2.8224173322283836
11749,3.3377662645109525,0.5346044786944619
11750,2.3925241783137965,2.404319554139435
11751,2.2940832108526727,2.5286017237848095
11752,3.3406417898006784,0.9474553820141607
11753,2.96128775447738,2.5568989930594235
11754,1.5832405362047948,2.2154538275964506
11755,2.218139743903568,0.6621383660626837
11756,2.602650998659808,2.0759398908955555
11757,3.5674204942921994,2.7383984744320755
11758,2.3416980788410378,1.3727162435959437
11759,2.2367581930201577,2.6614503043412787
11760,2.065339797200607,1.6402889078966536
11761,1.138499556665022,1.1551599424976562
11762,2.5237388071855,2.2337644587628307
11763,2.4193111785049495,2.2075715559780043
11764,3.1685048408874774,0.6316967729535082
11765,1.3981668935115958,1.937489799937304
11766,3.3951324262786398,1.6608811847065057
11767,2.5705770046882197,1.143310196622735
11768,2.479999247140483,1.3789681168211716
11769,2.3229067594512087,2.20674586095777
11770,2.3265181984416397,1.8936401118920916
11771,1.7884644035686268,0.7942446806088262
11772,2.6923564967120304,2.90075009980398
11773,1.935872044262008,1.687950244249898
11774,2.2956495900923666,0.45901022735146063
11775,2.79601907783217,3.1699707523174494
11776,1.2564923835983377,0.4434243061610078
11777,3.0997834269202422,0.7383630099939228
11778,2.0730429093938776,1.7647638825430756
11779,2.6231419351023435,2.5725379121654024
11780,2.314632742946153,2.421258130721469
11781,1.5192533631947478,2.074101499817589
11782,1.8374053381617679,1.572556170339313
11783,2.391410008840723,1.6822179248190279
11784,1.950202668849622,1.033282026907601
11785,1.3045319372721853,2.0449573923000215
11786,1.30798666758042,0.7039492031284815
11787,0.5828548280882316,0.8702862022480983
11788,1.704614282430281,2.787022621320919
11789,2.876051011132375,2.1762092632484094
11790,2.2615665203031363,0.6652635871370014
11791,2.1370147862076396,1.5925474611186872
11792,0.9555250732593941,1.1240701418218304
11793,2.7115139914891504,2.2872147711275086
11794,2.3671136312646586,2.524813675036478
11795,2.0404139195239823,1.3952822569199035
11796,2.1982280558427463,2.1020540788127864
11797,1.3304548899999418,0.7097231523523602
11798,0.9545979084606963,0.38040034867604583
11799,2.3401805850953514,2.8239729895174546
11800,3.163687644616696,0.8065085180452308
11801,1.9021485284665383,0.8864100211981079
11802,3.4291876756829773,2.433135868708057
11803,2.554564355793671,1.661293131596739
11804,2.44334952378742,2.6709166288768325
11805,1.4648381234665777,0.27114832060614547
11806,2.204401592957624,2.4597012027253022
11807,2.44199117635055,2.2711494588340115
11808,0.6009805002036477,2.1392013083067694
11809,0.8376848147863623,1.1924520733620165
11810,2.0253732699705065,2.3351288911621286
11811,1.3590486128094537,0.3205787370490049
11812,1.147167799156994,2.3127205528626082
11813,1.4975913203532825,1.3597862491743202
11814,1.027548002513242,1.1624325962172366
11815,2.7113710732609824,2.7058998428062138
11816,2.415449976147323,2.365089398906023
11817,1.502609666732444,2.4449675697351188
11818,0.20630125820396716,0.23959713775432345
11819,0.9298313551378887,1.1930188050799275
11820,1.5486803102918183,1.8994406746101826
11821,2.848154778813368,3.5230789769242286
11822,2.4739987964987415,2.0787915716331304
11823,1.9895281080842202,1.4427747332320524
11824,2.167242797276089,0.3797741198295477
11825,0.37323546958638804,0.015241914235245237
11826,2.439213521832599,1.6738247574903946
11827,2.4078489078101364,2.1849656257623553
11828,1.1867497005744154,1.0093247412122721
11829,1.828582838768526,2.355513126122086
11830,3.1432053363153214,0.47937353353189555
11831,2.133092283856624,1.1324922316988262
11832,1.4578580359151956,0.6349344039292463
11833,0.5693379466737957,0.01543098544608728
11834,2.107238008446897,1.6718527835392119
11835,2.8026183345635167,2.553737702789528
11836,2.9219392886379527,1.1585005238322035
11837,2.562350825247177,2.072668184465768
11838,1.0724285939872047,1.4439282270421792
11839,2.147915228447784,2.47111822659247
11840,1.7588686351828866,1.1198638523973339
11841,1.3229122450614292,1.2453300092124284
11842,0.24083971013118918,0.11915454383754381
11843,2.490682824855554,2.285578538853889
11844,2.325991595653422,2.4919971365185147
11845,3.32041493878503,2.3371651937934255
11846,3.080503332056873,1.9595514111810257
11847,0.7250421259952972,0.9335957793536477
11848,1.4349336723262336,2.2621676533134196
11849,2.0796090012899127,2.5468086588315657
11850,1.926085306680647,0.6173460999066376
11851,1.570066230946945,1.3229714475205905
11852,1.664921064950435,1.217885098107786
11853,0.9914951622941723,0.05747104832114658
11854,3.384548812739764,0.7775653617850304
11855,1.578732289340296,0.456836953731285
11856,3.5504225613344094,2.5715046970571405
11857,2.439704562510851,2.354922156724041
11858,2.1914973952041272,0.1942458852742793
11859,1.8299846244246536,2.2336867526048465
11860,1.8297919605318993,1.9750043425955741
11861,2.035613229866501,1.7905608731019944
11862,1.9331634676355482,1.2775673296651595
11863,2.440368210114251,1.457035239895344
11864,2.621094411550154,1.0735442934511565
11865,1.7418177051904176,0.6210989246738853
11866,2.148512188364314,2.1944274588324557
11867,2.5734124280789046,2.308862460478354
11868,2.292798924441604,0.8069776320716817
11869,1.4630249751502429,0.11400934278061758
11870,2.4641145251390246,2.321807847760988
11871,1.094507181495488,1.3377077812047296
11872,2.4449013742790555,2.711657460994887
11873,1.3999494228062996,1.0037087148151598
11874,2.7293424481591866,2.176537465316081
11875,1.334923536292487,1.260024624062656
11876,2.495385237555349,1.1062594631031508
11877,0.8900548028037149,0.5016826070795236
11878,1.2648841961031545,0.2497759317386391
11879,1.802230405577659,0.6484334226039911
11880,1.1540040954109076,0.3493785767914936
11881,1.3672801700643251,0.6163563062176902
11882,1.3718171524662457,0.08502383423904993
11883,2.026845165469848,2.0033649967116203
11884,2.518524804554108,2.8033637400691584
11885,1.8283866901404464,1.5087768770894938
11886,1.9138370252327248,0.6483272378165049
11887,2.567244969751958,2.4397196463773536
11888,3.101145540578927,2.959433624256083
11889,1.9309239911490124,0.4548334637699296
11890,1.6524545152193402,0.9645570186299992
11891,2.5549462346130722,2.9751581621586243
11892,2.3469687615629615,1.8582495027346215
11893,2.4973051637795476,2.5180294918212174
11894,2.4481809634566467,1.4903730846451784
11895,2.1888933394307717,1.0256943352831254
11896,2.499647153005455,2.0141763412873273
11897,3.348494393046619,2.2211130366420577
11898,2.4346141562784935,2.477921442490018
11899,1.4393705303063515,1.3869600942960119
11900,1.934658547227106,1.1834783911808247
11901,2.022692392607428,0.6501867914698314
11902,1.0525145072453774,0.5075657000682703
11903,1.6296847647634776,0.869474345039976
11904,2.123792988555403,0.26977471464702946
11905,1.4335769598247783,1.7856861664460975
11906,1.9494003795134345,2.430608369841413
11907,1.9069783873758002,1.5622685952071917
11908,0.760145544876547,1.2631377034552727
11909,2.203808192582262,0.8778633205389165
11910,3.1417535375521664,2.1830593875479263
11911,2.462253582817983,2.0226200792310522
11912,1.854462464217115,0.952551409557312
11913,2.2418625366684926,1.4397142922248898
11914,1.1035856860455695,0.33730556214812224
11915,2.5639178051305107,2.652691599800612
11916,1.175170782327364,1.4680214358167325
11917,1.1679807559793691,0.35016065797334167
11918,2.6214979757424577,2.5372171795359897
11919,2.352212308010712,2.183853908110772
11920,2.0659487332679047,1.4990444297082117
11921,2.642198813577536,2.29321498954625
11922,1.9685683749539509,2.2282908326791024
11923,2.8620664681224963,3.004896379459176
11924,1.9920234559290781,1.4287874306365924
11925,3.6408879748150578,1.7861057548127217
11926,2.372228008796465,2.034813628728692
11927,0.8819062157711187,0.6075582378084559
11928,0.4802878204180939,0.15905441322075833
11929,2.0455205836290324,0.6332390480015053
11930,2.3461320078103745,2.047401856226203
11931,1.8562876025553692,0.9646702123531103
11932,2.6453132769699472,2.436639519627331
11933,2.286175524418437,1.8679674685170344
11934,1.6784279785050724,1.4405509423535634
11935,2.5651353922132016,1.6522422193951691
11936,3.0984148082751277,1.8196303594882042
11937,2.334256488411072,2.1288916837485923
11938,0.6997317466725345,2.228693392648552
11939,1.640133876279993,0.5172713703031268
11940,1.498457932641526,2.3963973676862493
11941,1.958662249801578,0.9453345744235735
11942,2.140872766558605,1.1005294327994748
11943,2.360208935539607,2.5028380194109796
11944,2.428714673197656,1.9773183674468333
11945,0.9161417210047573,2.415580770886762
11946,1.3938721088878645,0.793834210772679
11947,2.240626470674758,2.439400297131702
11948,1.644254961577497,0.9603798854209578
11949,1.4552029543954033,0.47357680145497627
11950,2.386729652403304,1.737338650849957
11951,2.3447516211021,0.6821667206410942
11952,2.5239890522490254,1.2556593857393399
11953,2.40073235434626,1.9592966616147793
11954,2.3477254198703648,2.3271697411212564
11955,2.339771378157901,2.0598709581567056
11956,3.2518313859558505,3.0835236304914537
11957,1.192590536848453,0.8766014328507176
11958,2.1428764953217185,2.048158682498602
11959,1.692780187834277,2.1193231631200056
11960,2.0123106752008617,2.3881854830214513
11961,2.1326306030498694,1.827881280963955
11962,1.96874095709167,1.0643152434496377
11963,1.32810494995667,0.5054063090345017
11964,2.1228872492821087,1.4454243432519756
11965,1.9815121570870777,2.213426596477134
11966,2.389965723241093,2.434442091706598
11967,1.3839268444062565,2.270373044133126
11968,3.08115369481771,0.6096234510323547
11969,1.4607782164751226,2.0773194080300277
11970,0.963911955738061,0.2643896228727077
11971,3.1664791404666603,1.922222625861399
11972,2.1479688152753957,1.623374496596085
11973,2.35519508374346,1.9689684872090607
11974,2.685043716602055,3.0771038160926834
11975,2.5077691948814564,2.988711538850705
11976,1.8330776455776456,1.3538994356116296
11977,2.3610971535232768,2.5272882315463963
11978,2.3071712395858173,2.7531715817904914
11979,2.9956275955902085,3.0395057934979057
11980,1.0662660767510166,1.1044760637667188
11981,3.2340447650611437,2.3078178360046264
11982,1.745593968964398,2.119717753010759
11983,2.368301196338164,1.70819733096246
11984,1.488263033412308,1.8282028411884075
11985,2.9250415421371248,2.343633821985265
11986,1.1640696531850045,1.2586756135304469
11987,1.1841347764059151,0.17487482028356235
11988,1.134579463044169,1.4419925425592874
11989,2.16735534588471,0.4676484271649883
11990,1.9164328587650168,1.1494403283596417
11991,0.7012865295180246,0.18653715470657928
11992,3.4639279827858442,3.350317123947382
11993,2.2637718118375405,1.3424387644271816
11994,0.7064947825560475,2.191762680281843
11995,1.2385280135307188,0.4395961476732855
11996,1.8124214038641062,1.3774584628272073
11997,2.5266350449225,2.525689927323264
11998,1.5018936849128683,0.3539878086870281
11999,2.109236687594422,1.4114967231176148
12000,1.3308240536891245,2.003456362927504
12001,1.5627143966553445,1.9185932153578213
12002,1.756875649970958,2.5492432125891282
12003,1.9035499778656713,2.547767153835878
12004,1.9452695656041779,2.4939021552173473
12005,1.7434708326825719,0.3027283675072836
12006,2.5223230362854734,2.2101635136612603
12007,2.062209756415812,1.4392088810691324
12008,1.7314540796844349,1.9705320651270843
12009,2.414017590084002,2.221633743887583
12010,1.382136030352457,0.4305344981524416
12011,2.34796261018422,2.18189709287157
12012,1.210024586652634,0.670489980813302
12013,2.219671081232357,1.7278020031162649
12014,2.511604615488184,2.478074739543399
12015,1.2712688986483194,0.25149766701206505
12016,1.073501032436742,0.6973756016009834
12017,2.2413978646654984,1.611340441018762
12018,1.6275503017961963,0.811888644285057
12019,0.4894621584320577,0.07289727910427565
12020,1.3945463465019436,2.187159664392365
12021,2.0889069091172625,1.5909645548681108
12022,2.2540726914294886,1.9631472449273062
12023,1.292849101985909,1.2636424467711287
12024,2.65191076485663,2.3449624273335528
12025,2.1803099768767624,2.0289651578268892
12026,2.5186208744272265,2.633766026993722
12027,2.289864361969935,1.4153818928429736
12028,2.451515092691889,2.1574812877922755
12029,2.2968947119654075,1.986801223640022
12030,2.1222672396559594,1.6006468853409552
12031,1.4562456629426266,0.615141724395653
12032,2.2123817889360393,2.5350161745059014
12033,1.328835332337977,1.2871614941263787
12034,2.497534332171554,2.2151050503012577
12035,1.7153539594616318,2.347564027983213
12036,1.0392063598572434,0.9270806905265823
12037,2.486173765184262,2.660378427448849
12038,1.337799293107944,1.7668307211076777
12039,2.425964838488274,1.1570054756409585
12040,0.15499909583383448,0.19074783527930114
12041,0.7610593323018136,1.98819904881169
12042,2.821347196180677,2.5076094456973346
12043,2.1429143759180787,2.3025366793581044
12044,0.3995560646086425,0.30405396935637036
12045,2.206821518037221,2.913874922087492
12046,2.8801723884159736,2.7803842505840075
12047,3.035976219799726,2.889071805862159
12048,1.9475342497207748,1.8469735515805343
12049,1.4536243080469207,1.4526975675114313
12050,1.9905414639894758,1.5298285200840436
12051,2.5299525191601875,2.464765566201418
12052,3.347534736652132,1.4924324813125232
12053,1.4894810780812275,1.3405872178723022
12054,2.237656746251299,2.691371372087976
12055,2.325776440289997,2.4953589969395202
12056,1.7173497045686303,1.4319162151499147
12057,1.9143590646909896,2.3790029700471513
12058,2.451359967856349,1.0350240642351682
12059,1.5454224347855834,1.1062675585134905
12060,2.0474110612194285,2.429155544410915
12061,0.5120710630374239,0.19465356052920219
12062,2.298672807086287,2.6324821574067925
12063,2.3048890175585393,2.3797831340001405
12064,2.237838398122212,2.5839237101068453
12065,0.6822115478425458,0.4444374577862496
12066,1.1260835389395183,0.17353495946094943
12067,2.045458484740357,0.48383745659704913
12068,1.9192074725431665,0.35748900372911224
12069,1.1554221638378226,1.72454447396596
12070,1.7660957370189747,1.5996827129279763
12071,0.6992965447497255,0.8540202551328211
12072,2.2849136840947493,0.6675498769229639
12073,0.3461063417758981,0.1034954150484476
12074,0.5311219117503361,0.3676843473233529
12075,1.1046202368451057,0.9384417604416057
12076,2.078004731334538,1.0891356213594066
12077,2.5504129758860503,2.212831787629907
12078,2.7070859390563613,2.567606304244983
12079,1.093531261153263,0.5381326665529705
12080,1.9379405208680247,1.4888195705718883
12081,1.7354013341166648,0.6883723392598613
12082,2.6246356047472865,0.9308437799739824
12083,2.62193927580253,1.9093930275487172
12084,1.3224260546125386,2.2417568995049755
12085,3.3830139811082636,0.9804689325819176
12086,0.5919937637627236,0.29223611532561133
12087,1.621208119138065,0.8537094025687625
12088,2.152708080230586,1.8208836974561549
12089,2.9072050645477443,1.6443451600664019
12090,2.1435348502254685,2.724170364809901
12091,1.5619239576381372,2.0233318449982103
12092,1.2272756077350817,0.4879787017142231
12093,2.552672817575297,1.9830813521878925
12094,2.1404494283388535,1.6335726895022136
12095,2.3750797375876593,2.5136498323493326
12096,1.774294202672593,1.490713920264577
12097,2.619230730776188,2.817786956153709
12098,1.054250441836596,0.03185475190679708
12099,2.137009912770566,1.0929759373184054
12100,0.8726883965213992,0.13701483288985164
12101,3.0633928319942485,2.9957656427627253
12102,2.893177609405239,1.4791445313208245
12103,1.9700056956723266,0.8551082444399303
12104,2.903107675510416,2.245454880780749
12105,0.9832214993695262,0.08420879826696222
12106,0.6240163655563385,0.7945973439587233
12107,1.0255185513952538,0.20749138713152965
12108,1.5513371163213494,1.3884045680878065
12109,1.9486867536762744,1.5117749895386923
12110,1.4445221662687653,0.9011565951185759
12111,2.496538283503957,2.823066519765108
12112,1.9009851076328161,1.2176794206893036
12113,0.7593065472001961,0.8758890131305844
12114,2.1731636950955058,1.301089753278374
12115,1.4503400735841998,1.7816288976284314
12116,2.0743464148748405,2.1697162317925685
12117,2.2357082898659177,1.2144490972927364
12118,1.6828012586064858,1.0020376938249775
12119,1.9691918688006957,2.3354310433260377
12120,1.7135651832548633,0.6752954082916731
12121,1.9732243352132441,2.522741505108004
12122,0.5843209814237985,0.17070282727934977
12123,2.474767229503838,2.1523630046774787
12124,1.9711607999070244,1.5536170372580997
12125,2.6957049087126284,2.4291663542538866
12126,2.638145489353286,0.8922842134035232
12127,1.649404568902142,1.6548654654312263
12128,0.8348135194153575,2.3377530460009064
12129,1.66458802318623,1.9415419747723532
12130,0.8921810696931352,0.5726286134772786
12131,1.8190543057261848,1.6625830202212057
12132,1.8308166024959533,1.5909204809000415
12133,2.560618843902216,1.6516291047206713
12134,2.008586555834948,2.635140180379318
12135,1.1784238298361025,1.077194842104413
12136,0.3013689644148001,2.131696641235325
12137,3.2503007923179177,0.858594569092918
12138,2.6687236871229048,0.7679504738056063
12139,0.8827097356786734,0.26438480748506193
12140,2.7355125136961997,2.551308208200303
12141,1.8843260563827955,1.6156133832976458
12142,2.913892646091556,2.5414270299424597
12143,2.5190314935933813,1.575411661747088
12144,2.045061926305712,2.3493051928317987
12145,2.217635590258118,1.571210297174785
12146,1.091490727254022,0.37394352660335184
12147,2.255619042011961,1.6007789235566894
12148,2.016133993691343,1.5707304815811605
12149,0.8642352508768539,1.1542497433753025
12150,1.714096150617583,1.0861322053306934
12151,1.9750558202752249,0.22029573529181246
12152,1.743825189594313,1.7791128198181352
12153,1.523628797392718,1.77932287754294
12154,1.0533086076821316,1.0457906216033446
12155,2.823289861839041,2.5502317511592714
12156,3.210006338240139,1.8174376183598435
12157,0.5642093390510634,1.6520406524677522
12158,0.746116348295088,0.517134476528094
12159,0.9808769434622346,0.34355796775474406
12160,2.2129992973562143,1.2571470969300989
12161,1.2494126029605244,0.48577935276017575
12162,1.8878190987022279,1.3599860091429548
12163,1.3844556622794828,0.36175809567344175
12164,0.6714894191396266,1.3300960034493392
12165,2.3562318492635876,1.8750862725950912
12166,2.207713586860715,1.301655084480057
12167,3.5594279171871204,3.1460733085791546
12168,2.3683188038084713,0.3594514593681636
12169,2.4704677172290435,2.5100428334675664
12170,2.5460103766295177,2.757294982070255
12171,2.5007558638362983,1.6535478713159983
12172,2.168787064671124,1.80165501985601
12173,2.471685548085027,2.4011582605777044
12174,2.161294591011753,1.385338941295319
12175,2.7847980848922638,3.2736056293784666
12176,2.0146579517582373,1.57754594171272
12177,2.7817087060365697,2.881870730482568
12178,2.54964295156702,2.5778726072154083
12179,2.6326433139193735,2.646388144947
12180,0.626295626260698,0.4330264501470911
12181,1.958903703363779,1.4079316043704166
12182,1.474426226000705,1.653861128807135
12183,1.6798357942131796,1.6168671979985936
12184,0.8921761564836976,0.40485894751057505
12185,1.6525351526939904,0.5409555138548315
12186,2.6038387820798374,2.5030891257906904
12187,1.5603476094469444,0.6492205724538433
12188,2.3673315168422415,0.4865683734750597
12189,2.1535311463212112,1.629535926801954
12190,2.021333561967574,0.8928888452866485
12191,2.16647294797519,2.195575074722241
12192,1.6238456970278567,0.9427948424081289
12193,1.271141013834615,1.3332393300719938
12194,2.6610772544608445,1.8976561144354325
12195,2.1964058285872365,2.257720123445221
12196,1.9436821596099045,1.6064406846083739
12197,1.841786775165588,0.42133108908694133
12198,2.598253219604933,0.6979955071357877
12199,2.136251419102974,0.6014090902068497
12200,2.0770551895645935,2.70408011099538
12201,2.5615063486276894,1.9165750700023656
12202,1.2396629624431095,0.958495616132956
12203,2.345409114925282,1.322627380912618
12204,0.8883135471066075,0.2648882223009067
12205,3.1874855147949326,1.7912416835407567
12206,2.2469020571706775,0.13408102708254238
12207,1.9519530387750907,0.9924825260867225
12208,1.4207383183055986,1.2934265880527187
12209,1.663739305257801,2.2176186966241254
12210,3.3470256333858615,0.7459927444543789
12211,2.146129639389178,1.6310256410297586
12212,2.9973235224959303,0.9720883255995445
12213,2.0937839539319305,1.0476301152988308
12214,2.5283521021788817,2.7936728728145446
12215,3.017799812522814,1.448200725110878
12216,1.2018828458872028,0.25061633254124566
12217,2.1455030135502597,2.6121240344369023
12218,2.3110318732171677,0.5709454553931422
12219,1.5763343585936531,1.6407501175297903
12220,2.271825511003901,2.637935791005785
12221,1.259529399064562,2.2783066907203664
12222,2.15060896364053,0.8264292196364523
12223,2.2609658266127166,2.306957329030169
12224,0.7692402936249343,0.9865359361137491
12225,2.4246645904661324,1.6343701876516366
12226,1.7203846761925443,0.17091770010042792
12227,1.7431019274321202,1.976136646548302
12228,2.1653989334790427,2.521742237480958
12229,1.263154436854364,1.2023816631674609
12230,2.13319417278603,1.1960978658952863
12231,2.5350322279623865,2.2595511711602074
12232,1.284141700945848,0.6448066210928715
12233,2.3528131874345477,0.4961993528064025
12234,1.4412462147614369,0.794553143250413
12235,2.45303382654999,2.570463650645748
12236,2.2800472182249307,1.4190579061846869
12237,2.5741131126836376,1.6348007035579297
12238,2.3919821511664185,1.9633455050962154
12239,3.2286940093689735,0.32111600465854406
12240,1.438260436186897,1.2317526948528204
12241,1.066837336493401,0.3411358578913246
12242,2.567402882282313,1.6328028375730061
12243,2.6944755864673464,1.5546796902280093
12244,2.484370585309367,2.236186931763608
12245,2.525125893008671,1.9385373161265034
12246,1.3690437781796516,0.23919150789096721
12247,1.4498979016432088,0.3797962659142411
12248,1.9559153946912333,1.233793395693419
12249,1.0765849009339274,0.7801387516410937
12250,2.3667017358410423,1.9458071813001157
12251,2.3536966323873907,2.2958910011232088
12252,1.9472136864490357,2.6897808480585086
12253,1.8699748228516018,1.6610452441883736
12254,1.9317781969759371,1.9797354150166975
12255,2.1473705738291824,1.6528768834794878
12256,2.252178282029833,0.44648338652893116
12257,1.3657734197564717,0.7498483222110083
12258,1.355982767741477,0.4279522588761581
12259,2.5648460333084433,2.59809587099419
12260,1.1965215255435215,1.9402695858788868
12261,1.4845938559670062,0.7065950501685386
12262,2.5063916464142832,0.5198938898935138
12263,2.3924479213307093,2.1881503319452262
12264,2.3685192459973794,2.397928437688201
12265,2.4688839491935792,2.4937883859781125
12266,1.2896522095661171,2.366968420942362
12267,3.051346767770823,0.7367756010948063
12268,1.65364306229066,0.946570211365055
12269,2.4057637242467305,2.444329236806525
12270,1.904285685816952,0.8382036361635887
12271,0.7908526983246522,1.0927621631070064
12272,1.2142807673857312,0.3654732772577118
12273,1.979157100930796,2.0425499671464418
12274,2.085937751107195,3.187627734237183
12275,2.34438120387168,2.1757325400722243
12276,2.0187077847982,1.4400622558221934
12277,2.831130393645119,2.343064513329888
12278,2.1977372205915398,1.9863493629848188
12279,2.3597081546729615,1.7147075796253153
12280,2.1287243822799624,2.695241230141799
12281,1.816848142346138,0.9822842899707235
12282,2.9330165563016295,3.266740932324882
12283,1.386256500312153,0.8867277841376769
12284,3.0117483378476897,1.4074587680463446
12285,3.4819341468874687,2.1570238292137636
12286,1.8246268399585197,1.7202032437281067
12287,2.1480359011206827,0.9816763160986784
12288,3.0033666173238336,0.1105786441775329
12289,0.8438302873711606,1.463281180187258
12290,2.4173208358713425,1.4237811232419735
12291,2.077929143318133,2.6052560552551633
12292,0.6709043598302991,0.22755286722155088
12293,2.2758466749748028,1.2179538202852795
12294,0.4459280077717985,0.11197762800442398
12295,1.8429693459403111,1.0828634050767394
12296,2.33172977259236,2.274601648479429
12297,3.2991008653242493,0.5468922298216089
12298,1.5330165910373341,2.4483091400843757
12299,1.9597319574554366,0.7078967683719692
12300,0.6396801025147347,0.7032954101301617
12301,0.5447045895039102,0.9166668235827681
12302,1.7635660088410994,0.8822143175517017
12303,1.5175584803009148,1.3140131480322879
12304,2.473487744774377,2.515627099340763
12305,2.5954654127863948,2.088059517569391
12306,2.024900527497962,0.9423308075220076
12307,0.9834390863913703,0.5718073244691374
12308,2.8819084488258366,2.5175526953008642
12309,2.0453997335187983,2.641232616067444
12310,2.3277395527248514,1.266659942400736
12311,2.8981915029793015,2.54908178530997
12312,2.5016986495969635,2.2557207501337233
12313,1.656358580023389,2.0374920138659336
12314,2.6393193818854774,2.5165090969066646
12315,1.999272993564945,1.6860458421784554
12316,0.4416326534096196,0.32697086415316456
12317,2.231781307233122,1.7749773221031506
12318,2.032102491945676,0.8642275763042024
12319,1.58290132149083,1.064649093342093
12320,2.455496958688908,2.267910531474648
12321,1.3643625168294051,1.0891308565826354
12322,1.5450374643728328,0.5921686457815318
12323,0.5651567014287141,0.9836145942078154
12324,2.6567686711898344,2.4545374319769873
12325,2.4513410184302358,2.4461000592538893
12326,1.6541757460179076,2.794188364049114
12327,2.2246068076506793,1.7173821328933478
12328,2.113094318501982,2.1037855984920997
12329,2.5173785922921708,2.3719114628510902
12330,2.2737313216334,1.5939274433175967
12331,1.9663893287104963,1.296678078360945
12332,1.517048620167047,1.2621981344309239
12333,1.3933829069279715,1.771523139716475
12334,1.1400789697243394,1.3827968326460043
12335,3.1610064838246723,0.9357070524089632
12336,2.9259335314221677,2.5692170999688293
12337,2.488291359296923,2.2141803664850928
12338,2.5532245470759567,2.7154494666790403
12339,2.0076673538849845,1.230198387393849
12340,2.0128844701242894,0.5291389736781449
12341,2.453574693780409,2.5873569619954764
12342,2.5098006268607307,1.523476309477585
12343,2.8953065252478076,2.4500139431564665
12344,0.3542046355815316,1.2031360921058103
12345,0.4627994826538836,0.3337169145230496
12346,2.6405921199504863,2.6970419388776916
12347,2.2467166735555355,2.4796400782120864
12348,2.72102081799584,0.9055197499161497
12349,0.8349680157313962,1.2159324273962708
12350,3.484095894580771,1.5899932823967897
12351,1.4701234985941014,1.5208054792346104
12352,2.982546823356301,2.06042879290487
12353,1.681768882083895,1.9639741352073319
12354,1.1258093333914663,0.19686648757733194
12355,2.322118848144467,2.371614424856942
12356,2.5198459142992577,2.465630934604674
12357,0.6607948507506953,0.11791809031790992
12358,1.6776515426578094,2.615690977786106
12359,2.5638747616381212,1.9987255252217753
12360,2.23503396886395,2.07019533532896
12361,1.1779647974170189,1.560917257640877
12362,1.83691211636092,2.7247986343923083
12363,1.4968377012173655,0.7453600256734343
12364,2.185922973686075,2.6305609415595437
12365,2.301082838185782,1.316518396426046
12366,1.3344567888307912,0.21549525333330125
12367,2.111098532712626,1.3990533488128738
12368,1.7123855887845016,2.023318412588038
12369,2.3732236808706806,2.329943703426936
12370,0.8267589470759437,0.2503876577159813
12371,2.5704194509999874,2.016716169964194
12372,2.218889239623278,1.0723825092147359
12373,2.7130621719534815,2.924653591569259
12374,1.3203976896979646,1.1580843773727785
12375,3.017743122774121,1.8358134603486447
12376,1.1792544143285004,2.436923133118742
12377,2.7524348962089378,3.034407641462213
12378,2.822866206161023,1.5453070045353454
12379,2.6916060342866284,3.1810767935946953
12380,1.6598351642086173,0.9333089520541534
12381,2.459070253321106,1.0179467232659962
12382,1.5666380736975052,1.6551880590145038
12383,2.2524048405479404,1.013026149983195
12384,1.6720783631574188,1.9936907954211267
12385,1.7962024811276747,0.43465529351763454
12386,2.118711506917944,0.7177140210240835
12387,3.4517631639802007,0.3102628149646608
12388,1.000772330126949,2.2812939296958863
12389,1.394487316431794,0.8375628805279013
12390,2.3041674491316386,1.9419376820737322
12391,2.2972129844988403,1.7305434433427427
12392,2.4372356209575083,2.3921402688574953
12393,2.392151115364143,1.3331656376903447
12394,1.7211494055083951,1.9653592360452452
12395,3.2178904074325345,1.7493978435728939
12396,2.5043349053021124,2.3294581478630705
12397,2.6184675136769187,2.8258855888289798
12398,2.2977471014605406,1.0550473941201701
12399,2.2369724623170573,1.07857578168197
12400,2.0852138752687788,2.254931967060241
12401,1.2749857361956176,1.0078577264128263
12402,1.9373553614467371,2.0900651218921955
12403,1.5967587076825955,2.095184579220876
12404,1.777468966732369,1.970167976458912
12405,2.9549544717705154,1.770679661100112
12406,2.484290907912661,2.727884380868618
12407,2.3204247379645135,2.4917275081682866
12408,2.7622115368732145,2.316996922756228
12409,2.2935899109360087,2.5238825998687378
12410,1.784939776266577,0.24007538157608846
12411,2.3278902769217233,1.2887754174063346
12412,2.279448537328836,1.9028289463665287
12413,1.5254835016908703,0.30014506369341865
12414,2.470320629122503,1.9657940187601386
12415,2.684538316565253,1.7719738670199634
12416,1.40578806075514,1.7693420633604244
12417,2.1263539098713102,0.39591103925295074
12418,0.443726058360159,0.5516756677173412
12419,2.6567587194139493,1.9053662351033156
12420,2.413869251309181,2.579081446581215
12421,3.2146181349522993,1.5433914679487741
12422,2.408520111869515,2.7879699199557795
12423,1.308755270226128,1.8563758522682252
12424,2.512586208728736,2.6136077432393634
12425,1.6887336499490126,2.007695396483897
12426,1.8250921345254765,1.0599128119291903
12427,2.6752756415207113,1.9885852226685858
12428,2.6165811288456724,2.490688043629413
12429,1.0867081083061907,0.16819682164557373
12430,1.9312663910771908,0.7364287414268712
12431,2.37438657603847,1.8811951667090336
12432,2.1009795527777473,0.8013574570377351
12433,1.1922261392376556,2.3072015028843693
12434,3.1252916704078113,2.464133087392917
12435,2.1451427960440643,1.215522601728852
12436,2.6246833982800903,2.251714741236243
12437,0.2836269130211799,0.009955677392673402
12438,3.437554869262475,0.9013586768413403
12439,2.5572265281269333,2.561384102425273
12440,2.071770051509139,1.1431322454134833
12441,2.0487114296465863,2.0733696540101643
12442,1.2718848823698579,0.7613961830649653
12443,2.511751939980845,1.7555712649143203
12444,2.6515470562219363,0.786088382130198
12445,2.3282501141161602,1.9389845497951945
12446,0.4393649617205043,0.05567624034320675
12447,1.1568243620433318,1.497270666995427
12448,2.388998057965916,1.905046829494102
12449,0.8161992177350237,0.035248537294792916
12450,1.3142649208724497,2.376951033447208
12451,2.4558908700254682,2.6459763512439585
12452,3.4145395038193946,2.391899206778587
12453,0.6202011725956487,0.2336271687169658
12454,2.508814289016135,2.050148848098266
12455,3.1161815585864767,1.4010354978378547
12456,1.2697247776559253,2.184330823633871
12457,0.9968307971968087,1.5812819033550516
12458,2.4537182079331696,1.8395351761759986
12459,1.720138182815295,1.5491675227783472
12460,3.4645144034966115,2.539981499790778
12461,2.9736116038744997,2.0920790107159357
12462,2.0573253720683495,1.3458280691855178
12463,2.067783370466186,2.1173356029406762
12464,1.2075522682421003,1.5086827729980676
12465,0.9844791594796353,0.668723055836177
12466,2.279989797020063,1.1157323698257329
12467,2.44468352623644,2.647478448336873
12468,1.756392632684904,1.032832719672431
12469,2.0822278036802757,1.690971120902772
12470,3.1420567327219158,2.7767453327099214
12471,1.0778592842347248,1.1776618227408042
12472,0.4054919213660239,0.07900208955678567
12473,2.9484392133842974,1.6380124270819358
12474,2.2019955646079796,2.4643577729392483
12475,2.0299324070313456,2.467983294498011
12476,1.7628606341119903,0.504760502817775
12477,1.2721891876104676,0.4744054487214802
12478,2.2269557515708884,2.661473403221278
12479,1.8136900748378417,1.7884037402263304
12480,1.8175332811034446,2.049101280377597
12481,2.1989366814178424,0.9398289180665415
12482,0.6486788538835087,0.7912757816015987
12483,2.001275602898956,0.7131905607212813
12484,2.532893928324419,2.302132143286253
12485,1.109534227785001,0.7792633676585817
12486,1.362235088743843,0.9853208169856478
12487,2.021117603342006,1.8781814318554968
12488,0.33074036533795487,0.05358395655920785
12489,1.2995174237461624,1.2918056539600515
12490,2.6931733885061933,2.4688502293305077
12491,1.625636888711632,1.9328360881405644
12492,0.9990040837720543,0.3161560671518747
12493,2.549593592666713,2.2002474580962788
12494,3.106970418529946,0.6204916339418576
12495,0.26863499533357177,0.3487148912956683
12496,2.0086424195676735,0.4341935925641355
12497,1.2774857824160393,1.064073945902434
12498,1.9045020272110733,0.9739884378171411
12499,2.6367355688890406,1.6993702140597133
12500,3.033231529070152,1.7520811517975525
12501,2.251826394412384,1.417565606117516
12502,2.6545938924486743,2.6137237775255855
12503,2.3236439057451608,0.44485509298061926
12504,2.072980967544167,1.9868633196514345
12505,2.4346133740362923,1.524991521019886
12506,3.158658592357732,2.4404390022932976
12507,1.8509598982303945,1.9559454345888647
12508,2.104998300194789,2.3904490680636514
12509,2.3923311677650068,2.4926852824703847
12510,1.9368907213125257,1.266948153943587
12511,0.9919452992879197,0.5217333544326307
12512,2.395278837008446,1.3874926984820564
12513,1.062555853605294,0.8540911537565836
12514,2.4829749944854758,2.6695953773560093
12515,1.6224136724753866,2.4048054214520884
12516,1.6171937184828533,0.3821203544208368
12517,2.372729886856947,2.5764902777058283
12518,2.1955722252168206,0.5235401164399943
12519,1.8349834819713804,0.3693512183725799
12520,1.7271186056721728,1.3490527688697598
12521,2.453638635134241,2.7387400444417724
12522,2.1713122820966375,0.776448880604869
12523,1.8489403611754571,1.5242351353418435
12524,1.4102112016630304,0.7026581629421976
12525,1.3334485390167135,1.884537960349108
12526,2.372132432538011,0.5349031401636516
12527,0.5046018367432914,0.2989771788035055
12528,1.803015336730625,2.2430320663998176
12529,2.472377831528037,0.8169524104809759
12530,1.6455568662913336,0.3831170379215086
12531,1.3321129015170665,0.359911565520704
12532,2.3910070626839763,0.9663250362560831
12533,0.26770909982385843,0.304021566327942
12534,2.4596522532763334,1.8315616769644973
12535,2.3909395026502045,2.247355827571831
12536,2.4063741511040013,2.137514855255632
12537,2.034117711521198,1.6743023135538584
12538,1.4162759177082138,0.16192440052623977
12539,1.581425893502336,0.4734190527410692
12540,2.256773562910599,2.3301059158125845
12541,1.5220104108819208,1.3689693736445891
12542,1.6888853477371277,0.5590880165623566
12543,2.3479921141837012,2.3566242524135768
12544,2.7773371197417482,2.918727194321713
12545,1.5999239857519174,2.37286188282295
12546,1.6064766578195697,2.509118358607239
12547,1.8429772776305229,0.6945232324748706
12548,2.128214561672301,1.831651078629109
12549,1.7670031016526204,0.47069924269085467
12550,2.0901671665666597,2.1626458131084094
12551,1.0469109277874915,0.2821384071105684
12552,2.2383189196331053,1.5396906995332413
12553,2.3030302939102456,1.71152363674274
12554,0.9762618900195756,1.1796821248455547
12555,1.0129012201604617,2.2165041354485537
12556,1.159869386055552,1.2691405007919052
12557,2.435814578738541,1.838910191934484
12558,1.7160103406555454,0.6232905998629382
12559,2.7261637872066307,2.4332510100501343
12560,1.878272022789054,1.8650471622575955
12561,3.275384787227356,1.3877095932098042
12562,2.5007170762970996,2.572100846264819
12563,1.830082095508735,1.4203705525808341
12564,2.8177055668584194,2.80105125039839
12565,2.31215340414187,2.1197722680391378
12566,2.3953395471215977,2.3495946360656603
12567,2.1521623172846436,3.01304883110544
12568,1.8800511345227646,0.6323550387179447
12569,3.0601048350089206,0.1357783054703426
12570,1.7089984733850607,0.28063969778283554
12571,1.2761095295125446,0.21075577839803955
12572,0.7521692514766186,0.16492199846351888
12573,3.0966870252993273,2.1778514697545575
12574,1.5314741499633877,1.5074177448417057
12575,1.5990669121103698,2.075035403347917
12576,1.417789775055777,1.067157866945054
12577,1.0488429000816064,0.7183389093119025
12578,1.986687451151288,1.8645322463195821
12579,2.2955920784767017,2.4002934351802727
12580,2.0777516825999847,2.117087953219896
12581,1.2926673829652113,1.0205965836685287
12582,1.2289749410288027,0.8308656972492148
12583,1.9038342601462488,2.397306370089965
12584,2.7180581654625615,0.7860136081210887
12585,1.7531438627340852,1.6185578761759014
12586,0.7478671296323932,1.3925772342753937
12587,0.42144653784002156,0.050926868826584246
12588,2.6017243981636007,2.3043909114948318
12589,1.269810009681486,1.6312468753656384
12590,2.3415002168904304,2.0353083380074652
12591,1.004284359356722,2.06906756495117
12592,2.103266014904465,2.178328644171755
12593,2.4229186926367143,2.132123257196177
12594,1.9681921227197121,0.7623997035615028
12595,2.0320248447976224,2.126599421980136
12596,1.8506217595250396,0.6617135941910631
12597,2.996700884702442,2.1446490914424845
12598,2.0146593098977075,0.6438468590071479
12599,1.6201912046026075,2.139255750075962
12600,1.5175784530497924,2.0757971479482302
12601,2.55109321913855,2.17724610134154
12602,1.8231896452070853,2.7408714129915164
12603,1.914445916806951,0.9767151683078026
12604,0.7348628381215525,1.158761104081375
12605,2.8248995774165495,2.166847827974739
12606,1.959718819391137,0.9773664899489566
12607,1.7847960370096994,0.8693736387860067
12608,2.5612233868783574,2.644078238978336
12609,1.2810078086014687,0.9747899490548012
12610,2.3444819606253233,1.8915393424153855
12611,2.0956515829374376,2.2057288218312725
12612,1.184360981580322,1.502788958715748
12613,0.8511789686019845,2.9475570469918333
12614,2.206787983592145,2.166312435054331
12615,1.2178242174540193,0.4208821153269265
12616,2.418461810246432,2.3454748468533317
12617,1.4979901249035807,0.8846586455808122
12618,0.506014048872632,1.20866129761201
12619,2.356257351049302,1.9087831904485122
12620,1.4371842053735273,2.0650738645426396
12621,1.910441909959823,0.7910042069274952
12622,2.101191586879973,2.6932368582571855
12623,1.004868430050429,0.05112371087765668
12624,1.822330288844891,1.9093931453914224
12625,1.8906914692124437,0.6040162445487457
12626,1.0261663199338875,0.22985404863633674
12627,1.7149936186762607,2.0393487959330625
12628,1.8489780127292539,1.4750906622940103
12629,1.3288559923176768,0.5657787468779844
12630,1.0228977264985486,1.8701037947571848
12631,2.2173041465216845,1.9680356219168043
12632,1.6010522520465074,0.15804910992583923
12633,1.9926250392470186,1.2902259609736375
12634,1.7557810491362527,2.1925200990011104
12635,1.6816283822499196,2.0665475090240566
12636,1.8032080224737326,2.1547398203663564
12637,2.276597471381897,2.0438313291336474
12638,2.0621197239307865,1.2358174555469421
12639,2.1507653887608393,0.7010831961299792
12640,0.8481854946608366,0.4564952831928102
12641,1.5594616616070371,0.22289956564366367
12642,1.6964479915133868,1.5856268525197834
12643,2.4917497326225297,2.5031549178915045
12644,2.512298329688874,3.0959646084345867
12645,2.9929451725056446,1.9644253808875605
12646,2.033533301673776,1.4833904816119843
12647,1.4953235257691186,0.5241721660783422
12648,2.0008926319091667,1.152732599686285
12649,2.543906000174146,1.807681392556612
12650,2.0406970903079964,2.649273477417533
12651,1.6038622465061214,0.8649153434511448
12652,1.3397112192506564,0.2234725267844235
12653,2.282511639824689,2.178183511727112
12654,1.110620137992312,2.3456243459641217
12655,1.927878975241838,2.22805799998525
12656,1.0759093741076884,0.6943925528533975
12657,2.5860793893428085,1.0005992166644058
12658,2.4211713940714064,0.9784667517348129
12659,1.6816287626622086,1.0012215477279562
12660,0.9830785462959485,1.984917544133143
12661,2.2183701609874387,1.113815334687856
12662,0.46304813352528407,0.09311092949134095
12663,2.555832046372443,2.4834209979746342
12664,2.2808380402990007,1.7344188624531434
12665,2.174686451993547,0.8502299645575067
12666,2.582319235895445,1.7476713171613734
12667,2.4556740838567963,0.9388433848228686
12668,2.6150512187614243,1.9210326008564036
12669,2.4401058399998394,2.0577844621298667
12670,1.3226273799193031,1.27927078882447
12671,2.527266390049154,2.4370382873862675
12672,2.6314185103785834,2.698108933835775
12673,2.4037257484132004,1.5585860861814382
12674,1.0997438184760648,0.7488848067078754
12675,0.6679107160992019,0.03943946215151768
12676,0.7860294444113176,0.4298488378084138
12677,2.5876167230850475,2.235384711356804
12678,2.7468822562724053,1.8301450886653319
12679,2.2369713798224433,2.6731474868642446
12680,2.2177151401956174,2.3684979910445154
12681,2.023078511973827,1.3592374994381369
12682,3.414449992425706,2.9496749198742847
12683,2.0789786425604024,1.354262176428621
12684,2.3269683178122285,2.1599154631141646
12685,2.2586430250196807,2.2948094138189927
12686,0.9763180759355783,0.4037496847268988
12687,0.9857203822256327,0.2990806892380334
12688,2.410881534731485,2.3489678681172355
12689,1.3426828936371442,2.136666012158864
12690,2.3968524321938145,2.5661706184281923
12691,0.8338965066936879,1.3180747096685026
12692,2.0041752998664553,1.1768635766515287
12693,2.514364516286136,1.6861548203686938
12694,2.2980264248125053,1.791314984119483
12695,2.9827022717608287,2.25613374566031
12696,2.4662065746484347,1.9377903094121396
12697,1.0961680623431351,0.9850097845077729
12698,2.146492101366932,1.8258857912509558
12699,0.41250314639301083,0.0564087689516685
12700,1.630861819313841,0.49576673943508853
12701,0.9037888571326934,0.33138179935291884
12702,0.9996289441203084,0.37292552017113517
12703,1.6859271830009228,1.1984824073506755
12704,1.864137698437458,0.7417169321365237
12705,1.2653055359348484,0.7811398844674097
12706,2.4568970763384197,2.6598401967675294
12707,1.6590142022387557,0.9410882916921752
12708,0.9502334287531021,1.5842467664384157
12709,1.0200582896831631,0.713699780840106
12710,2.4959077052275296,1.1888535752932525
12711,2.412743400866142,1.976979304853771
12712,1.462440198050851,1.6485588939714744
12713,1.0721222277967632,0.3357564937133941
12714,2.610911083240576,2.0268423888232867
12715,1.9504283797853652,0.6089659828042479
12716,1.3013710535591618,0.9495053299180777
12717,1.586455567037142,1.3458467870867075
12718,0.15564030666443213,0.043377094824045226
12719,2.133933479776366,2.0555851104462493
12720,1.3136241026346616,1.7723977805547835
12721,1.4702217802633333,1.2369821877123466
12722,1.9607293805670147,2.0989521983806676
12723,1.6242798264799398,0.6611789795533747
12724,1.2194760628460262,0.2650654022898597
12725,1.6305058207851242,0.6975783103521127
12726,1.9967053754310817,1.6165145881380405
12727,2.3731165774676093,3.054862225444175
12728,2.4175338019473083,1.9002487402929087
12729,0.7087357879902298,0.623328417224485
12730,1.6502765702387219,2.2552692564456804
12731,0.9852727373042705,1.2786385453298879
12732,2.824404014776309,1.8678702066873671
12733,1.138600234986792,0.7434227388745943
12734,1.2856878075271985,0.8992537093372189
12735,0.34984177832142765,1.8986386786827838
12736,0.2962073498539881,0.020667968954454562
12737,1.8413598457518061,2.1041242782358975
12738,2.5760359296733886,2.4828769205114574
12739,2.791125455218538,2.3435269497570044
12740,1.7045610790504313,1.1250127008222168
12741,1.7606612689908658,1.1473302616769392
12742,1.9293670515824783,1.4853414073658806
12743,2.147466151062101,1.5800757261880507
12744,1.9273287645205233,0.5670209820093797
12745,1.3991150666549999,0.348846584728907
12746,2.0749454716339315,2.621499951855072
12747,3.3614392029066082,2.8732267572082044
12748,2.5332738640349937,1.8642965023553917
12749,1.5851411866484164,0.38868902036823555
12750,1.58197433268266,0.6504027922991299
12751,2.3693599374480794,0.649662696091105
12752,2.8454739645352127,1.2048526882823127
12753,1.1804759557354962,1.6811378100958538
12754,1.9066578120844255,0.6853204825552862
12755,2.3028357909953914,1.4663892718991036
12756,2.7200954704803233,1.9786421200516233
12757,2.7524633662050477,2.4687951016934018
12758,2.1416576298011707,0.8832544929906787
12759,1.77274875117387,2.0766529279583112
12760,3.0574519254721864,3.303579021074524
12761,2.447671715605837,2.4992928011112827
12762,1.6047987019852665,0.6580606589967369
12763,1.136835020664881,1.0605300889775415
12764,2.222265167841315,2.569729389635734
12765,0.860135860661782,2.1178430277335774
12766,2.4527483457229917,2.4970675254842236
12767,2.4507620140092743,2.3562162436368017
12768,1.3516449262926868,1.8818650515085789
12769,2.5949923370647427,2.58193034886573
12770,1.014508451240882,0.05680165165113819
12771,1.5834106602281628,0.5236416295550448
12772,2.7768255199117076,2.7350569974752093
12773,2.4029926151059553,2.0585344031714388
12774,2.5771504485338754,2.305656141244191
12775,2.098063734549044,0.9126155081897711
12776,2.0802136700210014,1.5673063569384884
12777,2.5352202890349442,0.27972003884087254
12778,0.8369187445768778,2.99459325320628
12779,1.4770091188818455,1.4461777363111297
12780,2.456234766774054,2.589044770472081
12781,1.0837633644592328,0.19621687866248028
12782,2.426848566103588,1.4672196876201986
12783,2.275781957297533,2.326024386931449
12784,1.0064405848679883,0.1647866464401932
12785,1.3460498717562015,1.5964164794044362
12786,2.7879913171006976,2.4994326656548633
12787,2.2692386760308665,1.3341139197485985
12788,2.4800810086665943,1.3325867936027418
12789,2.1666435569715263,0.4659042652633708
12790,1.2354369119962858,1.006004277939475
12791,1.9027844547380492,0.4812558088331561
12792,1.5406764834562479,0.32714600340050026
12793,1.1388663716351908,0.2423791655734258
12794,1.2904809709695548,2.1543984374949776
12795,1.844388334627369,0.47168470048602557
12796,1.8548211651485207,0.6791411503082554
12797,2.1647395093183674,0.6002732430523392
12798,2.1380639139998205,1.2631580700102623
12799,2.7845336335538553,2.3179155134696026
12800,3.1361358352997684,0.4115464017982896
12801,1.8857227085085202,0.9298210127200647
12802,0.9304191585292362,0.2058693726470409
12803,2.0297502791801967,2.246779146168924
12804,2.534988331711939,2.6885138401990214
12805,2.3640750314741936,1.3932742168646373
12806,1.7365183843630103,1.8466968650942714
12807,2.0645793711059013,2.185664913111693
12808,1.0091679894057224,0.17385456453627865
12809,2.3346735492398203,0.5420478893382861
12810,1.9581999820912246,2.2226210511103677
12811,2.7345543736279283,1.709694832659588
12812,1.3750667193441761,1.214838329687613
12813,2.0310274745210704,0.37850392587511617
12814,1.5609583109816891,2.648962591893423
12815,1.586095424867641,0.9491456467983995
12816,0.8498379189371994,0.08083656828022635
12817,3.058446735480066,0.8014747952321294
12818,2.3373878757900393,2.3790508797756216
12819,0.5588412305271072,0.25355984564466677
12820,2.6307114657690533,2.3802232370568843
12821,2.6436278812440768,1.3881129278438142
12822,3.4040073677260483,2.4948257627860633
12823,2.8476336734295926,1.5587605516343768
12824,2.618342839116141,2.516604112910034
12825,1.8190188972817083,1.675063764133258
12826,1.7025765490845581,1.4197909687882464
12827,2.588188211391297,2.255952459131361
12828,2.3066006955953755,2.4584824265077
12829,0.9079671368119288,0.5431284195463455
12830,1.714068629478611,0.8966913972480073
12831,3.204035614286638,2.30503199618565
12832,2.724544624834567,2.543803901705762
12833,0.8732575851127166,0.3241095248514152
12834,2.2564215019947245,2.388116101290601
12835,1.6248758052404633,1.3009591280279875
12836,1.7955969701555892,2.4174324619009515
12837,2.488039766947554,1.7151507810973081
12838,0.5861235667531127,1.0892792617531801
12839,2.3504503515420816,0.9227996696429336
12840,1.2323226789801613,0.769679367092234
12841,1.248252838498684,0.8480663147110501
12842,2.336183225168485,1.4042798499223939
12843,2.5487334544413383,2.9553558419765973
12844,2.1291596524349683,2.021227584930715
12845,2.7984388969099085,3.3427958011175867
12846,0.7711030099880544,1.8596241254131973
12847,2.7360842558327905,2.5359791984681133
12848,1.811175458080571,1.6966812034431296
12849,1.7556259108808492,0.9040527887369235
12850,2.778031636813196,2.184021508508557
12851,3.1449562482750877,2.8090806652070044
12852,2.046319582746004,1.1046180576493458
12853,2.2940251017126534,0.7941816195115534
12854,1.989252814456175,0.7138183951220712
12855,2.286010259398702,2.703596938773203
12856,1.2955287611994897,2.469186233854509
12857,0.8109186265519297,0.4662069801529387
12858,1.1306521796159033,1.2518834935449614
12859,3.2000204620563943,1.4452750442198752
12860,1.0875992475050253,1.3795187628586663
12861,1.1951899376719217,2.347795872818598
12862,2.4016867452708426,1.6930767160257327
12863,0.9569781056231155,0.6911133819291424
12864,1.4739814151900208,0.3919521107986914
12865,0.9569006914733457,1.2061697634986972
12866,1.912999916408674,2.303090104421278
12867,1.3006092266415346,1.4547096006829943
12868,2.1787776029142027,2.06711593106541
12869,2.315070902430111,1.612772789838511
12870,2.9177304783253093,2.3004920114520235
12871,3.107465431507122,0.7051483027218786
12872,2.171431467092593,2.1117823317494366
12873,2.4015794773996673,1.9257927876349565
12874,2.2791066355464618,1.6752427803350365
12875,1.8400495184837546,1.3406456649746477
12876,2.5508452046404027,2.8829334469782895
12877,1.6845222115892684,1.2340740122562093
12878,1.7589071275078152,0.4721471159123689
12879,2.41622843865399,1.9987515782143341
12880,0.8912857005389216,1.5524786286911503
12881,2.1371961455322164,0.6125748453587706
12882,2.0658973391469364,0.5832582977836392
12883,1.6389440162291766,1.4658504417809868
12884,1.5927206607104774,2.0488051705909434
12885,1.7225858281107396,1.0584509556149675
12886,2.115961958244823,1.3719762193449119
12887,2.5377049029208663,2.731746634954297
12888,2.455624308267162,1.607013997213105
12889,2.02147806215298,1.1840319902799992
12890,1.9721582182864765,1.0316212119638888
12891,2.45753490519398,2.251661590579161
12892,2.595519690084125,2.5300237398975325
12893,1.9885522756724996,1.0942313817110914
12894,1.838790122376066,1.2327830757840315
12895,0.7107797634669477,0.7989032622987365
12896,1.08295135833248,1.2666482131477057
12897,1.9946986233610622,1.979280722804764
12898,2.0393021470966124,1.7972537958709016
12899,2.741552011348135,2.9476474292819694
12900,1.0477220607671318,0.37369425269648887
12901,1.1863254413390114,1.3402355877623768
12902,2.479636373063987,1.399451526346593
12903,1.7719441021894267,0.1577100337807359
12904,2.6848295815092205,1.7717192262021677
12905,1.5808261532436736,1.7201220243551851
12906,2.288730187531163,2.6057277829701415
12907,2.6651270514084704,2.4809757765810776
12908,1.9363863716756404,2.14751436671407
12909,1.8149322642984933,1.125766548478721
12910,2.5988712544324937,0.38021454421383993
12911,1.6683168204190624,1.905765403183616
12912,0.756949098224323,0.34197486324565357
12913,0.9349665085828627,0.37066212150769273
12914,1.2643550471504592,0.33980979109050174
12915,2.5260862197609377,2.4904816072662608
12916,1.111537034208603,0.7249404798496281
12917,2.607383343139624,1.6584716862809037
12918,1.7350767232504176,0.7160372409296321
12919,1.1871658618053762,0.8650821430690547
12920,1.6241119023890846,1.3666197246877383
12921,2.490865741450459,1.7272081909035273
12922,1.1347911275179632,0.7630959380391583
12923,2.5550454155206155,2.6868619741166753
12924,1.7318517571615804,1.571022138589026
12925,2.1059941783407714,1.2607525924464873
12926,0.8750749776435007,0.6775494785004655
12927,1.98941496870404,2.003808652754858
12928,2.1961122720994184,1.0732822971718017
12929,0.44050547407163254,0.2067776452101239
12930,0.7286229292141229,0.7946496658655292
12931,3.2671642399987437,2.4678167839632867
12932,2.068985650052155,0.19102497918423225
12933,2.702120925182799,2.7428094626362296
12934,2.0861481904931485,0.2693037243876971
12935,2.898249181946762,2.2402721929063754
12936,1.5398528430969964,1.0097571785707407
12937,1.4391221632339697,1.9971479045505869
12938,2.3590299866564406,3.218808369541772
12939,3.0321697951883655,1.8629048045480578
12940,2.558415451174283,2.323276545808811
12941,1.3172520264696903,0.3074963871858525
12942,2.5716531514530687,2.2667500010447776
12943,0.7675742509444605,0.47382519395459244
12944,1.6787596336059967,1.267826798788034
12945,2.4735134460223267,1.0370333946167194
12946,2.3462180524354843,2.6469576896287217
12947,2.6604768218278525,1.1510886795814639
12948,2.577022693134768,2.419921522884395
12949,2.248173037584699,1.9372881667947615
12950,2.4032345003471387,1.7358808786451274
12951,1.1878420705333192,1.3428293622628604
12952,1.1983776350968527,0.8114205624050769
12953,1.732258585979662,2.6195949762557014
12954,1.1497362991989881,0.3961168532369948
12955,1.8456619597693822,0.5464814785938349
12956,1.0439314601303744,0.45732959605518886
12957,0.7507241530722709,1.6890174193225564
12958,3.0550264447034374,2.1500414498761167
12959,1.8376486155382559,1.9635131187518267
12960,1.1148471795195698,0.27774614370873263
12961,2.224722541196078,0.9670480031522822
12962,2.355732153833336,2.038928794521308
12963,2.4536628039123882,1.4288475289505844
12964,2.117957812902095,1.9148101127543333
12965,1.050856497024838,1.7562051288214788
12966,2.2058522518025483,1.5718240449665284
12967,2.4942846669745244,2.17100828117406
12968,1.590361256418686,2.147022824585943
12969,1.4226353816591488,2.0447851594583017
12970,2.4517704322238787,1.897001553938639
12971,2.6108740468878353,2.320809394343042
12972,2.5301243846316104,1.5090904980342115
12973,2.0451718506870322,1.5731732435705392
12974,1.7147700083688824,2.3371534519330894
12975,2.136577651255653,0.8200404518336832
12976,1.8841882838324713,0.8063244658664315
12977,1.7888966777165038,2.068723548813176
12978,2.9781984366767658,0.6965402951347186
12979,1.1701663680288241,1.4054618760943967
12980,1.6045492486747972,0.9683601654518676
12981,1.1203495311231129,0.7990774615291122
12982,2.252256819405416,1.0719766878414807
12983,2.1960327001759947,2.404744210709925
12984,0.6654622274904654,1.069243097162919
12985,1.4731767876274844,0.9419311581405535
12986,0.6682457402416419,0.08896507863113202
12987,2.2524955425992563,1.8632346511495546
12988,2.644442808154102,2.641117428647442
12989,1.5310243917931192,0.6421928515768703
12990,2.0846432252946148,2.7587834783166962
12991,1.2880121193382494,1.0983449709529192
12992,1.7214187238562995,0.498214068270649
12993,2.049876942825102,2.2565561579722084
12994,1.9020445910860568,0.18668742218909012
12995,1.6480299190230918,1.471526241446138
12996,1.7056708492668986,1.9748306772559856
12997,2.336648448331652,0.4838060478002316
12998,3.377633691916297,2.571011976729815
12999,1.2947952943567191,0.45145257702227504
13000,2.996749021571697,2.168514376910561
13001,2.86221186891006,2.470070983161852
13002,2.0822590488378045,2.027776744760283
13003,1.6989012411293185,1.8003207629332056
13004,2.2295292443097146,2.1573525897548813
13005,2.387931295110603,2.475413724022211
13006,1.9051131383842848,1.0460674377012693
13007,2.4944116030885732,1.569957276133905
13008,2.6767240614425147,1.963511148903559
13009,3.3618074297729272,2.473483614841251
13010,2.0648787152406394,0.6851592621509442
13011,1.6528498553510416,0.8963953828891579
13012,2.3848371752682316,2.0949658603383248
13013,1.972787720253688,1.9644296169911064
13014,0.5900950851731801,0.5576710945401426
13015,1.4886826610042005,1.057757054789407
13016,1.393025648398473,0.6022620269880629
13017,0.9390771643700296,0.8698381943926565
13018,2.1233842321138328,1.2738449277001789
13019,1.6943947291744488,1.160594725461726
13020,2.0268125105927,2.5368533370782176
13021,1.8064233852347313,1.6241259319077488
13022,0.9523958560637263,0.38584242739953256
13023,0.5745785396450064,0.035673905185792554
13024,2.3123194945051972,1.6370592139683806
13025,1.1665747096026748,0.28902096393566457
13026,2.8838216665254626,1.7452832555336382
13027,0.49436612948839903,0.8012754268288482
13028,2.9139624982964194,2.636962248022004
13029,2.256180811533442,2.273829933970682
13030,2.678526923597182,2.0236589603631363
13031,1.4017655727760714,0.20023001757530362
13032,0.99807634954181,2.3353061918573093
13033,2.779867520653198,2.1933841074753078
13034,2.235685704933014,1.537477238057919
13035,2.2263850758607933,0.6260372823445521
13036,2.462510309714838,2.208574517425401
13037,2.6681841677579317,1.0992834231136446
13038,2.1712214414973454,1.2121669260046686
13039,0.5306486875226452,0.061752762508430356
13040,1.870434520488859,0.9056548669313188
13041,1.0505159968342093,1.4163134091256653
13042,1.0154495641564198,0.9417876907014721
13043,2.783911605074837,2.2294689196146424
13044,1.751767413632447,1.7941360725665552
13045,1.9138294025820421,1.8568820081122521
13046,1.1223717449500235,0.21321289958960526
13047,2.569641049889077,1.357054193175263
13048,2.290194417306948,2.236649026920649
13049,1.7750022222099264,2.3899207017997974
13050,1.8843594619738744,1.0452346219582278
13051,2.7002136643059784,2.179800333559336
13052,1.1723998662999584,0.5636968871364548
13053,1.480491603358229,1.6633581897230099
13054,2.07141080810444,1.561350430463263
13055,2.472216246390518,2.6465125463192223
13056,2.497365718778678,2.9419672625879865
13057,2.0073126604745584,1.4993728064694407
13058,1.9283776730336075,0.3342747953869766
13059,1.1340566571105648,0.22562510118687884
13060,2.4550684177468836,2.4763694499347007
13061,1.509372464161814,1.73485366841328
13062,2.703737476949196,2.6383335179161898
13063,2.145711209020948,2.587565948150577
13064,0.675865766536311,0.6619842007473579
13065,1.631369899399169,0.8118061980028886
13066,2.0423039952534032,0.6243346364717843
13067,1.1678995683026852,0.422450750250871
13068,1.8318703494910356,2.4206889162548557
13069,2.4316816202465077,2.404898409778579
13070,1.10517286616334,1.4690010888237832
13071,2.892969762973936,2.442175243969792
13072,1.877731201040294,0.9736491893264806
13073,1.9348613372552983,1.6993481330950986
13074,2.291126946795422,1.8930190029190213
13075,2.1458842871791863,1.9424916874118894
13076,1.6012335751962976,2.13291634641862
13077,2.2064155270047148,1.5020588500932095
13078,1.604460940615351,2.106716003189808
13079,2.214075173389565,1.7419430914847844
13080,2.1484294066427707,2.4400831690271674
13081,2.4194236545453287,1.4839641783147839
13082,2.6919318979526627,2.2283801493645403
13083,2.3380489292371287,2.472139310208564
13084,0.16962052455011054,0.20945562430557818
13085,2.6219101066795663,1.6388414023706697
13086,2.3510300593408706,1.8678249380638496
13087,2.4776987410677727,2.4045633734821483
13088,2.5129157098068404,2.571699867811239
13089,2.5633416595148217,1.6407591551762282
13090,0.2447082541838885,0.08178041927844193
13091,0.8254214801333415,0.4427902257159441
13092,1.2611119695227306,0.43756013551404405
13093,2.0845944144564204,1.3898977628221472
13094,3.2109108564410542,3.5484453130661344
13095,1.634509651685975,2.571389136609968
13096,2.2237248683002124,2.3414556608159547
13097,2.25693702179211,1.5332098989886713
13098,2.5479960053981836,2.9336951413810843
13099,1.3077530749068458,0.6118022686712966
13100,1.9360358160393905,1.942793009836895
13101,1.751220787815053,2.535275965969684
13102,1.398073969615752,1.537642897085356
13103,1.9529674481776742,1.0641841745201481
13104,2.526001732025529,1.5010092540524764
13105,1.8148278334028956,2.245985018375025
13106,1.17378661406326,1.1468559033638968
13107,2.7676785485059407,2.5163017169349096
13108,3.433691248515858,0.18740123703915637
13109,2.2255318379443483,1.1823605326916082
13110,2.0468432839569033,1.1711492099379002
13111,2.8536060547844166,2.39496854612676
13112,2.4229919242906623,2.421549153274677
13113,1.3316691511770549,0.48063488851836966
13114,2.5924006548890506,2.6657040024316516
13115,2.4574690201041283,0.8985567536259809
13116,1.7881387094123862,1.8907422907216125
13117,1.6103077668600478,2.8322669935281897
13118,1.6552026768915846,0.9801371225455076
13119,1.8257278569928883,1.9840329080709649
13120,2.197557559808343,1.9440633616404057
13121,2.562718957652397,1.1337665669334636
13122,2.3843737811357064,1.8102105523094112
13123,0.4311360041547906,0.32006611169481536
13124,2.3279557356014546,2.1464109873447623
13125,2.3035990555277333,2.163879806320444
13126,1.9905995040139774,1.5030282676636222
13127,2.9507997458502553,2.2330300850059617
13128,2.4793574482340515,2.143201450536489
13129,2.5862067242883433,2.4483722992476933
13130,2.6447687519443908,2.332995435500026
13131,2.84122459997879,1.897324783514507
13132,1.323602523030458,1.787692332274402
13133,1.4069008783078711,1.0514245955037227
13134,2.9722883033495533,1.5813080393103263
13135,2.586054831785754,2.96181229856905
13136,2.183101143498408,1.5692494289509267
13137,1.7318194694388536,2.38278187928551
13138,2.2145375517049937,2.2627803588905824
13139,1.6117973043505602,0.4922770412179917
13140,2.481684809192034,2.1696912442275336
13141,1.732990270941303,1.2380489245577386
13142,3.0684026531512796,1.6824448723173375
13143,2.4118761782594844,1.7077138329782329
13144,1.1595460287704888,0.9467262154749229
13145,2.3121230013782874,1.4278949908294338
13146,1.2351691710118764,0.20946117103079354
13147,1.1631960642081833,1.5596480411213358
13148,2.6837587613671787,2.713349106679902
13149,3.042043731295906,2.8483248113951642
13150,2.255405057276655,1.7876882480288068
13151,1.7941713289494936,2.057024355316905
13152,2.4564485378529284,2.59892876721546
13153,2.658377644756842,2.513212546367745
13154,2.3638417469116426,2.254711519543304
13155,1.6241671097411596,1.0649236229391685
13156,1.402934535640052,1.3615263306207637
13157,1.560201456614136,1.9021025350118306
13158,0.6117080963233485,2.3663128675945897
13159,2.3302582910783065,2.1102954495821376
13160,1.9131103500740687,0.7921278760804698
13161,1.3406467827817443,0.344301105197376
13162,0.8844058175720272,0.8178043786467372
13163,1.175998437730191,0.254135769802163
13164,1.8480329278546765,2.606861437182103
13165,2.432119665530519,2.292660618480671
13166,0.3797117596631505,0.459765217784796
13167,2.2362213851216373,1.3573200750225205
13168,0.9897158606363218,0.4449990852821867
13169,2.4481531498201696,2.5623067491970066
13170,1.1730425861241192,1.785186259923977
13171,2.051640644850231,1.7031684603117423
13172,1.7854527698435656,1.6935081131370469
13173,1.894560286541114,0.31681588982362846
13174,1.9209455325440075,2.1532198205466133
13175,1.6009597054348903,0.5048837037197762
13176,1.061736917189097,0.8047098150605714
13177,1.9139776315020611,2.1007537614724687
13178,2.472557992938542,2.5658988326613583
13179,2.6479533556556776,2.1281033411274524
13180,2.3039725315950075,1.8789680776246556
13181,2.452023571810296,2.25327827175273
13182,1.910179479583418,2.0254246732535965
13183,0.45826203739342813,1.5331894215997341
13184,0.5185125849006139,0.04866366306028946
13185,2.840593620008803,2.0418802641392135
13186,1.693019518900546,1.201376226677577
13187,2.5909812821880607,2.580229522695641
13188,1.9282005350161806,1.1321890704573006
13189,2.1245444417046015,1.813972752101081
13190,1.9834999916653941,1.060395662293615
13191,1.7988036876762405,2.005361242968513
13192,0.8247012943222493,1.1250872636782066
13193,2.1437525241565205,2.1098262497710576
13194,2.782873776078623,1.494241999460649
13195,2.980276685417404,1.6788710926060966
13196,0.3754771693114284,1.1726665895453112
13197,1.171826132724929,2.166726858093398
13198,0.8768678048386916,1.5771978351421851
13199,3.1572747052203223,2.5956105665556164
13200,2.323920479923056,2.4181649969923136
13201,2.2789125738526725,1.3963546994323062
13202,1.6474171883004813,1.347085147104007
13203,2.1326840776075873,1.6409456375486386
13204,1.8592587949906083,2.3232142638828126
13205,3.0267568652008063,2.0105020895901617
13206,1.66842864210058,0.8716466511982356
13207,2.481115817705803,2.1062183555135263
13208,1.788196786419935,0.6939351627773179
13209,2.425661922611668,1.8721320433127286
13210,1.2925523425101737,0.43477221751949946
13211,1.7531000117215556,0.3357028964695658
13212,0.5098024527529308,0.041441997175657296
13213,1.1114094182231622,0.3544123911279278
13214,2.5938623784390065,2.405805693871385
13215,1.6571573244285052,0.7922159574295695
13216,2.579984518976316,2.4385327626893054
13217,2.040790231343555,1.6503368109192826
13218,1.1024958556965443,1.400576103993048
13219,3.1644326333256667,2.116474341444161
13220,2.275960279698529,1.807135434863024
13221,2.124469004001697,1.9634703630925852
13222,2.8215135579092063,2.2106918010884753
13223,2.6036465228940355,2.2663172488958105
13224,1.3764242397662338,1.5279424672726727
13225,2.2231992067969797,2.317656907167614
13226,1.6232478858678845,1.0542055124407286
13227,1.8040478051108089,2.6202729543025387
13228,1.468105626389909,2.3885798852923648
13229,1.791300581738177,2.5134889346002742
13230,2.2597832070263024,2.216343617283194
13231,0.941731429902374,1.1546333880534059
13232,2.0199924857700435,1.3699401877828496
13233,0.8659442068082731,0.954835362496969
13234,2.611393980267122,2.4697288471409586
13235,2.7875389920475584,2.3134066446790973
13236,2.4737768980650894,2.477072618016635
13237,3.139780166212098,0.3585139008408327
13238,2.1097792091721765,1.694576651682757
13239,1.82572858233161,2.4675245034926707
13240,2.5984831169337665,2.217113101785978
13241,1.6456617306220251,2.567239966819524
13242,2.459285919782681,1.8648058701288626
13243,2.0646128516247564,0.5184791048917342
13244,1.3781464932596665,0.9058717007276714
13245,2.1829265029101323,2.22568601625452
13246,2.1449976251348497,2.4515468754119967
13247,1.2154713296913213,2.354544236401081
13248,1.9459114992065984,1.6333708770215853
13249,2.2541613464424284,1.3156807360762115
13250,1.2663771311376195,0.44200081011302034
13251,1.0827216626340683,2.2852487471843927
13252,2.615158546561281,2.0205441141835534
13253,2.228403282111841,2.4548452793597737
13254,3.285877937679457,0.5784132463179009
13255,0.7756895370031104,0.10636932484379191
13256,1.8008595111834935,2.3010061682000753
13257,1.7446179188361683,0.8780951646919937
13258,0.7108690735769531,0.91075444985378
13259,1.1117872159764985,0.849621679781908
13260,0.48225108085845636,1.6538225116923972
13261,1.822700976202602,2.285067700727262
13262,2.5404461389480484,2.819357226023693
13263,2.053672203407274,2.220444323477391
13264,2.674174997661331,2.34299827225545
13265,1.9493184050620986,1.30416590252925
13266,0.5016490915453615,0.07062726097777419
13267,1.7863966352904608,1.3911438930101176
13268,2.3444872353634363,2.5764441765233617
13269,2.4772628320194934,1.9360364910697139
13270,2.157517382156409,2.1953838138635327
13271,2.4410274668438046,1.907333014413672
13272,0.7940805099828894,1.9647277740845395
13273,2.843157325092415,1.6305114510705356
13274,1.8077238209676831,1.2280143037045665
13275,1.373138716063288,2.6683768019973315
13276,2.067445505075418,2.8104603927330705
13277,1.614440084922828,2.689384079135446
13278,1.2609155832999686,1.332613807181544
13279,2.2590548116794866,1.6333979031533432
13280,1.6939372345773571,2.0785374454875676
13281,1.7861797603984235,0.950136265286441
13282,2.177591508179097,1.7573854154145125
13283,2.535569118100935,2.6520439830640914
13284,2.5152141526564744,2.7577897198254764
13285,1.8818640659682968,0.7401149397740936
13286,1.1066203547955193,0.30376974859501465
13287,1.6173101662358884,0.668257908114422
13288,2.097833665425047,2.2986692763758643
13289,2.5373386076644504,2.8330747464315014
13290,2.9628221779692545,2.8345876168679034
13291,1.3625250732539615,1.3114189611207352
13292,2.174828894467541,1.0358699219884666
13293,2.3636501071022304,2.6298323747316195
13294,3.0081647312883932,1.9510446024018333
13295,2.243257506345107,2.4330753513477084
13296,1.4120090593670076,0.518932353370184
13297,1.6040943586836267,2.2370343987231154
13298,0.396204692963524,1.5033816617086813
13299,1.0341775180177943,0.6872462792295806
13300,2.4135272458302697,1.921571376146479
13301,2.6707980862055662,2.8050670356742358
13302,1.9217912315006889,0.6798534800795758
13303,2.5581966010544153,2.6001410730016716
13304,0.7627056647382915,1.096888680121208
13305,0.75647923359019,0.4381194931291537
13306,0.9003726781920528,0.2915750005045755
13307,1.6341017675635825,1.7381050361456218
13308,2.7657363241362125,1.2004754144675962
13309,2.0072637778475406,1.4526970978474312
13310,1.7611755644823834,2.2549280293899
13311,0.9450680177134693,1.8912006431824628
13312,0.8820210375398951,0.497475699694795
13313,2.233734598684841,2.744390972852562
13314,1.4907441014959533,2.0616072278216455
13315,0.7109654842879513,0.3892138863921657
13316,2.4590031456040546,1.6634697040376352
13317,1.6972033909214872,0.8532188222674901
13318,1.760457678420145,0.2928114687113073
13319,3.3101201368430426,2.3338840156680023
13320,1.778079860482999,1.4349240464674884
13321,2.347473322103601,2.231913811881112
13322,1.2931027436623546,0.9691749906941993
13323,1.452050184258016,0.32447089472478774
13324,2.3673665985208032,0.8714731865122104
13325,1.758981785317601,0.7346315838672193
13326,2.710958030146211,2.0149086615197422
13327,2.3648663631767533,1.7711198010342992
13328,0.9133560660908542,2.0795589298041772
13329,2.5854725617420207,1.8233665610933392
13330,2.241367953348867,0.5040070561364078
13331,2.6309241363446074,2.565142649528468
13332,0.6232439356410489,0.3633683687604728
13333,1.1417566039085085,2.183250335923491
13334,1.4941630763967655,2.5370953279407686
13335,2.6098582985514507,2.702843251222743
13336,2.1510234807437003,1.9701956502588487
13337,2.323912428314957,0.8648787772127249
13338,1.237188367448654,0.6582961194272006
13339,2.3000186437873573,1.5589402423587004
13340,1.4686150439969425,0.8048407534894273
13341,1.644750925930282,0.694959318697955
13342,2.396288658621145,0.9331471705637668
13343,2.0161016162784793,2.0300637689984575
13344,0.9556814539138861,0.8555798560951803
13345,2.2308882312354714,1.2615604550883732
13346,1.784135391042961,0.3755974502159132
13347,0.08453233188261285,0.17022821228453544
13348,1.5479702355050795,1.9674297454897316
13349,2.3069416702478422,2.1095389095170702
13350,2.3511678367046707,1.4588976260933808
13351,2.4744194542428923,1.8595512434222932
13352,2.501757838644972,2.591436954892483
13353,2.64431908187309,2.482253250854746
13354,3.1112905309248013,0.3874398282273194
13355,2.307235415855433,0.7556056203336298
13356,2.1726133733542055,2.3599078195294916
13357,2.8402544731407473,2.4095049894686613
13358,0.9162052784416895,0.21083039861843092
13359,2.544587772493453,2.5469812214140077
13360,2.404587638764873,2.1986511603792587
13361,2.9207406788152754,1.4517945420593532
13362,1.1263852441132916,0.564339575572772
13363,2.3356377645544915,2.961738014082443
13364,2.6554562037086975,2.2121388707278653
13365,2.310070586658819,1.9715379182536505
13366,2.484782120875023,1.7207899065060002
13367,3.3330595519538653,1.1483917956137233
13368,3.0447365171130283,3.057916135267759
13369,2.382002784148609,2.6110637898198203
13370,0.7310406528050257,0.325177399795447
13371,1.6741254775986594,0.4315957760960984
13372,2.6767737318996283,1.525722695435069
13373,1.8933949803765893,2.1286431689819176
13374,1.7749134628918506,1.3764881613630475
13375,2.3816760263294445,2.247533480336558
13376,1.855482783549429,1.4157866128436007
13377,2.3424403830933023,2.471592003706636
13378,2.6340994870319197,2.9792613862172597
13379,1.746300600161248,1.396667243543168
13380,1.869774951365648,2.1605693460939177
13381,1.9150293596050525,2.742642984433367
13382,0.7830104062881103,0.403340351869395
13383,2.3698843160617344,1.7037220620193105
13384,1.5726818152815305,2.141011190668928
13385,1.2639469313981158,1.2104676879574672
13386,1.9489781255030922,0.5100500149371805
13387,2.413128628483254,2.0260658040236943
13388,2.605388546093103,1.3686268523807392
13389,2.6609311232165913,2.8045001950726665
13390,1.077161904865451,1.6059450283108114
13391,1.6912363426929793,1.9909316958545487
13392,3.3964197704312733,1.1924598347786157
13393,2.3878766298644614,1.6020677674926338
13394,2.642814662639915,1.8048234183890604
13395,1.3600470704566432,1.474824452083056
13396,1.5625830516103338,0.7961626613938732
13397,1.54726355708876,0.6788868340908517
13398,1.1396269053569512,0.5485618920706663
13399,1.7269158759326697,1.913307151143829
13400,2.659596886657529,1.776971902805629
13401,0.6960584808117023,0.5992717904934932
13402,3.0854249373950724,0.26893797104469974
13403,1.9409846789118685,2.2364205024773027
13404,2.8227539973001674,2.6704322253887103
13405,2.3696890470075305,2.4288070285496817
13406,2.300354486214283,1.67092851110451
13407,3.2974359518279024,2.5360352961234134
13408,2.3741373133087946,1.7769073459969493
13409,2.3517050121134013,2.457674558718734
13410,2.4396257591887966,2.1639541337647445
13411,3.3834441706056073,2.7488346444699876
13412,1.6266699121010322,1.3984197674734962
13413,2.278236921662585,1.0006787534787949
13414,0.9780378757960526,1.0204852251579717
13415,2.2781084378996406,2.0796860871171714
13416,2.4303116770356015,1.68969896051293
13417,2.174487283241223,1.5442127055225234
13418,2.071415920203552,2.180960756598197
13419,1.9765523319975715,2.3346451095819565
13420,2.979773521315664,1.9251653713219155
13421,1.6137409478006217,2.1419012306907086
13422,2.328041586336963,1.9744356838812744
13423,2.2447800709078702,1.6605434257648233
13424,1.5765641289202248,1.6156378609911874
13425,2.80504357946409,2.899289079805699
13426,1.2385050912581586,1.6074697705113108
13427,1.2604272190993733,2.265536448033458
13428,1.0646767972432456,0.7003200302592056
13429,0.6734741438228812,0.0878529894686006
13430,2.075516276277761,0.6427459192958878
13431,2.2818935777547327,0.9555041821654401
13432,2.1749994344235715,2.2915262873197455
13433,0.6262249757517289,1.5522361858804887
13434,1.0895466452729945,1.6643611062673882
13435,2.0459805279002747,2.139400418785973
13436,1.3522420994509607,2.7046294656007257
13437,1.5228832675752062,0.22639752610789962
13438,1.4831560713420706,0.18187712655415933
13439,1.2718782683087095,1.4805980971805681
13440,2.393785498385695,2.803235538468332
13441,2.3891923450053016,2.7531773509294752
13442,1.6859132959179512,0.5152089526567739
13443,2.0842946447138777,1.5829301049288056
13444,1.434537905721188,0.6683980463719643
13445,2.0523219051337294,0.4768921440106012
13446,1.5100468416936754,1.280359705271807
13447,2.0474481795756376,2.079193818521644
13448,2.208801667270173,2.3951527173709093
13449,2.2556261264359194,1.52790787048044
13450,2.5988302873736884,1.2193072421566495
13451,1.2116814069369708,2.549411701565548
13452,2.6737678359692,1.352982258030561
13453,0.9001432217195954,0.6607242564675253
13454,2.6380372264319982,2.618306849320173
13455,1.9764846125846247,1.8851980350369806
13456,2.1995131123669798,2.1282752152186837
13457,2.1322508900923745,1.5752167811901132
13458,2.1649166080631503,1.651271444512817
13459,2.8760665276993786,1.5524804994504122
13460,0.891979325023893,0.8225424116799682
13461,3.3506543833089957,2.440104932763445
13462,2.5807985187565143,2.6645812467671686
13463,2.1643381515582196,2.5939686120061016
13464,2.635745811707569,2.2048264977886887
13465,1.367776183339252,1.6438268127450755
13466,2.7757402969273386,2.7840532366565
13467,1.7279438391089308,1.1734093834886024
13468,3.3674127038609845,2.525880090034407
13469,1.0351073458889035,0.7828011762861478
13470,1.158762057984718,0.03997614250620234
13471,0.6693917693219208,0.15505407244289918
13472,2.065965782322653,0.641322725280959
13473,1.0058034658267732,1.0205422583912827
13474,1.9013851439958247,0.6790450517917742
13475,2.6637921255276606,2.53233555160024
13476,0.8060677162204236,1.041016388789356
13477,1.6951721285806407,1.7448253737202088
13478,1.7927891872338297,0.48068546662404205
13479,1.9414330200626706,1.2050842948449798
13480,0.88651872696216,1.8877096651690237
13481,1.4512988335441561,0.4254052792882067
13482,0.4605484097963447,0.04319689837977471
13483,2.4750382443227514,3.0203453677272316
13484,1.9231082883817512,2.390758337115401
13485,1.2180622576667737,2.244507542240811
13486,1.3700212748389946,1.2903787167914247
13487,0.9548728558498856,0.13065674639925923
13488,1.7130118510149033,0.22104363969738797
13489,1.343970254002673,0.6930218573204475
13490,2.3150150898676887,1.9493270912205714
13491,2.6050456874426926,1.3109388052228952
13492,1.8630780720225224,2.028652235175538
13493,1.597168062032246,0.6741104537156152
13494,1.937018075941179,2.339069300197793
13495,1.5024889890604816,0.8122973659438066
13496,2.7730138183280673,2.4922209247797764
13497,1.4660813315736483,1.2512198599646915
13498,1.768471244882441,1.3672032777216205
13499,1.7094343224906137,0.5948820399334115
13500,2.490619492663489,1.9829349712769186
13501,3.5001098217810207,2.9033561996144317
13502,1.2897157782775952,1.7870973106970558
13503,2.725156573663871,0.5796810850994062
13504,2.424098600727762,2.7628849388309416
13505,2.4022148996943775,2.542952534237616
13506,1.2989746033124374,1.2459305291429807
13507,2.3502944427657346,2.4943068749089656
13508,2.62732866199627,2.510292515501341
13509,2.7678192487695683,2.6653013179421525
13510,0.6118241479263473,0.3753696028287101
13511,2.162820155046454,2.5498766119104186
13512,2.442607834231075,2.344067255299318
13513,2.453439845345855,2.376200673684689
13514,1.6212104174721607,2.7355584191807347
13515,0.8995363885301326,1.4426469835253308
13516,1.4231055543894522,1.4920687359720035
13517,3.3884617475618257,2.591910740840787
13518,1.8555553161118314,0.6842018316910045
13519,2.447429745237205,2.4274140911405606
13520,2.4336167726112525,1.8730501201141259
13521,3.3926442062042086,2.187953407833946
13522,2.392177908676329,2.0942040112123554
13523,1.0553738970551272,2.52654159740114
13524,2.1033189503657033,2.295902481973428
13525,2.187338351951559,0.17536014332384361
13526,2.4184273932526135,1.6324963091662639
13527,2.8874378158695184,2.158547783153392
13528,1.9130124631116672,1.1640182911162364
13529,2.353608605339476,1.998299300757648
13530,0.9362288638554463,0.44473401830752574
13531,2.206058643972749,1.1830684079867038
13532,1.6405099894356816,2.0936233163371423
13533,0.6979264799056808,1.0441903347158559
13534,1.8900772746058492,0.6882853976714634
13535,1.3151275598112986,1.4239922461080332
13536,0.5627372751279178,0.04853181567497422
13537,2.263593783435506,1.579009145654162
13538,1.1716437651528258,0.5183595717005887
13539,1.0371579477484074,1.2347685303101805
13540,2.3752911862778308,0.11551675212485257
13541,2.4072044170874496,1.8587318419400736
13542,1.8018129306392643,1.7338378828529324
13543,2.512611724553744,2.4680105880295162
13544,2.8485005398740464,3.115316303342579
13545,2.5841864290752747,2.3719788441046483
13546,3.3141583010231375,1.4625299696856673
13547,1.770386268265823,0.8082163756088162
13548,2.6699035899115766,2.4299724576368047
13549,2.143825868856263,1.0848535629243672
13550,0.5741022296943493,0.534722842550818
13551,1.4621201058054119,1.5971883117003858
13552,1.242841424644528,1.4396195197923776
13553,1.9182473059622671,1.2935565714007855
13554,2.428067446885589,2.7676767510518654
13555,3.089020158758856,0.48075197190536
13556,2.28531740461884,0.38440997289106077
13557,0.7231084786241907,0.6064286138677543
13558,2.3542320461089488,0.8586169911460068
13559,2.49645722761349,2.598336119821437
13560,2.0966669046675848,1.2903169686005298
13561,1.152730363382622,0.3120750804977839
13562,2.299703214537129,2.2817279412579574
13563,1.2583084763682901,0.5071007190250638
13564,2.4342450974002108,1.1494701332532238
13565,1.9395302583808023,2.166190007714688
13566,2.0995773782049993,2.014559986286558
13567,2.3237979563876143,0.5123223041363689
13568,3.3892572216386725,3.2379612162851936
13569,1.9941302392130706,1.6356511365665172
13570,1.442774619936089,1.2872150345898117
13571,0.9050454635388764,1.3087858502141778
13572,2.3101798887250276,2.5358304645788174
13573,1.656603748805671,0.5250252434843428
13574,2.253476015448277,1.9045941185694437
13575,2.057189743719361,1.5561209929919175
13576,2.435394279629796,2.5749705011205988
13577,0.9087640145959464,0.7246289663575286
13578,2.28835759045076,1.0397238615130704
13579,1.3572857453092995,0.6085388900795626
13580,1.1967315755412717,0.417190480215567
13581,2.175074116182648,0.9634797134314977
13582,1.5235217760742445,0.40215606679449173
13583,2.2793978845205154,2.112292930881096
13584,1.8887199414248916,2.4822835582342986
13585,2.6838461594671705,2.1402057596646293
13586,1.5790832715738785,0.21440047454357106
13587,1.0502769093450564,0.902456053156847
13588,3.088633597414056,1.7235265639358288
13589,2.5236655104777617,2.1630195367477842
13590,2.9206370147996052,2.056557545643671
13591,2.039987828420519,0.6759683814298374
13592,0.8885251984911794,0.435629781182245
13593,2.3867722357023857,1.6012228495514447
13594,1.7077948755557417,0.46926142906804086
13595,2.282590043522454,1.8365396265519303
13596,2.4272788614124914,1.8804977536429746
13597,2.689699845246935,1.8097272423688389
13598,2.522365408430854,0.37924842479084153
13599,2.349492299125742,0.7298155734162743
13600,1.9035592405110904,1.9412332158346333
13601,2.7099848170761067,2.603625659647513
13602,2.412427738579131,2.367161314851245
13603,2.4237016881360924,2.3075487735644606
13604,2.6520033358104347,2.5405848215017
13605,3.0810606593709906,0.17499651170836897
13606,0.35859200828021554,0.06430792078940649
13607,3.3152129946812963,1.4099276502706888
13608,2.7480109894226823,1.8332230969731813
13609,2.0344128718511607,2.554802526160061
13610,2.460878997988245,1.9723722401241874
13611,0.8197352069032023,0.9091553290724761
13612,2.130351026108188,0.5291054784224783
13613,1.9531375182083677,0.5177388107295551
13614,0.6798774065205128,0.34438140437986575
13615,2.941193883433299,2.8937003659921285
13616,2.322246746375274,1.9204111913006554
13617,0.5498724433276757,0.16938950438026001
13618,1.2809953020151061,2.569286915480458
13619,1.9801958993163564,0.4840857938322356
13620,2.2717687590345768,1.8482435132395412
13621,1.5515969743434563,2.4177084563294415
13622,1.224544628254922,0.3050348661052903
13623,1.3913929731917827,0.598438079874556
13624,1.0310822183085167,0.4671972813554349
13625,1.6805106218913706,0.8418596741633824
13626,2.0811356413239666,1.790926779273461
13627,0.8852906425907704,0.28162384841280474
13628,1.7425234157526364,1.187595521369483
13629,0.9218675288033685,0.20729581186289373
13630,1.2430726938393555,1.2197667716197316
13631,1.3470067266443766,0.468325923097082
13632,1.6998942462722153,0.955790529731957
13633,2.410097571293599,2.556772048793152
13634,0.7172534282509186,0.7048359308775415
13635,1.2976742726881823,1.0061612830688258
13636,2.4772174545019694,1.0027639761229354
13637,3.5559649680357515,0.9180783038346074
13638,0.7903860826201745,1.7940909132165532
13639,1.3271850702432113,0.5334897072941462
13640,2.00531673256748,2.1754118874290103
13641,1.343932393971069,2.002808798668997
13642,1.4677478603846046,1.2767247763928427
13643,2.630690610614858,0.5215114609217619
13644,2.3439445016125826,2.647773246770122
13645,2.378129361767751,1.958227906763953
13646,2.497438551755961,1.9999409023393115
13647,0.40722557516838404,0.3692206834696076
13648,2.3482791971723382,2.2047018750245444
13649,0.9852965044764028,1.2907767485395898
13650,1.1140471648690153,0.6126687215779222
13651,2.280165566882244,1.7719247007763739
13652,2.0650465470579213,0.16522398492501006
13653,1.2417605848016926,0.06628879399227186
13654,2.482602539845031,1.0697601944081632
13655,2.534474324541257,2.1500205583995453
13656,2.3026031529327193,2.3711254271925206
13657,2.447508625680547,2.546900873915661
13658,1.8568073558474816,1.000462355156361
13659,3.138287798392032,1.060230100656332
13660,1.3415165976003194,2.2244551979710283
13661,1.52206698529059,2.1935942341892702
13662,1.7709239393445688,2.8186548373705893
13663,1.6120783779758219,1.7438037412085254
13664,2.1679633144750525,1.4689434285351322
13665,1.023132352738407,0.5793085943416904
13666,1.965236728644676,2.3071616339264605
13667,2.3408585352052342,2.2073436627109135
13668,1.0190482483186194,1.959984424171108
13669,1.290112857631555,1.7810129049466228
13670,0.4320085876012821,0.12378102564060572
13671,1.781346055002902,2.061224099505632
13672,2.3825982232698952,2.388325208209861
13673,2.1723999683779627,1.982743828929445
13674,2.1066985789884614,0.8868251829496513
13675,2.1043823822466647,2.3112864777612767
13676,1.2818875302194337,0.3782733540474205
13677,3.4689428067060666,0.5782910063521773
13678,2.7557406871323207,2.247133916178963
13679,2.268681976972854,2.3426537501449576
13680,2.120694075272562,1.0574865970350729
13681,0.33974659433427246,0.7878790826994274
13682,2.499647925485263,2.4402447161998255
13683,2.563403914730608,1.1877236022919717
13684,0.8254896162771955,0.314296731676891
13685,1.845279726234254,2.2253037372589226
13686,1.0242025933040957,0.6548438594297646
13687,2.16502235652342,2.4138274838701093
13688,1.417986752905994,1.5917880114781107
13689,1.1596348763975477,0.1822357921572753
13690,2.2845280511345396,1.6493379207817764
13691,0.7265752663232458,0.06670283571162716
13692,3.009428158291896,2.920328003911027
13693,2.052103930881498,1.4605992631852298
13694,3.0179517542979326,2.3579917661673813
13695,2.324392658592087,2.4191314613356805
13696,3.1597358934583855,1.8141812745288304
13697,2.217237801664701,1.9200421240897338
13698,1.6564772270130002,1.3817421335532665
13699,1.0569737149677216,0.9463229310629949
13700,1.2125805101735232,0.6516763963877892
13701,1.8082018962887818,2.270337809733747
13702,2.2556998686292395,2.078601206286801
13703,2.451859055748103,1.283831690943951
13704,1.8396573000865923,1.0928722788737053
13705,1.5855353129718852,1.2597516725504199
13706,2.0200443442103055,2.2907373530483404
13707,2.175718046558484,2.562270450437637
13708,0.4362013072765771,0.06136718775832259
13709,2.4172188427662906,2.360258727516031
13710,2.083945329717547,2.2588289531201617
13711,1.8979213192865914,2.550975047257813
13712,1.7509436451560554,1.332485542592209
13713,1.2889044362340032,1.4795218988176486
13714,1.0100694632546818,0.113955642869578
13715,1.062890880808453,0.39121402916811243
13716,1.394065395634213,0.5042280304792298
13717,2.133971201883911,0.36449419945468076
13718,2.3317390309586963,2.534932682052064
13719,0.3680661515396762,0.4453463580017431
13720,2.463888088261258,2.412707725582085
13721,1.4751019324181018,0.9169118536106741
13722,1.1540207785160377,0.4421617916054184
13723,2.1363812685306725,2.0679084898765754
13724,1.7793058514833846,1.7261658808239364
13725,3.162530711046041,2.4190917495631457
13726,2.43579556689938,2.2525156565172195
13727,2.7337219481704267,1.3299978388856373
13728,0.6311273906413718,0.10175342200938076
13729,1.90352776389814,0.5312854250647906
13730,1.8387298178565272,0.4094950589577634
13731,2.060507764346977,0.9964023992037357
13732,1.1172630342276086,0.5642658589752381
13733,2.1753357430663445,1.224365138538076
13734,2.1817534515905734,2.063507038983068
13735,2.6114657059065576,2.316522633061731
13736,0.8047744866319441,0.24628731661156097
13737,2.0243785829608414,1.1961336238855482
13738,1.5683607108955675,2.4641311225798708
13739,2.0423383995913857,0.4567706484444718
13740,2.5637044999341243,1.8690840361296572
13741,1.868668138007783,0.7163185552374801
13742,1.7839110301620316,2.2831339473673538
13743,1.040089150818877,1.001865220690563
13744,2.302081497605017,2.10513951341539
13745,2.310239121489428,2.367746155424037
13746,1.290524326891672,0.5557617136704137
13747,1.2511066650175922,1.0233726994187728
13748,0.8305510936267806,0.9785924108667649
13749,0.8897418028081407,1.3571548573315584
13750,3.0997933384526166,0.24867626910917412
13751,2.364993900884997,0.813660890989387
13752,2.4023175202231735,1.2412057336213862
13753,2.0348045538507984,1.2668367179527322
13754,0.5401735154166524,0.46816559834174637
13755,1.9014844858251616,0.27139014327030936
13756,2.592459530578285,2.7294463574846297
13757,1.9776968056172628,0.33833665569559285
13758,1.9951110008548878,0.4005077224873122
13759,1.3986211753521638,0.591014235367601
13760,2.113450776901745,1.1502900731136416
13761,2.0423288220975917,2.0119223109591164
13762,0.9603394794695437,0.8251007471414482
13763,2.4684293718085497,2.3518226551910253
13764,1.8082467690738528,1.883064341329533
13765,1.052351132365844,0.7382634691719572
13766,2.2927777600143733,1.8883630189672735
13767,1.1730020615388155,1.1907379148529602
13768,1.8419845099372998,0.5230185699583275
13769,1.783338920448087,1.3125087245655858
13770,1.898582252958581,1.9724478343111236
13771,2.288539811243774,2.6644325365473622
13772,1.4230385114406032,1.9452293664084228
13773,1.609134778667832,0.8018464012927503
13774,1.6740550062823658,1.956069343108544
13775,3.3977347912770908,0.4941130389436636
13776,1.4106389901924352,2.388770690029436
13777,2.1875240484814595,2.999146903397809
13778,2.2068422869686986,0.3154692309338176
13779,2.063546981703666,2.2262823515923658
13780,2.387793860865961,2.3010189198511766
13781,2.2484744703749846,0.7992788100485486
13782,1.2430000854668204,0.14634502003872998
13783,2.051244674339899,2.445813643494991
13784,2.573900439334648,2.266260144983687
13785,2.5180802279656627,2.6683275907396475
13786,1.578339327560857,0.9888342380946054
13787,2.428566728513807,2.047481008193998
13788,3.2373783300793226,1.514117444387819
13789,1.1404432093324426,0.6892382981349001
13790,1.603500857797998,1.7011866737454242
13791,0.2759916398794283,0.1051924744539381
13792,2.298412444506638,1.0148618304405994
13793,2.463718121968691,1.1252769662893842
13794,2.085231927713491,0.47436290194417113
13795,2.002119561449832,2.0262291488509834
13796,2.0159693614593452,1.8894453177573511
13797,1.9256982928240858,2.138389298652958
13798,1.7469162533670202,1.8202236022388079
13799,1.862559476525834,0.9071618563475726
13800,1.8902994738937093,0.5837397710939268
13801,2.472374137322447,1.7915623499148667
13802,3.042614330623568,2.2448365411546383
13803,1.2274039903398353,2.24304816496701
13804,0.6713070776662351,0.6956696530391949
13805,1.4750934233171082,0.3980692943681587
13806,2.3655538385391535,1.1281858037651127
13807,1.7447222962402,1.3426156860724516
13808,1.6901183218755564,2.4270800599970577
13809,1.715317031524983,0.626687167124873
13810,2.5797123818453196,2.097509206081794
13811,1.414500204251719,1.268030025689396
13812,2.8387376422784802,3.38821731727365
13813,1.7789602457422375,0.5131186451172549
13814,1.9672937005315185,1.1861642620087034
13815,1.5348699997804587,2.6921857283681248
13816,1.4950241033349407,2.3945940038408224
13817,2.3958600464025026,2.3138019144553117
13818,2.7837278593532226,2.017773698931449
13819,1.5399605728446037,0.6205221066623258
13820,1.7645043306108605,2.272232171493175
13821,2.3228671240198424,1.9774294534611587
13822,1.6299418614554038,0.835240789129045
13823,1.5379264585059074,2.5128896203180733
13824,2.5801231816792964,2.1795316208712303
13825,2.1022160297705703,1.1334396035418188
13826,1.5171158724829321,0.16346143344207742
13827,1.1950331930326648,0.4121329845274036
13828,2.388301535397639,1.981324028672218
13829,2.184074250778661,0.6755388137432958
13830,2.953514854076593,2.2978541827597923
13831,2.0948133510477494,3.285770104947404
13832,2.1025504036017937,2.5707535006982263
13833,0.5989853914736732,0.13767876593662773
13834,1.1319208168881578,1.2815473461112175
13835,1.1554212498403027,1.1345526823746646
13836,0.9817555337095786,0.5028169822891867
13837,1.4890153129183914,2.076421818500102
13838,1.0767828580606726,0.28353042237821446
13839,1.9100143023869103,1.363752778400098
13840,2.0880028204225702,2.509971252300352
13841,3.091764326718201,1.6392271846028443
13842,1.3577461721529154,0.7234796494585434
13843,3.426231602341748,2.1862174782931856
13844,2.7924280518713416,1.210640701071379
13845,1.6919916068388146,0.8840991690058491
13846,2.300110687354059,1.9819404329929664
13847,1.6975039715011926,1.811245441052056
13848,2.076852507593062,1.0792761463477816
13849,1.0821195400072097,0.39374521138507895
13850,1.9363027073735117,2.307150901682215
13851,1.496627953733007,1.052084487325652
13852,1.6753102751185693,2.6021246471389503
13853,1.7802069873871533,0.4403492814544933
13854,2.5309721829940606,0.9517135086782039
13855,0.7480154484246002,0.24589494322829492
13856,2.053279000464226,2.226037584402431
13857,1.4252363136476542,1.7508058687724561
13858,1.5240631610025042,0.7234053761641442
13859,1.9424354890971087,1.5172599926252648
13860,0.8279855482881852,0.4583723098219341
13861,1.7629804095675468,0.7287063407023393
13862,2.470430769215433,1.5845714782068052
13863,2.749102403991088,1.880024872717478
13864,1.1559181379807058,1.5125841560156421
13865,0.8277490490762922,2.0842532882011997
13866,2.4073378531659375,2.6808085626182545
13867,1.2767426702621516,0.9172231252148152
13868,2.9946141636411525,1.2269365504657341
13869,2.0055311121640873,1.2563113450720511
13870,2.413512000822324,2.157643866167604
13871,1.3651947606281898,0.4394150621905548
13872,2.5905556640074985,1.7863763502277281
13873,3.1890063381148845,2.276827661685351
13874,1.3786414042801476,0.4802515842663958
13875,2.2755313146377545,0.9936287245764485
13876,2.2545193683270712,2.444932400428224
13877,0.809279552228215,1.2813397747085509
13878,2.074270582225697,1.747332197727634
13879,1.8737243964386672,0.882245382392946
13880,2.156492455281013,1.1226680693975057
13881,1.7205720275861023,2.0453377404518713
13882,2.1765837843878613,2.0071068773316174
13883,2.1964080296275954,1.8383485035472187
13884,2.258818943428458,1.7798371248975375
13885,2.5759175571058224,1.9365705739909769
13886,2.1851852127257723,1.3249020048629532
13887,2.1924804950106496,1.2796723531255858
13888,0.6465489085087903,0.6847854955413574
13889,1.6319384186069839,1.2036315146191268
13890,0.9713109242125602,1.9316298947176278
13891,2.185273872753898,1.438375094685663
13892,3.118864115662335,0.4021435067958404
13893,2.1218608534522283,1.4563141755903097
13894,1.1025549543377389,1.8732502540666143
13895,2.0937071073557103,0.466693970009543
13896,0.25866047312090457,0.12867717008626872
13897,0.8446238456765612,1.420819781445876
13898,2.0671928264323403,1.6466607503293265
13899,2.4415423341356,2.8065985129874935
13900,2.574050746645453,2.0545436303773177
13901,2.103995694063826,1.0992430982693078
13902,0.7644971128461154,2.5078023765432675
13903,1.7597361217951912,1.0871141465110645
13904,0.6921771224422157,0.1184605727596284
13905,0.8311950398923788,1.0792731679646108
13906,2.4494305205395386,2.3149582971237876
13907,2.336223907455915,2.697134682899729
13908,1.2687233598984555,2.2611936317515298
13909,3.0263532134410753,0.6959940251318956
13910,1.706596118555159,2.697706182568612
13911,2.4846243762205584,1.4031463518260423
13912,1.710473939148912,1.3324517861336351
13913,2.5683067697314215,2.057804213284433
13914,3.2397581340802257,2.8919063918997905
13915,2.257271416767744,1.3836206594081126
13916,3.554935369064337,2.3781654599279918
13917,2.1923569492746653,2.699584396116977
13918,2.6289814615357394,2.674856347736358
13919,1.3110487760254166,0.3912429490403989
13920,0.9306255966496197,0.30891461375383994
13921,1.7222832726210788,0.2763599023541646
13922,3.0589823255653776,1.0870911660578202
13923,2.1963210689671326,2.5413839979222397
13924,2.559162441845689,3.2903105779423214
13925,0.6301654769068363,0.2042655899358505
13926,1.3395811880934512,0.33875900552997357
13927,1.134854933562312,1.0584359571140758
13928,1.461643912649512,2.4153727763047805
13929,2.324374444294267,2.279966634542208
13930,2.2971703709080096,2.1722736641889733
13931,2.0387495794982575,2.4479236837270837
13932,3.069415316360107,0.3780439446811861
13933,2.2196387166838116,2.359946313477526
13934,2.698124571741015,1.984833881171787
13935,1.468991009180489,0.7437491542399998
13936,2.409900684847175,1.533928039746288
13937,1.1419050090801228,2.1351169680832554
13938,2.5778257173331474,1.9412517737724007
13939,0.1031724974533068,0.008861024571629154
13940,1.6780652629984003,2.4832161702502122
13941,1.49677417070804,1.8389043588251068
13942,2.52261614336574,2.192730641731004
13943,2.876625746566482,0.734006204601564
13944,2.233085293328412,2.2395646858434355
13945,1.6489897008307906,1.084739127577114
13946,2.6899132918314743,1.1675346301612668
13947,1.5683446963438503,2.0197758369582592
13948,2.235358766916042,2.1917395589011943
13949,0.8084122306552207,0.5692699591116045
13950,1.9395597503100277,1.0263595985803702
13951,2.006896284991601,2.3518174167644044
13952,2.014635780748924,1.680551364332303
13953,2.7294928403948147,2.6340520150838524
13954,2.462604074489935,2.4941988041674956
13955,2.489001300645937,0.8344995820722918
13956,2.761136993539604,2.422768073821751
13957,2.3622059724076805,0.6654349436601756
13958,2.600201242230718,2.2669938569214247
13959,1.9535161740280151,2.5173711018393927
13960,2.5039036914088033,1.4114380288684338
13961,1.1760507022914666,0.728573751364293
13962,1.8542819614345576,0.5550514987006313
13963,3.070723260257285,0.6016632665627032
13964,2.8020675217840214,2.5529624152229005
13965,3.4748650845499314,1.1704284845429829
13966,2.411713331009528,2.8020359750862913
13967,1.1047270391103448,1.0231131275561063
13968,3.1345512767838475,1.951026402584725
13969,3.0565665660065777,0.5825844514966422
13970,0.4086102632331813,0.15266995744320783
13971,1.536658002875882,0.3811197077035428
13972,1.9645289898945986,2.1064694874296195
13973,1.2252005835659068,1.335671237197312
13974,2.170036073571272,1.282716230961658
13975,2.226622931269246,1.9244772370361236
13976,2.1649917071448104,1.655275759461766
13977,1.864626025339268,2.1684075655130237
13978,1.9372700193737038,2.120319045334421
13979,2.6069363121330955,2.6628098894505405
13980,2.4692265951771954,2.8429585191508635
13981,0.6938397303041554,0.8350193321031211
13982,2.4278626998657833,2.0886838625678115
13983,1.593336868018583,2.565246868713026
13984,2.2720114502282853,1.5009876601861267
13985,1.6446034483729257,0.693110702679744
13986,2.4498515167194723,1.2205233396815436
13987,2.054726834954074,0.904298007214239
13988,3.107352024816105,2.0486815042412108
13989,2.117832861201947,0.7194970878936746
13990,2.1232101236031102,1.9418248453944962
13991,2.3188242837434854,2.10442627493897
13992,1.4074966046581519,1.6717229242753124
13993,1.440681246900041,2.7367752175276063
13994,2.1276244887421307,2.487291007971444
13995,1.7316327904286004,0.6697720546262865
13996,1.9298965929522651,1.1980896991009933
13997,2.648715790852376,0.912314676489096
13998,0.4867836925733505,0.919930325879045
13999,2.465410760954108,1.8334043697587388
14000,2.2661812356682085,0.4936739815564097
14001,2.7866234970765444,2.1978848627423995
14002,2.0469627259239327,1.9484907399618576
14003,2.0590838703685335,1.5662023233909241
14004,1.2789147338898081,0.26960435959180135
14005,1.9335802904335697,2.2765945692121683
14006,1.1471697656375253,1.760495963179356
14007,1.481865734039836,1.779332820453769
14008,2.2855289818089863,2.1175278221113127
14009,2.9385044963534614,1.4919054363401225
14010,0.5657216660906031,0.8227307483235508
14011,1.6940604302276183,1.514411885063907
14012,0.538648439116904,1.7023266585392185
14013,2.371112786125056,2.710602918623127
14014,0.8690399784997984,0.4307935481231512
14015,2.2633112601607213,0.5313827354789488
14016,2.2860615106659914,1.4880255203408743
14017,1.2556640657904097,0.9077598929131595
14018,1.6398950624427713,1.2413240759081328
14019,1.8559265220868235,1.2503160577740584
14020,1.6396884164751961,2.3117200304202585
14021,2.052263106744685,1.3737355912270397
14022,3.1337427020788926,2.604465795835083
14023,1.9173835535364985,1.6527208455582674
14024,2.71632423242353,1.4013433595109437
14025,1.9829129144901156,2.5734649186526646
14026,2.610550946958934,2.566441489924209
14027,1.8383851598883572,2.459705810583771
14028,2.444896379720424,1.6976019039608485
14029,2.1094987173034667,1.674786559577711
14030,1.5329127107536482,1.3039966253720865
14031,1.6450975420216012,1.375171583297067
14032,2.08697619200606,2.388664700363797
14033,1.2137376812095864,0.10630270112640455
14034,2.1709126017410822,2.0312610775126205
14035,2.452090476664177,0.5516476773316659
14036,0.49567121082915594,1.580673703263777
14037,2.1074420571229404,1.856196936932148
14038,2.3120508038164123,1.667980432146789
14039,1.9311185442905128,0.7115406713652308
14040,1.5949739204972968,0.28152106473581573
14041,2.826507379587731,2.762033804156643
14042,1.5272486228415172,0.9427146155311302
14043,1.5815076231105474,1.072335825669597
14044,2.078088744941741,2.4975883557770895
14045,3.094200279057653,2.2547681496511016
14046,2.9275564606560773,2.778313440624167
14047,0.9146600710388043,0.5683254009316092
14048,2.2212200503996113,0.7670036686875411
14049,1.1699247500717314,0.9660604636132482
14050,1.6129538210036152,1.305761921181728
14051,2.336445740360388,2.641187126305449
14052,2.1207211916324065,2.5648448627612717
14053,2.909341191188923,2.148859825356551
14054,1.4011505154359545,0.6421889408918389
14055,2.254722119518864,0.9857623985997219
14056,2.6017762456815716,2.484678957440114
14057,2.1651813573058165,2.430436258288043
14058,2.4418729209605714,2.565264228464402
14059,0.5630339439051222,0.2805725411243994
14060,2.2278007722384463,2.445656671352904
14061,1.6687952118092402,1.5378498001803702
14062,2.4985196532450193,2.7197559168333516
14063,1.574384652040374,1.0047641820550777
14064,1.3534493227805158,1.5241504504906729
14065,3.254969276462985,0.7437224781863092
14066,2.224320756375696,1.9675450445603004
14067,2.601882947382555,1.6928934146161059
14068,3.127272865274444,2.5955735716982575
14069,1.9619900838256237,1.5038576038539913
14070,2.3360887262969565,1.1064984221052236
14071,2.324332378013383,0.9200299879585248
14072,1.875692512576077,0.8993444267832024
14073,2.3297820653237067,2.6895473644010797
14074,1.9569809764660895,1.6898365203578756
14075,2.9697417058267686,2.4003214013167677
14076,1.8296618143231094,1.8912267336498612
14077,3.43734568855674,1.204360681274885
14078,2.3977623178020937,1.1970618562588773
14079,2.3204976190982514,1.0236016910130963
14080,1.5092013604421035,0.1864378201296275
14081,3.0296932616331835,0.5023915509592831
14082,2.1842177845633155,1.400393317793628
14083,1.621298413954923,1.4518538479441756
14084,2.3496010740653865,1.7463297097789805
14085,0.6883549213782846,0.5223317342275623
14086,0.7648572776334196,1.0207056018201408
14087,2.4045972489632637,2.5090829366497154
14088,1.0399007264379208,0.591289458064249
14089,1.9482351948731325,0.2813388632671952
14090,2.508336529572044,3.1100976825717708
14091,3.410368326619869,2.5364793850959297
14092,2.488584253709546,0.6610686053182033
14093,1.5670367991779015,2.489342824510729
14094,0.8987714029982031,2.5662370321325456
14095,2.4681921728461225,1.3287940467671147
14096,1.1594096155448426,0.23497312912441648
14097,1.105109486370099,0.6751181957454607
14098,2.4539186709531746,0.699098415810346
14099,2.3624725548581993,2.3273989211180375
14100,1.88014734042524,2.183827132262003
14101,1.689512497450546,2.0881099507315573
14102,1.988537440984829,2.1779552784039127
14103,2.528750350494656,1.9181336604191588
14104,1.7784129979334338,0.7400189497831461
14105,2.607797229208771,2.777705382767434
14106,2.8553165734895467,2.015190522193424
14107,1.1865364003947778,2.5318507147636753
14108,2.606202306867938,2.4616370517738773
14109,2.1122014552876838,0.6173012596201978
14110,0.43470326689002325,0.5446258982473957
14111,1.076537232509075,0.6975244216825611
14112,2.15181605568793,1.2753176259595949
14113,2.000718023610218,2.331637496220664
14114,1.828785912997263,1.5704318886901298
14115,2.3216088053986743,1.2613159964852134
14116,1.0174974485063395,0.6373786215376169
14117,2.385697967866657,1.4982716526741042
14118,0.6962710323470335,0.1486707271233298
14119,2.3265037033136595,1.6468592976205192
14120,0.994802333179102,1.8308194502304342
14121,2.2675466478532247,1.069915734045689
14122,2.343627171063465,2.5663879120095614
14123,1.4318913177791892,0.3289752166354573
14124,2.492608565435513,2.8408447211089345
14125,0.4666342690634099,0.284315311855053
14126,1.348224678907945,1.2307848503665058
14127,2.117771656202258,0.8757242287333397
14128,2.0911273664764543,2.6112297895872154
14129,1.7123078068218536,1.4808932561530521
14130,2.284798201850852,2.1472642364089896
14131,2.1108211257640486,2.489525645670966
14132,2.3851316773053326,2.632255374025732
14133,2.042523524974338,0.6551335507693556
14134,2.1843281715884943,2.0746001877225466
14135,1.2130911972333327,1.332325066342458
14136,0.8146555868494645,0.051868733050060435
14137,1.8554373229043315,2.3626449205442435
14138,1.552971649013776,2.300713551089499
14139,1.2664920244555535,0.6714622379171187
14140,2.2569133923517484,1.3303650502010977
14141,2.252468826762886,1.7144410555386929
14142,2.1458561129574316,2.123110325759113
14143,2.1049580361298843,1.559996634426683
14144,1.8714912758873645,0.9486571748908167
14145,2.664411910424816,2.7391037765029984
14146,1.8057823990549302,1.2075379890632711
14147,1.919342400316762,1.942156634945681
14148,2.6015901205788894,0.5608217545275012
14149,2.0528084929227037,1.3213864450719899
14150,1.54089049758191,0.9764374167304688
14151,0.981209919735031,0.7262734651198366
14152,1.7642891352505603,0.4733166451629884
14153,2.0368019012816925,2.006628018339593
14154,2.123573519937344,2.256404043887079
14155,1.4735137321940295,1.3866602778452246
14156,1.7209641525921895,2.0231976928156805
14157,2.2208564742154926,1.4164701888419764
14158,1.8293877555825375,0.8392973077433018
14159,1.8500131418441241,0.8351883983120107
14160,0.7325817456663399,0.3709008120049201
14161,0.8816542483592317,0.3098193691447082
14162,1.0296385085817532,1.9618564932913192
14163,2.1466917275562634,2.080536300458755
14164,2.7276850819093834,2.7785955499546433
14165,1.2436341845623924,2.188309464350921
14166,2.5530644506144933,0.5829537657059106
14167,2.0567412228448294,2.0149894384924343
14168,1.359531546709409,0.5466960396657097
14169,2.5153833307397275,1.1327206409405481
14170,2.126139152214725,1.493253304751972
14171,2.436635756248481,1.6659582391263608
14172,1.1334860942731322,0.5889947779447311
14173,2.3053678168060157,2.044686457880111
14174,1.9016134271809328,2.6413097191994552
14175,2.544961793784543,2.122600046073508
14176,2.449182780469959,0.2132652170076798
14177,2.0828093450214453,1.2419683824987626
14178,2.72934376873386,1.931088378032493
14179,1.501017716588412,0.37978040660975704
14180,2.4530519263062613,1.6252423042243886
14181,1.9440007597923186,0.7242696895181184
14182,1.5253638282093942,2.0360935064427315
14183,2.2519304360938497,1.7439859603285133
14184,1.2592256218337399,2.1119998589646705
14185,1.7137372958185477,1.298164177329202
14186,1.3285144265568667,0.311436231080576
14187,2.3205013612837035,2.723536585146534
14188,1.4714831742241044,0.7244637387169999
14189,1.7487159534427323,1.4738909813041385
14190,2.484082518723947,2.4982747632179994
14191,1.8281968041399244,0.4199868526208695
14192,2.5644137039671104,2.378673034894202
14193,2.910342418259748,1.1279507146679364
14194,2.4898685982063076,2.6242122544995903
14195,2.993356192423246,2.142643899050252
14196,1.885358288737659,1.1631278635699618
14197,1.0978498225290099,1.2992583338614796
14198,2.2580220142264262,1.332808568937325
14199,1.7837899717819976,2.3759054939818953
14200,2.11745570404566,1.5142109067373393
14201,2.7191201026979,2.732557790851455
14202,0.6984778459534332,0.33198086989409836
14203,1.8242352809966187,1.4061316247748619
14204,1.5695569629974067,1.6321900802872813
14205,1.1434739317285103,2.628729893424571
14206,0.7395525302482662,0.036620980698876024
14207,3.508229454719734,2.501207584837702
14208,0.917561304870451,0.6997125112749752
14209,1.6206029703064806,0.6912445972380016
14210,2.8091640853244204,1.5874389404988098
14211,2.528434428588419,2.314848161697458
14212,1.942727607835345,0.6252792504849781
14213,1.885429707648481,1.136871393244911
14214,2.5875848511235655,2.5306350694684516
14215,2.700406085315394,2.0819634236775197
14216,2.759704116470531,1.703852273285633
14217,2.445691283907316,2.454140388174612
14218,1.2430502595961948,0.07829406588759065
14219,1.8427435122198477,1.4860414008799834
14220,1.8436676047441476,2.458605840535327
14221,1.7211506441109439,1.7842082765026952
14222,1.9760042245040632,1.0238987419987449
14223,1.699722802564066,1.4428961430067389
14224,2.5070193710921362,2.7351093475057757
14225,2.58922432130107,2.4684319740553535
14226,2.4898742730693195,2.272376975158076
14227,2.443106559534246,1.6825858814695762
14228,2.29110496658535,1.9276301462931
14229,1.5061387126216228,1.3662849985201992
14230,1.712863677575795,1.3351773438914794
14231,0.6475309103297182,0.5402696520882713
14232,2.363603352797556,1.9596327779857805
14233,0.81487889768335,0.5220938867079478
14234,2.119623240651178,2.217553661903444
14235,2.2372920643716103,2.515297627535915
14236,2.198640696139765,2.3106013799344676
14237,2.928643337828302,2.523690152216733
14238,2.851266062543339,2.194463812958235
14239,1.5542654699055045,1.271246749994664
14240,2.4520357915971984,1.726584758881481
14241,2.450573740815465,2.3634440149770106
14242,1.4185218117921288,0.5039869744940282
14243,2.788401242978411,1.9539683820122815
14244,2.7342089824536333,2.3635996658610074
14245,2.4232983108451416,1.8971614041320024
14246,2.2303740212481022,1.0181054233048417
14247,1.65283203488957,1.8288931502686303
14248,0.2121070772130894,0.31716036071202525
14249,0.7625157801430016,1.8032161253417642
14250,2.136559500731437,1.4004402684397967
14251,2.144198651320225,2.330643456390026
14252,1.7852964898947863,2.3540648280021217
14253,1.1222018212577085,1.0908164178343425
14254,0.7946778137402192,0.32618284166444733
14255,2.5871656334672033,2.3834981146988414
14256,1.9087945434150178,1.4587107010064726
14257,0.9953738577448334,0.7460560056987899
14258,1.9988948650331515,2.068603044996941
14259,2.4541471765351237,1.5559932515726373
14260,2.5296862576702117,2.3251960394294757
14261,2.5922197166626226,2.0180541689139546
14262,0.7129456210060945,0.3345646384349294
14263,2.1139710163385157,1.0176273224753054
14264,2.034172450686854,1.2109710576298485
14265,1.4504715394780217,0.624774482335888
14266,1.9824417945592359,1.3654175213751067
14267,2.2473190448588496,1.6936792507211031
14268,0.9439494392526389,2.167796382174003
14269,1.8560682363437147,0.7722384846464204
14270,1.972937621396603,2.4855843264338007
14271,2.313376181332444,0.8387230789462791
14272,2.044149938061609,2.173987263874593
14273,1.8494635197627645,2.405421606194484
14274,2.339928442903091,2.412980319281625
14275,2.494699062043104,2.713848482823819
14276,2.498776174262065,2.695448552200698
14277,1.7582612532540896,2.29505501365977
14278,1.7476356981613306,2.154128810090911
14279,2.2467361301990896,2.084363757826014
14280,2.0428986197805297,1.913260855844768
14281,2.0918848091141475,1.9075415364887014
14282,2.389994058630833,0.8064322401133661
14283,2.401437803625549,2.210178905048466
14284,2.3366562906830235,0.5233709768919901
14285,2.524035557099719,2.5471522160854536
14286,2.475083411505801,2.6839993614929663
14287,2.5623410742797947,2.340401096089902
14288,1.9921103412014747,0.7352930080213521
14289,1.0259576099426906,2.0382222731728112
14290,2.692853821542982,2.6043762623189615
14291,2.0972547603311487,1.7751648447771973
14292,2.119794323002833,0.9284284300527319
14293,2.5842529021946836,1.8518862956725772
14294,2.83082797045878,2.2282560746327804
14295,1.4064765094974414,1.351873520345215
14296,1.4034485426127596,1.60261803119292
14297,2.972320954111096,2.091736958206638
14298,2.0061099780403975,2.706915216382582
14299,2.1663887802944335,2.0628680147862455
14300,2.024171729813508,2.0241571248382964
14301,2.5256567364140365,1.8981379124871824
14302,2.4343660065521466,2.63651153599793
14303,2.571678726316876,2.919692045622757
14304,1.8233878623382058,1.2325266959732986
14305,1.4472941962391996,1.2136044568730637
14306,1.3964289106295034,0.7928022005725729
14307,2.17574732398762,0.971121368217358
14308,2.7918211774694117,3.3668001153556024
14309,2.4118722996021313,1.8622642653761625
14310,2.1245889242453737,2.3659631621733523
14311,1.5949878979788772,0.46386389238870623
14312,1.3775918775365212,1.5877168674115218
14313,0.8735558239005541,0.5401265439082028
14314,2.9825890371096944,1.2595423029385937
14315,0.5540360267451305,0.8909703190046931
14316,1.6767243834779373,2.495379499990736
14317,2.106051819365439,1.3185290624137977
14318,2.077487724606847,0.5022004564695509
14319,1.287146814608029,3.0294599362527914
14320,2.0655872607375296,2.2375496739616314
14321,3.0315174056206553,0.343394718449952
14322,2.4573189298064837,2.55449720733937
14323,2.267375692259284,0.9420716978310818
14324,1.8014512192578245,2.16607195098643
14325,2.3369106370170796,2.7464876945033816
14326,2.471860804940171,2.4633463361507815
14327,0.48986548200632823,0.30540510082794625
14328,2.465277316467077,1.1780849926007824
14329,1.1696927295171398,0.35336172620816436
14330,1.840870074915862,1.1045457097019649
14331,1.6165194816192958,1.120694240976403
14332,2.5179108847136096,2.2330155168069856
14333,1.7840445360380026,0.16138796812857534
14334,0.7862841666291353,2.1859481296937844
14335,1.9163135775911102,2.331008644804919
14336,0.5956125656416165,0.37523365719591706
14337,2.6095542699461944,2.409653063088131
14338,2.4733622524184726,2.565928465116968
14339,1.2471546471789372,0.7480645328586947
14340,1.6359013100487692,1.9971539584083415
14341,1.7205967571591336,0.6995591784801709
14342,0.6725511445582778,0.7308126968872162
14343,0.7107721059556522,0.1172950018127677
14344,0.280607319369782,0.12274627827160978
14345,2.224932782975304,2.719324836720737
14346,1.9028851418760289,2.4537930260392815
14347,2.057698695752806,1.3546915680146505
14348,1.985723423363121,1.134767101146234
14349,1.8080730412329313,0.9193074779970288
14350,0.6057814507806137,1.5168515343750815
14351,0.6591203084158712,0.4370082689980824
14352,2.2400564167984642,2.2537184091062294
14353,1.8321595660036198,0.6081854318317104
14354,1.457150580744523,1.1373943425140731
14355,2.5889916331078586,2.866500274194007
14356,1.0237724246660513,0.4137031080542021
14357,1.7151156571604025,1.0315813209389153
14358,0.9609079017179144,0.43866975826838533
14359,1.8321418624974433,1.7010210629307247
14360,3.4175706268027057,1.3602070978216267
14361,2.5375211470552475,2.267144764688671
14362,0.8371405705616309,0.44452343656446885
14363,2.647402777897497,1.3351103006230045
14364,2.7015488852469502,2.5982135627486627
14365,2.6052498297020104,1.2003559973679814
14366,1.271178069308087,0.7301197578646261
14367,0.8334274324270121,0.12271322565200851
14368,1.98244171511142,1.0215398765875328
14369,1.9984859548179812,1.1324623274360677
14370,2.5719225752410284,0.9564758507262237
14371,1.4298229421003084,1.0238845665967635
14372,1.8221575863957742,0.18552364180890626
14373,1.3191136465100988,2.839872855655852
14374,1.176862061640865,0.9181658307059622
14375,2.6373935244552147,2.3545341506404966
14376,2.450673762673857,2.76217325717991
14377,1.423331943567705,1.9476430229854385
14378,1.93027701887637,0.7256286191374717
14379,3.4955349891805625,3.3845696341491767
14380,2.6565966131092336,1.5870715633849422
14381,2.06440633732348,2.5222936326163867
14382,2.5325142149518935,2.544300261636141
14383,2.3044119553029487,1.7816873483265212
14384,2.9324948637112747,0.3287388695240944
14385,1.9509027209943761,1.0831461707634698
14386,1.1926823397366697,0.5608137542131192
14387,2.706906877037836,2.481269441222321
14388,1.1082592138869993,1.1156255863264284
14389,2.290868769158524,2.6951716014626736
14390,2.9198519703269628,2.8676931448321854
14391,1.7697915968210336,1.4140529295444384
14392,2.046468808419342,2.369694196911897
14393,1.4861489595079045,1.9600379700302641
14394,3.4221215784445542,2.455603212379379
14395,1.7255736542829998,2.09483302491388
14396,2.9415948208529037,2.682256514629941
14397,1.3207287127522442,0.26782705380775457
14398,2.4418002352816703,1.8105906645408527
14399,1.4952209518895254,2.457880612049215
14400,2.4365946006345727,2.903442031227371
14401,1.8963797903063901,2.257201260123399
14402,2.435454136508179,1.1682884996784546
14403,1.9562062937651317,0.9468917908439893
14404,1.3365915838076141,0.6528481151586548
14405,1.4770695054749503,1.0194797022354716
14406,1.0373047552748644,2.2608104041316595
14407,0.49586835944461644,0.09486725758097722
14408,1.2017092184608844,2.6597630579539255
14409,1.7040477863289816,0.41054468953575846
14410,2.2554971514553124,1.3997035729933558
14411,2.3163515604740317,2.1740540796487826
14412,0.9389248269156918,1.5155317590592252
14413,1.2305811796527477,1.3833568248764343
14414,2.405272465717493,1.898957976984774
14415,1.8478816225641412,0.7503394493409923
14416,1.3138242114066199,0.18726613744417156
14417,1.8512516420948437,0.7921697124036189
14418,1.2470209341579273,1.8318423638351495
14419,1.0254935183397875,2.310451483314084
14420,2.0708612956555403,1.4384757071362886
14421,2.1147202079125056,0.8214580265226674
14422,1.028570019372465,2.6833047601000226
14423,2.395585337625541,0.5654016197319555
14424,2.2503720475627937,3.0725092441469686
14425,0.8645162993068665,0.24486072470199655
14426,2.521246503411014,2.5538815853749064
14427,2.4109098500214583,2.5659988730030627
14428,2.309221256826236,1.3941216159841356
14429,2.6390533776144713,0.908037954544138
14430,2.4017818082089173,2.5363685238675093
14431,1.6142003309247432,2.553093640254089
14432,1.92123183913524,2.041737581006436
14433,0.8523583106773552,0.347325277795816
14434,0.6458214197253852,1.0217373905990126
14435,2.4583218181382223,2.52492925698925
14436,1.1093349004290172,0.8003146735245674
14437,1.1202922537197653,0.1874619848777964
14438,2.448184243690985,2.2314701752563977
14439,2.627584885094746,2.602249936045805
14440,2.1459780605158385,1.9150660330952776
14441,3.02054830289218,1.188078025436412
14442,2.5295919323383034,2.217920954693078
14443,1.8750704827349713,2.2058055960946734
14444,2.3471824501149965,2.422998187456769
14445,3.078063177311581,3.027204127701457
14446,2.646293981851372,1.3449543867500853
14447,1.468091070347593,2.2358149736925506
14448,2.370221803823516,1.9879841477899942
14449,0.436149011250749,0.18619393182724903
14450,1.472457249119593,0.25941437224775094
14451,1.9129962511504603,1.5353722294778185
14452,2.294218822859075,1.8791088167451928
14453,2.3003226179172223,2.2118318630981797
14454,0.8617400360056443,1.8341001906729701
14455,2.5266341476384646,2.491066145839134
14456,2.343558495964916,2.3823839169792183
14457,3.0997762548811862,0.8755254258438054
14458,2.320517020036948,1.9513254589437914
14459,0.9520080343634956,0.8083172599171988
14460,2.803936106230092,2.4898682977768236
14461,2.681742116139249,2.35718430023431
14462,2.3175613337511667,2.1713417097919216
14463,2.4885869777481195,2.718003269267809
14464,2.7030724137289077,2.7179660643653496
14465,1.9296845425164815,1.4173999526701813
14466,1.697447703988713,0.7086544755232816
14467,1.9358436812688824,2.273729236294962
14468,1.3374476984877828,0.9631020132672233
14469,2.252168934212556,2.08225339490133
14470,1.7742685508751976,1.8111019619198847
14471,2.7429060684878075,2.356963943715767
14472,1.1883523419642879,1.0959420432735911
14473,2.393972812963883,2.4415839642705963
14474,1.283683200507467,0.2834883735608593
14475,0.9835731331111114,0.42032922385822263
14476,2.220573851567497,2.456638671231403
14477,2.3736022739174505,1.6263738011399258
14478,0.8699991122402004,0.12153134685059655
14479,0.9051113657513818,0.44801140379510557
14480,1.928066631402252,0.6334516598582887
14481,2.571210542912678,2.2832842436761744
14482,1.6210030710005896,0.5097650418157054
14483,1.6715331161608642,0.32170189108332026
14484,1.1075945111576047,0.33774410564747476
14485,0.8278167052034483,0.9454977869166222
14486,0.7551960388627565,0.5902260531959616
14487,2.12192122677993,2.364292714990939
14488,2.003929192016091,0.8343411396830072
14489,2.2217479431757456,1.9914985856708294
14490,2.5463686513137103,1.7665588998456785
14491,1.9543930770360536,1.942193938520806
14492,2.0876210986053927,2.3088646875786965
14493,2.7309634665495177,2.5123701585587894
14494,1.1135943907844454,0.1766452139176657
14495,2.0150444032371038,2.2890270918786793
14496,2.3050516592450765,2.3507773328747144
14497,1.4313142787894295,1.4215006315519478
14498,2.5202668787129188,2.285183676386415
14499,2.436700995774243,1.6348464515855072
14500,2.123918674189374,0.7788156307654088
14501,1.4997723490502703,2.4949601364414433
14502,2.2151670168830386,1.9190859576361208
14503,1.371666652744351,0.09583556367612375
14504,1.6278455728133303,1.2093466548381258
14505,3.16870730955633,0.6788556663211438
14506,2.11157897927934,1.5909869277176085
14507,3.1263165722739994,1.7578261918163824
14508,2.5934270024047112,1.8602628410962923
14509,2.1854661198825887,1.6978258549939016
14510,1.253152280019307,0.6346587518114545
14511,2.6765917810378834,2.1304084493254085
14512,2.280969609776654,2.5778723957183374
14513,2.551396563035285,2.011011859468735
14514,1.4421012664258948,0.31700290187385805
14515,2.286763414758891,2.5862771709097117
14516,2.0683429491726955,0.5344300431853329
14517,1.3882178756218277,0.23640419693658898
14518,2.38986100650958,2.225105718023246
14519,2.053651282201836,1.9560027574661525
14520,1.0359944484051395,0.6275419493677107
14521,2.0804953025974164,1.3060531407851268
14522,2.1653452462909963,1.8066231813153328
14523,0.90223048584245,1.5884804194806683
14524,1.5828357739670398,1.677084598627151
14525,2.5944440176393755,2.2307740112551757
14526,2.399247044459522,2.4889169032543643
14527,3.220391818284145,1.2428977113863546
14528,1.285667403102834,1.5634246482231766
14529,1.8486416079140913,1.5095140855518059
14530,1.9910755861871257,2.694825590096753
14531,2.0041211343553536,1.4234922017793366
14532,1.741789743534702,0.7206210728408259
14533,0.6462389229356165,0.7791860884080959
14534,0.6773106684015665,0.22348829007200266
14535,2.6323415529533776,2.4084951976699362
14536,1.0913238233537412,0.4628411541904567
14537,2.3692854665569825,2.6215077396051005
14538,2.410330558829979,2.105497369463258
14539,2.1470329429820807,1.1707360541616125
14540,2.1005146662864798,2.891416616432118
14541,1.587577505106358,1.2260901566691387
14542,1.5308909057071212,1.7752472858729966
14543,1.866216856750681,1.2354931354699994
14544,1.1527953176972612,0.7279852670098719
14545,3.4510106691927067,3.2587600542167183
14546,0.7546149800130658,0.9298808400729399
14547,1.9352507933518308,2.1816782837052835
14548,1.8752895927858189,1.8839648530278705
14549,2.2179949952367246,2.027834921849251
14550,2.5056213526432307,2.9185458180846426
14551,1.9311848604779545,1.7839267083524788
14552,3.2709055803162275,2.5438124808377283
14553,1.152342264838813,0.34656492174518383
14554,2.0182163193430704,0.5448784003386141
14555,2.32599055696158,1.9881592861368615
14556,2.1555121810655336,2.25964105485945
14557,1.467175291477737,0.15448709601713784
14558,2.7783185140594657,2.226459412621706
14559,0.4884492411073281,0.8039948210641489
14560,1.005901818654567,0.1017104061007084
14561,1.9170672993069708,2.3725116109460416
14562,1.2883071720347543,2.063104609594618
14563,2.6178212510995564,1.4025904734348715
14564,2.3733261940319297,1.5765266001099691
14565,1.5746235174367469,1.265150967527162
14566,2.859157127513373,1.1058502774581422
14567,0.7576220834325593,0.15472613647781122
14568,1.851348309814757,2.0374423134476807
14569,2.3355531474158018,1.7766483909507658
14570,2.1361868118706298,1.6064978148988924
14571,1.6374731699288987,0.8842722978795152
14572,1.7400415714382078,0.7238296674571493
14573,2.5089723182652683,2.801113746880394
14574,2.1927714515631367,1.3475474532438958
14575,2.258616501514367,2.801329076031201
14576,3.065478014628937,0.9839203457577361
14577,1.7820337377141229,3.0055937326917688
14578,2.4609327635681955,1.4668513249725352
14579,0.525678440468303,0.5490256325238606
14580,2.280646597062649,2.159934427042517
14581,0.7255057673756675,0.29868526452321914
14582,2.270439067605151,1.1391069371030302
14583,0.6518375692281827,0.4949785805967815
14584,2.7465614489873524,2.1230738726999254
14585,1.835842546571889,1.0406494125293038
14586,1.8676037320754053,1.2909320738805643
14587,1.786582970621659,1.2802358190846985
14588,3.033974495779709,2.8228795339790516
14589,0.7436303091322535,0.9380037068364987
14590,1.4309656269349162,2.155204727957913
14591,1.4989637468618426,0.2056301295819505
14592,1.211591881037299,1.126396336089708
14593,0.8264050029843237,0.4698047052095466
14594,0.3120714652028919,0.35411592418062965
14595,0.944498833484691,1.4682992804372486
14596,1.2365783265753651,0.3587637129905628
14597,2.1165098984609045,2.496106689354335
14598,0.5187065811430981,0.4280757720104927
14599,2.5352268467208328,2.6058948199445005
14600,2.1268843028890996,1.852841769445699
14601,1.5799167758079704,2.9812829002693504
14602,1.0854703925288964,0.9967549669742175
14603,2.693533157776199,1.3968947427085645
14604,2.623248503269292,2.108409202800794
14605,1.8640512297098357,1.7828541186143987
14606,1.6479683726492163,1.6594576765720082
14607,2.0338029247434033,1.5858745793895799
14608,1.5337657354732204,1.4722947024415434
14609,3.4688098110403227,2.591377784609603
14610,1.056374132174819,0.7680619862285877
14611,1.1101381494909186,0.4247177237156973
14612,0.7641454777292166,0.15431351079985922
14613,1.9444870633905653,2.4476191129308824
14614,1.9696881536466966,1.1052745446662033
14615,0.7574534764577041,1.7958638031525291
14616,2.7129108397086306,2.446264814259919
14617,2.3079440465586925,1.314869427171495
14618,1.7607207843666208,1.262827832932301
14619,1.7527962610214967,0.9125535055521308
14620,1.5545421680676015,1.8125742005716032
14621,1.7249762986566626,1.9389618338579984
14622,1.9881855805593778,0.7692639468713693
14623,1.3341693946616444,1.7144423133404874
14624,2.0309010368129856,2.1623582288706693
14625,2.6489002561144277,2.6543813467136177
14626,1.7096158415121168,1.4527372529277893
14627,1.726047902044837,2.6065045065986396
14628,2.5581089562069046,2.588756726091591
14629,2.3220114800215703,0.9824191018556873
14630,1.7292716202624077,0.7612997101264025
14631,2.2177634009334577,0.5295527642211536
14632,2.1983832829550014,0.8095175704771035
14633,2.408518067155351,2.4790481559898314
14634,2.314692543008337,2.5135990174345566
14635,1.8701543167952022,0.7388529027359206
14636,2.2302980371848973,2.810448209092101
14637,2.7922312837173093,0.5887174489627032
14638,1.9295664661953775,0.9578975901619701
14639,2.7286868575538015,2.46737718681262
14640,1.6689287734730773,0.4794033098698358
14641,2.3436722398080567,2.5091420117453063
14642,2.024750250137019,1.177502074052736
14643,2.4734095399787566,2.129682242809852
14644,0.7828450205497673,1.645207716727875
14645,1.344043194801657,0.9993675470391864
14646,3.3926440991353894,1.8041304242836067
14647,2.3781642451540006,1.324285720809743
14648,2.041681132306244,2.3797539153336995
14649,2.771458996190044,1.2306288157370886
14650,1.4698826760157522,2.537592608683087
14651,3.0216294272348803,0.6468664281028715
14652,1.9609694228872498,1.4536153774352962
14653,2.697082531850861,2.6818962898686105
14654,1.7946830452077374,2.275419050380586
14655,2.319813474723833,1.2953406965716179
14656,3.2863404291157434,0.9197739740317299
14657,2.2649616314990557,2.4118061110939397
14658,2.328890106721868,2.478788317370745
14659,1.9789144821726494,0.9056851237153144
14660,1.7729059583665416,0.6222759162918322
14661,3.1359521035369027,2.302418086621946
14662,1.07497415445082,1.253491458455835
14663,1.1143516382920107,1.3778520585467282
14664,1.426232448299673,2.4649788654837117
14665,0.9527482373534558,0.5583904312284615
14666,1.0579661907931524,2.2959430872323097
14667,1.5228076587977484,2.5402635221937517
14668,2.123245553956637,2.2834447684497508
14669,2.7120317525664754,2.409821719995004
14670,0.8304657975690699,0.10072160779258503
14671,0.4077050376749422,2.0199254188551645
14672,2.2546205066300513,0.09529203977747325
14673,2.4012858882979136,0.4537363574960599
14674,2.1098938560541356,2.9080735298832803
14675,1.5705906929568152,2.135775426095206
14676,0.8819428682303908,1.4893691180837105
14677,2.3153158533881566,2.0755986735275966
14678,2.5359312590685716,2.6272620002015503
14679,2.2042338199438656,1.6388547374726883
14680,2.012271596949454,2.2908214005781304
14681,1.842527291066587,0.892005619569992
14682,1.7876585393348898,0.6718537776866644
14683,2.629800766248998,0.9639654568989354
14684,0.41223335002118244,0.14758396865029438
14685,0.5723182768807331,0.12019541856090471
14686,2.287163080404623,2.70330120247627
14687,1.5767104566165069,1.8824640551365208
14688,0.8770755881981652,0.7303265428751041
14689,2.1733391037002727,2.6476880789457233
14690,2.6482473543508935,1.3108763416406188
14691,2.0559674741912586,2.297313771749731
14692,2.5448985872579457,2.3072029215257337
14693,2.587989468375295,2.586854153426178
14694,1.1891997846545672,1.2962674013585767
14695,1.9985818131160815,2.5043426929574344
14696,3.456881940620128,2.3270501129173806
14697,2.443767744561622,2.283034714619496
14698,2.589974613690798,2.480559190941917
14699,1.9024709129975677,0.9185970795602044
14700,1.7047454085976566,0.9939328289874917
14701,0.5645253398661065,2.11012986476365
14702,3.539160844898601,3.145517375863758
14703,2.7567373131172612,2.100571685726523
14704,1.6546657723911524,2.508529114315199
14705,2.5472352277763997,2.0621826690558187
14706,2.18210882847657,1.5649952034870183
14707,2.1918269574027764,1.6151101856707868
14708,1.3250713003533017,2.015059770546039
14709,1.594803364145306,0.6545880828552846
14710,2.501146746993978,1.905228829113087
14711,3.0512992304498545,2.6489117911878317
14712,2.4032263802437566,2.0491707554710015
14713,1.6721845365944745,2.387343693828368
14714,0.504899368588977,0.807068394288637
14715,1.3058272636228005,2.7232924171123765
14716,3.1969638117667136,1.3182161829111874
14717,1.3002848201506954,0.09734287434575317
14718,0.8753305634016482,0.6201832456138633
14719,1.0864117632011028,0.13232546778465484
14720,2.6533289563102325,3.0060350436689807
14721,1.3223607513292002,2.388872704423143
14722,2.347386762297514,1.974894577951818
14723,2.434121337878349,2.4886779006138875
14724,2.5931226052620264,2.0088248503765334
14725,1.856514325554163,1.0253294879903478
14726,2.0147262827716643,2.6945191780753803
14727,2.1737443146143565,0.6772785819857942
14728,3.067047952830127,2.6208310577486444
14729,0.8484743980673604,1.4161260235892388
14730,1.7729558248636568,2.462969797132013
14731,0.883998504383867,0.4047856798774987
14732,2.441642003367523,2.066949998589626
14733,1.5980528676483559,1.0155363680719764
14734,2.0296655173645024,2.085669211509112
14735,2.593242254671252,2.6001947704924158
14736,1.874931112082198,0.5745418736153904
14737,2.5167070917488443,2.6479122069202132
14738,2.589652495435711,1.422040455419755
14739,2.478725141883655,3.1804542020488697
14740,2.436812699587174,1.6219518522704597
14741,3.5916886284881655,3.0655437276598767
14742,1.345242961157095,1.5652812678021464
14743,1.79462995782949,0.9095493836002592
14744,2.461237818915594,1.7799548827529286
14745,1.1452485963825463,1.6965984337657076
14746,1.7183487341354204,0.5052682382912127
14747,2.333796274169827,2.4996930737816645
14748,2.344082769766505,1.657471465316625
14749,2.586438923305933,2.116758498226726
14750,1.3556238389058552,1.1926890226624083
14751,1.9577770430654455,2.418761565032987
14752,1.5831232674464988,1.8195011954519913
14753,2.523824708472689,2.380389279519969
14754,2.0319603319155455,2.5965584893806173
14755,2.108783764187727,0.9779465111579794
14756,3.6066356884478115,2.1711049650432837
14757,1.8904266809212038,1.6005458018685246
14758,2.201333799917593,1.131094066405614
14759,1.9990587542311937,2.4743889556500016
14760,2.5243952007880437,1.9487751687004542
14761,0.40352873755569346,0.19094530231444282
14762,2.3443011523881974,2.344671305316654
14763,2.580719700946468,1.3006939904003065
14764,2.528078546763051,2.301055282651575
14765,2.493271021332479,2.5230834955116452
14766,2.580857481292928,2.378357868433453
14767,0.8804287873015579,0.1389795511016731
14768,1.7207915031359449,1.1179341179872702
14769,1.6749210278386109,0.40843150661958016
14770,2.563716878583441,2.7964349772740174
14771,2.9990567414234333,2.5261168565823517
14772,1.7216382590080384,1.0850599524650566
14773,2.9342163911993118,2.278204866731468
14774,1.532981169983497,0.40184018372582964
14775,0.8675725434697041,1.8037479519202673
14776,0.9683966374081987,0.4257253864597975
14777,1.8777514162238034,1.0031741668697682
14778,1.3301257563109832,1.6309634579138825
14779,3.101683884458889,2.9190675351608832
14780,0.7447359284340662,0.6124755707129019
14781,2.455178939777582,1.0265572447666447
14782,2.5268842163636234,2.273013580555895
14783,2.6194617946865897,2.1763933201338364
14784,2.2856068054637237,1.9763392766409729
14785,3.011977754534075,2.9673289850767364
14786,2.003871304650275,1.5292900702518886
14787,2.1491699090323513,1.7094419706596844
14788,2.2901643044167366,2.937849599267867
14789,2.412640625025075,1.2080532512985775
14790,2.413935367076129,0.22715037515827655
14791,1.689790226848337,1.523887210625312
14792,2.668982358957865,2.5931441270582103
14793,2.2374797524350316,1.9671356492721104
14794,1.9827013862005267,0.6750632668817832
14795,2.1538598238214925,2.480991871698758
14796,2.336598446204548,1.868076745194278
14797,2.568752783164051,2.380186555010813
14798,1.1953673820338513,1.3257263586989834
14799,2.5221854742562115,2.5029046044720404
14800,1.727147592266999,1.4691194154343667
14801,2.2884859470565306,0.6172159270397847
14802,0.8345290130651598,0.8926785835957347
14803,1.9400078756385173,2.4298889536235313
14804,1.4302272245629781,1.737420460358003
14805,1.5018405679755287,2.636121713534182
14806,2.6268256412568887,2.1029289858480418
14807,1.9294978651046653,0.5619242387543585
14808,1.811047570952158,2.6234101283465643
14809,1.5190203431647804,1.2251227376818585
14810,0.6593008370224431,0.5568669749467375
14811,1.5951045494816916,1.9664007689475322
14812,2.3417879614451267,2.70000771096441
14813,2.3613883740379835,2.42786386480827
14814,2.2942098623617144,2.151773864728586
14815,2.1378400964111495,1.3577202823179797
14816,0.566842140220731,0.14375210503854616
14817,1.3112248769181254,0.569030056274992
14818,2.136499999181159,1.7840085522179872
14819,2.0201203314141662,2.0911041142910283
14820,2.252837543527375,0.9500327166275072
14821,1.9982315885098803,0.9145936096576647
14822,2.530327961860252,1.1344669692721854
14823,2.4312202711856763,2.7057277947189022
14824,1.542993534701281,2.202896533688197
14825,2.468139552982507,2.259987757673111
14826,1.292395580841627,1.0987607571053912
14827,2.2274287561438157,1.0243884610164224
14828,3.3298573216610845,1.529065856804382
14829,2.037750711000722,0.6412957172651552
14830,2.11291016597552,1.5450063671599088
14831,2.656989922007873,2.3068580775523633
14832,1.0009200517586556,2.4896338394226665
14833,0.622684393390449,0.62503300461699
14834,3.0340047183332923,2.670312684950479
14835,2.4395107490455348,1.750680957703778
14836,2.001679482693313,0.41293433393530954
14837,2.387267706734367,2.528629337962431
14838,1.9461961107033032,2.1826763746916304
14839,1.4499732527972353,2.7182727903351713
14840,1.665312129216254,0.7511450056156774
14841,2.6450604114979113,2.5828722563676427
14842,2.348451261697898,2.5884160984696214
14843,3.2905359405912478,0.6490750359208083
14844,1.3589783717928887,0.30309439384860615
14845,2.913308367925661,2.7430522006009
14846,0.9294264821073527,0.40939508921851336
14847,2.0085736886545735,2.3537979115682326
14848,0.8956054332075374,0.16795819354840677
14849,1.5833262930968157,0.7466161800228214
14850,2.2580932048244766,2.1861284122806963
14851,1.3186105439666758,2.0391550855892
14852,2.557843686151923,2.2827397420999422
14853,0.7584547880033596,0.2792361505037824
14854,0.6713950386101637,0.48322576037151593
14855,2.2533640351168804,2.4509848015353257
14856,1.6248050338285287,1.7386759557795943
14857,2.187461262422817,1.5864216858094295
14858,2.004124262923398,0.4366048161944168
14859,2.5954415567659552,2.0037621457233086
14860,2.275352418150687,0.8108516628521777
14861,1.4754192925390095,1.04202260563672
14862,2.3879770608798463,0.26090839431444424
14863,1.1021572935974544,0.34075020889798013
14864,2.2153517461535825,2.5426742556211757
14865,3.0896859474364553,2.891567980789553
14866,1.9223118887019335,1.6410746732654926
14867,2.0479348327630227,1.2614545172589293
14868,2.540612830180255,2.8241826711738427
14869,1.970552492989182,1.3828187127245508
14870,1.1559729602440467,0.6972291693843693
14871,2.9738213313583923,0.21820456891177606
14872,1.3506411433176586,0.1122600281195121
14873,1.9728242586808378,1.0471580467711517
14874,0.7535489920300682,1.094010651105744
14875,2.361545511167463,1.4701918484386352
14876,1.8435439827916684,1.3882339100322647
14877,2.691561551415033,2.6223050505395133
14878,0.8367383055547846,2.2689503126254222
14879,2.706406302687005,2.7584436116849407
14880,2.485107872005112,2.9563307996716848
14881,1.4564694167626473,0.7247636490380263
14882,2.1029206027874277,1.1279022424320457
14883,3.236138466378857,3.4418443117138158
14884,2.4234883820572963,1.8920977444557732
14885,1.3892863763862193,2.8638630806528096
14886,2.693872885378436,2.3470345498111205
14887,2.4538281709388845,2.177395487047308
14888,1.1070787384472056,2.470104004782226
14889,2.4443422395918497,1.4008635101128573
14890,0.23761726200682118,0.15252161700467348
14891,1.9392562403132014,1.5052077556417989
14892,3.016643041855445,0.9695294436647017
14893,1.5855097105652383,2.3244804260184826
14894,1.610216647845502,1.992879593269424
14895,1.3681333709031716,2.0885501200353866
14896,2.0455839732628753,0.9766241469474958
14897,2.316921282162689,1.7906626762765747
14898,1.042389122085764,1.6986048887297547
14899,2.7128824870880144,3.059193590397605
14900,3.2191575936722177,2.330334321162581
14901,2.985816774750905,2.66894014508334
14902,3.105485833079297,2.6900510370537583
14903,2.4981427195532464,2.4740207891103543
14904,1.3781380076017353,1.140078501469578
14905,2.7911375927608852,1.0483082574236153
14906,1.2107466787365766,0.34698682243113177
14907,2.476574724909348,2.5817247958760916
14908,1.2195656625061313,0.4419474212337363
14909,1.4111640671284271,2.296790065713466
14910,0.9780079011688851,0.7085745508803228
14911,1.6995389242056882,1.938271514383181
14912,1.6360129038614208,1.450108692484452
14913,0.9098293231614668,1.0775998045923632
14914,2.2325299119274895,2.4857980569014893
14915,2.1825514970681423,2.4090473797308785
14916,2.0869022473511576,1.8315414763475049
14917,1.5230375242522984,1.6325230334607275
14918,3.415145061031195,2.6721160214542277
14919,1.2922022303804714,0.9547894898111412
14920,2.133141157355984,2.6192967116389796
14921,1.9586832119639883,2.2997312428564616
14922,1.748807790391379,1.6685569631943502
14923,1.3721983845801113,0.46828401464901204
14924,2.1007960047922896,2.239571602587197
14925,2.2435822844036495,2.371538186116964
14926,1.3629279384627293,0.6788444070607984
14927,2.2070378923282004,2.198825598320071
14928,1.9929473410974676,1.4415775070305585
14929,2.312556047443962,1.1147258119168708
14930,1.6694761275472914,1.4825460094497271
14931,0.7407001722543416,0.6867373160542212
14932,1.704049037463213,1.1214644384993622
14933,2.8944698320385776,2.172698249279964
14934,2.4972235268122227,2.6633877651793956
14935,1.3370962713660233,0.48485244084182033
14936,1.306911529291782,1.7012920062210488
14937,1.579528492075115,1.103831848151557
14938,1.800761928461785,0.40042934111878875
14939,2.6539518559135353,2.72238130045659
14940,1.8732235739516079,0.8254311745828123
14941,1.9249753707607407,1.5460903946353513
14942,3.277321268357134,0.7519012746074261
14943,2.320368233899797,0.7466448928250228
14944,2.456174389951803,2.561161069107592
14945,1.8355747496798043,2.3776668776212793
14946,2.7244034906305954,2.2282143135500836
14947,1.7531273019934304,0.4157894348368697
14948,3.1729303737963317,1.6423672629840183
14949,2.243094514669652,2.1584358352528126
14950,2.786026018711252,1.5930557365529086
14951,1.6329357356971304,1.9338087373640642
14952,1.2316920054468583,1.0470084600900706
14953,2.2497104908924097,1.9390223401676892
14954,1.533808609299559,1.3409978399995677
14955,2.26309935365363,1.2767460755961915
14956,2.5335746609030885,1.547338396887708
14957,1.7213506085062737,0.46681294042544685
14958,1.719422406319006,0.5042266275354799
14959,1.9887783719468493,1.7340818080042364
14960,0.7381161033019533,0.13223831892665514
14961,1.6001441754307983,1.2584339057005747
14962,2.4982309870112878,2.486832872033395
14963,1.8588361161716973,1.878831095482966
14964,1.972731682026649,2.075865005105724
14965,1.9846538530877962,1.213961882632025
14966,0.9763993663891678,0.28061762582740096
14967,1.9668391821969373,1.3787801243757944
14968,2.4614669304831143,2.045266814319836
14969,2.052038435814563,2.1960608268891155
14970,1.983308094380223,0.9842290266482309
14971,3.013986472409383,2.2037649839273676
14972,2.1982892928727877,1.3935627184817978
14973,2.200447970207581,0.7068296637237347
14974,1.8133816045173534,1.6279249850068953
14975,0.7570737749421327,0.4838193251949271
14976,2.2048741777947467,2.1318825363573186
14977,2.378176809800455,2.3144221512690275
14978,1.6542050578947791,0.8609193559203279
14979,1.465489295052877,1.8206262195262564
14980,2.2430795669967813,2.29063361016202
14981,2.2451140674436774,1.2299754284585236
14982,1.7618867616960239,1.5116539444306738
14983,2.481075077350211,2.3592408738379964
14984,1.9297604550849163,2.0711760139805855
14985,2.009588911735881,0.5927729976512554
14986,0.42919955900514384,0.22183812431473873
14987,1.990078771387158,0.9230829170894759
14988,2.7249666452124424,2.1178800567421963
14989,1.7389539213608878,2.0426860683601973
14990,2.6573119988493707,2.3110700189644677
14991,1.756488096912285,2.224229513843104
14992,1.5186885304302886,0.7474626560649221
14993,2.5257293404820786,2.4542977726122173
14994,2.1158442059279188,1.4075540130029558
14995,2.239815045619875,2.197170053687387
14996,1.7685152343899369,0.9258046349946877
14997,0.7887722038068585,1.8162895519848452
14998,3.3495514455848965,1.673532163850729
14999,1.5029549764472134,0.49799988840106196
15000,1.190102510885769,0.9848816814242999
15001,2.2189655383523155,1.1385750684224034
15002,2.0564883353530794,0.6883085675987185
15003,2.3914386253579836,1.4947232312510288
15004,1.8853559903969632,1.6673617264149365
15005,2.1044815285808784,2.1809825889408225
15006,0.48299841999289533,1.2702480853808158
15007,2.154275074448947,1.1374349685639715
15008,1.3003003062984435,1.8953607182979393
15009,1.7995433652965216,1.0137058149332836
15010,2.8462557260140526,1.9781363428493572
15011,2.038181492478751,1.161434658960352
15012,2.268757124638137,1.419032495922417
15013,2.638487026995201,2.390079388115439
15014,2.4744460777624355,2.2238104013467996
15015,2.6076001078760425,2.7539951528080833
15016,2.513935459766099,2.5290919718846108
15017,2.0121326090220513,2.1510705182501257
15018,1.841137806796893,1.5803507842807454
15019,1.544529200283245,1.8279643556269687
15020,1.5940672646479022,0.3710936670895654
15021,2.5995632733795655,2.3943683378817404
15022,1.6250006037491411,2.570154757985378
15023,1.8524704388797724,1.0073432390482326
15024,1.4958461562718242,0.9478554339979275
15025,3.008366347678184,2.511165948347727
15026,2.2889885746155696,2.5851637826764873
15027,3.255044738244767,2.7492287471241283
15028,2.4776717027635633,2.0790639996803697
15029,1.4893528131966793,2.634197090812948
15030,2.4053685880106066,1.7614259193503474
15031,1.8513420750828338,1.4818217377282583
15032,2.200654647972907,1.2819985191987562
15033,2.763327246099913,2.4663885424673913
15034,3.195746067089869,2.4503369669987567
15035,2.5345625487144923,2.3999618167741583
15036,1.6528502039111108,1.4596492839089203
15037,2.995145711718518,2.2211177337089167
15038,1.134351822127173,1.6046162316595427
15039,1.531797558119092,1.988503017847574
15040,1.4474812430138784,0.707146939700084
15041,1.4233215287031615,0.48255012955172344
15042,2.0759157710337934,1.8266572653431228
15043,0.8895464294423869,1.35456813731699
15044,1.8892191614073388,1.65252912612588
15045,1.1974293200819093,2.2980912757303806
15046,0.21326161801952187,0.09358509433854484
15047,2.080756095946135,2.1553339367646
15048,1.64271008451209,2.552556818336574
15049,2.5912149542674108,1.7586291659898774
15050,2.3225630524916987,2.114024748294553
15051,1.4846562980867126,1.8037143350229006
15052,1.0512303961630407,1.3124251588876428
15053,2.45558463289803,1.2519173053888064
15054,2.2708153322778433,2.5361153832678784
15055,2.728261962877775,2.3804116323955147
15056,2.896419369533446,2.2388537073324284
15057,1.5056551880955098,1.9336083996464781
15058,3.3243377229876647,2.4329223074086985
15059,1.1264072465120916,2.1292688549325747
15060,1.3079258069431074,1.560664406787644
15061,2.204222202008504,1.0407403086401203
15062,1.2277225781490289,0.26376597479695124
15063,2.142043595306298,1.7778032729085733
15064,1.34672490832595,1.8098501525673971
15065,1.0889638621534503,0.8599655235890105
15066,1.1752443147980731,1.4227831080169107
15067,1.6266812931971355,1.1212755485969568
15068,1.6524729712368282,1.3649566933869153
15069,2.522378560750129,1.590713763289241
15070,1.5161556455170544,2.32453188175119
15071,0.5123339466938059,0.8225466947804453
15072,2.4616047974582966,2.2331844657147517
15073,2.532089331565672,1.9152356281748377
15074,2.49007571569568,1.6882055327215542
15075,2.4881492058164327,1.9083136367205005
15076,2.0575263891148805,2.2048214864122366
15077,1.8589045049195467,0.7773706911877237
15078,2.6354005884041567,1.6143243769211635
15079,2.55923841195897,1.4933899711452265
15080,0.6339332976397796,0.15740617746197053
15081,1.9286121296797745,1.7454308610352254
15082,2.101822009910465,0.9337267004730965
15083,1.7879193893128245,0.42642423760813897
15084,0.2928711298446631,0.06153548699199232
15085,1.6352453073596105,0.9682709318468038
15086,1.7283318368392484,1.4240096211298465
15087,2.099393725613642,0.753147704030966
15088,0.8340673427472444,0.29231985792651655
15089,2.4325252497352507,2.3975161671771392
15090,3.151011675228927,0.6254970763645651
15091,1.6727667906586863,0.5434534874818431
15092,1.8564889326620306,0.9024016569550752
15093,1.7720235830679634,2.0457987245952345
15094,1.779655461963436,0.38956614527957023
15095,3.349536314968738,2.86160123001015
15096,2.348205588940365,2.472845540031908
15097,0.6386210068581731,0.03686448684618185
15098,2.743233579735766,2.5289783920943374
15099,0.31091121931565385,0.08645833835885541
15100,1.384677074338477,1.18111163077392
15101,2.4686552895678977,1.8765913158004432
15102,1.7702400891677201,2.4198769258920945
15103,2.5336039912240813,1.5691357218903699
15104,1.702709806072745,0.48614005635568314
15105,1.167543042217192,1.993394102040334
15106,0.8485067837319538,0.43140389784113625
15107,2.5189351440565693,1.9694807891268324
15108,0.6623573045407506,0.4250995429533824
15109,2.4723801290955056,1.1473920599273761
15110,3.347528061372903,2.796556463685812
15111,1.7530942082889236,1.4542390229545024
15112,1.5427803828594135,2.6687832834729828
15113,2.3120909615793335,1.511210997837729
15114,2.7443548626938727,2.4356086986374366
15115,2.212944850787711,2.009193749952894
15116,1.0670679261482534,0.4508065137288412
15117,1.3767096660605334,2.0224897502575057
15118,2.622607773653417,2.473215977405699
15119,2.380195931199018,0.9044009782550569
15120,2.2227687746617435,2.715857180503398
15121,2.315815663061036,0.7100869828235867
15122,2.088174262067248,2.5697653418322415
15123,1.123109804174513,0.3525761449369492
15124,2.3179565807090228,2.189879916322105
15125,1.6442102690042346,1.301799851755252
15126,2.266535378653442,2.2939158363567986
15127,1.4928454925947359,1.6701632095208099
15128,1.376208450899656,2.1718297437976792
15129,2.222551646558406,1.9912939533358507
15130,1.9325676714353381,0.9419732296068644
15131,1.8232579154049886,1.620648597678847
15132,1.7475389318852825,1.7258963377242174
15133,1.671350222427593,2.422072813376814
15134,1.8064109347853008,1.5426867372029647
15135,2.3366851350981857,2.1828578798401064
15136,1.1098091982976919,0.1752115668385099
15137,2.678666590877931,1.7565458771839835
15138,1.910538350798118,1.470585727639909
15139,2.3474715978792626,2.5035438413441766
15140,2.274933167428897,2.295425887437096
15141,2.244175758424264,2.374007358288944
15142,2.27416836355331,1.936485654007806
15143,2.2773984952128496,2.3664384250248505
15144,1.2872470085869208,0.7013508091712639
15145,0.9853483989022188,1.3403663561976142
15146,2.3332012000557945,1.56286581247198
15147,1.7384264752525462,0.44235867051653655
15148,2.611563504218134,2.4607981691828984
15149,2.034934794779251,2.1672938151543506
15150,3.4241410940289754,0.5033862859635815
15151,1.5577394588849394,0.49049444758726596
15152,1.1851482858703815,0.6556973443790447
15153,1.6548670860040522,1.135835479441363
15154,1.9159923977508633,1.8449505135244733
15155,2.5871319432009887,1.746272722913447
15156,2.725390247071567,2.6917696862164693
15157,2.2063236901207426,2.5797199809535396
15158,1.820921838517612,2.114826374119393
15159,1.364394081472585,1.858601612336191
15160,1.6901992844519325,0.8853185213951719
15161,1.341279486103892,0.8190057876017521
15162,1.9656187375746277,0.4368085157180512
15163,2.358437198467539,2.2592254095045234
15164,0.536333376765102,0.10808150783868414
15165,1.3405493094195406,1.8695244269995448
15166,2.121096647888899,2.7067117266831926
15167,1.3959484883025601,1.1593129732911807
15168,2.7031905991400422,2.2276395211975863
15169,1.7586262384127764,1.5060761311663853
15170,2.1272278210346425,0.5375741772230801
15171,1.2467118097982814,0.5798943196550607
15172,3.559373470135447,3.7919914902552914
15173,3.173901575682387,1.3879680123092162
15174,1.9519681030296157,1.7504061632793935
15175,2.184797461871856,1.8128801181831347
15176,2.3661499983838588,2.2192538553070023
15177,2.159496063335875,2.4585366224201493
15178,1.7451203637088823,2.160953643021974
15179,0.6383340409049384,0.04875112858736918
15180,2.759620031774671,2.1350076785731695
15181,2.3894222450280647,2.164744719532069
15182,1.9819081409598025,1.63426597058084
15183,1.0548807031307585,0.4602707945721814
15184,1.7572252949317153,2.7168513936030436
15185,1.4258255383481988,0.8346146354591141
15186,1.3090748933893877,0.8101115924010837
15187,2.453941369857436,2.4281220930208542
15188,2.370284448122732,1.0784148741980504
15189,2.0993634912307817,2.0254646017307296
15190,0.9718955025738553,0.9977324207809859
15191,1.8079114147132886,1.5577173082005138
15192,3.0233728060951433,2.502505109927672
15193,1.4505340922612855,2.1021546485650853
15194,1.6158212689521079,1.5818727519716658
15195,1.8033466262157127,0.5825779410935954
15196,1.4791256844444323,2.3696145836654754
15197,2.4357242232332545,1.8820084272543929
15198,2.016794981690705,1.8302579947069184
15199,2.1360558856680005,2.4204189432059207
15200,1.9604509415001299,2.0875675072957622
15201,2.3703858981618935,2.362951485666834
15202,2.0305582347572804,2.076613873995011
15203,0.6536133237105222,0.9191983691681127
15204,1.383252705132723,0.23412645354925207
15205,1.3448479043487531,1.213391828748398
15206,2.261140025818328,0.6753138933745713
15207,2.385167770022326,1.575575648031099
15208,1.9894052036453937,0.8916879629376678
15209,2.0759903574273584,1.3700874729023045
15210,1.0212572584798554,2.2921181778478448
15211,3.215117057851498,0.1781668193554586
15212,1.0938422630131128,0.5078163369393822
15213,2.8815716716307698,3.4483452132018853
15214,2.4980461136341336,2.3178247233736733
15215,2.16274037475916,0.6332144046299538
15216,2.4718717407584436,1.3265531397189052
15217,3.5506266151275607,1.7921585523763874
15218,1.6075061278886207,1.751228802254475
15219,1.5700642473640938,1.3129143534732137
15220,2.8127338909819835,1.5398779561860103
15221,2.6035750507446807,2.4095843736552234
15222,1.8319097792337533,2.733558195574315
15223,1.4040193842685131,0.49775840399325133
15224,1.4279437114230282,0.4995056875534649
15225,1.5104149759294527,1.384636916506983
15226,2.4637262495925514,2.4847495066345213
15227,2.1538415560257556,2.643454508984807
15228,2.345768241621861,2.29777699041471
15229,2.1473170720128287,1.9467805813906944
15230,1.9685849320376936,1.6852655154085208
15231,2.371954866846565,2.4545060667980683
15232,1.5149267327834166,1.4654374456003323
15233,1.6534248882638038,0.5956657699359248
15234,1.0735927358932758,1.9598528212678277
15235,1.781001971948924,0.7171862488918695
15236,1.5583931528676105,1.2466732899237907
15237,2.801677763515101,3.270398349577361
15238,3.014995780746061,1.1429436815382203
15239,2.3109656550117346,1.2567614891876837
15240,1.869705635457123,0.9341448522820652
15241,1.150345838895825,2.145219029991565
15242,1.9684200712648139,1.2746629449506595
15243,2.487077215186193,2.572195914514652
15244,1.194980967530252,1.2615526834605788
15245,2.3734699434141446,1.5428673961826
15246,1.916729420476409,2.238888139740306
15247,1.8598060953630406,2.5899200939541265
15248,2.3505911651256826,2.9238708810539564
15249,2.5760040190742495,2.2320624961447186
15250,1.8716841088403187,1.4616602235066265
15251,1.551510865780582,2.5873628655595704
15252,2.4245224915305084,2.0083127623054837
15253,0.9472625912172048,2.0379268628508447
15254,1.2714813887443899,1.4926220311378136
15255,1.9135281167153382,0.9438397869930251
15256,2.046209751721081,1.3461965449188829
15257,2.4668751193059144,2.4040673258370022
15258,1.2896856397440544,1.9237534977465338
15259,1.9594024734033972,1.5020010856325023
15260,1.2494990932179333,0.6883015055686349
15261,1.997256437566249,1.7272075065181944
15262,2.7334895042169625,2.719799625652249
15263,1.265303610366093,0.9096847434624431
15264,2.0289606850305817,2.5620664917969544
15265,2.2577731715495952,0.7892769188059228
15266,0.8854144512842204,0.848407388978234
15267,1.2551120548604107,1.1778605905921036
15268,2.3652123272335603,2.5509696702518005
15269,2.824948504099211,2.599582856523256
15270,2.5780646981931716,2.6799936238320754
15271,2.752694052987547,2.3151902485012954
15272,3.04257694800783,1.888594273953607
15273,1.0579060603125514,0.7051295158536817
15274,2.65529005284092,1.640738776184104
15275,2.500225602629119,0.7292070774877115
15276,2.3807896786242506,1.4398026512442093
15277,2.384261177937128,2.504633062222925
15278,1.1527622149274261,2.2036877625470304
15279,2.379055126402344,2.4998897651582634
15280,2.227807188465523,2.0423601674633325
15281,1.4724845588957782,0.32205095269834993
15282,1.0959713363038734,0.7668515616539587
15283,2.1816936699225025,1.3753285208336432
15284,1.835299779765594,0.9452535306712915
15285,1.8941029241598049,1.912083822765332
15286,1.140252913828827,1.745576521857791
15287,1.1743409649588574,1.1985336706875231
15288,1.16153645297336,2.2786317214803167
15289,1.228400547474144,0.28859852671163994
15290,2.242717838859533,2.149892017318598
15291,1.9118893175821303,1.9069886946905346
15292,2.5681224542538037,2.658501056299093
15293,2.0860111675641795,2.0074201432350964
15294,2.4493978256335445,2.4179256577930452
15295,3.517681679869258,1.2281069277105445
15296,1.4556012286563011,0.7688692360642639
15297,0.6027231700137645,0.33362871679625283
15298,2.5368941862345418,2.311675783376401
15299,2.9958340297892065,2.102956665965466
15300,1.8941847646348626,0.8811774290895639
15301,3.337069873827133,0.43823156294402066
15302,2.93993051431359,2.704045977386126
15303,2.399360381900527,2.4065429597031556
15304,2.140184253180439,1.4551628653007842
15305,2.0214527078522755,1.8412886747902355
15306,2.099414562835307,1.803513959966587
15307,1.2985878340254446,1.271153111777183
15308,2.576228729522053,1.874303094238981
15309,1.7697045486131748,0.8907848101629376
15310,1.87384498574735,1.6473898828836062
15311,1.3849151283701486,0.6584227784224579
15312,1.881002475660704,0.6786017941709133
15313,2.0031535300582224,0.529935926184181
15314,1.8170623437584639,0.8787598376461592
15315,0.9290762378834214,0.6792979688432126
15316,1.7798194358569177,1.2300010674362003
15317,3.303912476244898,2.5125249207772247
15318,2.473851907344042,1.5579350568599564
15319,2.4121435986168467,0.36988723453097394
15320,1.9016518634055244,1.0850740311777278
15321,2.392072006255083,2.1709159422944744
15322,2.1651905272874297,2.1801337886141163
15323,1.8965964795094545,0.6750318292318088
15324,1.6078107382129034,1.3378055570528584
15325,2.5876261551205295,2.8449491229155988
15326,1.5812263252349592,1.3725774413120668
15327,2.1678396868708356,2.2520282012377026
15328,2.536138299547039,1.7082584904295621
15329,1.4828496416544423,1.586794435115185
15330,1.6769358251429969,2.2309240448315646
15331,2.311380210338064,0.6978167018816005
15332,1.2190780693447703,0.21220604603667304
15333,2.171875172685963,1.3251044522849165
15334,1.2279610476613656,0.971544014668595
15335,2.2398562858668276,1.9086229921415994
15336,0.9029654247810519,0.13365505490230123
15337,2.27148287760445,2.096698967103518
15338,1.7368880095310677,1.4377988592564728
15339,2.300316368669409,2.5854639875126253
15340,2.364145248108788,2.8236816748998765
15341,2.4084760264247715,2.068218440174985
15342,2.3716334433483937,1.9755080394278544
15343,2.026629834418712,0.20561570481608407
15344,2.4082959392919494,2.147229810780022
15345,1.4835227953350165,1.6705993414023184
15346,1.0697731244103075,2.168331089376468
15347,2.5360219009383385,2.569195254876354
15348,2.0570622363669533,1.1968726883283483
15349,1.43815418454086,1.3557053324387913
15350,2.482252934534878,2.2579924169766605
15351,2.124054109167125,1.731981479254044
15352,1.4830618410169008,2.266831262566202
15353,1.2438126017078792,0.44915604989839764
15354,1.1113022776304569,0.48394210160573836
15355,2.1555937916568304,0.5833953129056372
15356,2.162164972887723,2.0641545442871037
15357,2.215415011592402,2.7119987682766475
15358,2.394278956581122,2.3768383748605655
15359,2.2368281565717054,1.4831224139623993
15360,1.5562204852064299,2.140120430077382
15361,1.3740482187899044,2.1924569854258444
15362,2.2610490057805817,1.3914198350895668
15363,2.6320947101869816,2.4652467285887263
15364,2.540038614067317,1.436709945340381
15365,1.548924358041102,0.6242620250351083
15366,1.4081811527175505,0.7493284804192555
15367,2.578219383326492,2.564832757104355
15368,1.8586896441916072,0.9437203077568198
15369,2.214241301758213,2.4478804762539363
15370,1.015756989444068,1.1105646302707082
15371,1.4270910882209351,0.520284778829723
15372,1.3738939056480834,1.1306671311642165
15373,2.849748446019485,0.731139174029104
15374,2.1489254304275134,1.5760892796088288
15375,1.349008831450242,1.4851847186886975
15376,2.6501721111596157,2.9277879331572696
15377,2.022404407356731,0.2862031139289299
15378,2.3311076636597288,1.239877114451801
15379,2.176007828599789,1.5614649625456016
15380,1.9550591696407855,1.6654801908677197
15381,3.015632474502302,1.349847650021227
15382,1.4579754273240324,1.1481441174486797
15383,1.2131415553089635,0.3108139494112851
15384,2.675905400837306,2.541748137932729
15385,1.8098951507190213,1.0373702915700305
15386,1.5857053645235635,2.9652609739602753
15387,2.405093832201735,2.1837590070451305
15388,1.8188015388565513,1.358177189554638
15389,2.0570724144974752,1.4857671568459163
15390,1.7983823190540098,1.1218119277726428
15391,2.0720781138123954,0.7903957170953295
15392,2.0696651863336224,2.578255492975797
15393,2.1649672916078857,2.3490291414039737
15394,1.8834509047811339,1.6899481247117742
15395,1.0272682266569242,0.5444468321497201
15396,2.3228371687389777,1.06591495365429
15397,1.9687731879727544,0.5894347927754455
15398,3.101250745051245,0.7793607788880742
15399,1.9367032095114576,2.7684968181508745
15400,2.571036421351055,3.1205555042335034
15401,1.6638235255846434,1.1420935132697798
15402,2.307099583719957,2.404702519584379
15403,2.5587338193329243,2.5205120166120802
15404,3.385892541277701,1.5486570912987079
15405,2.22062254443664,2.5170543857465546
15406,1.2781329008787907,0.37264912346275325
15407,1.862375755175305,1.6134986691293394
15408,1.487653331347005,1.5642562615427487
15409,1.7945029186703656,1.1182457826271714
15410,2.4569374311361734,2.1579920467079052
15411,1.7986112845847129,1.078240557613719
15412,3.0413680579820737,2.2535700371567984
15413,2.8056570193589296,1.896893859263664
15414,1.6634740857105517,0.46402300524842055
15415,3.4557625502321225,1.8584162317708235
15416,2.3397817800138663,1.955830762987372
15417,2.3494126078301054,1.3901186964024173
15418,1.3528324239949425,1.3576472276356264
15419,3.6228091789747197,2.271553595816542
15420,2.3353253239149163,1.842674428537594
15421,2.9814236113479886,2.7385442603643297
15422,1.4426540359337112,2.6239177749627487
15423,1.4384429006449544,1.7371447151056834
15424,0.8474295743057919,0.49644007869799595
15425,0.8969288954918628,0.47063901217555015
15426,1.9605598487862892,2.0761130991619874
15427,2.835221508981817,2.3991098312754016
15428,2.7902646353058946,1.7387796662703567
15429,2.032248702938331,0.4862092917537278
15430,2.6418992528181433,2.8274373968372206
15431,3.496583656415722,3.37471326557206
15432,1.8759250177700932,1.4667455342644862
15433,2.4231504016960614,1.9660119815421093
15434,2.6927695924981006,2.3358633267597098
15435,3.0999617736636647,1.303571041725505
15436,2.2331931964103005,1.2052723412075501
15437,2.0238889607641855,0.5742536229768022
15438,2.2000766615340934,2.5385036072315756
15439,2.273067372133153,2.2779378310710596
15440,2.503808716942799,2.7211588997852263
15441,0.7969923395749984,0.5320727643975935
15442,2.988113391759352,2.89211696918007
15443,2.7210939341464186,2.785069084677434
15444,1.0849426306828427,0.4246786263814134
15445,1.4478776542174923,0.6241885643102706
15446,1.5737948103718211,1.649862820150178
15447,1.178620541036359,0.39239258166970964
15448,2.128864002473107,0.7763128134104232
15449,2.1056149187015842,1.9736507275817246
15450,2.2583002169788298,2.636085328436036
15451,1.8718742947064715,1.9517463675761808
15452,2.383707345506816,2.580626725467884
15453,2.4300233997856693,1.709999869941553
15454,2.4920431316194493,1.774294147689003
15455,1.94659684577544,0.6192607020977559
15456,2.017205944598175,1.467058443888063
15457,0.6325511007454759,0.20548342817216492
15458,2.347609514149826,2.1589933670469166
15459,1.3992403090865506,1.1238862494960453
15460,2.3978069196104785,2.135921102162183
15461,1.441705551635956,2.6146772343435107
15462,2.437866886503916,2.320187291556409
15463,1.384970010964797,1.3304925314568201
15464,0.4366329187214036,0.954180141865509
15465,1.8762179254151603,0.6955470612056701
15466,2.0623779429955262,1.9971324350552808
15467,2.3444075170980083,2.448444891725476
15468,2.0389099406080478,2.576742282365749
15469,0.8076351117163101,0.15152296161403978
15470,2.1730283109482,2.498910421555719
15471,0.6711250843631503,0.5838303600453866
15472,1.5985178213456488,0.04001083555265428
15473,1.4977023858690452,0.10127460467743088
15474,1.5116493096705237,0.7215930037739352
15475,2.4185255642174925,2.6250577022102983
15476,1.8301397799623882,2.359028886710124
15477,2.0180271583748657,1.0008756271581725
15478,1.670376036906093,2.549184230997066
15479,2.143717454280966,0.792531855651401
15480,2.4210102821472366,2.8347147427098993
15481,1.8163534453718693,1.5417063867691891
15482,0.2554569164290158,1.4072604672387787
15483,1.6335006607519007,0.7423961309766179
15484,2.871977951314161,2.0354964670564404
15485,1.2377249322115673,0.19285814636118304
15486,3.1447507988276313,0.36337472215844585
15487,2.289280137338159,1.673343883885415
15488,2.716922445448678,2.758389576125438
15489,1.1526096494669416,0.24033593299621236
15490,2.536609753735213,2.4428047465631444
15491,2.098749378947144,1.2982993219415309
15492,0.7325677130906446,0.15289861414293351
15493,2.6911121120629042,1.9365771457539238
15494,2.2319600850859973,0.8772023187933583
15495,0.5154102331405246,2.3397965130957328
15496,2.154224589533118,1.3797035343179176
15497,1.80245361729948,2.177652406445644
15498,1.3032587986028172,1.4621724992603617
15499,2.621630253557499,1.1478268237747644
15500,2.3111720341127775,2.415794903262489
15501,2.3353354730290663,0.30931103026188256
15502,2.553487182171841,1.6386504672474482
15503,1.9447267093203304,2.0317181601970455
15504,0.6389337418042045,2.503554687790144
15505,2.9031267323351635,2.072492263669676
15506,1.7579316611771354,1.6362652863192273
15507,1.9882879666662705,2.3875175151139234
15508,0.7982706685592412,1.144040491535603
15509,2.379910694482653,0.9571224750806179
15510,2.512576677186707,2.619850366349297
15511,1.1668361744943858,0.5786890253441286
15512,2.530141061430926,1.4720875942640663
15513,1.8661228944518045,1.0538737576427526
15514,1.5685501913314026,1.4333528901246815
15515,2.6105978674059,2.649972852612202
15516,2.1271695748765387,0.8271034410082406
15517,2.0540879599612945,1.663877423915971
15518,1.7376588619211362,1.680132754193547
15519,1.970808662797086,1.765316305033344
15520,2.2503212626343534,1.8294290224023337
15521,0.46369458641526895,0.4479856915083801
15522,2.490471496487615,2.307339777125162
15523,2.5286436412271724,2.632137003493572
15524,1.9864186068440395,0.3960272293228921
15525,1.7809711835580566,2.026703356914212
15526,0.2957814007748718,0.6161854726473168
15527,1.7096608147007022,1.5344291490136595
15528,1.16044810178984,1.2640162042955179
15529,1.8334239728715394,1.26460381184506
15530,0.909589727230445,0.34161330677751145
15531,2.4908918556304522,1.186211266704048
15532,2.7192546346690887,1.7576941348591895
15533,1.7985155356188482,2.771773974037287
15534,2.3124434433733105,2.627013125131631
15535,1.398895764616743,2.1735077600815997
15536,0.6665061699474675,2.163051974485668
15537,1.5489805498326499,0.5358430025928855
15538,2.3904453914426194,2.000948101472258
15539,1.2610090491476282,0.8553577488703756
15540,1.8244423707755686,2.3125371583712795
15541,2.341919775090232,1.8909846762931175
15542,2.2631397492070615,0.8807281378032559
15543,1.3024789902314529,1.2194962223911407
15544,1.950760168500431,0.45354304768465165
15545,1.1215016712950463,1.014760579031924
15546,3.052842405742621,0.687825710111714
15547,2.5173189909581724,2.0884320829744474
15548,1.470356738022669,1.1634180873137943
15549,2.3912414429873676,0.7988004490853832
15550,2.453769399449995,1.018300382065794
15551,2.1505943886560206,0.4988888543440906
15552,1.5999099207082677,1.6744985796575775
15553,2.482311256757126,2.576649833809965
15554,0.7354114539704935,0.4822105445416116
15555,2.2590257749683156,2.87635340211756
15556,2.5292829172057725,1.9457076349525961
15557,0.5917959332122549,0.5924684428570757
15558,2.023999577294983,1.2622131516345714
15559,1.9511425255310664,2.5836342118898767
15560,2.091745676352351,1.6473020799184477
15561,2.5001423101788536,2.184002896874169
15562,2.385511472548293,2.4683804525183146
15563,2.5580690597762974,2.373283394258825
15564,1.7412807429350312,2.5743325762745854
15565,1.6133637874499913,2.191291224989022
15566,2.4367750152164045,2.094229297764282
15567,0.9380706492155473,0.16032670979312766
15568,2.5255463482192355,2.3026070154288907
15569,2.4564435469521047,2.2629857716795563
15570,2.5880322428454106,2.1214418188176243
15571,1.237420865027736,0.36354338653188056
15572,2.287314586702762,2.2292420661306007
15573,2.1370636952054993,0.06529096164613618
15574,2.2275867766125876,2.0495627471846953
15575,2.645426230466324,1.606403302996452
15576,0.6690769032576134,1.0407022904377146
15577,1.6880043329198657,0.9494730110041738
15578,2.5699058129860926,2.43295628315789
15579,1.3539741546163748,1.3133479568852904
15580,1.8792234597608615,1.647901920702205
15581,2.197012167878036,2.5490801051334784
15582,0.9151889507650333,0.7409198686830782
15583,2.4956457963197676,2.3938869259264757
15584,0.8135068652608223,0.8877927667742164
15585,2.308572791854667,1.4152836589085642
15586,2.4770518488332662,1.908207748272941
15587,1.849274135296322,1.117456341341735
15588,1.7660181327300146,0.6165906461711387
15589,2.228608678620215,1.92699532673687
15590,1.7219480730748926,0.34391324299159526
15591,1.8496419628632819,1.3419906953932523
15592,1.7871237657893448,0.42853074799153223
15593,2.112039152732329,2.126098374487723
15594,2.118089659687952,2.093284940505811
15595,1.939155647242162,2.242393723715332
15596,1.6775397005756552,1.0696178126376397
15597,1.86217532209362,2.758638932920118
15598,1.4551451291338255,0.4225002611716721
15599,2.238527988273385,1.0853126339164583
15600,2.097929718292467,2.2939404397110437
15601,1.8595953109793248,2.509554656954437
15602,2.370799396670071,1.9475991669263037
15603,1.600579373258101,1.561280310989538
15604,1.036743053505844,0.22951185885969833
15605,1.485395231779868,1.5904130058271324
15606,2.4972981476308402,1.9659099351514315
15607,2.423242666709502,2.5863687799840966
15608,3.0542230380608535,1.2098675130807204
15609,2.2745368948826394,1.1384044257227917
15610,3.390073637950743,0.8864108984621492
15611,1.0126367976218889,1.1099904595603558
15612,1.6236076345655843,2.1512101231791583
15613,1.5665691806107411,1.1589133906321374
15614,0.9277955705016908,0.16219197961656717
15615,2.4577339052465668,2.23916400596665
15616,2.195667840964286,1.5169485921598433
15617,3.196504632769127,2.4010753361359596
15618,1.2624390547352589,0.8935596446571427
15619,2.440477358274754,2.2489596554818827
15620,2.3800136823460445,1.7213735747569987
15621,1.3105804535755818,0.3557290251314901
15622,2.3940744957737268,2.356563709560841
15623,1.377141907089338,1.6142398328196015
15624,3.08515286787355,1.0954128530479734
15625,2.2642115909315867,1.9111844369368514
15626,1.4883645450376952,1.1864694316143143
15627,2.424105997649074,2.82557628180518
15628,2.520650885477794,2.5672093106688334
15629,1.7651945097163346,1.948780590953884
15630,2.0740504389486727,1.5013673100458909
15631,2.176540617694677,2.314024623658711
15632,2.411075722891017,0.12367121674880895
15633,0.3476753806295686,0.26174267122920297
15634,2.228950910195697,2.5196775014847255
15635,2.2416957823669046,2.7349982510037654
15636,2.0684287376330563,1.6526576727468736
15637,2.7117575219446333,2.2918730243975545
15638,1.4358013691762497,1.434394042854339
15639,1.8246235104059707,1.2400617169992187
15640,1.1304985129920029,0.5325396058577215
15641,2.7430967772966026,2.5484788208467934
15642,1.759288857367629,2.412111131640734
15643,2.7783955924541868,0.6413452849830834
15644,2.4640711438120304,2.4871850837628178
15645,1.5362549723990624,0.42773961215172285
15646,2.5863072312645357,2.4460268719870193
15647,1.230880196643099,2.419510739883526
15648,3.4215938367895258,2.1846520957698243
15649,2.7339071593499766,1.5841912477142344
15650,2.885539665190999,2.6710811565251165
15651,1.4670914149521077,0.7909908697163168
15652,0.9418772896922359,0.5093810264974885
15653,2.0341574438046575,2.168763822173794
15654,2.6522086989939786,2.498200557078846
15655,1.2134606119339257,2.2696540421456883
15656,3.0629188203960047,0.4492182788708427
15657,1.305761646533453,0.7392705034302317
15658,1.6474588895183788,1.4471801074414241
15659,3.5364427959891134,2.4225631797653078
15660,2.2306267908241857,1.2107382793941692
15661,2.128161884797634,2.3245323275111374
15662,2.1565362958283596,1.2780561671100639
15663,1.6818076061798715,1.7344727733107475
15664,2.3851070315779226,0.9159915965704822
15665,2.1973180863065522,1.3287414563501967
15666,1.6786097003807072,1.0098554705497282
15667,2.654415379236913,2.5265265447894785
15668,1.8422165709167582,1.9539930005439885
15669,1.5961971840422506,1.8536944297477522
15670,2.4763840636338137,2.3921988642657444
15671,1.0993449589434652,0.612025291057304
15672,2.202536134021863,0.812369716875806
15673,2.0484771128208075,1.8951762279437816
15674,1.2467411239225255,2.0778630327188865
15675,2.4920503646279246,1.4553031276070234
15676,1.913567583528844,2.3621587442690313
15677,0.7860285347452678,1.701409262999744
15678,2.4396093187949717,1.5560352541308404
15679,2.4737706332076006,1.257100338479535
15680,2.4043891287810077,1.8738134993267253
15681,2.085953003197852,1.9856153446546276
15682,1.6376836188756758,0.5491305846323612
15683,2.291291019507899,2.002208233224252
15684,2.746221162249125,2.530428853487381
15685,1.2172114304434942,0.349162418980936
15686,2.4322201924338307,0.129056964391376
15687,1.5240191882487766,0.4943548822625362
15688,2.3070942932207403,0.3247290904167518
15689,1.316538469142408,0.8907017475646344
15690,1.4672648264353128,0.9076540051895906
15691,1.5340524601480465,2.0602202217142027
15692,2.567602979212041,2.5781533507605157
15693,1.7012578937540788,0.7449003177626176
15694,1.7448910873938244,0.8130468101705781
15695,2.1590216318677453,1.7785772483715612
15696,2.893362313205457,1.4748819943059095
15697,2.386413925318043,1.0778020528839187
15698,2.550480534062874,0.7856799199315534
15699,0.3946371739361789,0.7110035432764512
15700,1.9950861299029412,2.275671955614756
15701,1.2171448001052372,2.2036045414531027
15702,2.439261933173136,2.5837278583818524
15703,1.3767920945899819,0.5974313170194561
15704,2.07047118797077,2.9813976565041376
15705,2.0378715120810327,2.0815908084802386
15706,2.222236532111878,0.951088668215721
15707,1.2655107177858733,1.677303300374568
15708,0.8486849136608241,0.5084381932448797
15709,0.944459447815682,0.5112932159093743
15710,2.3410023907307336,2.251381636369271
15711,1.5733333547062145,2.910292871189629
15712,3.023685160826039,2.5673022687271274
15713,2.981500705713593,2.818361332549055
15714,2.412469576070117,1.80266117911357
15715,2.2441105435879187,2.405130501113028
15716,1.0415789539619633,0.5764231521721939
15717,1.1859822098861779,2.2226500331597863
15718,1.632899111058128,2.4355785544241244
15719,1.9457555265215807,2.31647791790588
15720,2.436214679251012,2.5131011754427774
15721,2.7005763533996396,2.4027646834169
15722,2.472540472357962,2.6774102475950294
15723,2.110159137972044,1.7626433884512531
15724,1.3736927189341015,0.8249252595893537
15725,2.1178545095523664,0.8482219053546496
15726,2.3748701856312766,2.093536543094204
15727,2.172569248329012,2.086374186935037
15728,1.2012751147199967,2.284137874178795
15729,0.6730905818754928,0.3706996638231431
15730,2.2884435901411786,0.5955236343957568
15731,1.4289747030927094,0.4390924384091309
15732,2.0302595391278686,2.1569681001764844
15733,2.9456017690559193,2.935324999158225
15734,2.096413894520107,1.4966820873349522
15735,1.805582199056332,2.1009848383163434
15736,2.4580438871449473,1.8592557465680335
15737,0.8758824272399005,0.06434382341520894
15738,1.5641051870510523,2.5006723902155485
15739,2.378069897729477,2.4532669603869453
15740,3.0498215070047974,1.0804872658284945
15741,2.359451636880084,1.2098839141833397
15742,2.6914966064858596,1.509617611644174
15743,2.357141478572661,1.8325121214702913
15744,2.5596354607819647,2.4665396877200085
15745,3.1637363751469207,1.5368733759903133
15746,0.939551554818417,0.22856860989570824
15747,2.4562966731204874,2.540185586195615
15748,0.801963571547332,0.333607746796566
15749,2.124347295267295,1.8392833497562389
15750,1.8223420275501505,1.363426066368682
15751,0.7505214498983627,1.1563179610932717
15752,0.622597407546705,0.39402597553300917
15753,1.4934803865611885,1.8865187494629594
15754,0.8399070743180437,0.3944927156924198
15755,0.9645138122735389,2.106083006888246
15756,1.9819650090286474,2.585984078992844
15757,2.037269724695614,2.598779104072973
15758,2.316123848458775,1.2961092642333958
15759,3.1936736417870213,0.8046842120532521
15760,2.516456062220501,2.761070026279234
15761,2.4517681697912135,2.6514395971785167
15762,2.067975642637945,2.5030305353214843
15763,2.42794855420075,2.5520626428429942
15764,2.213749141644784,1.4868252283542314
15765,1.4947880953232797,1.502805104408654
15766,1.9556977445552801,1.5451898178309025
15767,2.5534385930365207,2.6928090157119895
15768,2.8317440153969304,2.5635075703698966
15769,2.063247196108267,0.8788868126351992
15770,2.6588294491632554,2.8782370351245943
15771,2.456455177002986,2.381415812844285
15772,0.5172406928369476,0.26015774363351846
15773,2.8352610212098237,2.339420979368216
15774,1.9156263910468538,1.5849609332255288
15775,2.10441702483959,2.4382741058999895
15776,2.33317978962423,1.7371709663927037
15777,2.1713863962642357,2.4547288760906802
15778,2.553259469781112,1.9555476547542012
15779,2.524211858629397,1.7228179955785337
15780,0.9146875704719466,1.6528839267058264
15781,1.5842399107705918,1.5307983187061975
15782,2.5038739116277973,2.314779516493191
15783,0.9812843411425026,0.589794243685632
15784,2.030620211251664,2.406394013569534
15785,1.6192620082894424,2.735403023817451
15786,2.329818581411412,1.6256453284864743
15787,2.6413168898190693,2.600250608421605
15788,1.1981487146128875,1.049241011360101
15789,1.9924064259742662,0.30464320765323494
15790,3.1029730349376132,0.8717440405423038
15791,2.15829790736795,2.0903766121645213
15792,0.7216255812357376,1.0808406196808942
15793,2.3401453091370548,1.4130920359657093
15794,1.1043157148948186,0.5367619369476544
15795,2.35007543284591,2.2091145633267244
15796,0.34607398992867855,0.4833576247192483
15797,1.9245781121783452,1.4648192633854145
15798,1.2508305034464011,0.3808657777326062
15799,2.1108403502904376,2.273147879805778
15800,1.651939383437643,1.3551895448105469
15801,2.2547040392948974,2.6446851404818488
15802,2.3402306899189567,1.938161021718478
15803,2.2371104357695777,2.519098597402272
15804,2.521650264139277,1.995146671600156
15805,1.3363280931244053,0.6497702651010596
15806,2.3111469808847707,1.287499608112722
15807,2.8364832733582626,0.33861214130987677
15808,1.9914716611982102,2.556346655313966
15809,2.665056492208875,1.6558063938161676
15810,1.2818139958630528,0.4688558766064566
15811,2.3139562251236736,2.6327070900821092
15812,0.5575113015599579,0.3482937694492386
15813,0.8679776254086216,1.4529084455729222
15814,1.1117242823901143,0.4763279377583427
15815,0.3434401286325724,0.11516746345078656
15816,1.3258741247974954,0.693454982496059
15817,2.8826248205181035,2.6519136852526497
15818,2.5369930772384564,1.189478609015296
15819,2.5984569166784564,2.858528117175445
15820,2.1941827895018013,3.113145130846259
15821,2.3360109168355963,0.9728394977760071
15822,2.5708743838804544,2.248698803560794
15823,2.422269856709406,2.055364847280707
15824,2.334083084174453,1.718632741139561
15825,1.67178013670918,0.3508034602052654
15826,1.2630895344459698,0.9174270202979227
15827,2.1331146298902754,2.25430121486178
15828,2.3165197879396633,1.8422327102153615
15829,3.457543404248457,0.6263395042711692
15830,1.5475159710157895,0.7467415980890855
15831,2.2945058639241416,1.6683658243154207
15832,1.6198394200313702,1.545382036516565
15833,1.5262591769496294,1.6669876971535045
15834,2.2550458162350555,0.6956635165942676
15835,1.9456117280842362,2.8264322865514138
15836,0.7883826811751802,0.24471747554339623
15837,2.101215831177164,1.5735122576412879
15838,1.9221217337260061,2.6187581282021033
15839,2.154937070726837,0.7709002060714565
15840,2.555853627081155,2.4523248357003378
15841,2.4723850075263467,2.518209706446131
15842,2.196651216528478,1.4847061675485074
15843,1.2680777912441163,0.7179925262726348
15844,0.8650446348723391,0.5958575669016515
15845,1.9329431554110497,1.9676935872315657
15846,1.1402265221421626,1.9820073532440088
15847,3.0018105350477926,0.9707504120160045
15848,0.444736640750543,0.13281584691699744
15849,1.115203821690374,1.4418881731495856
15850,1.7906760638765078,1.693385595243118
15851,0.9236141766711186,1.437362509005925
15852,2.766001138952856,2.697530467630667
15853,1.7783052632660434,0.6392643520319481
15854,1.707643742256891,1.6847549760152312
15855,1.0300438364892552,2.161466970651883
15856,2.4064330612827334,1.4271429603399899
15857,2.3171382314934372,2.5314591132127724
15858,2.139411978035106,1.9670922176404724
15859,0.679275886854795,2.5980579674950266
15860,2.5440090495735057,1.8382673062663553
15861,2.693665958564221,1.8813159457093622
15862,1.0977579426299209,0.3925245289202322
15863,2.0033553976292673,1.9572248925817726
15864,2.4999047710919813,1.4147468379337438
15865,0.826833886939456,0.19135400508514552
15866,2.3742204631756705,2.5965561496267147
15867,2.1408322811786746,1.0163075017178027
15868,1.2978342635507467,1.6778431894684804
15869,1.5559707164183654,0.3811615334703306
15870,2.5133264476604205,2.459568567217615
15871,1.5360406112646894,1.3461157059670896
15872,2.6321531690267856,1.9277327100353603
15873,2.6488173015557384,1.8718157174460996
15874,2.39781130432152,2.4405861910048627
15875,2.7534921289374417,0.6888772889263756
15876,3.441010931335982,1.2055822102116227
15877,2.2633964995685956,0.45256826270243183
15878,1.2582343978184947,0.42074465647296444
15879,1.9900361636150206,0.3868770519108851
15880,1.1519188493838832,0.41507020406424944
15881,0.502492984780944,0.3638694619595673
15882,2.293377615682504,1.0657035836980346
15883,1.8720045824465432,0.8884960605559863
15884,3.3071327074296217,2.920062605960546
15885,1.9702169001285246,1.48001240695179
15886,2.0301830740805467,0.1560228474307064
15887,1.8060796679200215,1.64159626235519
15888,2.1621452288932783,2.4957773577349847
15889,1.676360935675185,1.437656482188716
15890,2.7994947766415312,2.6135456873552885
15891,2.4468118303585333,2.536426413716397
15892,2.7455946486500244,2.5565136453543067
15893,2.4418312890384106,0.9728621706818376
15894,2.483982962779651,2.2233299575855683
15895,0.5100118508647458,0.713781700605186
15896,2.883292970922017,2.5665506620074496
15897,2.245322401165499,2.1239829300335544
15898,2.2028971894663636,1.6188951903672222
15899,1.0533999360712172,1.1987165195050826
15900,2.599064404279475,2.4373715713959125
15901,0.5336200027774212,0.7129751436621619
15902,1.9959478813517428,1.0970842708559703
15903,1.6184055252637943,2.3447104627230555
15904,2.012831168277838,2.3293655242513966
15905,2.017056756723875,0.9615130165241983
15906,0.6979740854138035,0.3830251955997674
15907,2.486091077595473,2.2101698406145793
15908,1.1267402186381372,0.9333145759256356
15909,2.168615249597585,1.3699973979758082
15910,2.0670074026133345,1.4832885662735618
15911,2.447696636471384,1.8197920792208073
15912,1.648882550179382,2.074300585233329
15913,2.6461357435787054,1.404454530580767
15914,2.479484241517476,2.170512982401931
15915,2.190764260950102,2.2009943136585077
15916,2.7494201809829226,2.368891891821284
15917,1.4757583654533684,0.9047611704793794
15918,1.8990649779167603,2.3419947933638268
15919,2.342347399682009,2.321442262917121
15920,2.6275877478665333,1.554958132920052
15921,2.7347991399135547,2.4917820374388997
15922,2.6291899063249993,1.1631705049190078
15923,0.794818351378343,0.4195655958766168
15924,0.7723168608923489,1.4756362744624656
15925,2.2295150723123864,2.159085514673402
15926,3.3275633453889837,1.97864704758423
15927,1.2293895809184059,0.8229796739439574
15928,1.988672520838911,1.2868598965181213
15929,1.733293079193912,1.1160032039706869
15930,3.2190106666727014,2.4497995273361597
15931,2.6346164353777324,2.3764826896798485
15932,1.945607082728005,1.021429085390078
15933,1.81581063041804,0.9537696848254803
15934,2.2805036376474486,2.1849403318055076
15935,3.142999464076023,2.6295367585378013
15936,2.441521660905985,1.27394351943944
15937,2.4586580946790004,0.34555134424214223
15938,1.3533650790966338,0.4433974711421965
15939,2.3379351069303222,1.892463989435174
15940,1.3294091841318842,0.9738598741861043
15941,2.625125136851323,2.5589220175250467
15942,1.9286387439119912,1.640776672645569
15943,2.4937520677120513,2.580060498204177
15944,2.2618426900922635,0.7698567093105753
15945,2.687186433669947,1.4508824707488466
15946,2.5431990707723853,0.7868086143240219
15947,1.5651658466843636,1.4289522521847415
15948,2.811656078065029,2.521793831861474
15949,1.8779292811267314,2.268359219343662
15950,2.4083831589517524,2.3388316748169764
15951,1.9605329827545157,2.473073556961236
15952,1.5935318997112664,0.2946032608477149
15953,1.108175100747964,0.10038176996857563
15954,1.0073366254047977,0.5776010433363906
15955,2.9485370226508194,2.67392104365359
15956,1.3945417350319114,0.26515084004767686
15957,2.1865662017552703,0.7770331783826757
15958,2.1903523195122867,2.5975501290375234
15959,1.402005384301175,1.1676432934318446
15960,1.3646856049626803,1.0900210208518668
15961,1.9300385354641139,0.897638443820412
15962,0.32371072033111936,1.6112041529481969
15963,1.5683144475335915,1.4684804583501236
15964,1.2383452514304654,0.6217285148638008
15965,1.4045448412301293,1.7481253143650022
15966,2.549249727326936,1.8629479160350386
15967,1.7200120802427181,1.0593661017715128
15968,2.9278866720408736,0.9742155066393492
15969,1.7636690925248748,0.8801841943163042
15970,1.4289646188725271,0.7313610016739407
15971,1.3746239871960912,0.9408016703842554
15972,1.7814681814435576,1.230474066045285
15973,2.206118626125795,1.9250775311457635
15974,1.5729406546119744,1.5907432731039848
15975,1.696814299889917,2.2264008123796426
15976,2.2104895350751623,1.2502512852392376
15977,2.3613201564173862,0.6514155446949259
15978,2.317972825515284,1.8550701368098539
15979,2.4406487892372577,1.1317337522982007
15980,2.2792408767266945,2.4366276078108773
15981,2.139633307443971,0.7786611421580392
15982,2.3809202585223703,1.1958605186406126
15983,3.168246367615264,1.2976057441131024
15984,2.0211448579211932,1.919069147956458
15985,1.5653388370512988,1.6360098313573033
15986,1.4177353717501036,0.3074659540919625
15987,2.366140705824523,1.974887992234312
15988,0.6030804633996244,0.3359597099557435
15989,2.191964854783047,2.4684951132659303
15990,2.69265256382116,1.6105686121809606
15991,2.188968162876915,1.3392319200787568
15992,2.430688252820839,0.6052411244745338
15993,1.5697760208338938,0.20933534040341154
15994,2.6616431317832348,1.5881851554421857
15995,2.6795391505541186,2.4533547321091613
15996,0.5307399165471117,0.20453443913043937
15997,2.0647690458476418,0.7650066338283522
15998,1.2909701278496803,1.2704776372663569
15999,1.9132443759186044,1.6171335232377189
16000,2.130102257150154,2.7887608139688727
16001,0.9128793600447391,0.30482307198661185
16002,1.9638189469874838,1.2969793573187596
16003,2.5460590744463474,2.7228720907675683
16004,2.4706046657607925,2.7069166608952555
16005,3.477729697788768,2.3389696267133617
16006,1.7946853212355742,0.1867166378876378
16007,1.5028647025924944,1.203897520426483
16008,2.389632639671505,2.239839284091478
16009,1.909423196696009,2.7155705515019126
16010,3.4370509229857182,2.3763988264582694
16011,2.6067306211604917,0.2639823579866858
16012,1.5323010449534942,0.38328757578287465
16013,1.2967414877970447,0.8925027090282744
16014,2.343081623869704,2.3316350630897573
16015,2.332822024633331,1.4634005161819859
16016,2.378792560748097,1.3081958875859565
16017,0.5944283862612202,0.26000662410396463
16018,0.9432681705867144,1.4044891693109551
16019,1.978160718039423,1.870014498557597
16020,2.9423665570816966,2.30066358336415
16021,1.4046829461897057,1.9085494672914358
16022,2.577282159433719,1.8894558868953188
16023,2.2746161774870757,2.0467557677539756
16024,0.7562045958459317,0.17686649660625942
16025,2.0178658522901496,0.45880083739798017
16026,1.7308950390178883,2.464243603170987
16027,2.493458553358035,2.8495004093192113
16028,1.7842897353469163,0.8307584927161119
16029,2.2015537307006214,1.672490665678912
16030,1.9928632291293196,1.2094037560377338
16031,2.109323364063883,1.996862614122512
16032,1.274340168526008,0.3527904254212043
16033,2.8925001940648154,1.0000027027770302
16034,0.6007102669498042,0.5618293283049619
16035,1.1809531136667148,1.112650243641796
16036,3.3884354488792945,0.5839499473872929
16037,2.8928392121941204,2.2972000609247383
16038,2.4144584117678005,0.6932247584670247
16039,1.18340858343225,1.4082071207189883
16040,2.2605642610906846,2.0690576149250406
16041,0.47427705072540005,1.3685159652626542
16042,2.5191866691411127,2.596055124336456
16043,1.6798697176332416,1.899684854197491
16044,2.2966904183081818,2.3736160759423814
16045,2.652175876699281,2.1197415664232375
16046,1.730900459984812,0.4389468361887827
16047,1.8147346789956023,1.8933624324531457
16048,0.6145523866734434,0.5454400634637679
16049,2.0958532109882584,0.7296001747041434
16050,1.3227512025359327,2.205547205779514
16051,2.5515800537025237,1.949646316026115
16052,1.879416014947043,1.4287619109783607
16053,2.4254166201241243,2.608413517461637
16054,2.232820750957318,2.5326750744552387
16055,3.704836617690812,2.453115627177765
16056,1.8773709107909888,2.0722543359151184
16057,2.26036668792681,2.811925354191061
16058,2.7351104983564256,2.085984660164163
16059,1.224928662069971,2.315560470224493
16060,3.4319372970206636,1.1673853878951248
16061,2.3110299995139996,1.8726164585639489
16062,2.3750391653549987,2.77823620517838
16063,2.275597537070524,0.5976396014868613
16064,1.0474055969355425,0.18966438913568961
16065,3.1137781671867315,3.74573499146861
16066,0.6962796449494363,0.10350744559994565
16067,1.3953504978172817,0.23673607224539334
16068,1.3609693983228706,1.6610625040591271
16069,1.632325179930388,2.109215267488944
16070,1.5625961869514806,1.1008537301256023
16071,1.467117148776574,0.9512770855170092
16072,2.3718692538946002,2.3308751025247143
16073,2.807059363484788,2.541282334296081
16074,1.9229380289204552,2.3279082249787337
16075,1.0576065769828578,0.22478794321046666
16076,2.940465560554511,2.604920054169887
16077,2.2027120001530296,1.0006915912025123
16078,2.183876845997691,2.3223247099556987
16079,2.3730481691758682,2.4042344413616266
16080,2.5618161401535033,2.534314110252255
16081,1.6755032396580736,1.2923184967193972
16082,2.292656716686782,1.9757153083843682
16083,2.654317096759174,2.280414081770914
16084,2.283402561591015,1.685102517476809
16085,2.4191020410961124,1.009896491211696
16086,1.8205080639050915,2.7020304101314316
16087,1.793710636478337,0.8850163206912073
16088,1.633894712519143,1.9717578034439385
16089,2.785161933203649,2.7177013287899925
16090,2.298924063932719,2.560359117951124
16091,1.8292524328869908,1.2145192558779727
16092,2.4436163188708195,2.5228209779312363
16093,2.564974634328428,2.2380967005572807
16094,2.217786033854725,2.580316243528745
16095,0.4569139704598452,1.66214155673526
16096,1.8666356130272814,2.4046026295023695
16097,2.3818031969797064,2.747607132358726
16098,1.8827706773061996,2.763986635689185
16099,1.4039181041718047,1.5977770058256753
16100,2.545883755494227,2.682354881327296
16101,2.951667287489906,2.818907962440738
16102,2.719638419876992,0.8965271743410119
16103,1.855833396744943,2.03400573067119
16104,2.753071546503117,2.2165922237120523
16105,1.0266882616648474,1.704811762385228
16106,2.6131607612121175,2.783770676224857
16107,0.7308115561850025,0.14648628380504078
16108,3.2879489100640855,2.416632061508931
16109,2.6381240441138485,1.841596384510785
16110,2.241450152500605,0.7968171665359736
16111,0.9196927112789071,1.1389259864753756
16112,2.763771170493994,2.955852251969524
16113,1.5595427737518346,0.3248042655185905
16114,2.3232364556930554,1.5987197350418265
16115,1.7002278504281338,1.5851539839656354
16116,3.2953377984928975,1.409537767678206
16117,1.5670958966201434,0.984899912073964
16118,3.3753362194140206,0.5529788597884224
16119,2.190585754408735,2.198960410392232
16120,1.1737527321513337,1.3958326197055215
16121,0.9554768289391112,0.4449213614942178
16122,2.417840554850776,1.0219038229058603
16123,2.0685484914898256,2.2581239584376753
16124,1.5531203483923466,1.9984600613737835
16125,2.578482572021269,1.1281144182917462
16126,1.9609154562690543,1.6661216627863837
16127,2.297180926514726,2.383395987050268
16128,2.5078720240192864,2.602926192945875
16129,1.9486202777758637,1.511764286051509
16130,2.446154601633735,0.8738141479299545
16131,2.1830748860042717,1.3627647749983196
16132,2.046578225416876,1.468846194918063
16133,1.3457562874862705,0.7606634019055807
16134,2.4454655382155313,0.38208450916068476
16135,2.37025270699856,0.6032753127119942
16136,2.717119636707499,2.20559468087185
16137,2.1053073582887785,2.1939107039976764
16138,1.7508138103825954,2.1075189040109428
16139,2.2355209903563384,2.359938904762443
16140,2.1209829220046386,1.3175713903854915
16141,2.227340653156474,2.097536016852246
16142,2.130972207371129,1.2316251031740115
16143,2.415968133964042,1.7665098379366397
16144,1.5332416358159493,0.15840360244715807
16145,2.453622866568711,2.4361470234956237
16146,1.754599127939364,0.4999585320504357
16147,3.0095203505155625,2.9327564099359114
16148,2.0801001164490285,1.189495857365419
16149,2.563180795261501,2.2099932004332903
16150,2.358662017147904,2.464369033898355
16151,1.4576901201635037,1.2351732509871372
16152,2.50659334668503,1.6052337860943982
16153,1.2537125673895089,0.9905630801931532
16154,2.5629166246414616,1.6012609404420761
16155,1.327208283070581,2.006120128259195
16156,1.1289370291996146,1.0969891696265104
16157,2.8665608880207953,0.3391999656808892
16158,1.62269313585445,0.5035724337737829
16159,2.0283937605381723,2.3486767957094563
16160,2.7570135255046284,2.3113149002095517
16161,2.4383936033484623,1.5502956548841067
16162,1.686425576531445,1.2905077950876116
16163,2.542849621165276,1.7416055737182556
16164,1.9441679684153843,1.4699728266991874
16165,2.539461468873573,2.154602870135523
16166,2.6837779178453096,2.219925585423566
16167,1.9549251573080006,1.5014738707161612
16168,2.2351518758655526,2.458458077800684
16169,1.9778199583991356,0.27837474673615076
16170,2.6019128503530395,2.1587410987246543
16171,2.187752541969825,2.487915929186513
16172,2.2459345772436086,0.6381070956612781
16173,2.2107410889899644,2.19816740116726
16174,0.4578961342142059,0.246268103796019
16175,2.336606424405215,0.6575724997765297
16176,1.7164223591208732,0.8601407082788473
16177,1.0586114584006778,1.7230212976440629
16178,2.076069608234154,2.319330066080402
16179,2.7700551839036405,2.1554521012870653
16180,3.2717559603352235,0.5994479411256706
16181,2.2482534222334474,2.6395583798752127
16182,2.0054673935305942,1.2233176746128402
16183,2.485587850353233,2.549356362604619
16184,2.295437570604194,1.6054371579438367
16185,2.5527090205968674,1.3294217124177237
16186,2.477429865513148,2.1898754549020603
16187,2.3404023155450004,1.423892176721984
16188,3.1837768528172017,2.204970687768103
16189,0.6716699675353559,0.1337373085597719
16190,1.0965954626341465,2.3852624924824553
16191,1.8860559181247287,0.5833968896329735
16192,2.67700794398475,1.3809083923438301
16193,1.4275104446101108,0.49389154108292116
16194,0.4578602994701679,0.21875109155804442
16195,1.1689608840609174,1.3187802863220035
16196,2.5468339461733733,2.1193308612304427
16197,3.280624971460221,3.6539157100086266
16198,2.134957858136804,2.2254951613603615
16199,2.546154836055255,2.5702173909405857
16200,2.4691541704506816,0.8725973671718981
16201,2.0749027011646226,0.8199239898715805
16202,1.762698810281956,2.52134203620731
16203,3.3551296257455414,1.419136467030356
16204,2.0850649979715428,0.8947513203261052
16205,2.757206386031799,2.369020859636053
16206,3.1411371795672745,2.7338622324775352
16207,3.0563372288887796,0.30856263614781837
16208,2.244464462037644,1.4091908073419137
16209,2.462981289316821,1.64733815705094
16210,2.416875725980873,2.4811417362436363
16211,1.0192129934956826,0.7584477396496215
16212,3.3931823213238856,0.9223855315655717
16213,2.4255047342593112,2.4522457053953364
16214,1.842468574222986,2.0648190610799397
16215,2.522995178549757,2.119027002829999
16216,2.3259456225436814,2.806605215875652
16217,1.02501897283123,2.3654997784461154
16218,1.6526078813048286,1.470615860133111
16219,2.13134762444842,2.699298298296986
16220,2.566332089474186,2.19978138370369
16221,2.9151364645596263,1.306336059597403
16222,1.671801513792814,0.5997079532364219
16223,2.7572515571557945,2.667019965723822
16224,2.1134176820337918,1.047007705648068
16225,1.7599298187839711,0.9195918872682468
16226,1.969142308095553,1.0440039702164208
16227,1.7789711066246747,0.2328521964149234
16228,1.7560423193143508,1.1248014348138071
16229,2.268084633563987,2.467691783025592
16230,2.070120111698192,1.4522345267775414
16231,1.2896218585981905,1.240696219308042
16232,0.48459165041846347,2.3085145574925408
16233,2.716345754979712,2.397927575880851
16234,2.4063508223470347,2.4214377171515182
16235,1.8906839972424387,2.0730333120532025
16236,1.3555010114128871,1.1660728246526764
16237,2.469707465747946,0.7543379109709157
16238,1.7910236669097723,1.8310033619250339
16239,2.467844379421778,2.5322556004412426
16240,2.4222219719923377,2.586289053294993
16241,1.6308836408428777,0.46592695776166965
16242,2.6365289969328773,2.403417883521028
16243,0.6780848174495329,0.30918633939908496
16244,1.5194730570614816,0.35133080567039426
16245,1.8703889344889233,2.3059248055719324
16246,1.332848473119072,0.9177232290500998
16247,2.849322210304587,1.2271035990147032
16248,2.2704790600317732,1.694026317820218
16249,1.2248791765515952,1.2185265136622376
16250,2.6284117544895835,2.586020849323584
16251,1.8510702381365483,2.2242656976410395
16252,2.1334555529096835,2.055323991732193
16253,2.22406240806841,0.9671453153244811
16254,2.4167038738144098,2.3206482243012503
16255,0.07855760539412074,0.15956130393474857
16256,2.7894314204050032,1.6514111995886172
16257,2.210159138453361,2.459145935948392
16258,1.2309875462389137,0.9966476889263578
16259,2.5648061405413083,2.3261416581851337
16260,0.8618535879527055,1.092500739124573
16261,1.093714008459118,2.392338788119831
16262,2.1377032602163153,1.778607131939532
16263,2.634034869627868,1.913397080044118
16264,2.619496283031783,1.6908462535170687
16265,1.174059828232315,0.7843777906542659
16266,2.3390252989350335,2.0965073115080197
16267,1.643059575699998,1.1989077450500105
16268,2.7343154736335453,2.2871723414328198
16269,1.9151379414776175,2.819424562257257
16270,2.8931119931792533,2.0875463361471027
16271,1.5560089063044036,1.9589881935275621
16272,2.118011523561798,2.509813532012814
16273,1.2298177784660218,2.2602706196081552
16274,1.5142687112330542,2.2843187914968524
16275,1.7195403798103994,0.2452620552150769
16276,2.5245002394502265,2.200087088227558
16277,2.0388718235259,1.8814891896430312
16278,2.607642219652867,2.071605948337405
16279,1.8423163122774828,1.564536732648628
16280,0.9795186183115787,0.4785228912545901
16281,2.6685449863483384,2.468945466790202
16282,0.7845424612975129,0.8113405846021987
16283,1.8494730233489007,1.0220102775951265
16284,0.6682285821249871,1.9613045545250072
16285,1.4814245874606633,0.722186266290539
16286,2.688374106756129,2.4820013513668777
16287,2.591942669337395,1.8934228539254716
16288,1.3330836181968235,1.5596512047191238
16289,1.1136752923406499,0.17275384193656756
16290,2.1623498501111693,2.2423601415331973
16291,1.5011002201682153,0.2462710371270888
16292,1.5931271071309818,0.33036628610048746
16293,1.793153014916799,0.29892781615633907
16294,0.6546715217781398,0.5858593827862111
16295,1.853338957957544,2.3499813582368754
16296,2.48775947500012,1.9623988213069024
16297,2.640491626871717,2.2635663424096917
16298,3.005144753610764,1.1845041342295972
16299,0.34137018823891,0.35994324974170505
16300,1.352012823976533,2.393255215766744
16301,2.026351119564822,2.0947919621138755
16302,2.3933973182798303,1.5545343286080107
16303,1.733624703970434,0.4092252230915021
16304,1.9966355598707926,1.9817617359765138
16305,1.2157359461230224,0.36941829030172463
16306,2.194505833684812,2.3539780678282676
16307,2.383955083317173,1.7756222914268136
16308,1.431645911990786,1.0164928945626848
16309,2.7656974076433176,1.3283692022051943
16310,1.785269875037909,0.4537976798301722
16311,2.3553356225299678,2.33302464963119
16312,0.05956082935195432,0.029491875469768402
16313,2.1867814047743246,1.5027387008499584
16314,2.3553561091006316,2.483773212775677
16315,1.6093616569928715,1.9574172804007164
16316,2.413230814535677,2.3285663058998427
16317,3.4074318398437953,2.4579339689085145
16318,2.3079986606164407,1.1185121922997832
16319,1.9960083506748243,1.869410170391558
16320,2.3950789533184778,1.906253097642118
16321,1.3392083120609841,2.719609420459867
16322,2.2450169070547954,1.296931105656548
16323,2.023261860367689,0.369601101721377
16324,2.031226828986,0.6528717566878255
16325,1.9748979707123326,0.6023064497206354
16326,0.6923505517626408,1.4866850307734387
16327,2.1603210311777494,2.3017805386142087
16328,2.095001497634076,1.8549456004892508
16329,1.863589943130617,1.997062455277474
16330,2.6233901059372364,2.4576856604811996
16331,2.459329699204904,2.5848504328730866
16332,1.0973902746061066,0.621776167165964
16333,3.0232278811984754,2.868394815241085
16334,2.1201814633205514,0.3445406131151104
16335,1.0382779216311375,0.862090232148468
16336,2.3072332137501923,2.1911904876082215
16337,2.7932989252330667,2.3726703815062575
16338,2.4642551500466907,2.252190504864508
16339,2.059900108234837,1.578658657801972
16340,1.023202870295723,1.5874156537293533
16341,1.2326671307757415,1.9593030670216556
16342,2.567813089566007,1.4543233403207572
16343,1.4864943439838532,0.3738647591600741
16344,2.800951995457392,2.1726057428492944
16345,1.1689878458790983,0.15658895780422316
16346,2.663414398612961,2.830411508766503
16347,1.633841157936544,1.635961223554671
16348,2.0823446369299097,2.413102849639647
16349,0.5869875449664402,0.14736820488917604
16350,1.746586958353045,1.8806706328273701
16351,2.6605935906469766,2.872249580578944
16352,1.366686226235209,1.0955579635148007
16353,2.1952053867984374,1.0097814994915886
16354,1.1892824657022367,0.472127345464845
16355,1.0942649014373549,0.15267603830387597
16356,0.9697367331031713,0.5503254654806099
16357,1.5219484654757396,2.48360191992621
16358,1.7719232796434774,2.112490754740514
16359,0.5038481052452993,1.4410507362016327
16360,0.27207597978274217,0.21885600086803347
16361,3.1552912238134474,2.705073692838135
16362,2.010268692653481,2.1474989532475166
16363,2.1078478876852094,1.6150390086695534
16364,2.9569976840930217,1.9132959313571485
16365,2.0292517547734366,1.7698376255589805
16366,2.0452638660771805,2.3329744012532685
16367,2.9511063570648757,2.5629900168842443
16368,2.3555988973438806,2.9514767750509963
16369,1.8873552590967808,1.292700111269921
16370,1.8090023616756572,1.2091868432969255
16371,1.7776430085936308,1.5728893936920514
16372,2.55676720861138,1.514716288746015
16373,0.9128374203261814,0.5946206462226727
16374,1.1020337502495683,2.2033667685341216
16375,1.8963755444000567,1.2259541711313018
16376,1.635461946716666,0.6126108949143824
16377,2.19996243867606,0.8463165749275746
16378,0.3417346916299391,0.12452250383871316
16379,1.4109832827932554,0.8619810234594684
16380,0.7955188489770841,1.071978703560521
16381,1.1820367131604763,0.34536434163816454
16382,1.8050075225860875,1.1778741804197277
16383,1.0256702401778321,0.9597235748975311
