{
    "train_accuracy": 0.7725238208266929,
    "test_accuracy": 0.3257552639609399,
    "test_precision": 0.2957848924655805,
    "test_recall": 0.3257552639609399,
    "test_f1_score": 0.29347231179990557,
    "test_confusion_matrix": [
        [
            233,
            259,
            527,
            620
        ],
        [
            287,
            215,
            563,
            573
        ],
        [
            289,
            267,
            569,
            514
        ],
        [
            173,
            130,
            217,
            1118
        ]
    ]
}