M,task,feature_set,seed,fold,n_train_groups,n_test_groups,balanced_acc,runtime_sec
1,C1-C2,fbar,42,1,26214,6554,0.5070186145865121,1.7373511791229248
1,C1-C2,fbar,42,2,26214,6554,0.5059505645407385,1.6750144958496094
1,C1-C2,fbar,42,3,26214,6554,0.5024412572474825,1.5756230354309082
1,C1-C2,fbar,42,4,26215,6553,0.496719141401778,1.5245449542999268
1,C1-C2,fbar,42,5,26215,6553,0.5005345373441192,1.5420594215393066
1,C1-C3,fbar,42,1,26214,6554,0.5073237717424474,1.4567887783050537
1,C1-C3,fbar,42,2,26214,6554,0.4923710711016174,1.5996458530426025
1,C1-C3,fbar,42,3,26214,6554,0.503967043027159,1.389277458190918
1,C1-C3,fbar,42,4,26215,6553,0.5041954917221929,1.4394557476043701
1,C1-C3,fbar,42,5,26215,6553,0.4950401249989288,1.4798593521118164
1,C1-C4,fbar,42,1,26214,6554,0.5558437595361612,1.13413405418396
1,C1-C4,fbar,42,2,26214,6554,0.5395178516936222,1.183553695678711
1,C1-C4,fbar,42,3,26214,6554,0.5543179737564846,1.1638386249542236
1,C1-C4,fbar,42,4,26215,6553,0.5565391191726254,1.1421623229980469
1,C1-C4,fbar,42,5,26215,6553,0.5511965402108826,1.1713283061981201
1,C2-C3,fbar,42,1,26214,6554,0.49572779981690573,1.861072063446045
1,C2-C3,fbar,42,2,26214,6554,0.48809887091852305,2.163754463195801
1,C2-C3,fbar,42,3,26214,6554,0.4952700640830028,2.017651081085205
1,C2-C3,fbar,42,4,26215,6553,0.5011464817690023,1.9874558448791504
1,C2-C3,fbar,42,5,26215,6553,0.5025216916809837,1.9297370910644531
1,C2-C4,fbar,42,1,26214,6554,0.5711016173329264,1.064668893814087
1,C2-C4,fbar,42,2,26214,6554,0.5749160817821178,1.0794050693511963
1,C2-C4,fbar,42,3,26214,6554,0.5645407384803174,1.0628764629364014
1,C2-C4,fbar,42,4,26215,6553,0.5597441076537811,1.0534083843231201
1,C2-C4,fbar,42,5,26215,6553,0.5711887585171076,1.0537793636322021
1,C3-C4,fbar,42,1,26214,6554,0.5694232529752823,1.0337557792663574
1,C3-C4,fbar,42,2,26214,6554,0.5651510527921879,1.0676558017730713
1,C3-C4,fbar,42,3,26214,6554,0.5717119316447972,1.0560376644134521
1,C3-C4,fbar,42,4,26215,6553,0.5624897768626789,1.031557559967041
1,C3-C4,fbar,42,5,26215,6553,0.5675254288315015,1.0823891162872314
1,C4-rest,fbar,42,1,52428,13108,0.5655070694741124,2.3854079246520996
1,C4-rest,fbar,42,2,52429,13107,0.5557916424944195,2.3803677558898926
1,C4-rest,fbar,42,3,52429,13107,0.5661572642769623,2.2538039684295654
1,C4-rest,fbar,42,4,52429,13107,0.549831418521332,2.337968349456787
1,C4-rest,fbar,42,5,52429,13107,0.5572057134856802,2.3366167545318604
1,4class,fbar,42,1,52428,13108,0.2761672261214525,2.5033695697784424
1,4class,fbar,42,2,52429,13107,0.28405147729224633,2.689669609069824
1,4class,fbar,42,3,52429,13107,0.2816032105588102,2.6745145320892334
1,4class,fbar,42,4,52429,13107,0.28000183411001234,2.58890962600708
1,4class,fbar,42,5,52429,13107,0.2752706639645913,2.5263302326202393
1,C1-C2,fbar_var,42,1,26214,6554,0.5047299359169972,1.3903133869171143
1,C1-C2,fbar_var,42,2,26214,6554,0.5090021361000915,1.338561773300171
1,C1-C2,fbar_var,42,3,26214,6554,0.4922184925236497,1.2048466205596924
1,C1-C2,fbar_var,42,4,26215,6553,0.5151831054714789,1.2520666122436523
1,C1-C2,fbar_var,42,5,26215,6553,0.49656898470600025,1.2606091499328613
1,C1-C3,fbar_var,42,1,26214,6554,0.5086969789441562,1.0848500728607178
1,C1-C3,fbar_var,42,2,26214,6554,0.5128166005492829,1.1522762775421143
1,C1-C3,fbar_var,42,3,26214,6554,0.5212084223375038,1.1054868698120117
1,C1-C3,fbar_var,42,4,26215,6553,0.5029738384559868,1.172886610031128
1,C1-C3,fbar_var,42,5,26215,6553,0.5159474887503572,1.1056365966796875
1,C1-C4,fbar_var,42,1,26214,6554,0.6469331705828502,0.814713716506958
1,C1-C4,fbar_var,42,2,26214,6554,0.6307598413182789,0.8032100200653076
1,C1-C4,fbar_var,42,3,26214,6554,0.6290814769606348,0.7946317195892334
1,C1-C4,fbar_var,42,4,26215,6553,0.637873328482117,0.8253693580627441
1,C1-C4,fbar_var,42,5,26215,6553,0.6389451976498055,0.8075580596923828
1,C2-C3,fbar_var,42,1,26214,6554,0.5054928288068355,1.0676960945129395
1,C2-C3,fbar_var,42,2,26214,6554,0.5016783643576442,1.100250482559204
1,C2-C3,fbar_var,42,3,26214,6554,0.4993896856881294,1.1079776287078857
1,C2-C3,fbar_var,42,4,26215,6553,0.4999222203219762,1.124779462814331
1,C2-C3,fbar_var,42,5,26215,6553,0.4983991358724346,1.0895678997039795
1,C2-C4,fbar_var,42,1,26214,6554,0.6426609703997559,0.849675178527832
1,C2-C4,fbar_var,42,2,26214,6554,0.630302105584376,0.8063230514526367
1,C2-C4,fbar_var,42,3,26214,6554,0.6296917912725053,0.8501129150390625
1,C2-C4,fbar_var,42,4,26215,6553,0.6345158545723086,0.8052630424499512
1,C2-C4,fbar_var,42,5,26215,6553,0.6394036785782284,0.8039841651916504
1,C3-C4,fbar_var,42,1,26214,6554,0.6595971925541655,0.7864959239959717
1,C3-C4,fbar_var,42,2,26214,6554,0.6521208422337503,0.7786159515380859
1,C3-C4,fbar_var,42,3,26214,6554,0.6516631064998475,0.778282880783081
1,C3-C4,fbar_var,42,4,26215,6553,0.6494734921268336,0.7718546390533447
1,C3-C4,fbar_var,42,5,26215,6553,0.660310110836507,0.7852106094360352
1,C4-rest,fbar_var,42,1,52428,13108,0.616315735937341,1.6599102020263672
1,C4-rest,fbar_var,42,2,52429,13107,0.61443281568396,1.6770713329315186
1,C4-rest,fbar_var,42,3,52429,13107,0.6153950543431189,1.6618008613586426
1,C4-rest,fbar_var,42,4,52429,13107,0.6121911059882513,1.668281078338623
1,C4-rest,fbar_var,42,5,52429,13107,0.6008490850407492,1.6809546947479248
1,4class,fbar_var,42,1,52428,13108,0.3138541348794629,1.9788062572479248
1,4class,fbar_var,42,2,52429,13107,0.3183136816223481,1.9762468338012695
1,4class,fbar_var,42,3,52429,13107,0.3156304923164856,1.9824016094207764
1,4class,fbar_var,42,4,52429,13107,0.3167738535834355,1.9675707817077637
1,4class,fbar_var,42,5,52429,13107,0.31509516320318887,1.9979121685028076
1,C1-C2,fbar,43,1,26214,6554,0.503509307293256,1.6112923622131348
1,C1-C2,fbar,43,2,26214,6554,0.5096124504119621,1.5393667221069336
1,C1-C2,fbar,43,3,26214,6554,0.49359169972535855,1.495056390762329
1,C1-C2,fbar,43,4,26215,6553,0.5016027736885229,1.6229429244995117
1,C1-C2,fbar,43,5,26215,6553,0.5054154217260718,1.6079638004302979
1,C1-C3,fbar,43,1,26214,6554,0.5042722001830944,1.5577068328857422
1,C1-C3,fbar,43,2,26214,6554,0.49954226426609705,1.4185030460357666
1,C1-C3,fbar,43,3,26214,6554,0.5080866646322857,1.404414176940918
1,C1-C3,fbar,43,4,26215,6553,0.500227237753939,1.4475114345550537
1,C1-C3,fbar,43,5,26215,6553,0.49397216810247024,1.4639132022857666
1,C1-C4,fbar,43,1,26214,6554,0.5555386023802258,1.2038180828094482
1,C1-C4,fbar,43,2,26214,6554,0.5436374732987488,1.1215126514434814
1,C1-C4,fbar,43,3,26214,6554,0.5509612450411963,1.1401848793029785
1,C1-C4,fbar,43,4,26215,6553,0.5574544509164588,1.1206376552581787
1,C1-C4,fbar,43,5,26215,6553,0.5460102657997075,1.1421713829040527
1,C2-C3,fbar,43,1,26214,6554,0.49572779981690573,1.9583821296691895
1,C2-C3,fbar,43,2,26214,6554,0.5070186145865121,2.2417104244232178
1,C2-C3,fbar,43,3,26214,6554,0.49847421422032345,1.7205348014831543
1,C2-C3,fbar,43,4,26215,6553,0.49641412396981516,2.013070821762085
1,C2-C3,fbar,43,5,26215,6553,0.4916850263966529,1.961491584777832
1,C2-C4,fbar,43,1,26214,6554,0.579646017699115,1.0467169284820557
1,C2-C4,fbar,43,2,26214,6554,0.5691180958193469,1.0942590236663818
1,C2-C4,fbar,43,3,26214,6554,0.5752212389380531,1.1130568981170654
1,C2-C4,fbar,43,4,26215,6553,0.5617280949139356,1.0591442584991455
1,C2-C4,fbar,43,5,26215,6553,0.5606594393976145,1.0594937801361084
1,C3-C4,fbar,43,1,26214,6554,0.5694232529752823,1.0614700317382812
1,C3-C4,fbar,43,2,26214,6554,0.561641745498932,1.0466041564941406
1,C3-C4,fbar,43,3,26214,6554,0.5732377174244736,1.036233901977539
1,C3-C4,fbar,43,4,26215,6553,0.5623377571806012,1.0403637886047363
1,C3-C4,fbar,43,5,26215,6553,0.567069043762666,1.0368902683258057
1,C4-rest,fbar,43,1,52428,13108,0.5617943240768997,2.2611937522888184
1,C4-rest,fbar,43,2,52429,13107,0.5621505270574542,2.3396806716918945
1,C4-rest,fbar,43,3,52429,13107,0.5583247834486236,2.362103223800659
1,C4-rest,fbar,43,4,52429,13107,0.565038597878925,2.4304208755493164
1,C4-rest,fbar,43,5,52429,13107,0.5564939802085561,2.3799798488616943
1,4class,fbar,43,1,52428,13108,0.27548062252059813,2.5434975624084473
1,4class,fbar,43,2,52429,13107,0.28420359012363894,2.592970848083496
1,4class,fbar,43,3,52429,13107,0.2796960947708583,2.574824094772339
1,4class,fbar,43,4,52429,13107,0.2771027479793119,2.581651449203491
1,4class,fbar,43,5,52429,13107,0.2792379165777091,2.5544111728668213
1,C1-C2,fbar_var,43,1,26214,6554,0.5019835215135795,1.3532099723815918
1,C1-C2,fbar_var,43,2,26214,6554,0.4989319499542264,1.26790189743042
1,C1-C2,fbar_var,43,3,26214,6554,0.5024412572474825,1.2580194473266602
1,C1-C2,fbar_var,43,4,26215,6553,0.5048049211155711,1.2918732166290283
1,C1-C2,fbar_var,43,5,26215,6553,0.49672044549218797,1.339970588684082
1,C1-C3,fbar_var,43,1,26214,6554,0.5170888007323772,1.097994089126587
1,C1-C3,fbar_var,43,2,26214,6554,0.5053402502288679,1.1195063591003418
1,C1-C3,fbar_var,43,3,26214,6554,0.510527921879768,1.0919804573059082
1,C1-C3,fbar_var,43,4,26215,6553,0.5089259865350801,1.094231367111206
1,C1-C3,fbar_var,43,5,26215,6553,0.498246277846522,1.096376657485962
1,C1-C4,fbar_var,43,1,26214,6554,0.637320720170888,0.8126068115234375
1,C1-C4,fbar_var,43,2,26214,6554,0.6277082697589258,0.7869901657104492
1,C1-C4,fbar_var,43,3,26214,6554,0.6454073848031736,0.8149487972259521
1,C1-C4,fbar_var,43,4,26215,6553,0.6291762098139883,0.8412542343139648
1,C1-C4,fbar_var,43,5,26215,6553,0.6355896798756122,0.8335847854614258
1,C2-C3,fbar_var,43,1,26214,6554,0.4996948428440647,1.0794692039489746
1,C2-C3,fbar_var,43,2,26214,6554,0.503967043027159,1.1365814208984375
1,C2-C3,fbar_var,43,3,26214,6554,0.4996948428440647,1.0680773258209229
1,C2-C3,fbar_var,43,4,26215,6553,0.5025158232741388,1.1306841373443604
1,C2-C3,fbar_var,43,5,26215,6553,0.5051143165653389,1.1197483539581299
1,C2-C4,fbar_var,43,1,26214,6554,0.6351846200793408,0.8202173709869385
1,C2-C4,fbar_var,43,2,26214,6554,0.6275556911809582,0.8139574527740479
1,C2-C4,fbar_var,43,3,26214,6554,0.637778455904791,0.8318719863891602
1,C2-C4,fbar_var,43,4,26215,6553,0.6403140268337095,0.8277683258056641
1,C2-C4,fbar_var,43,5,26215,6553,0.6403199883898694,0.8031482696533203
1,C3-C4,fbar_var,43,1,26214,6554,0.6464754348489472,0.7631886005401611
1,C3-C4,fbar_var,43,2,26214,6554,0.6582239853524565,0.7847957611083984
1,C3-C4,fbar_var,43,3,26214,6554,0.6666158071406774,0.7709405422210693
1,C3-C4,fbar_var,43,4,26215,6553,0.6511508318420128,0.7693789005279541
1,C3-C4,fbar_var,43,5,26215,6553,0.6549684167932566,0.8127033710479736
1,C4-rest,fbar_var,43,1,52428,13108,0.6104160309225918,1.6723484992980957
1,C4-rest,fbar_var,43,2,52429,13107,0.6110755746474391,1.6924290657043457
1,C4-rest,fbar_var,43,3,52429,13107,0.6111735791643785,1.6964778900146484
1,C4-rest,fbar_var,43,4,52429,13107,0.6102584646962972,1.6788198947906494
1,C4-rest,fbar_var,43,5,52429,13107,0.6101054049447876,1.638859510421753
1,4class,fbar_var,43,1,52428,13108,0.3158376563930424,1.982511281967163
1,4class,fbar_var,43,2,52429,13107,0.31762821910060235,1.9698998928070068
1,4class,fbar_var,43,3,52429,13107,0.3205888070665306,1.9660587310791016
1,4class,fbar_var,43,4,52429,13107,0.32554644648404185,2.012605667114258
1,4class,fbar_var,43,5,52429,13107,0.3146377302045596,1.9850163459777832
1,C1-C2,fbar,44,1,26214,6554,0.5048825144949649,1.670112133026123
1,C1-C2,fbar,44,2,26214,6554,0.49755874275251755,1.7069201469421387
1,C1-C2,fbar,44,3,26214,6554,0.5022886786695148,1.5396177768707275
1,C1-C2,fbar,44,4,26215,6553,0.5032810448968521,1.5104305744171143
1,C1-C2,fbar,44,5,26215,6553,0.509234450491698,1.6054883003234863
1,C1-C3,fbar,44,1,26214,6554,0.5091547146780592,1.5232508182525635
1,C1-C3,fbar,44,2,26214,6554,0.4943545926151968,1.4297442436218262
1,C1-C3,fbar,44,3,26214,6554,0.5007628928898382,1.4358744621276855
1,C1-C3,fbar,44,4,26215,6553,0.5090802883753753,1.462855577468872
1,C1-C3,fbar,44,5,26215,6553,0.49885468259743515,1.4257066249847412
1,C1-C4,fbar,44,1,26214,6554,0.5529447665547758,1.1705543994903564
1,C1-C4,fbar,44,2,26214,6554,0.5549282880683553,1.1507279872894287
1,C1-C4,fbar,44,3,26214,6554,0.5584375953616112,1.1598446369171143
1,C1-C4,fbar,44,4,26215,6553,0.560047168950129,1.1199042797088623
1,C1-C4,fbar,44,5,26215,6553,0.5447870755698037,1.1177890300750732
1,C2-C3,fbar,44,1,26214,6554,0.4971010070186146,1.8961155414581299
1,C2-C3,fbar,44,2,26214,6554,0.5091547146780592,2.0759358406066895
1,C2-C3,fbar,44,3,26214,6554,0.49359169972535855,1.981999397277832
1,C2-C3,fbar,44,4,26215,6553,0.4987007533544,1.9695281982421875
1,C2-C3,fbar,44,5,26215,6553,0.49641375137255517,2.1418955326080322
1,C2-C4,fbar,44,1,26214,6554,0.5753738175160208,1.0764579772949219
1,C2-C4,fbar,44,2,26214,6554,0.5740006103143118,1.087859869003296
1,C2-C4,fbar,44,3,26214,6554,0.5732377174244736,1.0387797355651855
1,C2-C4,fbar,44,4,26215,6553,0.5585220352156575,1.0491092205047607
1,C2-C4,fbar,44,5,26215,6553,0.572103624514366,1.0652942657470703
1,C3-C4,fbar,44,1,26214,6554,0.5613365883429966,1.0312800407409668
1,C3-C4,fbar,44,2,26214,6554,0.5694232529752823,1.058445692062378
1,C3-C4,fbar,44,3,26214,6554,0.5648458956362526,1.0591886043548584
1,C3-C4,fbar,44,4,26215,6553,0.5672201319515937,1.0567238330841064
1,C3-C4,fbar,44,5,26215,6553,0.5676786128800166,1.044929027557373
1,C4-rest,fbar,44,1,52428,13108,0.5543179737564845,2.310460329055786
1,C4-rest,fbar,44,2,52429,13107,0.5644410687132688,2.3854079246520996
1,C4-rest,fbar,44,3,52429,13107,0.5537477365441371,2.3318846225738525
1,C4-rest,fbar,44,4,52429,13107,0.5618848933548692,2.414259672164917
1,C4-rest,fbar,44,5,52429,13107,0.5645297956626707,2.2970972061157227
1,4class,fbar,44,1,52428,13108,0.2863137015563015,2.5221242904663086
1,4class,fbar,44,2,52429,13107,0.2782523735376955,2.5657548904418945
1,4class,fbar,44,3,52429,13107,0.2787804137170936,2.5425407886505127
1,4class,fbar,44,4,52429,13107,0.2857243225529768,2.454702377319336
1,4class,fbar,44,5,52429,13107,0.28160309412216644,2.604790687561035
1,C1-C2,fbar_var,44,1,26214,6554,0.5001525785779677,1.3726866245269775
1,C1-C2,fbar_var,44,2,26214,6554,0.49481232834909983,1.3312911987304688
1,C1-C2,fbar_var,44,3,26214,6554,0.5126640219713152,1.2384014129638672
1,C1-C2,fbar_var,44,4,26215,6553,0.502211923633956,1.321650743484497
1,C1-C2,fbar_var,44,5,26215,6553,0.499315212810788,1.2806899547576904
1,C1-C3,fbar_var,44,1,26214,6554,0.5057979859627708,1.091480016708374
1,C1-C3,fbar_var,44,2,26214,6554,0.5065608788526091,1.1340091228485107
1,C1-C3,fbar_var,44,3,26214,6554,0.5097650289899298,1.1101675033569336
1,C1-C3,fbar_var,44,4,26215,6553,0.5183899103642772,1.0997605323791504
1,C1-C3,fbar_var,44,5,26215,6553,0.49839941532037957,1.0937201976776123
1,C1-C4,fbar_var,44,1,26214,6554,0.6361000915471468,0.8306550979614258
1,C1-C4,fbar_var,44,2,26214,6554,0.6325907842538907,0.8165016174316406
1,C1-C4,fbar_var,44,3,26214,6554,0.6411351846200793,0.805272102355957
1,C1-C4,fbar_var,44,4,26215,6553,0.6352783748648869,0.8001360893249512
1,C1-C4,fbar_var,44,5,26215,6553,0.6419972349557336,0.8152081966400146
1,C2-C3,fbar_var,44,1,26214,6554,0.5,1.0745694637298584
1,C2-C3,fbar_var,44,2,26214,6554,0.5073237717424474,1.0925712585449219
1,C2-C3,fbar_var,44,3,26214,6554,0.5048825144949649,1.1353299617767334
1,C2-C3,fbar_var,44,4,26215,6553,0.5090786582623629,1.1174323558807373
1,C2-C3,fbar_var,44,5,26215,6553,0.4898533848411786,1.109910011291504
1,C2-C4,fbar_var,44,1,26214,6554,0.6353371986573084,0.8059642314910889
1,C2-C4,fbar_var,44,2,26214,6554,0.6441867561794324,0.8032667636871338
1,C2-C4,fbar_var,44,3,26214,6554,0.6455599633811413,0.7881021499633789
1,C2-C4,fbar_var,44,4,26215,6553,0.6244429205216511,0.8041048049926758
1,C2-C4,fbar_var,44,5,26215,6553,0.6323832941547314,0.8160851001739502
1,C3-C4,fbar_var,44,1,26214,6554,0.6530363137015562,0.8058679103851318
1,C3-C4,fbar_var,44,2,26214,6554,0.6626487641135185,0.7638416290283203
1,C3-C4,fbar_var,44,3,26214,6554,0.6650900213610009,0.7865133285522461
1,C3-C4,fbar_var,44,4,26215,6553,0.6474866638125716,0.790452241897583
1,C3-C4,fbar_var,44,5,26215,6553,0.6519166123606159,0.7806491851806641
1,C4-rest,fbar_var,44,1,52428,13108,0.6172820669311362,1.6419756412506104
1,C4-rest,fbar_var,44,2,52429,13107,0.6153998918722752,1.6731505393981934
1,C4-rest,fbar_var,44,3,52429,13107,0.6109194884907945,1.7362160682678223
1,C4-rest,fbar_var,44,4,52429,13107,0.6091391308639922,1.6813862323760986
1,C4-rest,fbar_var,44,5,52429,13107,0.6104110432742649,1.6628928184509277
1,4class,fbar_var,44,1,52428,13108,0.31949954226426613,1.9727318286895752
1,4class,fbar_var,44,2,52429,13107,0.3173983498785147,1.9980385303497314
1,4class,fbar_var,44,3,52429,13107,0.31395215124617015,2.0258195400238037
1,4class,fbar_var,44,4,52429,13107,0.3144083733037044,1.9789645671844482
1,4class,fbar_var,44,5,52429,13107,0.31448452286871575,1.994311809539795
1,C1-C2,fbar,45,1,26214,6554,0.4987793713762588,1.5096619129180908
1,C1-C2,fbar,45,2,26214,6554,0.496032956972841,1.5306315422058105
1,C1-C2,fbar,45,3,26214,6554,0.5091547146780593,1.63791823387146
1,C1-C2,fbar,45,4,26215,6553,0.5046551835917109,1.6362969875335693
1,C1-C2,fbar,45,5,26215,6553,0.5128940542047042,1.5688791275024414
1,C1-C3,fbar,45,1,26214,6554,0.4971010070186146,1.3858094215393066
1,C1-C3,fbar,45,2,26214,6554,0.49664327128471164,1.4842896461486816
1,C1-C3,fbar,45,3,26214,6554,0.5131217577052182,1.54852294921875
1,C1-C3,fbar,45,4,26215,6553,0.505721324076527,1.4592223167419434
1,C1-C3,fbar,45,5,26215,6553,0.5080109342391919,1.4105308055877686
1,C1-C4,fbar,45,1,26214,6554,0.5501983521513579,1.1130883693695068
1,C1-C4,fbar,45,2,26214,6554,0.5532499237107109,1.1468617916107178
1,C1-C4,fbar,45,3,26214,6554,0.5563014952700641,1.1295785903930664
1,C1-C4,fbar,45,4,26215,6553,0.5522672915867911,1.1415371894836426
1,C1-C4,fbar,45,5,26215,6553,0.5573029435556136,1.1499285697937012
1,C2-C3,fbar,45,1,26214,6554,0.4911504424778761,1.9418480396270752
1,C2-C3,fbar,45,2,26214,6554,0.5013732072017089,1.9415204524993896
1,C2-C3,fbar,45,3,26214,6554,0.5076289288983826,2.0416886806488037
1,C2-C3,fbar,45,4,26215,6553,0.4997696883186661,1.9011571407318115
1,C2-C3,fbar,45,5,26215,6553,0.49412497955372536,1.9728374481201172
1,C2-C4,fbar,45,1,26214,6554,0.5680500457735734,1.0648963451385498
1,C2-C4,fbar,45,2,26214,6554,0.5744583460482149,1.0928280353546143
1,C2-C4,fbar,45,3,26214,6554,0.5677448886176382,1.0596446990966797
1,C2-C4,fbar,45,4,26215,6553,0.5768357494402658,1.0792067050933838
1,C2-C4,fbar,45,5,26215,6553,0.5629488166869918,1.1311814785003662
1,C3-C4,fbar,45,1,26214,6554,0.576594446139762,1.0467228889465332
1,C3-C4,fbar,45,2,26214,6554,0.5706438815990235,1.029909372329712
1,C3-C4,fbar,45,3,26214,6554,0.5631675312786084,1.030656337738037
1,C3-C4,fbar,45,4,26215,6553,0.5780560520414045,1.083885669708252
1,C3-C4,fbar,45,5,26215,6553,0.5568444626271907,1.063906192779541
1,C4-rest,fbar,45,1,52428,13108,0.5659139456820262,2.2841074466705322
1,C4-rest,fbar,45,2,52429,13107,0.5542665553346053,2.2973814010620117
1,C4-rest,fbar,45,3,52429,13107,0.5627495777314127,2.292546272277832
1,C4-rest,fbar,45,4,52429,13107,0.563665483807579,2.3351247310638428
1,C4-rest,fbar,45,5,52429,13107,0.5575617974284224,2.2650372982025146
1,4class,fbar,45,1,52428,13108,0.2842538907537382,2.4315638542175293
1,4class,fbar,45,2,52429,13107,0.279321541375249,2.565509796142578
1,4class,fbar,45,3,52429,13107,0.27984902265875716,2.5552501678466797
1,4class,fbar,45,4,52429,13107,0.28023084170093626,2.5634427070617676
1,4class,fbar,45,5,52429,13107,0.29060676718595546,2.605064868927002
1,C1-C2,fbar_var,45,1,26214,6554,0.4952700640830028,1.2815382480621338
1,C1-C2,fbar_var,45,2,26214,6554,0.5064083002746413,1.2452871799468994
1,C1-C2,fbar_var,45,3,26214,6554,0.5114433933475739,1.3740673065185547
1,C1-C2,fbar_var,45,4,26215,6553,0.5045008817514158,1.302340030670166
1,C1-C2,fbar_var,45,5,26215,6553,0.5121324654052759,1.361121654510498
1,C1-C3,fbar_var,45,1,26214,6554,0.5001525785779677,1.0783278942108154
1,C1-C3,fbar_var,45,2,26214,6554,0.5146475434848947,1.129321575164795
1,C1-C3,fbar_var,45,3,26214,6554,0.5027464144034177,1.1170268058776855
1,C1-C3,fbar_var,45,4,26215,6553,0.5124376225612113,1.093311071395874
1,C1-C3,fbar_var,45,5,26215,6553,0.5104535887263992,1.0957155227661133
1,C1-C4,fbar_var,45,1,26214,6554,0.6484589563625267,0.8303399085998535
1,C1-C4,fbar_var,45,2,26214,6554,0.6339639914555997,0.818901777267456
1,C1-C4,fbar_var,45,3,26214,6554,0.6393042416844675,0.8139634132385254
1,C1-C4,fbar_var,45,4,26215,6553,0.6355852552831497,0.8056735992431641
1,C1-C4,fbar_var,45,5,26215,6553,0.6381850526647597,0.816535234451294
1,C2-C3,fbar_var,45,1,26214,6554,0.5007628928898382,1.0916011333465576
1,C2-C3,fbar_var,45,2,26214,6554,0.5028989929813854,1.0946149826049805
1,C2-C3,fbar_var,45,3,26214,6554,0.49481232834909983,1.1350233554840088
1,C2-C3,fbar_var,45,4,26215,6553,0.5093825113278883,1.0865418910980225
1,C2-C3,fbar_var,45,5,26215,6553,0.4970249506029183,1.0877814292907715
1,C2-C4,fbar_var,45,1,26214,6554,0.6425083918217882,0.8166003227233887
1,C2-C4,fbar_var,45,2,26214,6554,0.6309124198962466,0.8221728801727295
1,C2-C4,fbar_var,45,3,26214,6554,0.6347268843454379,0.816230297088623
1,C2-C4,fbar_var,45,4,26215,6553,0.6447397836625789,0.8066549301147461
1,C2-C4,fbar_var,45,5,26215,6553,0.6378784516944419,0.8037264347076416
1,C3-C4,fbar_var,45,1,26214,6554,0.6631064998474214,0.8083748817443848
1,C3-C4,fbar_var,45,2,26214,6554,0.6595971925541654,0.7880373001098633
1,C3-C4,fbar_var,45,3,26214,6554,0.6473909063167531,0.7929785251617432
1,C3-C4,fbar_var,45,4,26215,6553,0.6630535910365023,0.786562442779541
1,C3-C4,fbar_var,45,5,26215,6553,0.661225861752258,0.7763164043426514
1,C4-rest,fbar_var,45,1,52428,13108,0.6134676024819449,1.656609296798706
1,C4-rest,fbar_var,45,2,52429,13107,0.6070575789449759,1.6966359615325928
1,C4-rest,fbar_var,45,3,52429,13107,0.607613282997407,1.6399378776550293
1,C4-rest,fbar_var,45,4,52429,13107,0.6169211195138843,1.6555218696594238
1,C4-rest,fbar_var,45,5,52429,13107,0.6097496159148614,1.6668622493743896
1,4class,fbar_var,45,1,52428,13108,0.3149984742142203,1.9638192653656006
1,4class,fbar_var,45,2,52429,13107,0.3148039551571746,1.9661667346954346
1,4class,fbar_var,45,3,52429,13107,0.319749578313051,2.0054147243499756
1,4class,fbar_var,45,4,52429,13107,0.30998277948613623,1.9648611545562744
1,4class,fbar_var,45,5,52429,13107,0.317002442002442,1.9919257164001465
1,C1-C2,fbar,46,1,26214,6554,0.5001525785779677,1.6003367900848389
1,C1-C2,fbar,46,2,26214,6554,0.5013732072017089,1.6756360530853271
1,C1-C2,fbar,46,3,26214,6554,0.48901434238632896,1.5384142398834229
1,C1-C2,fbar,46,4,26215,6553,0.49992496822676863,1.5437867641448975
1,C1-C2,fbar,46,5,26215,6553,0.500227330903254,1.6843950748443604
1,C1-C3,fbar,46,1,26214,6554,0.4992371071101617,1.4361004829406738
1,C1-C3,fbar,46,2,26214,6554,0.5012206286237413,1.5745723247528076
1,C1-C3,fbar,46,3,26214,6554,0.5074763503204149,1.3871846199035645
1,C1-C3,fbar,46,4,26215,6553,0.5005335127016544,1.4133718013763428
1,C1-C3,fbar,46,5,26215,6553,0.5009907826889823,1.5234205722808838
1,C1-C4,fbar,46,1,26214,6554,0.5549282880683553,1.1857199668884277
1,C1-C4,fbar,46,2,26214,6554,0.5631675312786085,1.14949631690979
1,C1-C4,fbar,46,3,26214,6554,0.5575221238938053,1.1355595588684082
1,C1-C4,fbar,46,4,26215,6553,0.5548589849779962,1.1302673816680908
1,C1-C4,fbar,46,5,26215,6553,0.5478390197264167,1.2042605876922607
1,C2-C3,fbar,46,1,26214,6554,0.4983216356423558,1.994633436203003
1,C2-C3,fbar,46,2,26214,6554,0.4961855355508087,2.091878890991211
1,C2-C3,fbar,46,3,26214,6554,0.49847421422032345,2.0062451362609863
1,C2-C3,fbar,46,4,26215,6553,0.5046553233156834,2.0813190937042236
1,C2-C3,fbar,46,5,26215,6553,0.4958030644634246,1.9616577625274658
1,C2-C4,fbar,46,1,26214,6554,0.564235581324382,1.1275205612182617
1,C2-C4,fbar,46,2,26214,6554,0.5738480317363442,1.0494630336761475
1,C2-C4,fbar,46,3,26214,6554,0.5706438815990236,1.0569357872009277
1,C2-C4,fbar,46,4,26215,6553,0.5647794336000012,1.0492053031921387
1,C2-C4,fbar,46,5,26215,6553,0.577597897135584,1.0708889961242676
1,C3-C4,fbar,46,1,26214,6554,0.57476350320415,1.086050271987915
1,C3-C4,fbar,46,2,26214,6554,0.5579798596277082,1.0278561115264893
1,C3-C4,fbar,46,3,26214,6554,0.5730851388465059,1.0412347316741943
1,C3-C4,fbar,46,4,26215,6553,0.5696623206922261,1.0487232208251953
1,C3-C4,fbar,46,5,26215,6553,0.5704254464553519,1.0884313583374023
1,C4-rest,fbar,46,1,52428,13108,0.5590987691994711,2.247915506362915
1,C4-rest,fbar,46,2,52429,13107,0.5653557949865549,2.338426351547241
1,C4-rest,fbar,46,3,52429,13107,0.5610206746301405,2.348400354385376
1,C4-rest,fbar,46,4,52429,13107,0.5615290111945801,2.320093870162964
1,C4-rest,fbar,46,5,52429,13107,0.5618851882676852,2.3164045810699463
1,4class,fbar,46,1,52428,13108,0.2839487335978028,2.4797966480255127
1,4class,fbar,46,2,52429,13107,0.28038977771965257,2.5331764221191406
1,4class,fbar,46,3,52429,13107,0.2748904983227534,2.5313124656677246
1,4class,fbar,46,4,52429,13107,0.2838924714115437,2.4520721435546875
1,4class,fbar,46,5,52429,13107,0.27603348699244334,2.6019697189331055
1,C1-C2,fbar_var,46,1,26214,6554,0.5082392432102533,1.2802817821502686
1,C1-C2,fbar_var,46,2,26214,6554,0.5028989929813854,1.305981159210205
1,C1-C2,fbar_var,46,3,26214,6554,0.4981690570643882,1.2612876892089844
1,C1-C2,fbar_var,46,4,26215,6553,0.5069428376187607,1.28194260597229
1,C1-C2,fbar_var,46,5,26215,6553,0.505266010224814,1.322411060333252
1,C1-C3,fbar_var,46,1,26214,6554,0.5114433933475739,1.0936059951782227
1,C1-C3,fbar_var,46,2,26214,6554,0.5143423863289593,1.1288137435913086
1,C1-C3,fbar_var,46,3,26214,6554,0.5082392432102533,1.1478722095489502
1,C1-C3,fbar_var,46,4,26215,6553,0.5040427268455954,1.1019093990325928
1,C1-C3,fbar_var,46,5,26215,6553,0.5116732858569905,1.1212339401245117
1,C1-C4,fbar_var,46,1,26214,6554,0.6321330485199879,0.8108177185058594
1,C1-C4,fbar_var,46,2,26214,6554,0.6441867561794324,0.8525381088256836
1,C1-C4,fbar_var,46,3,26214,6554,0.6344217271895025,0.8224961757659912
1,C1-C4,fbar_var,46,4,26215,6553,0.6389400744374807,0.8089666366577148
1,C1-C4,fbar_var,46,5,26215,6553,0.6352855939367993,0.8071675300598145
1,C2-C3,fbar_var,46,1,26214,6554,0.5030515715593531,1.0989229679107666
1,C2-C3,fbar_var,46,2,26214,6554,0.5033567287152884,1.0747394561767578
1,C2-C3,fbar_var,46,3,26214,6554,0.49465974977113214,1.0886330604553223
1,C2-C3,fbar_var,46,4,26215,6553,0.4968699035681031,1.147162675857544
1,C2-C3,fbar_var,46,5,26215,6553,0.5051134782215039,1.0971438884735107
1,C2-C4,fbar_var,46,1,26214,6554,0.6316753127860848,0.7909212112426758
1,C2-C4,fbar_var,46,2,26214,6554,0.6495270064083003,0.8126840591430664
1,C2-C4,fbar_var,46,3,26214,6554,0.6303021055843759,0.8374819755554199
1,C2-C4,fbar_var,46,4,26215,6553,0.6331426939452574,0.8056416511535645
1,C2-C4,fbar_var,46,5,26215,6553,0.6293324212152409,0.7954227924346924
1,C3-C4,fbar_var,46,1,26214,6554,0.6541043637473298,0.7871229648590088
1,C3-C4,fbar_var,46,2,26214,6554,0.6519682636557826,0.7786040306091309
1,C3-C4,fbar_var,46,3,26214,6554,0.6513579493439121,0.7829108238220215
1,C3-C4,fbar_var,46,4,26215,6553,0.6531337013103873,0.7862372398376465
1,C3-C4,fbar_var,46,5,26215,6553,0.6636672587237128,0.8027307987213135
1,C4-rest,fbar_var,46,1,52428,13108,0.6073644593632387,1.682584524154663
1,C4-rest,fbar_var,46,2,52429,13107,0.613619761887995,1.7001621723175049
1,C4-rest,fbar_var,46,3,52429,13107,0.6155987614903465,1.6659643650054932
1,C4-rest,fbar_var,46,4,52429,13107,0.6078168349273629,1.6568784713745117
1,C4-rest,fbar_var,46,5,52429,13107,0.6099018685365588,1.6333985328674316
1,4class,fbar_var,46,1,52428,13108,0.3207201708880073,1.9847850799560547
1,4class,fbar_var,46,2,52429,13107,0.31884870800037113,1.9785170555114746
1,4class,fbar_var,46,3,52429,13107,0.3103661820666703,1.9790146350860596
1,4class,fbar_var,46,4,52429,13107,0.31852762231157106,2.0095314979553223
1,4class,fbar_var,46,5,52429,13107,0.31936778255820064,1.9471657276153564
1,C1-C2,fbar,47,1,26214,6554,0.5013732072017089,1.7005658149719238
1,C1-C2,fbar,47,2,26214,6554,0.5027464144034177,1.5203213691711426
1,C1-C2,fbar,47,3,26214,6554,0.4957277998169057,1.5753133296966553
1,C1-C2,fbar,47,4,26215,6553,0.502823588610894,1.5307049751281738
1,C1-C2,fbar,47,5,26215,6553,0.5019057418355557,1.6192805767059326
1,C1-C3,fbar,47,1,26214,6554,0.5096124504119621,1.4157798290252686
1,C1-C3,fbar,47,2,26214,6554,0.4940494354592615,1.5060136318206787
1,C1-C3,fbar,47,3,26214,6554,0.5007628928898383,1.4229753017425537
1,C1-C3,fbar,47,4,26215,6553,0.5008396479253971,1.4507806301116943
1,C1-C3,fbar,47,5,26215,6553,0.5025181985816712,1.472264051437378
1,C1-C4,fbar,47,1,26214,6554,0.5579798596277084,1.1586065292358398
1,C1-C4,fbar,47,2,26214,6554,0.5465364662801342,1.1300854682922363
1,C1-C4,fbar,47,3,26214,6554,0.552334452242905,1.1194114685058594
1,C1-C4,fbar,47,4,26215,6553,0.5533359005284547,1.1482045650482178
1,C1-C4,fbar,47,5,26215,6553,0.5510444273794899,1.1710855960845947
1,C2-C3,fbar,47,1,26214,6554,0.5071711931644798,1.9661195278167725
1,C2-C3,fbar,47,2,26214,6554,0.4978638999084528,2.030888557434082
1,C2-C3,fbar,47,3,26214,6554,0.5019835215135795,2.0272390842437744
1,C2-C3,fbar,47,4,26215,6553,0.4909191993033922,2.1027402877807617
1,C2-C3,fbar,47,5,26215,6553,0.4916829305370654,1.8137733936309814
1,C2-C4,fbar,47,1,26214,6554,0.5736954531583766,1.07035493850708
1,C2-C4,fbar,47,2,26214,6554,0.5593530668294171,1.0593712329864502
1,C2-C4,fbar,47,3,26214,6554,0.5836130607262741,1.0907940864562988
1,C2-C4,fbar,47,4,26215,6553,0.5849232524163863,1.05403470993042
1,C2-C4,fbar,47,5,26215,6553,0.5687454054100377,1.090404987335205
1,C3-C4,fbar,47,1,26214,6554,0.5674397314617028,1.0335962772369385
1,C3-C4,fbar,47,2,26214,6554,0.5601159597192553,1.0729186534881592
1,C3-C4,fbar,47,3,26214,6554,0.5649984742142203,1.051844596862793
1,C3-C4,fbar,47,4,26215,6553,0.5702737527958767,1.0558714866638184
1,C3-C4,fbar,47,5,26215,6553,0.567525382256844,1.0378425121307373
1,C4-rest,fbar,47,1,52428,13108,0.5550300071203336,2.349813938140869
1,C4-rest,fbar,47,2,52429,13107,0.560115354248708,2.2604196071624756
1,C4-rest,fbar,47,3,52429,13107,0.5660046080903588,2.3375067710876465
1,C4-rest,fbar,47,4,52429,13107,0.5587317786564455,2.235522747039795
1,C4-rest,fbar,47,5,52429,13107,0.562190593771255,2.336517095565796
1,4class,fbar,47,1,52428,13108,0.28761061946902655,2.5798988342285156
1,4class,fbar,47,2,52429,13107,0.27764252497239983,2.475620746612549
1,4class,fbar,47,3,52429,13107,0.2777120143613888,2.5077388286590576
1,4class,fbar,47,4,52429,13107,0.2774833327930673,2.621920585632324
1,4class,fbar,47,5,52429,13107,0.2759575004387333,2.579160451889038
1,C1-C2,fbar_var,47,1,26214,6554,0.4922184925236497,1.3213472366333008
1,C1-C2,fbar_var,47,2,26214,6554,0.5131217577052182,1.2717416286468506
1,C1-C2,fbar_var,47,3,26214,6554,0.507476350320415,1.2894341945648193
1,C1-C2,fbar_var,47,4,26215,6553,0.5034337166241347,1.2511582374572754
1,C1-C2,fbar_var,47,5,26215,6553,0.5116757543138379,1.3490660190582275
1,C1-C3,fbar_var,47,1,26214,6554,0.5111382361916387,1.0861763954162598
1,C1-C3,fbar_var,47,2,26214,6554,0.5112908147696064,1.113797903060913
1,C1-C3,fbar_var,47,3,26214,6554,0.49954226426609705,1.094167947769165
1,C1-C3,fbar_var,47,4,26215,6553,0.5020603231237958,1.1191761493682861
1,C1-C3,fbar_var,47,5,26215,6553,0.5058755793421645,1.0910329818725586
1,C1-C4,fbar_var,47,1,26214,6554,0.6412877631980469,0.8276829719543457
1,C1-C4,fbar_var,47,2,26214,6554,0.6303021055843759,0.7933049201965332
1,C1-C4,fbar_var,47,3,26214,6554,0.6347268843454379,0.8389492034912109
1,C1-C4,fbar_var,47,4,26215,6553,0.6383335326728674,0.8215928077697754
1,C1-C4,fbar_var,47,5,26215,6553,0.6383353956591674,0.823150634765625
1,C2-C3,fbar_var,47,1,26214,6554,0.5007628928898382,1.0852880477905273
1,C2-C3,fbar_var,47,2,26214,6554,0.4992371071101618,1.1071076393127441
1,C2-C3,fbar_var,47,3,26214,6554,0.49969484284406473,1.1516673564910889
1,C2-C3,fbar_var,47,4,26215,6553,0.5023628255242537,1.1116583347320557
1,C2-C3,fbar_var,47,5,26215,6553,0.5040438912120329,1.0570483207702637
1,C2-C4,fbar_var,47,1,26214,6554,0.6316753127860848,0.8051431179046631
1,C2-C4,fbar_var,47,2,26214,6554,0.6357949343912115,0.8414905071258545
1,C2-C4,fbar_var,47,3,26214,6554,0.6361000915471468,0.8103172779083252
1,C2-C4,fbar_var,47,4,26215,6553,0.6401628454954669,0.8139431476593018
1,C2-C4,fbar_var,47,5,26215,6553,0.6302486378775668,0.8175690174102783
1,C3-C4,fbar_var,47,1,26214,6554,0.6583765639304242,0.8055756092071533
1,C3-C4,fbar_var,47,2,26214,6554,0.6516631064998475,0.7835512161254883
1,C3-C4,fbar_var,47,3,26214,6554,0.6669209642966127,0.7955167293548584
1,C3-C4,fbar_var,47,4,26215,6553,0.6567984282357184,0.7884221076965332
1,C3-C4,fbar_var,47,5,26215,6553,0.6557305644885749,0.7831685543060303
1,C4-rest,fbar_var,47,1,52428,13108,0.6076187569931848,1.6694378852844238
1,C4-rest,fbar_var,47,2,52429,13107,0.6137723870406202,1.6689741611480713
1,C4-rest,fbar_var,47,3,52429,13107,0.6118859798757703,1.7052030563354492
1,C4-rest,fbar_var,47,4,52429,13107,0.6116825521196315,1.6691880226135254
1,C4-rest,fbar_var,47,5,52429,13107,0.6115295234115763,1.652559518814087
1,4class,fbar_var,47,1,52428,13108,0.32026243515410435,1.937312364578247
1,4class,fbar_var,47,2,52429,13107,0.3188468450140711,1.9320626258850098
1,4class,fbar_var,47,3,52429,13107,0.3170805709903971,1.9394586086273193
1,4class,fbar_var,47,4,52429,13107,0.309066958708399,2.00854229927063
1,4class,fbar_var,47,5,52429,13107,0.31952087345740077,1.9985859394073486
1,C1-C2,fbar,48,1,26214,6554,0.500457735733903,1.5376415252685547
1,C1-C2,fbar,48,2,26214,6554,0.5009154714678059,1.6289317607879639
1,C1-C2,fbar,48,3,26214,6554,0.5042722001830943,1.6987130641937256
1,C1-C2,fbar,48,4,26215,6553,0.4973297817362511,1.482456922531128
1,C1-C2,fbar,48,5,26215,6553,0.49732852422049856,1.6827857494354248
1,C1-C3,fbar,48,1,26214,6554,0.5021361000915472,1.4652397632598877
1,C1-C3,fbar,48,2,26214,6554,0.4980164784864205,1.4338932037353516
1,C1-C3,fbar,48,3,26214,6554,0.4996948428440647,1.3981194496154785
1,C1-C3,fbar,48,4,26215,6553,0.5086221800442123,1.4546294212341309
1,C1-C3,fbar,48,5,26215,6553,0.5075533848039189,1.4445645809173584
1,C1-C4,fbar,48,1,26214,6554,0.5517241379310345,1.1085448265075684
1,C1-C4,fbar,48,2,26214,6554,0.5559963381141287,1.119481086730957
1,C1-C4,fbar,48,3,26214,6554,0.5411962160512664,1.151641845703125
1,C1-C4,fbar,48,4,26215,6553,0.5576097308245614,1.1546928882598877
1,C1-C4,fbar,48,5,26215,6553,0.5566921634971681,1.149301528930664
1,C2-C3,fbar,48,1,26214,6554,0.4990845285321941,1.9039874076843262
1,C2-C3,fbar,48,2,26214,6554,0.5016783643576442,2.1028037071228027
1,C2-C3,fbar,48,3,26214,6554,0.488556606652426,1.9493162631988525
1,C2-C3,fbar,48,4,26215,6553,0.49320936836194695,1.9966728687286377
1,C2-C3,fbar,48,5,26215,6553,0.5057226281669369,2.0038578510284424
1,C2-C4,fbar,48,1,26214,6554,0.5665242599938969,1.0529534816741943
1,C2-C4,fbar,48,2,26214,6554,0.5746109246261825,1.0807240009307861
1,C2-C4,fbar,48,3,26214,6554,0.5668294171498321,1.0742619037628174
1,C2-C4,fbar,48,4,26215,6553,0.569662879588116,1.0975208282470703
1,C2-C4,fbar,48,5,26215,6553,0.5696618083709937,1.0708436965942383
1,C3-C4,fbar,48,1,26214,6554,0.5686603600854441,1.075331687927246
1,C3-C4,fbar,48,2,26214,6554,0.5707964601769911,1.0659911632537842
1,C3-C4,fbar,48,3,26214,6554,0.5662191028379615,1.0871107578277588
1,C3-C4,fbar,48,4,26215,6553,0.5632536012456671,1.0871765613555908
1,C3-C4,fbar,48,5,26215,6553,0.5615721163859705,1.036740779876709
1,C4-rest,fbar,48,1,52428,13108,0.5614383073949751,2.321202039718628
1,C4-rest,fbar,48,2,52429,13107,0.5629143048657849,2.2957351207733154
1,C4-rest,fbar,48,3,52429,13107,0.557104216911791,2.3469951152801514
1,C4-rest,fbar,48,4,52429,13107,0.5600544315927993,2.447967290878296
1,C4-rest,fbar,48,5,52429,13107,0.5593928645378514,2.309340238571167
1,4class,fbar,48,1,52428,13108,0.28234665852914254,2.4495463371276855
1,4class,fbar,48,2,52429,13107,0.2867983807295678,2.602329730987549
1,4class,fbar,48,3,52429,13107,0.27961933973529945,2.5935745239257812
1,4class,fbar,48,4,52429,13107,0.27984837061355217,2.512542247772217
1,4class,fbar,48,5,52429,13107,0.27580461912549187,2.5091350078582764
1,C1-C2,fbar_var,48,1,26214,6554,0.5061031431187061,1.2914915084838867
1,C1-C2,fbar_var,48,2,26214,6554,0.5045773573390295,1.290602684020996
1,C1-C2,fbar_var,48,3,26214,6554,0.5128166005492829,1.3623101711273193
1,C1-C2,fbar_var,48,4,26215,6553,0.5070952764727559,1.2714674472808838
1,C1-C2,fbar_var,48,5,26215,6553,0.5008388095815621,1.330336570739746
1,C1-C3,fbar_var,48,1,26214,6554,0.5196826365578273,1.1199548244476318
1,C1-C3,fbar_var,48,2,26214,6554,0.5070186145865121,1.0916383266448975
1,C1-C3,fbar_var,48,3,26214,6554,0.5126640219713152,1.0698916912078857
1,C1-C3,fbar_var,48,4,26215,6553,0.5173201370561762,1.1301651000976562
1,C1-C3,fbar_var,48,5,26215,6553,0.5127432454637215,1.087233304977417
1,C1-C4,fbar_var,48,1,26214,6554,0.6415929203539823,0.824744462966919
1,C1-C4,fbar_var,48,2,26214,6554,0.6441867561794324,0.806412935256958
1,C1-C4,fbar_var,48,3,26214,6554,0.6339639914555997,0.7987790107727051
1,C1-C4,fbar_var,48,4,26215,6553,0.6369558077293811,0.7904558181762695
1,C1-C4,fbar_var,48,5,26215,6553,0.6361968736854302,0.8146216869354248
1,C2-C3,fbar_var,48,1,26214,6554,0.5003051571559353,1.0954043865203857
1,C2-C3,fbar_var,48,2,26214,6554,0.5076289288983826,1.1047589778900146
1,C2-C3,fbar_var,48,3,26214,6554,0.4958803783948733,1.1056230068206787
1,C2-C3,fbar_var,48,4,26215,6553,0.49488801216753614,1.1110038757324219
1,C2-C3,fbar_var,48,5,26215,6553,0.5038927564484477,1.1026382446289062
1,C2-C4,fbar_var,48,1,26214,6554,0.6382361916386939,0.8068177700042725
1,C2-C4,fbar_var,48,2,26214,6554,0.6356423558132438,0.8145759105682373
1,C2-C4,fbar_var,48,3,26214,6554,0.6370155630149528,0.8334610462188721
1,C2-C4,fbar_var,48,4,26215,6553,0.6407714831196675,0.8246595859527588
1,C2-C4,fbar_var,48,5,26215,6553,0.6340631023267581,0.8212389945983887
1,C3-C4,fbar_var,48,1,26214,6554,0.653646628013427,0.7913522720336914
1,C3-C4,fbar_var,48,2,26214,6554,0.6657003356728715,0.7693240642547607
1,C3-C4,fbar_var,48,3,26214,6554,0.6560878852609093,0.7831325531005859
1,C3-C4,fbar_var,48,4,26215,6553,0.6633575838260001,0.7839248180389404
1,C3-C4,fbar_var,48,5,26215,6553,0.6517622173710059,0.7949924468994141
1,C4-rest,fbar_var,48,1,52428,13108,0.6196724646526295,1.6450326442718506
1,C4-rest,fbar_var,48,2,52429,13107,0.6157562345768022,1.686513900756836
1,C4-rest,fbar_var,48,3,52429,13107,0.6096985183890558,1.6529245376586914
1,C4-rest,fbar_var,48,4,52429,13107,0.606036911908921,1.7267656326293945
1,C4-rest,fbar_var,48,5,52429,13107,0.6058843798961349,1.6892359256744385
1,4class,fbar_var,48,1,52428,13108,0.3124809276777541,1.9172344207763672
1,4class,fbar_var,48,2,52429,13107,0.3199927911745123,2.027148962020874
1,4class,fbar_var,48,3,52429,13107,0.31410470653680905,1.986788034439087
1,4class,fbar_var,48,4,52429,13107,0.3201308617466689,2.005636692047119
1,4class,fbar_var,48,5,52429,13107,0.3131866967501694,2.0183675289154053
1,C1-C2,fbar,49,1,26214,6554,0.5131217577052182,1.6174991130828857
1,C1-C2,fbar,49,2,26214,6554,0.5019835215135795,1.8292884826660156
1,C1-C2,fbar,49,3,26214,6554,0.5036618858712236,1.4383349418640137
1,C1-C2,fbar,49,4,26215,6553,0.5016029134124953,1.4604647159576416
1,C1-C2,fbar,49,5,26215,6553,0.48740993858479364,1.6362321376800537
1,C1-C3,fbar,49,1,26214,6554,0.5041196216051267,1.3788340091705322
1,C1-C3,fbar,49,2,26214,6554,0.503967043027159,1.508629322052002
1,C1-C3,fbar,49,3,26214,6554,0.49938968568812936,1.395843744277954
1,C1-C3,fbar,49,4,26215,6553,0.4971764579637634,1.4561471939086914
1,C1-C3,fbar,49,5,26215,6553,0.4968720925770056,1.4848158359527588
1,C1-C4,fbar,49,1,26214,6554,0.5563014952700641,1.1323986053466797
1,C1-C4,fbar,49,2,26214,6554,0.5515715593530668,1.1297836303710938
1,C1-C4,fbar,49,3,26214,6554,0.5488251449496491,1.1891396045684814
1,C1-C4,fbar,49,4,26215,6553,0.5608115988036647,1.1139070987701416
1,C1-C4,fbar,49,5,26215,6553,0.5522657546230937,1.1662321090698242
1,C2-C3,fbar,49,1,26214,6554,0.4919133353677144,1.803452730178833
1,C2-C3,fbar,49,2,26214,6554,0.5068660360085444,2.0742478370666504
1,C2-C3,fbar,49,3,26214,6554,0.49572779981690573,1.9998905658721924
1,C2-C3,fbar,49,4,26215,6553,0.4965652587334003,1.9143283367156982
1,C2-C3,fbar,49,5,26215,6553,0.5017541879000531,1.890643835067749
1,C2-C4,fbar,49,1,26214,6554,0.56957583155325,1.0831406116485596
1,C2-C4,fbar,49,2,26214,6554,0.5700335672871528,1.076810359954834
1,C2-C4,fbar,49,3,26214,6554,0.5718645102227647,1.0406548976898193
1,C2-C4,fbar,49,4,26215,6553,0.5687475944189402,1.0241286754608154
1,C2-C4,fbar,49,5,26215,6553,0.5630996254279745,1.060126781463623
1,C3-C4,fbar,49,1,26214,6554,0.5724748245346354,1.0604124069213867
1,C3-C4,fbar,49,2,26214,6554,0.5669819957277997,1.0441420078277588
1,C3-C4,fbar,49,3,26214,6554,0.5692706743973146,1.0333008766174316
1,C3-C4,fbar,49,4,26215,6553,0.5722557839204162,1.0174751281738281
1,C3-C4,fbar,49,5,26215,6553,0.5716457490564906,1.0524356365203857
1,C4-rest,fbar,49,1,52428,13108,0.5573695453158376,2.2942025661468506
1,C4-rest,fbar,49,2,52429,13107,0.5728858458870665,2.304084539413452
1,C4-rest,fbar,49,3,52429,13107,0.5583248455355322,2.348388910293579
1,C4-rest,fbar,49,4,52429,13107,0.5606646682960341,2.2296512126922607
1,C4-rest,fbar,49,5,52429,13107,0.5561889782698923,2.3368444442749023
1,4class,fbar,49,1,52428,13108,0.28417760146475435,2.5262911319732666
1,4class,fbar,49,2,52429,13107,0.2716143670522676,2.560061454772949
1,4class,fbar,49,3,52429,13107,0.27946743648986555,2.5364439487457275
1,4class,fbar,49,4,52429,13107,0.28137615910350117,2.520685911178589
1,4class,fbar,49,5,52429,13107,0.27740678734346724,2.605085611343384
1,C1-C2,fbar_var,49,1,26214,6554,0.5059505645407385,1.3089652061462402
1,C1-C2,fbar_var,49,2,26214,6554,0.5096124504119621,1.4055476188659668
1,C1-C2,fbar_var,49,3,26214,6554,0.5050350930729326,1.2517333030700684
1,C1-C2,fbar_var,49,4,26215,6553,0.5002272843285965,1.2160370349884033
1,C1-C2,fbar_var,49,5,26215,6553,0.5019079774191156,1.3057680130004883
1,C1-C3,fbar_var,49,1,26214,6554,0.5103753433018003,1.0919864177703857
1,C1-C3,fbar_var,49,2,26214,6554,0.49755874275251755,1.1073567867279053
1,C1-C3,fbar_var,49,3,26214,6554,0.5065608788526091,1.0943865776062012
1,C1-C3,fbar_var,49,4,26215,6553,0.5147240656471661,1.096996784210205
1,C1-C3,fbar_var,49,5,26215,6553,0.4999239435843037,1.11684250831604
1,C1-C4,fbar_var,49,1,26214,6554,0.6418980775099176,0.8183338642120361
1,C1-C4,fbar_var,49,2,26214,6554,0.6385413487946292,0.8123061656951904
1,C1-C4,fbar_var,49,3,26214,6554,0.6370155630149528,0.8143136501312256
1,C1-C4,fbar_var,49,4,26215,6553,0.6365005404523256,0.7871341705322266
1,C1-C4,fbar_var,49,5,26215,6553,0.6401665248934092,0.8139560222625732
1,C2-C3,fbar_var,49,1,26214,6554,0.5015257857796765,1.0747349262237549
1,C2-C3,fbar_var,49,2,26214,6554,0.4990845285321941,1.0680749416351318
1,C2-C3,fbar_var,49,3,26214,6554,0.5045773573390295,1.0879874229431152
1,C2-C3,fbar_var,49,4,26215,6553,0.49534458353500155,1.081822156906128
1,C2-C3,fbar_var,49,5,26215,6553,0.5048072032737885,1.113462209701538
1,C2-C4,fbar_var,49,1,26214,6554,0.6328959414098261,0.8302814960479736
1,C2-C4,fbar_var,49,2,26214,6554,0.6322856270979554,0.8046107292175293
1,C2-C4,fbar_var,49,3,26214,6554,0.6345743057674702,0.8065581321716309
1,C2-C4,fbar_var,49,4,26215,6553,0.645349958250477,0.8067209720611572
1,C2-C4,fbar_var,49,5,26215,6553,0.6374196447434165,0.8295693397521973
1,C3-C4,fbar_var,49,1,26214,6554,0.6600549282880683,0.7518908977508545
1,C3-C4,fbar_var,49,2,26214,6554,0.6551724137931034,0.770317554473877
1,C3-C4,fbar_var,49,3,26214,6554,0.6480012206286238,0.7913622856140137
1,C3-C4,fbar_var,49,4,26215,6553,0.6599999236175617,0.7851271629333496
1,C3-C4,fbar_var,49,5,26215,6553,0.6592395457592284,0.7830069065093994
1,C4-rest,fbar_var,49,1,52428,13108,0.6093988404028075,1.6243047714233398
1,C4-rest,fbar_var,49,2,52429,13107,0.6194191916651484,1.6570875644683838
1,C4-rest,fbar_var,49,3,52429,13107,0.6107666926086467,1.675816297531128
1,C4-rest,fbar_var,49,4,52429,13107,0.6153946818216671,1.6648144721984863
1,C4-rest,fbar_var,49,5,52429,13107,0.613971106615329,1.6733770370483398
1,4class,fbar_var,49,1,52428,13108,0.3198046994202014,1.9212684631347656
1,4class,fbar_var,49,2,52429,13107,0.31060876617025535,1.987659215927124
1,4class,fbar_var,49,3,52429,13107,0.3208936381998634,1.9811513423919678
1,4class,fbar_var,49,4,52429,13107,0.31883305891545133,1.9796946048736572
1,4class,fbar_var,49,5,52429,13107,0.3149424681885774,1.9956598281860352
1,C1-C2,fbar,50,1,26214,6554,0.507934086054318,1.686086893081665
1,C1-C2,fbar,50,2,26214,6554,0.510527921879768,1.5287649631500244
1,C1-C2,fbar,50,3,26214,6554,0.4931339639914556,1.4829659461975098
1,C1-C2,fbar,50,4,26215,6553,0.5031294443866918,1.6265687942504883
1,C1-C2,fbar,50,5,26215,6553,0.5028221913711691,1.539318323135376
1,C1-C3,fbar,50,1,26214,6554,0.507934086054318,1.454899549484253
1,C1-C3,fbar,50,2,26214,6554,0.49496490692706746,1.4000604152679443
1,C1-C3,fbar,50,3,26214,6554,0.5033567287152884,1.5229103565216064
1,C1-C3,fbar,50,4,26215,6553,0.5000758701170663,1.505462646484375
1,C1-C3,fbar,50,5,26215,6553,0.5096906492619034,1.443345069885254
1,C1-C4,fbar,50,1,26214,6554,0.5610314311870613,1.1385993957519531
1,C1-C4,fbar,50,2,26214,6554,0.5492828806835521,1.1237671375274658
1,C1-C4,fbar,50,3,26214,6554,0.5508086664632286,1.1613802909851074
1,C1-C4,fbar,50,4,26215,6553,0.5371602425310085,1.141965389251709
1,C1-C4,fbar,50,5,26215,6553,0.5544027396331332,1.129929542541504
1,C2-C3,fbar,50,1,26214,6554,0.49069270674397314,1.797241449356079
1,C2-C3,fbar,50,2,26214,6554,0.501373207201709,2.0215065479278564
1,C2-C3,fbar,50,3,26214,6554,0.48901434238632896,1.9321942329406738
1,C2-C3,fbar,50,4,26215,6553,0.5034340892213947,1.929499864578247
1,C2-C3,fbar,50,5,26215,6553,0.5011445256333874,1.8529372215270996
1,C2-C4,fbar,50,1,26214,6554,0.5714067744888618,1.0793063640594482
1,C2-C4,fbar,50,2,26214,6554,0.5733902960024413,1.072998046875
1,C2-C4,fbar,50,3,26214,6554,0.5646933170582851,1.0717413425445557
1,C2-C4,fbar,50,4,26215,6553,0.5597451322962461,1.0727133750915527
1,C2-C4,fbar,50,5,26215,6553,0.5699699463050089,1.0532419681549072
1,C3-C4,fbar,50,1,26214,6554,0.5707964601769911,1.0416388511657715
1,C3-C4,fbar,50,2,26214,6554,0.5694232529752823,1.047931432723999
1,C3-C4,fbar,50,3,26214,6554,0.5649984742142203,1.0789799690246582
1,C3-C4,fbar,50,4,26215,6553,0.5629492824335669,1.078859567642212
1,C3-C4,fbar,50,5,26215,6553,0.5722567154135662,1.0411243438720703
1,C4-rest,fbar,50,1,52428,13108,0.5671345743057674,2.278546094894409
1,C4-rest,fbar,50,2,52429,13107,0.5652540759345763,2.3471341133117676
1,C4-rest,fbar,50,3,52429,13107,0.5657505950254107,2.2527575492858887
1,C4-rest,fbar,50,4,52429,13107,0.5573585714547367,2.3649685382843018
1,C4-rest,fbar,50,5,52429,13107,0.5562903972351457,2.3982391357421875
1,4class,fbar,50,1,52428,13108,0.28448275862068967,2.550809383392334
1,4class,fbar,50,2,52429,13107,0.27855776356691825,2.42280650138855
1,4class,fbar,50,3,52429,13107,0.2764917350475788,2.5546622276306152
1,4class,fbar,50,4,52429,13107,0.28419807102672534,2.523221731185913
1,4class,fbar,50,5,52429,13107,0.27801756740191286,2.5245137214660645
1,C1-C2,fbar_var,50,1,26214,6554,0.5003051571559354,1.3770146369934082
1,C1-C2,fbar_var,50,2,26214,6554,0.5096124504119621,1.3119826316833496
1,C1-C2,fbar_var,50,3,26214,6554,0.5080866646322857,1.2640480995178223
1,C1-C2,fbar_var,50,4,26215,6553,0.49778579420782654,1.270129680633545
1,C1-C2,fbar_var,50,5,26215,6553,0.4982464175704945,1.2708284854888916
1,C1-C3,fbar_var,50,1,26214,6554,0.5050350930729326,1.0924742221832275
1,C1-C3,fbar_var,50,2,26214,6554,0.5068660360085444,1.0929994583129883
1,C1-C3,fbar_var,50,3,26214,6554,0.5117485505035093,1.1212208271026611
1,C1-C3,fbar_var,50,4,26215,6553,0.5164037340952201,1.1089856624603271
1,C1-C3,fbar_var,50,5,26215,6553,0.5077068483003789,1.1104226112365723
1,C1-C4,fbar_var,50,1,26214,6554,0.637778455904791,0.8171586990356445
1,C1-C4,fbar_var,50,2,26214,6554,0.6449496490692707,0.8046751022338867
1,C1-C4,fbar_var,50,3,26214,6554,0.6303021055843759,0.8139216899871826
1,C1-C4,fbar_var,50,4,26215,6553,0.638485366056315,0.8055565357208252
1,C1-C4,fbar_var,50,5,26215,6553,0.6337574794242478,0.8347744941711426
1,C2-C3,fbar_var,50,1,26214,6554,0.5019835215135795,1.074873685836792
1,C2-C3,fbar_var,50,2,26214,6554,0.4971010070186146,1.08901047706604
1,C2-C3,fbar_var,50,3,26214,6554,0.4971010070186146,1.1157126426696777
1,C2-C3,fbar_var,50,4,26215,6553,0.5054173312870291,1.0972471237182617
1,C2-C3,fbar_var,50,5,26215,6553,0.49839839067791464,1.1002557277679443
1,C2-C4,fbar_var,50,1,26214,6554,0.6409826060421117,0.8089768886566162
1,C2-C4,fbar_var,50,2,26214,6554,0.6405248703082087,0.8146657943725586
1,C2-C4,fbar_var,50,3,26214,6554,0.6241989624656699,0.8160419464111328
1,C2-C4,fbar_var,50,4,26215,6553,0.6322279210973138,0.7874007225036621
1,C2-C4,fbar_var,50,5,26215,6553,0.6261277587566877,0.8052191734313965
1,C3-C4,fbar_var,50,1,26214,6554,0.6599023497101006,0.7858116626739502
1,C3-C4,fbar_var,50,2,26214,6554,0.6629539212694537,0.7867705821990967
1,C3-C4,fbar_var,50,3,26214,6554,0.645712541959109,0.7789900302886963
1,C3-C4,fbar_var,50,4,26215,6553,0.6598509312882215,0.7797660827636719
1,C3-C4,fbar_var,50,5,26215,6553,0.6561895111635727,0.7925577163696289
1,C4-rest,fbar_var,50,1,52428,13108,0.6149425287356322,1.6368136405944824
1,C4-rest,fbar_var,50,2,52429,13107,0.6083791348515182,1.6940770149230957
1,C4-rest,fbar_var,50,3,52429,13107,0.6132081671603093,1.6774113178253174
1,C4-rest,fbar_var,50,4,52429,13107,0.610359914705005,1.6559185981750488
1,C4-rest,fbar_var,50,5,52429,13107,0.6084273199782324,1.709350824356079
1,4class,fbar_var,50,1,52428,13108,0.3209490387549588,1.952660083770752
1,4class,fbar_var,50,2,52429,13107,0.3128970955298389,1.9225661754608154
1,4class,fbar_var,50,3,52429,13107,0.3166215544534129,1.9593710899353027
1,4class,fbar_var,50,4,52429,13107,0.31425574815107926,1.9984726905822754
1,4class,fbar_var,50,5,52429,13107,0.31120410672973997,1.9374794960021973
1,C1-C2,fbar,51,1,26214,6554,0.4990845285321941,1.6888396739959717
1,C1-C2,fbar,51,2,26214,6554,0.5115959719255416,1.6109745502471924
1,C1-C2,fbar,51,3,26214,6554,0.5082392432102533,1.5501761436462402
1,C1-C2,fbar,51,4,26215,6553,0.4991612369930954,1.501235008239746
1,C1-C2,fbar,51,5,26215,6553,0.5099952475219487,1.5054466724395752
1,C1-C3,fbar,51,1,26214,6554,0.5041196216051267,1.5048110485076904
1,C1-C3,fbar,51,2,26214,6554,0.5022886786695148,1.4058566093444824
1,C1-C3,fbar,51,3,26214,6554,0.48870918523039364,1.435399055480957
1,C1-C3,fbar,51,4,26215,6553,0.5107587458823345,1.3394708633422852
1,C1-C3,fbar,51,5,26215,6553,0.49961948504823084,1.4313795566558838
1,C1-C4,fbar,51,1,26214,6554,0.5544705523344522,1.1514322757720947
1,C1-C4,fbar,51,2,26214,6554,0.5538602380225817,1.1328866481781006
1,C1-C4,fbar,51,3,26214,6554,0.5520292950869699,1.1280708312988281
1,C1-C4,fbar,51,4,26215,6553,0.5624910343784314,1.1733145713806152
1,C1-C4,fbar,51,5,26215,6553,0.5505872505414771,1.1910910606384277
1,C2-C3,fbar,51,1,26214,6554,0.4922184925236497,1.9561541080474854
1,C2-C3,fbar,51,2,26214,6554,0.4971010070186146,2.0024478435516357
1,C2-C3,fbar,51,3,26214,6554,0.4996948428440647,1.9781672954559326
1,C2-C3,fbar,51,4,26215,6553,0.5008389027308771,1.7233104705810547
1,C2-C3,fbar,51,5,26215,6553,0.49885710447962506,2.2010042667388916
1,C2-C4,fbar,51,1,26214,6554,0.5651510527921879,1.060483455657959
1,C2-C4,fbar,51,2,26214,6554,0.56957583155325,1.070178508758545
1,C2-C4,fbar,51,3,26214,6554,0.5718645102227647,1.0603015422821045
1,C2-C4,fbar,51,4,26215,6553,0.5678324489737367,1.0793969631195068
1,C2-C4,fbar,51,5,26215,6553,0.5762255748523677,1.068528175354004
1,C3-C4,fbar,51,1,26214,6554,0.5683552029295087,1.0341100692749023
1,C3-C4,fbar,51,2,26214,6554,0.5620994812328349,1.1082875728607178
1,C3-C4,fbar,51,3,26214,6554,0.5653036313701556,1.061342716217041
1,C3-C4,fbar,51,4,26215,6553,0.5702743582664243,1.0806655883789062
1,C3-C4,fbar,51,5,26215,6553,0.5725618725695014,1.078794002532959
1,C4-rest,fbar,51,1,52428,13108,0.5601159597192554,2.3087410926818848
1,C4-rest,fbar,51,2,52429,13107,0.5568097645073538,2.3999342918395996
1,C4-rest,fbar,51,3,52429,13107,0.5568498934122996,2.3648931980133057
1,C4-rest,fbar,51,4,52429,13107,0.5652418393743378,2.3768348693847656
1,C4-rest,fbar,51,5,52429,13107,0.5657505174167748,2.2861998081207275
1,4class,fbar,51,1,52428,13108,0.28211779066219106,2.4762399196624756
1,4class,fbar,51,2,52429,13107,0.28283140756439507,2.6954615116119385
1,4class,fbar,51,3,52429,13107,0.279391123913553,2.4940435886383057
1,4class,fbar,51,4,52429,13107,0.27809401970219794,2.567941665649414
1,4class,fbar,51,5,52429,13107,0.2786286036209747,2.467940330505371
1,C1-C2,fbar_var,51,1,26214,6554,0.4943545926151968,1.3335363864898682
1,C1-C2,fbar_var,51,2,26214,6554,0.5028989929813854,1.361853837966919
1,C1-C2,fbar_var,51,3,26214,6554,0.5173939578883124,1.3210210800170898
1,C1-C2,fbar_var,51,4,26215,6553,0.5043485826213931,1.3214173316955566
1,C1-C2,fbar_var,51,5,26215,6553,0.5031312607983344,1.2540919780731201
1,C1-C3,fbar_var,51,1,26214,6554,0.5183094293561183,1.0915718078613281
1,C1-C3,fbar_var,51,2,26214,6554,0.5117485505035093,1.100398063659668
1,C1-C3,fbar_var,51,3,26214,6554,0.5138846505950565,1.0822975635528564
1,C1-C3,fbar_var,51,4,26215,6553,0.5070947641515233,1.071455478668213
1,C1-C3,fbar_var,51,5,26215,6553,0.507706568852434,1.0986342430114746
1,C1-C4,fbar_var,51,1,26214,6554,0.6359475129691792,0.8136172294616699
1,C1-C4,fbar_var,51,2,26214,6554,0.637778455904791,0.8024587631225586
1,C1-C4,fbar_var,51,3,26214,6554,0.6391516631064998,0.8127539157867432
1,C1-C4,fbar_var,51,4,26215,6553,0.6403151446254894,0.8140368461608887
1,C1-C4,fbar_var,51,5,26215,6553,0.6406237483060797,0.8117756843566895
1,C2-C3,fbar_var,51,1,26214,6554,0.49069270674397314,1.076322078704834
1,C2-C3,fbar_var,51,2,26214,6554,0.5103753433018005,1.115441083908081
1,C2-C3,fbar_var,51,3,26214,6554,0.4998474214220323,1.0908355712890625
1,C2-C3,fbar_var,51,4,26215,6553,0.4990074008993753,1.0906519889831543
1,C2-C3,fbar_var,51,5,26215,6553,0.4993133032498306,1.1258819103240967
1,C2-C4,fbar_var,51,1,26214,6554,0.626335062557217,0.7999036312103271
1,C2-C4,fbar_var,51,2,26214,6554,0.6357949343912115,0.827768087387085
1,C2-C4,fbar_var,51,3,26214,6554,0.6475434848947208,0.8002715110778809
1,C2-C4,fbar_var,51,4,26215,6553,0.636347868725043,0.8145177364349365
1,C2-C4,fbar_var,51,5,26215,6553,0.6337561287591803,0.8096702098846436
1,C3-C4,fbar_var,51,1,26214,6554,0.6498321635642356,0.7786107063293457
1,C3-C4,fbar_var,51,2,26214,6554,0.6547146780592005,0.7858145236968994
1,C3-C4,fbar_var,51,3,26214,6554,0.6585291425083918,0.7841513156890869
1,C3-C4,fbar_var,51,4,26215,6553,0.6664099471545306,0.7826087474822998
1,C3-C4,fbar_var,51,5,26215,6553,0.6526778751374418,0.7828564643859863
1,C4-rest,fbar_var,51,1,52428,13108,0.6051266402197132,1.640124797821045
1,C4-rest,fbar_var,51,2,52429,13107,0.610109709400219,1.667928695678711
1,C4-rest,fbar_var,51,3,52429,13107,0.6049178264242504,1.6783196926116943
1,C4-rest,fbar_var,51,4,52429,13107,0.6090885610769099,1.6875789165496826
1,C4-rest,fbar_var,51,5,52429,13107,0.6191587161793206,1.6771447658538818
1,4class,fbar_var,51,1,52428,13108,0.3167531278608483,1.9604852199554443
1,4class,fbar_var,51,2,52429,13107,0.322967747422279,2.0068366527557373
1,4class,fbar_var,51,3,52429,13107,0.3154770986820117,2.0026674270629883
1,4class,fbar_var,51,4,52429,13107,0.3195963476898784,1.9870145320892334
1,4class,fbar_var,51,5,52429,13107,0.31257796597665377,1.9659359455108643
4,C1-C2,fbar,42,1,6553,1639,0.5167746210429137,0.41161155700683594
4,C1-C2,fbar,42,2,6553,1639,0.5161618868935942,0.37795329093933105
4,C1-C2,fbar,42,3,6554,1638,0.5067155067155067,0.34841370582580566
4,C1-C2,fbar,42,4,6554,1638,0.521978021978022,0.36224937438964844
4,C1-C2,fbar,42,5,6554,1638,0.5097680097680097,0.3604722023010254
4,C1-C3,fbar,42,1,6553,1639,0.5253253521546204,0.36055946350097656
4,C1-C3,fbar,42,2,6553,1639,0.5076111557818875,0.36040639877319336
4,C1-C3,fbar,42,3,6554,1638,0.5152625152625152,0.38059258460998535
4,C1-C3,fbar,42,4,6554,1638,0.5268620268620269,0.38233089447021484
4,C1-C3,fbar,42,5,6554,1638,0.517094017094017,0.36060404777526855
4,C1-C4,fbar,42,1,6553,1639,0.6168431162333601,0.31050658226013184
4,C1-C4,fbar,42,2,6553,1639,0.6101246314660949,0.32521891593933105
4,C1-C4,fbar,42,3,6554,1638,0.6318681318681318,0.33146047592163086
4,C1-C4,fbar,42,4,6554,1638,0.5982905982905983,0.32405543327331543
4,C1-C4,fbar,42,5,6554,1638,0.6111111111111112,0.33822035789489746
4,C2-C3,fbar,42,1,6553,1639,0.5210540814199351,0.407055139541626
4,C2-C3,fbar,42,2,6553,1639,0.5051847881116174,0.4175240993499756
4,C2-C3,fbar,42,3,6554,1638,0.5085470085470085,0.42867183685302734
4,C2-C3,fbar,42,4,6554,1638,0.5024420024420024,0.41776299476623535
4,C2-C3,fbar,42,5,6554,1638,0.49694749694749696,0.39991140365600586
4,C2-C4,fbar,42,1,6553,1639,0.6449112540575955,0.3322257995605469
4,C2-C4,fbar,42,2,6553,1639,0.6491735906370053,0.31511473655700684
4,C2-C4,fbar,42,3,6554,1638,0.648962148962149,0.3458740711212158
4,C2-C4,fbar,42,4,6554,1638,0.6391941391941391,0.3343541622161865
4,C2-C4,fbar,42,5,6554,1638,0.6483516483516484,0.31432676315307617
4,C3-C4,fbar,42,1,6553,1639,0.6729726912653742,0.3336799144744873
4,C3-C4,fbar,42,2,6553,1639,0.6662713302957206,0.3131284713745117
4,C3-C4,fbar,42,3,6554,1638,0.652014652014652,0.3315415382385254
4,C3-C4,fbar,42,4,6554,1638,0.6575091575091575,0.3322432041168213
4,C3-C4,fbar,42,5,6554,1638,0.6398046398046398,0.3325817584991455
4,C4-rest,fbar,42,1,13107,3277,0.6347542250715562,0.4366753101348877
4,C4-rest,fbar,42,2,13107,3277,0.615626033852234,0.4713594913482666
4,C4-rest,fbar,42,3,13107,3277,0.6347574539193741,0.4601292610168457
4,C4-rest,fbar,42,4,13107,3277,0.6330171635049684,0.46555233001708984
4,C4-rest,fbar,42,5,13108,3276,0.6204721204721204,0.46210241317749023
4,4class,fbar,42,1,13107,3277,0.3158536585365854,0.5419454574584961
4,4class,fbar,42,2,13107,3277,0.31645783078709905,0.5393579006195068
4,4class,fbar,42,3,13107,3277,0.3246917716429912,0.53910231590271
4,4class,fbar,42,4,13107,3277,0.3215964590964591,0.5431606769561768
4,4class,fbar,42,5,13108,3276,0.3199023199023199,0.56113600730896
4,C1-C2,fbar_var,42,1,6553,1639,0.5356874832484588,0.3892083168029785
4,C1-C2,fbar_var,42,2,6553,1639,0.5363188302212692,0.33284449577331543
4,C1-C2,fbar_var,42,3,6554,1638,0.5335775335775336,0.3228490352630615
4,C1-C2,fbar_var,42,4,6554,1638,0.5445665445665446,0.3342173099517822
4,C1-C2,fbar_var,42,5,6554,1638,0.5201465201465201,0.3285341262817383
4,C1-C3,fbar_var,42,1,6553,1639,0.5161678429971113,0.33260202407836914
4,C1-C3,fbar_var,42,2,6553,1639,0.5253156734864053,0.3246424198150635
4,C1-C3,fbar_var,42,3,6554,1638,0.5286935286935287,0.3636772632598877
4,C1-C3,fbar_var,42,4,6554,1638,0.5421245421245421,0.34192323684692383
4,C1-C3,fbar_var,42,5,6554,1638,0.5073260073260073,0.34430718421936035
4,C1-C4,fbar_var,42,1,6553,1639,0.7937855504928676,0.3080782890319824
4,C1-C4,fbar_var,42,2,6553,1639,0.7980605437922511,0.3046598434448242
4,C1-C4,fbar_var,42,3,6554,1638,0.8040293040293041,0.31167101860046387
4,C1-C4,fbar_var,42,4,6554,1638,0.8003663003663004,0.29979372024536133
4,C1-C4,fbar_var,42,5,6554,1638,0.7942612942612943,0.30661463737487793
4,C2-C3,fbar_var,42,1,6553,1639,0.5277546978766492,0.33061790466308594
4,C2-C3,fbar_var,42,2,6553,1639,0.5326491259418089,0.32932353019714355
4,C2-C3,fbar_var,42,3,6554,1638,0.5207570207570207,0.35311150550842285
4,C2-C3,fbar_var,42,4,6554,1638,0.5207570207570207,0.32176637649536133
4,C2-C3,fbar_var,42,5,6554,1638,0.5262515262515263,0.34433507919311523
4,C2-C4,fbar_var,42,1,6553,1639,0.7986591321957176,0.31650614738464355
4,C2-C4,fbar_var,42,2,6553,1639,0.7925660382977456,0.31323790550231934
4,C2-C4,fbar_var,42,3,6554,1638,0.782051282051282,0.29497623443603516
4,C2-C4,fbar_var,42,4,6554,1638,0.7881562881562882,0.30045533180236816
4,C2-C4,fbar_var,42,5,6554,1638,0.7930402930402931,0.3121025562286377
4,C3-C4,fbar_var,42,1,6553,1639,0.8285595163643944,0.3292233943939209
4,C3-C4,fbar_var,42,2,6553,1639,0.8145351261204921,0.2920997142791748
4,C3-C4,fbar_var,42,3,6554,1638,0.8296703296703296,0.30137205123901367
4,C3-C4,fbar_var,42,4,6554,1638,0.8137973137973138,0.305234432220459
4,C3-C4,fbar_var,42,5,6554,1638,0.8339438339438339,0.3015735149383545
4,C4-rest,fbar_var,42,1,13107,3277,0.77189283007021,0.3978760242462158
4,C4-rest,fbar_var,42,2,13107,3277,0.7692466650969498,0.42385363578796387
4,C4-rest,fbar_var,42,3,13107,3277,0.7556127309992241,0.4130105972290039
4,C4-rest,fbar_var,42,4,13107,3277,0.7788114099089709,0.38530921936035156
4,C4-rest,fbar_var,42,5,13108,3276,0.7724867724867726,0.4017643928527832
4,4class,fbar_var,42,1,13107,3277,0.4098625629113434,0.4724104404449463
4,4class,fbar_var,42,2,13107,3277,0.4217602519431788,0.49617862701416016
4,4class,fbar_var,42,3,13107,3277,0.41442568271836566,0.4960143566131592
4,4class,fbar_var,42,4,13107,3277,0.4146278179814765,0.5289249420166016
4,4class,fbar_var,42,5,13108,3276,0.405982905982906,0.4892134666442871
4,C1-C2,fbar,43,1,6553,1639,0.5155737216712826,0.3681471347808838
4,C1-C2,fbar,43,2,6553,1639,0.5118958277494863,0.33528852462768555
4,C1-C2,fbar,43,3,6554,1638,0.49633699633699635,0.35179924964904785
4,C1-C2,fbar,43,4,6554,1638,0.49755799755799757,0.36106157302856445
4,C1-C2,fbar,43,5,6554,1638,0.5158730158730158,0.34165000915527344
4,C1-C3,fbar,43,1,6553,1639,0.5253156734864053,0.36150074005126953
4,C1-C3,fbar,43,2,6553,1639,0.505801244825635,0.3423776626586914
4,C1-C3,fbar,43,3,6554,1638,0.5097680097680097,0.339526891708374
4,C1-C3,fbar,43,4,6554,1638,0.5225885225885226,0.35090136528015137
4,C1-C3,fbar,43,5,6554,1638,0.4945054945054945,0.36208009719848633
4,C1-C4,fbar,43,1,6553,1639,0.6241527442746955,0.32297849655151367
4,C1-C4,fbar,43,2,6553,1639,0.6211076863515888,0.3439924716949463
4,C1-C4,fbar,43,3,6554,1638,0.5995115995115995,0.3305180072784424
4,C1-C4,fbar,43,4,6554,1638,0.5927960927960928,0.3296794891357422
4,C1-C4,fbar,43,5,6554,1638,0.5921855921855922,0.32008790969848633
4,C2-C3,fbar,43,1,6553,1639,0.483223889931207,0.38951969146728516
4,C2-C3,fbar,43,2,6553,1639,0.5192166234849162,0.3976418972015381
4,C2-C3,fbar,43,3,6554,1638,0.5042735042735043,0.3826944828033447
4,C2-C3,fbar,43,4,6554,1638,0.5042735042735043,0.42314815521240234
4,C2-C3,fbar,43,5,6554,1638,0.47863247863247865,0.36867475509643555
4,C2-C4,fbar,43,1,6553,1639,0.6467293546561839,0.32120418548583984
4,C2-C4,fbar,43,2,6553,1639,0.6406347717323327,0.31019115447998047
4,C2-C4,fbar,43,3,6554,1638,0.6434676434676434,0.3245391845703125
4,C2-C4,fbar,43,4,6554,1638,0.6514041514041514,0.32005882263183594
4,C2-C4,fbar,43,5,6554,1638,0.6465201465201466,0.3215794563293457
4,C3-C4,fbar,43,1,6553,1639,0.6528313827094315,0.3111081123352051
4,C3-C4,fbar,43,2,6553,1639,0.6607597010036035,0.3219468593597412
4,C3-C4,fbar,43,3,6554,1638,0.6507936507936507,0.3102734088897705
4,C3-C4,fbar,43,4,6554,1638,0.648962148962149,0.34302568435668945
4,C3-C4,fbar,43,5,6554,1638,0.6630036630036631,0.31102967262268066
4,C4-rest,fbar,43,1,13107,3277,0.6361783953321789,0.46308207511901855
4,C4-rest,fbar,43,2,13107,3277,0.6223407954490136,0.43523430824279785
4,C4-rest,fbar,43,3,13107,3277,0.6294606532604905,0.4600977897644043
4,C4-rest,fbar,43,4,13107,3277,0.6285468596444206,0.4529306888580322
4,C4-rest,fbar,43,5,13108,3276,0.6127391127391127,0.4614746570587158
4,4class,fbar,43,1,13107,3277,0.323177060067304,0.49521780014038086
4,4class,fbar,43,2,13107,3277,0.32103137377527624,0.5185542106628418
4,4class,fbar,43,3,13107,3277,0.3030279341254951,0.5037064552307129
4,4class,fbar,43,4,13107,3277,0.31091381518210787,0.5383973121643066
4,4class,fbar,43,5,13108,3276,0.3147130647130647,0.5070376396179199
4,C1-C2,fbar_var,43,1,6553,1639,0.5521449417790881,0.36035966873168945
4,C1-C2,fbar_var,43,2,6553,1639,0.545462938145865,0.32263970375061035
4,C1-C2,fbar_var,43,3,6554,1638,0.5421245421245422,0.34229445457458496
4,C1-C2,fbar_var,43,4,6554,1638,0.5238095238095237,0.31940174102783203
4,C1-C2,fbar_var,43,5,6554,1638,0.5415140415140415,0.3321518898010254
4,C1-C3,fbar_var,43,1,6553,1639,0.5186180350814498,0.3456716537475586
4,C1-C3,fbar_var,43,2,6553,1639,0.48567706006730393,0.34949302673339844
4,C1-C3,fbar_var,43,3,6554,1638,0.5262515262515263,0.34000372886657715
4,C1-C3,fbar_var,43,4,6554,1638,0.5024420024420024,0.34432291984558105
4,C1-C3,fbar_var,43,5,6554,1638,0.5195360195360195,0.339038610458374
4,C1-C4,fbar_var,43,1,6553,1639,0.8065651151017005,0.30724525451660156
4,C1-C4,fbar_var,43,2,6553,1639,0.7913390809732272,0.3053710460662842
4,C1-C4,fbar_var,43,3,6554,1638,0.8040293040293041,0.311328649520874
4,C1-C4,fbar_var,43,4,6554,1638,0.7802197802197802,0.29462456703186035
4,C1-C4,fbar_var,43,5,6554,1638,0.7722832722832722,0.2983572483062744
4,C2-C3,fbar_var,43,1,6553,1639,0.5253283302063789,0.341747522354126
4,C2-C3,fbar_var,43,2,6553,1639,0.5082499478840943,0.3223752975463867
4,C2-C3,fbar_var,43,3,6554,1638,0.5305250305250305,0.3325958251953125
4,C2-C3,fbar_var,43,4,6554,1638,0.5244200244200243,0.3430514335632324
4,C2-C3,fbar_var,43,5,6554,1638,0.5274725274725275,0.31896209716796875
4,C2-C4,fbar_var,43,1,6553,1639,0.7888844218112512,0.3059718608856201
4,C2-C4,fbar_var,43,2,6553,1639,0.7852377974329194,0.3049349784851074
4,C2-C4,fbar_var,43,3,6554,1638,0.7973137973137974,0.30129122734069824
4,C2-C4,fbar_var,43,4,6554,1638,0.7832722832722833,0.29917407035827637
4,C2-C4,fbar_var,43,5,6554,1638,0.7875457875457875,0.3157026767730713
4,C3-C4,fbar_var,43,1,6553,1639,0.8242755889097353,0.3028738498687744
4,C3-C4,fbar_var,43,2,6553,1639,0.8181795169600048,0.2994692325592041
4,C3-C4,fbar_var,43,3,6554,1638,0.8162393162393162,0.29387664794921875
4,C3-C4,fbar_var,43,4,6554,1638,0.8076923076923077,0.30417370796203613
4,C3-C4,fbar_var,43,5,6554,1638,0.8083028083028083,0.3006308078765869
4,C4-rest,fbar_var,43,1,13107,3277,0.7631416589919437,0.4170558452606201
4,C4-rest,fbar_var,43,2,13107,3277,0.7631429008564892,0.4002695083618164
4,C4-rest,fbar_var,43,3,13107,3277,0.7613094120417148,0.41283392906188965
4,C4-rest,fbar_var,43,4,13107,3277,0.7643792747451283,0.393125057220459
4,C4-rest,fbar_var,43,5,13108,3276,0.7785917785917786,0.40078067779541016
4,4class,fbar_var,43,1,13107,3277,0.41138099705172876,0.4624049663543701
4,4class,fbar_var,43,2,13107,3277,0.4003923583191876,0.5176730155944824
4,4class,fbar_var,43,3,13107,3277,0.4058924476607404,0.480968713760376
4,4class,fbar_var,43,4,13107,3277,0.4124854819976771,0.47617578506469727
4,4class,fbar_var,43,5,13108,3276,0.4068986568986569,0.4928722381591797
4,C1-C2,fbar,44,1,6553,1639,0.5240961612912833,0.3957085609436035
4,C1-C2,fbar,44,2,6553,1639,0.5247148515441198,0.34172821044921875
4,C1-C2,fbar,44,3,6554,1638,0.5146520146520146,0.35976123809814453
4,C1-C2,fbar,44,4,6554,1638,0.525030525030525,0.3711354732513428
4,C1-C2,fbar,44,5,6554,1638,0.5122100122100122,0.3635842800140381
4,C1-C3,fbar,44,1,6553,1639,0.5082372911641204,0.3595466613769531
4,C1-C3,fbar,44,2,6553,1639,0.5222668929986003,0.348116397857666
4,C1-C3,fbar,44,3,6554,1638,0.5262515262515263,0.35824108123779297
4,C1-C3,fbar,44,4,6554,1638,0.5323565323565324,0.37744855880737305
4,C1-C3,fbar,44,5,6554,1638,0.5189255189255189,0.34757113456726074
4,C1-C4,fbar,44,1,6553,1639,0.6046226808421931,0.33214521408081055
4,C1-C4,fbar,44,2,6553,1639,0.6150086363500997,0.3376908302307129
4,C1-C4,fbar,44,3,6554,1638,0.6153846153846154,0.33988094329833984
4,C1-C4,fbar,44,4,6554,1638,0.6098901098901099,0.3271524906158447
4,C1-C4,fbar,44,5,6554,1638,0.6007326007326007,0.32964444160461426
4,C2-C3,fbar,44,1,6553,1639,0.5021441972661485,0.4101545810699463
4,C2-C3,fbar,44,2,6553,1639,0.5094441466392686,0.3793797492980957
4,C2-C3,fbar,44,3,6554,1638,0.517094017094017,0.40833139419555664
4,C2-C3,fbar,44,4,6554,1638,0.503052503052503,0.40872764587402344
4,C2-C3,fbar,44,5,6554,1638,0.49572649572649574,0.4186704158782959
4,C2-C4,fbar,44,1,6553,1639,0.6381816015962358,0.3172318935394287
4,C2-C4,fbar,44,2,6553,1639,0.6406347717323327,0.32393383979797363
4,C2-C4,fbar,44,3,6554,1638,0.6575091575091575,0.3112962245941162
4,C2-C4,fbar,44,4,6554,1638,0.6391941391941391,0.30979228019714355
4,C2-C4,fbar,44,5,6554,1638,0.6495726495726496,0.3217196464538574
4,C3-C4,fbar,44,1,6553,1639,0.6314720509842462,0.3102891445159912
4,C3-C4,fbar,44,2,6553,1639,0.6668669406474285,0.3122985363006592
4,C3-C4,fbar,44,3,6554,1638,0.6623931623931624,0.31241846084594727
4,C3-C4,fbar,44,4,6554,1638,0.6538461538461539,0.31537723541259766
4,C3-C4,fbar,44,5,6554,1638,0.6501831501831502,0.33113598823547363
4,C4-rest,fbar,44,1,13107,3277,0.6380101455365897,0.44257616996765137
4,C4-rest,fbar,44,2,13107,3277,0.634141737477783,0.48050808906555176
4,C4-rest,fbar,44,3,13107,3277,0.6337366412630855,0.44365549087524414
4,C4-rest,fbar,44,4,13107,3277,0.6167550155355034,0.4825773239135742
4,C4-rest,fbar,44,5,13108,3276,0.6355311355311355,0.45616602897644043
4,4class,fbar,44,1,13107,3277,0.3103509633997439,0.5317978858947754
4,4class,fbar,44,2,13107,3277,0.3283611036659817,0.536020040512085
4,4class,fbar,44,3,13107,3277,0.32927387652997414,0.5282790660858154
4,4class,fbar,44,4,13107,3277,0.33502896155335177,0.5536723136901855
4,4class,fbar,44,5,13108,3276,0.3208180708180708,0.5435905456542969
4,C1-C2,fbar_var,44,1,6553,1639,0.5539868667917448,0.36211657524108887
4,C1-C2,fbar_var,44,2,6553,1639,0.5570520265642217,0.3456692695617676
4,C1-C2,fbar_var,44,3,6554,1638,0.5586080586080586,0.3510286808013916
4,C1-C2,fbar_var,44,4,6554,1638,0.5250305250305249,0.3291311264038086
4,C1-C2,fbar_var,44,5,6554,1638,0.5634920634920635,0.35192179679870605
4,C1-C3,fbar_var,44,1,6553,1639,0.5277532088507698,0.3295109272003174
4,C1-C3,fbar_var,44,2,6553,1639,0.542400011912207,0.34222888946533203
4,C1-C3,fbar_var,44,3,6554,1638,0.5274725274725275,0.3613722324371338
4,C1-C3,fbar_var,44,4,6554,1638,0.517094017094017,0.33168840408325195
4,C1-C3,fbar_var,44,5,6554,1638,0.5305250305250304,0.3519165515899658
4,C1-C4,fbar_var,44,1,6553,1639,0.7894956669346913,0.31252074241638184
4,C1-C4,fbar_var,44,2,6553,1639,0.7907248577980286,0.3118166923522949
4,C1-C4,fbar_var,44,3,6554,1638,0.7887667887667887,0.3121316432952881
4,C1-C4,fbar_var,44,4,6554,1638,0.7857142857142857,0.310380220413208
4,C1-C4,fbar_var,44,5,6554,1638,0.7832722832722833,0.30425024032592773
4,C2-C3,fbar_var,44,1,6553,1639,0.5186091009261742,0.35207366943359375
4,C2-C3,fbar_var,44,2,6553,1639,0.5064072783584979,0.3507044315338135
4,C2-C3,fbar_var,44,3,6554,1638,0.5146520146520146,0.3348829746246338
4,C2-C3,fbar_var,44,4,6554,1638,0.5128205128205128,0.3310093879699707
4,C2-C3,fbar_var,44,5,6554,1638,0.5409035409035409,0.34183263778686523
4,C2-C4,fbar_var,44,1,6553,1639,0.7815636260758212,0.2964644432067871
4,C2-C4,fbar_var,44,2,6553,1639,0.7846198516930225,0.30350446701049805
4,C2-C4,fbar_var,44,3,6554,1638,0.7796092796092795,0.29865384101867676
4,C2-C4,fbar_var,44,4,6554,1638,0.7863247863247864,0.3077883720397949
4,C2-C4,fbar_var,44,5,6554,1638,0.7789987789987789,0.29941773414611816
4,C3-C4,fbar_var,44,1,6553,1639,0.8163428035379254,0.30086660385131836
4,C3-C4,fbar_var,44,2,6553,1639,0.8169518151225468,0.2942638397216797
4,C3-C4,fbar_var,44,3,6554,1638,0.8113553113553114,0.3171970844268799
4,C3-C4,fbar_var,44,4,6554,1638,0.8199023199023199,0.3025014400482178
4,C3-C4,fbar_var,44,5,6554,1638,0.8156288156288156,0.30080318450927734
4,C4-rest,fbar_var,44,1,13107,3277,0.7653799956485066,0.40990257263183594
4,C4-rest,fbar_var,44,2,13107,3277,0.7737233384100757,0.41057491302490234
4,C4-rest,fbar_var,44,3,13107,3277,0.7716901577764068,0.4215073585510254
4,C4-rest,fbar_var,44,4,13107,3277,0.7509668741376059,0.4128456115722656
4,C4-rest,fbar_var,44,5,13108,3276,0.7733007733007733,0.41405272483825684
4,4class,fbar_var,44,1,13107,3277,0.39795221715953427,0.4645094871520996
4,4class,fbar_var,44,2,13107,3277,0.41015813454837846,0.4885833263397217
4,4class,fbar_var,44,3,13107,3277,0.4049655290508949,0.49826955795288086
4,4class,fbar_var,44,4,13107,3277,0.3950862145984097,0.4736621379852295
4,4class,fbar_var,44,5,13108,3276,0.4078144078144078,0.506525993347168
4,C1-C2,fbar,45,1,6553,1639,0.514347508859704,0.3739645481109619
4,C1-C2,fbar,45,2,6553,1639,0.5161693320229905,0.37645602226257324
4,C1-C2,fbar,45,3,6554,1638,0.5311355311355311,0.3631927967071533
4,C1-C2,fbar,45,4,6554,1638,0.5073260073260073,0.35478949546813965
4,C1-C2,fbar,45,5,6554,1638,0.5177045177045176,0.3814113140106201
4,C1-C3,fbar,45,1,6553,1639,0.5204234789600644,0.36038708686828613
4,C1-C3,fbar,45,2,6553,1639,0.5167671759135174,0.3502070903778076
4,C1-C3,fbar,45,3,6554,1638,0.5079365079365079,0.3605172634124756
4,C1-C3,fbar,45,4,6554,1638,0.5152625152625152,0.34993839263916016
4,C1-C3,fbar,45,5,6554,1638,0.5152625152625152,0.35010194778442383
4,C1-C4,fbar,45,1,6553,1639,0.6095156198814735,0.32047438621520996
4,C1-C4,fbar,45,2,6553,1639,0.6296710741832693,0.3307342529296875
4,C1-C4,fbar,45,3,6554,1638,0.6166056166056166,0.31407880783081055
4,C1-C4,fbar,45,4,6554,1638,0.6141636141636142,0.33223724365234375
4,C1-C4,fbar,45,5,6554,1638,0.6098901098901099,0.33434438705444336
4,C2-C3,fbar,45,1,6553,1639,0.48871467286101433,0.3978853225708008
4,C2-C3,fbar,45,2,6553,1639,0.5021352631108729,0.44182634353637695
4,C2-C3,fbar,45,3,6554,1638,0.5115995115995116,0.4033999443054199
4,C2-C3,fbar,45,4,6554,1638,0.5048840048840049,0.4009239673614502
4,C2-C3,fbar,45,5,6554,1638,0.5079365079365079,0.4207737445831299
4,C2-C4,fbar,45,1,6553,1639,0.6711486345632687,0.32400083541870117
4,C2-C4,fbar,45,2,6553,1639,0.6705224991810358,0.3016636371612549
4,C2-C4,fbar,45,3,6554,1638,0.673992673992674,0.3143022060394287
4,C2-C4,fbar,45,4,6554,1638,0.6605616605616607,0.3038783073425293
4,C2-C4,fbar,45,5,6554,1638,0.6562881562881563,0.30795836448669434
4,C3-C4,fbar,45,1,6553,1639,0.6723450668572619,0.32259583473205566
4,C3-C4,fbar,45,2,6553,1639,0.6400332052771077,0.32006263732910156
4,C3-C4,fbar,45,3,6554,1638,0.6776556776556777,0.31412315368652344
4,C3-C4,fbar,45,4,6554,1638,0.641025641025641,0.3036627769470215
4,C3-C4,fbar,45,5,6554,1638,0.6648351648351648,0.3372802734375
4,C4-rest,fbar,45,1,13107,3277,0.633943039150525,0.4510643482208252
4,C4-rest,fbar,45,2,13107,3277,0.6489964244236011,0.4566028118133545
4,C4-rest,fbar,45,3,13107,3277,0.6473663530213571,0.4716460704803467
4,C4-rest,fbar,45,4,13107,3277,0.635246731588195,0.4604177474975586
4,C4-rest,fbar,45,5,13108,3276,0.6377696377696378,0.44823193550109863
4,4class,fbar,45,1,13107,3277,0.32683931921736803,0.5316059589385986
4,4class,fbar,45,2,13107,3277,0.314019178653325,0.5221066474914551
4,4class,fbar,45,3,13107,3277,0.31798333780041094,0.5286428928375244
4,4class,fbar,45,4,13107,3277,0.3240332499478841,0.5354423522949219
4,4class,fbar,45,5,13108,3276,0.33150183150183155,0.541428804397583
4,C1-C2,fbar_var,45,1,6553,1639,0.5613136186306917,0.3595395088195801
4,C1-C2,fbar_var,45,2,6553,1639,0.5320326692277912,0.3457040786743164
4,C1-C2,fbar_var,45,3,6554,1638,0.5506715506715507,0.3345911502838135
4,C1-C2,fbar_var,45,4,6554,1638,0.5378510378510379,0.35010671615600586
4,C1-C2,fbar_var,45,5,6554,1638,0.5463980463980465,0.3735635280609131
4,C1-C3,fbar_var,45,1,6553,1639,0.5369077399565205,0.34406208992004395
4,C1-C3,fbar_var,45,2,6553,1639,0.5436329253402424,0.3537137508392334
4,C1-C3,fbar_var,45,3,6554,1638,0.5402930402930403,0.3221704959869385
4,C1-C3,fbar_var,45,4,6554,1638,0.5415140415140416,0.3416318893432617
4,C1-C3,fbar_var,45,5,6554,1638,0.5341880341880342,0.34038448333740234
4,C1-C4,fbar_var,45,1,6553,1639,0.8132999791536377,0.30114293098449707
4,C1-C4,fbar_var,45,2,6553,1639,0.78097471634057,0.311354398727417
4,C1-C4,fbar_var,45,3,6554,1638,0.7936507936507937,0.2993793487548828
4,C1-C4,fbar_var,45,4,6554,1638,0.8144078144078144,0.30129027366638184
4,C1-C4,fbar_var,45,5,6554,1638,0.8040293040293041,0.3066823482513428
4,C2-C3,fbar_var,45,1,6553,1639,0.5204443253223741,0.33234524726867676
4,C2-C3,fbar_var,45,2,6553,1639,0.5411968790017571,0.3405308723449707
4,C2-C3,fbar_var,45,3,6554,1638,0.5293040293040293,0.332489013671875
4,C2-C3,fbar_var,45,4,6554,1638,0.5335775335775336,0.34120798110961914
4,C2-C3,fbar_var,45,5,6554,1638,0.5293040293040293,0.3411383628845215
4,C2-C4,fbar_var,45,1,6553,1639,0.8090301974448316,0.3110356330871582
4,C2-C4,fbar_var,45,2,6553,1639,0.7760892224306859,0.3139779567718506
4,C2-C4,fbar_var,45,3,6554,1638,0.8052503052503053,0.30295562744140625
4,C2-C4,fbar_var,45,4,6554,1638,0.797924297924298,0.3004343509674072
4,C2-C4,fbar_var,45,5,6554,1638,0.7942612942612943,0.3131754398345947
4,C3-C4,fbar_var,45,1,6553,1639,0.8383111468477322,0.29839587211608887
4,C3-C4,fbar_var,45,2,6553,1639,0.8108669108669109,0.30326294898986816
4,C3-C4,fbar_var,45,3,6554,1638,0.8278388278388278,0.29524850845336914
4,C3-C4,fbar_var,45,4,6554,1638,0.8199023199023199,0.3132462501525879
4,C3-C4,fbar_var,45,5,6554,1638,0.815018315018315,0.3028695583343506
4,C4-rest,fbar_var,45,1,13107,3277,0.7755555853603047,0.41208600997924805
4,C4-rest,fbar_var,45,2,13107,3277,0.78349010631354,0.4116027355194092
4,C4-rest,fbar_var,45,3,13107,3277,0.7716884191660432,0.42886853218078613
4,C4-rest,fbar_var,45,4,13107,3277,0.7940597794256331,0.40401673316955566
4,C4-rest,fbar_var,45,5,13108,3276,0.7741147741147741,0.38732361793518066
4,4class,fbar_var,45,1,13107,3277,0.4217569016349504,0.47930145263671875
4,4class,fbar_var,45,2,13107,3277,0.4055838470472617,0.46955204010009766
4,4class,fbar_var,45,3,13107,3277,0.41656876321510466,0.4686095714569092
4,4class,fbar_var,45,4,13107,3277,0.41889797194675243,0.47657132148742676
4,4class,fbar_var,45,5,13108,3276,0.42979242979242976,0.4706707000732422
4,C1-C2,fbar,46,1,6553,1639,0.5283726436165461,0.3676896095275879
4,C1-C2,fbar,46,2,6553,1639,0.516160397867715,0.35832786560058594
4,C1-C2,fbar,46,3,6554,1638,0.514041514041514,0.3551502227783203
4,C1-C2,fbar,46,4,6554,1638,0.5396825396825397,0.33177614212036133
4,C1-C2,fbar,46,5,6554,1638,0.517094017094017,0.3593103885650635
4,C1-C3,fbar,46,1,6553,1639,0.5326491259418089,0.34772467613220215
4,C1-C3,fbar,46,2,6553,1639,0.5161790106912059,0.3614633083343506
4,C1-C3,fbar,46,3,6554,1638,0.5006105006105006,0.4076192378997803
4,C1-C3,fbar,46,4,6554,1638,0.521978021978022,0.35208821296691895
4,C1-C3,fbar,46,5,6554,1638,0.5286935286935287,0.3533484935760498
4,C1-C4,fbar,46,1,6553,1639,0.6131763900056583,0.33100175857543945
4,C1-C4,fbar,46,2,6553,1639,0.6186649393966468,0.33034634590148926
4,C1-C4,fbar,46,3,6554,1638,0.6178266178266179,0.31583666801452637
4,C1-C4,fbar,46,4,6554,1638,0.6282051282051282,0.32413649559020996
4,C1-C4,fbar,46,5,6554,1638,0.6190476190476191,0.3336055278778076
4,C2-C3,fbar,46,1,6553,1639,0.507622323475982,0.40097928047180176
4,C2-C3,fbar,46,2,6553,1639,0.49420545579082165,0.3983280658721924
4,C2-C3,fbar,46,3,6554,1638,0.4822954822954823,0.37792062759399414
4,C2-C3,fbar,46,4,6554,1638,0.47435897435897434,0.3767273426055908
4,C2-C3,fbar,46,5,6554,1638,0.49572649572649574,0.41039204597473145
4,C2-C4,fbar,46,1,6553,1639,0.660152922957801,0.3231809139251709
4,C2-C4,fbar,46,2,6553,1639,0.6510043479555675,0.3102595806121826
4,C2-C4,fbar,46,3,6554,1638,0.6367521367521367,0.31198787689208984
4,C2-C4,fbar,46,4,6554,1638,0.6538461538461539,0.3330221176147461
4,C2-C4,fbar,46,5,6554,1638,0.667887667887668,0.32171034812927246
4,C3-C4,fbar,46,1,6553,1639,0.6882255278596743,0.30181384086608887
4,C3-C4,fbar,46,2,6553,1639,0.6644212156407279,0.3326146602630615
4,C3-C4,fbar,46,3,6554,1638,0.673992673992674,0.3136718273162842
4,C3-C4,fbar,46,4,6554,1638,0.6666666666666666,0.31931447982788086
4,C3-C4,fbar,46,5,6554,1638,0.6684981684981686,0.334583044052124
4,C4-rest,fbar,46,1,13107,3277,0.6343436646528591,0.4570150375366211
4,C4-rest,fbar,46,2,13107,3277,0.6290550602999749,0.45546627044677734
4,C4-rest,fbar,46,3,13107,3277,0.630685876820946,0.47594141960144043
4,C4-rest,fbar,46,4,13107,3277,0.6283433594409205,0.4702906608581543
4,C4-rest,fbar,46,5,13108,3276,0.6363451363451363,0.4965779781341553
4,4class,fbar,46,1,13107,3277,0.3305000893415527,0.521399736404419
4,4class,fbar,46,2,13107,3277,0.31706237529408265,0.5404922962188721
4,4class,fbar,46,3,13107,3277,0.3234744929866881,0.5288052558898926
4,4class,fbar,46,4,13107,3277,0.3252620685547515,0.5288517475128174
4,4class,fbar,46,5,13108,3276,0.32753357753357754,0.5191617012023926
4,C1-C2,fbar_var,46,1,6553,1639,0.5491036064206796,0.36211585998535156
4,C1-C2,fbar_var,46,2,6553,1639,0.5424186247356979,0.34278130531311035
4,C1-C2,fbar_var,46,3,6554,1638,0.5457875457875458,0.32948827743530273
4,C1-C2,fbar_var,46,4,6554,1638,0.5470085470085471,0.35137295722961426
4,C1-C2,fbar_var,46,5,6554,1638,0.5537240537240538,0.3437800407409668
4,C1-C3,fbar_var,46,1,6553,1639,0.5472810387444533,0.33283114433288574
4,C1-C3,fbar_var,46,2,6553,1639,0.5503402424134132,0.34930992126464844
4,C1-C3,fbar_var,46,3,6554,1638,0.5164835164835164,0.33611559867858887
4,C1-C3,fbar_var,46,4,6554,1638,0.5433455433455433,0.3277261257171631
4,C1-C3,fbar_var,46,5,6554,1638,0.5262515262515263,0.3191511631011963
4,C1-C4,fbar_var,46,1,6553,1639,0.8072016736650883,0.3371469974517822
4,C1-C4,fbar_var,46,2,6553,1639,0.7870544090056286,0.31783103942871094
4,C1-C4,fbar_var,46,3,6554,1638,0.8064713064713065,0.31421756744384766
4,C1-C4,fbar_var,46,4,6554,1638,0.8095238095238095,0.310687780380249
4,C1-C4,fbar_var,46,5,6554,1638,0.7753357753357754,0.30414819717407227
4,C2-C3,fbar_var,46,1,6553,1639,0.5155580868995503,0.35088062286376953
4,C2-C3,fbar_var,46,2,6553,1639,0.5112912832425027,0.35536932945251465
4,C2-C3,fbar_var,46,3,6554,1638,0.5146520146520146,0.3527872562408447
4,C2-C3,fbar_var,46,4,6554,1638,0.5268620268620269,0.3333861827850342
4,C2-C3,fbar_var,46,5,6554,1638,0.5354090354090354,0.3345355987548828
4,C2-C4,fbar_var,46,1,6553,1639,0.7888918669406475,0.3033130168914795
4,C2-C4,fbar_var,46,2,6553,1639,0.7724165400994669,0.29594850540161133
4,C2-C4,fbar_var,46,3,6554,1638,0.7924297924297925,0.29910993576049805
4,C2-C4,fbar_var,46,4,6554,1638,0.7899877899877901,0.30414724349975586
4,C2-C4,fbar_var,46,5,6554,1638,0.7716727716727716,0.29995131492614746
4,C3-C4,fbar_var,46,1,6553,1639,0.8139089907382591,0.3118777275085449
4,C3-C4,fbar_var,46,2,6553,1639,0.8004712766907889,0.304654598236084
4,C3-C4,fbar_var,46,3,6554,1638,0.8131868131868132,0.3018515110015869
4,C3-C4,fbar_var,46,4,6554,1638,0.8241758241758241,0.30562400817871094
4,C3-C4,fbar_var,46,5,6554,1638,0.7967032967032968,0.29407572746276855
4,C4-rest,fbar_var,46,1,13107,3277,0.7637546433315352,0.41376376152038574
4,C4-rest,fbar_var,46,2,13107,3277,0.7602935668436075,0.4136209487915039
4,C4-rest,fbar_var,46,3,13107,3277,0.7541915412135103,0.3999965190887451
4,C4-rest,fbar_var,46,4,13107,3277,0.7723105710910589,0.3906984329223633
4,C4-rest,fbar_var,46,5,13108,3276,0.7566137566137566,0.4213700294494629
4,4class,fbar_var,46,1,13107,3277,0.4083203043568897,0.47207188606262207
4,4class,fbar_var,46,2,13107,3277,0.4013144375949254,0.4684453010559082
4,4class,fbar_var,46,3,13107,3277,0.41077012418475833,0.515979528427124
4,4class,fbar_var,46,4,13107,3277,0.4106658923732095,0.480881929397583
4,4class,fbar_var,46,5,13108,3276,0.4068986568986569,0.4787273406982422
4,C1-C2,fbar,47,1,6553,1639,0.49847747103844664,0.39517664909362793
4,C1-C2,fbar,47,2,6553,1639,0.524108818011257,0.34831857681274414
4,C1-C2,fbar,47,3,6554,1638,0.5323565323565325,0.35043907165527344
4,C1-C2,fbar,47,4,6554,1638,0.5079365079365079,0.368776798248291
4,C1-C2,fbar,47,5,6554,1638,0.5067155067155067,0.36835408210754395
4,C1-C3,fbar,47,1,6553,1639,0.5204368801929777,0.34941768646240234
4,C1-C3,fbar,47,2,6553,1639,0.5051981893445308,0.3411977291107178
4,C1-C3,fbar,47,3,6554,1638,0.5195360195360196,0.34281468391418457
4,C1-C3,fbar,47,4,6554,1638,0.510989010989011,0.3396637439727783
4,C1-C3,fbar,47,5,6554,1638,0.5061050061050061,0.35100698471069336
4,C1-C4,fbar,47,1,6553,1639,0.6083109979451442,0.32504725456237793
4,C1-C4,fbar,47,2,6553,1639,0.6455135650257602,0.33240365982055664
4,C1-C4,fbar,47,3,6554,1638,0.63003663003663,0.35410094261169434
4,C1-C4,fbar,47,4,6554,1638,0.615995115995116,0.3269939422607422
4,C1-C4,fbar,47,5,6554,1638,0.6196581196581197,0.3214843273162842
4,C2-C3,fbar,47,1,6553,1639,0.5039444295541857,0.41490793228149414
4,C2-C3,fbar,47,2,6553,1639,0.5003126954346466,0.3937201499938965
4,C2-C3,fbar,47,3,6554,1638,0.5018315018315018,0.3701467514038086
4,C2-C3,fbar,47,4,6554,1638,0.4920634920634921,0.40993642807006836
4,C2-C3,fbar,47,5,6554,1638,0.48534798534798534,0.39346957206726074
4,C2-C4,fbar,47,1,6553,1639,0.6369829357634236,0.32538628578186035
4,C2-C4,fbar,47,2,6553,1639,0.6693022424729742,0.32389307022094727
4,C2-C4,fbar,47,3,6554,1638,0.6605616605616605,0.3102571964263916
4,C2-C4,fbar,47,4,6554,1638,0.6623931623931625,0.32312798500061035
4,C2-C4,fbar,47,5,6554,1638,0.6507936507936508,0.331174373626709
4,C3-C4,fbar,47,1,6553,1639,0.6564966199112541,0.3209505081176758
4,C3-C4,fbar,47,2,6553,1639,0.6570959528276601,0.3139469623565674
4,C3-C4,fbar,47,3,6554,1638,0.6697191697191698,0.31120920181274414
4,C3-C4,fbar,47,4,6554,1638,0.6697191697191698,0.30735254287719727
4,C3-C4,fbar,47,5,6554,1638,0.6654456654456654,0.3151099681854248
4,C4-rest,fbar,47,1,13107,3277,0.6184751194922066,0.43945980072021484
4,C4-rest,fbar,47,2,13107,3277,0.6253937952473347,0.4821608066558838
4,C4-rest,fbar,47,3,13107,3277,0.6433004884998376,0.4820704460144043
4,C4-rest,fbar,47,4,13107,3277,0.6248920456237529,0.4752781391143799
4,C4-rest,fbar,47,5,13108,3276,0.6446886446886446,0.46913886070251465
4,4class,fbar,47,1,13107,3277,0.31463005152029544,0.5127553939819336
4,4class,fbar,47,2,13107,3277,0.3268426695255964,0.5610148906707764
4,4class,fbar,47,3,13107,3277,0.32042608475535306,0.5047218799591064
4,4class,fbar,47,4,13107,3277,0.3276992316626463,0.5521485805511475
4,4class,fbar,47,5,13108,3276,0.30463980463980467,0.5441887378692627
4,C1-C2,fbar_var,47,1,6553,1639,0.5326372137347748,0.36361050605773926
4,C1-C2,fbar_var,47,2,6553,1639,0.5351030405908455,0.33587002754211426
4,C1-C2,fbar_var,47,3,6554,1638,0.539072039072039,0.3403198719024658
4,C1-C2,fbar_var,47,4,6554,1638,0.5311355311355311,0.344923734664917
4,C1-C2,fbar_var,47,5,6554,1638,0.5274725274725275,0.3208332061767578
4,C1-C3,fbar_var,47,1,6553,1639,0.5375256856964175,0.3313770294189453
4,C1-C3,fbar_var,47,2,6553,1639,0.5314407814407814,0.3536350727081299
4,C1-C3,fbar_var,47,3,6554,1638,0.532967032967033,0.3521859645843506
4,C1-C3,fbar_var,47,4,6554,1638,0.5299145299145299,0.3514750003814697
4,C1-C3,fbar_var,47,5,6554,1638,0.5305250305250305,0.3407166004180908
4,C1-C4,fbar_var,47,1,6553,1639,0.8017079126835225,0.30190229415893555
4,C1-C4,fbar_var,47,2,6553,1639,0.8108609547633938,0.3132898807525635
4,C1-C4,fbar_var,47,3,6554,1638,0.7954822954822955,0.31153202056884766
4,C1-C4,fbar_var,47,4,6554,1638,0.7783882783882783,0.30464863777160645
4,C1-C4,fbar_var,47,5,6554,1638,0.797924297924298,0.3099386692047119
4,C2-C3,fbar_var,47,1,6553,1639,0.5045675868846601,0.3421461582183838
4,C2-C3,fbar_var,47,2,6553,1639,0.5253231186158016,0.34618186950683594
4,C2-C3,fbar_var,47,3,6554,1638,0.525030525030525,0.3410346508026123
4,C2-C3,fbar_var,47,4,6554,1638,0.5244200244200244,0.3666112422943115
4,C2-C3,fbar_var,47,5,6554,1638,0.5378510378510378,0.3326447010040283
4,C2-C4,fbar_var,47,1,6553,1639,0.7846243187706603,0.3033733367919922
4,C2-C4,fbar_var,47,2,6553,1639,0.7968239077995176,0.3035154342651367
4,C2-C4,fbar_var,47,3,6554,1638,0.7728937728937728,0.296095609664917
4,C2-C4,fbar_var,47,4,6554,1638,0.7680097680097681,0.30426454544067383
4,C2-C4,fbar_var,47,5,6554,1638,0.7863247863247863,0.31499719619750977
4,C3-C4,fbar_var,47,1,6553,1639,0.8126902230560766,0.3030269145965576
4,C3-C4,fbar_var,47,2,6553,1639,0.8291543822031626,0.2981758117675781
4,C3-C4,fbar_var,47,3,6554,1638,0.8168498168498168,0.2982594966888428
4,C3-C4,fbar_var,47,4,6554,1638,0.8137973137973138,0.3020360469818115
4,C3-C4,fbar_var,47,5,6554,1638,0.8174603174603174,0.3042325973510742
4,C4-rest,fbar_var,47,1,13107,3277,0.7704689081824965,0.42227816581726074
4,C4-rest,fbar_var,47,2,13107,3277,0.7606991598041232,0.3997499942779541
4,C4-rest,fbar_var,47,3,13107,3277,0.7649751478067182,0.41146326065063477
4,C4-rest,fbar_var,47,4,13107,3277,0.7715002928417563,0.40553832054138184
4,C4-rest,fbar_var,47,5,13108,3276,0.7763532763532763,0.4208033084869385
4,4class,fbar_var,47,1,13107,3277,0.40924461717144645,0.4812743663787842
4,4class,fbar_var,47,2,13107,3277,0.4147514071294559,0.48179078102111816
4,4class,fbar_var,47,3,13107,3277,0.4028254266059144,0.5064048767089844
4,4class,fbar_var,47,4,13107,3277,0.41828039846332526,0.4775073528289795
4,4class,fbar_var,47,5,13108,3276,0.40506715506715507,0.5061595439910889
4,C1-C2,fbar,48,1,6553,1639,0.5039585753000387,0.35579919815063477
4,C1-C2,fbar,48,2,6553,1639,0.5118950832365466,0.35196590423583984
4,C1-C2,fbar,48,3,6554,1638,0.5079365079365079,0.3571453094482422
4,C1-C2,fbar,48,4,6554,1638,0.5079365079365079,0.36197352409362793
4,C1-C2,fbar,48,5,6554,1638,0.5134310134310134,0.3800945281982422
4,C1-C3,fbar,48,1,6553,1639,0.5210384466482028,0.35233354568481445
4,C1-C3,fbar,48,2,6553,1639,0.5143348521397302,0.3382453918457031
4,C1-C3,fbar,48,3,6554,1638,0.510989010989011,0.33994460105895996
4,C1-C3,fbar,48,4,6554,1638,0.5091575091575091,0.3612332344055176
4,C1-C3,fbar,48,5,6554,1638,0.5244200244200244,0.3627023696899414
4,C1-C4,fbar,48,1,6553,1639,0.5973070966973406,0.33330202102661133
4,C1-C4,fbar,48,2,6553,1639,0.6284210369576224,0.33458471298217773
4,C1-C4,fbar,48,3,6554,1638,0.6202686202686203,0.34018421173095703
4,C1-C4,fbar,48,4,6554,1638,0.6275946275946276,0.32139086723327637
4,C1-C4,fbar,48,5,6554,1638,0.6233211233211233,0.321260929107666
4,C2-C3,fbar,48,1,6553,1639,0.47772417284612406,0.3658633232116699
4,C2-C3,fbar,48,2,6553,1639,0.4923784210369576,0.39854979515075684
4,C2-C3,fbar,48,3,6554,1638,0.4896214896214896,0.38173651695251465
4,C2-C3,fbar,48,4,6554,1638,0.5061050061050061,0.38045763969421387
4,C2-C3,fbar,48,5,6554,1638,0.5164835164835164,0.4096543788909912
4,C2-C4,fbar,48,1,6553,1639,0.6644137705113314,0.3166344165802002
4,C2-C4,fbar,48,2,6553,1639,0.6430611394026029,0.35091662406921387
4,C2-C4,fbar,48,3,6554,1638,0.6465201465201466,0.3137054443359375
4,C2-C4,fbar,48,4,6554,1638,0.6349206349206349,0.31166839599609375
4,C2-C4,fbar,48,5,6554,1638,0.667887667887668,0.316692590713501
4,C3-C4,fbar,48,1,6553,1639,0.6564921528336163,0.3118150234222412
4,C3-C4,fbar,48,2,6553,1639,0.6723473003960809,0.31133341789245605
4,C3-C4,fbar,48,3,6554,1638,0.6538461538461539,0.33127784729003906
4,C3-C4,fbar,48,4,6554,1638,0.6587301587301587,0.3168179988861084
4,C3-C4,fbar,48,5,6554,1638,0.6452991452991452,0.32553625106811523
4,C4-rest,fbar,48,1,13107,3277,0.6260047926036534,0.45691919326782227
4,C4-rest,fbar,48,2,13107,3277,0.6337378831276309,0.450244665145874
4,C4-rest,fbar,48,3,13107,3277,0.620305379459163,0.4607856273651123
4,C4-rest,fbar,48,4,13107,3277,0.6240691106544765,0.4595046043395996
4,C4-rest,fbar,48,5,13108,3276,0.6280016280016281,0.486630916595459
4,4class,fbar,48,1,13107,3277,0.30944228535691953,0.519296407699585
4,4class,fbar,48,2,13107,3277,0.3286656094582924,0.5510704517364502
4,4class,fbar,48,3,13107,3277,0.3350747490991393,0.5193037986755371
4,4class,fbar,48,4,13107,3277,0.3185450728133655,0.5417962074279785
4,4class,fbar,48,5,13108,3276,0.31959706959706957,0.5366356372833252
4,C1-C2,fbar_var,48,1,6553,1639,0.5082216563923881,0.3519315719604492
4,C1-C2,fbar_var,48,2,6553,1639,0.5167984454569821,0.33171582221984863
4,C1-C2,fbar_var,48,3,6554,1638,0.5256410256410257,0.3370039463043213
4,C1-C2,fbar_var,48,4,6554,1638,0.5341880341880343,0.344027042388916
4,C1-C2,fbar_var,48,5,6554,1638,0.5384615384615384,0.3388650417327881
4,C1-C3,fbar_var,48,1,6553,1639,0.5131205515351858,0.33373212814331055
4,C1-C3,fbar_var,48,2,6553,1639,0.5320438369218857,0.3505086898803711
4,C1-C3,fbar_var,48,3,6554,1638,0.5293040293040293,0.34014439582824707
4,C1-C3,fbar_var,48,4,6554,1638,0.5598290598290598,0.3612186908721924
4,C1-C3,fbar_var,48,5,6554,1638,0.5463980463980465,0.3514535427093506
4,C1-C4,fbar_var,48,1,6553,1639,0.8023087346258078,0.30123281478881836
4,C1-C4,fbar_var,48,2,6553,1639,0.803546115131481,0.296694278717041
4,C1-C4,fbar_var,48,3,6554,1638,0.7899877899877901,0.3060264587402344
4,C1-C4,fbar_var,48,4,6554,1638,0.7857142857142857,0.3022165298461914
4,C1-C4,fbar_var,48,5,6554,1638,0.7942612942612943,0.30321240425109863
4,C2-C3,fbar_var,48,1,6553,1639,0.5240939277524643,0.32935595512390137
4,C2-C3,fbar_var,48,2,6553,1639,0.529578010065815,0.3180556297302246
4,C2-C3,fbar_var,48,3,6554,1638,0.5335775335775336,0.3302881717681885
4,C2-C3,fbar_var,48,4,6554,1638,0.5213675213675213,0.3523373603820801
4,C2-C3,fbar_var,48,5,6554,1638,0.4993894993894994,0.32817530632019043
4,C2-C4,fbar_var,48,1,6553,1639,0.7803433693677596,0.2972273826599121
4,C2-C4,fbar_var,48,2,6553,1639,0.7791275797373358,0.3032717704772949
4,C2-C4,fbar_var,48,3,6554,1638,0.7863247863247864,0.3014523983001709
4,C2-C4,fbar_var,48,4,6554,1638,0.7747252747252746,0.31255578994750977
4,C2-C4,fbar_var,48,5,6554,1638,0.782051282051282,0.3238863945007324
4,C3-C4,fbar_var,48,1,6553,1639,0.8285431370797225,0.3044869899749756
4,C3-C4,fbar_var,48,2,6553,1639,0.810854254146937,0.3000924587249756
4,C3-C4,fbar_var,48,3,6554,1638,0.8174603174603174,0.31217169761657715
4,C3-C4,fbar_var,48,4,6554,1638,0.8113553113553114,0.303774356842041
4,C3-C4,fbar_var,48,5,6554,1638,0.8229548229548229,0.29305505752563477
4,C4-rest,fbar_var,48,1,13107,3277,0.7639570672524294,0.4225432872772217
4,C4-rest,fbar_var,48,2,13107,3277,0.7749426010207133,0.4102041721343994
4,C4-rest,fbar_var,48,3,13107,3277,0.7670080800674779,0.41059064865112305
4,C4-rest,fbar_var,48,4,13107,3277,0.7666162879577514,0.39914703369140625
4,C4-rest,fbar_var,48,5,13108,3276,0.7657712657712659,0.41166043281555176
4,4class,fbar_var,48,1,13107,3277,0.41138360284701747,0.4915180206298828
4,4class,fbar_var,48,2,13107,3277,0.4080303165669019,0.49018383026123047
4,4class,fbar_var,48,3,13107,3277,0.4025250156347717,0.46743321418762207
4,4class,fbar_var,48,4,13107,3277,0.41310417225051377,0.5004923343658447
4,4class,fbar_var,48,5,13108,3276,0.41178266178266176,0.4757838249206543
4,C1-C2,fbar,49,1,6553,1639,0.5033637094612704,0.36932373046875
4,C1-C2,fbar,49,2,6553,1639,0.5277606539801662,0.3534724712371826
4,C1-C2,fbar,49,3,6554,1638,0.4938949938949939,0.3531374931335449
4,C1-C2,fbar,49,4,6554,1638,0.5207570207570207,0.3433411121368408
4,C1-C2,fbar,49,5,6554,1638,0.4920634920634921,0.33943867683410645
4,C1-C3,fbar,49,1,6553,1639,0.5088485362875607,0.351299524307251
4,C1-C3,fbar,49,2,6553,1639,0.5277606539801662,0.34116363525390625
4,C1-C3,fbar,49,3,6554,1638,0.5067155067155067,0.3589653968811035
4,C1-C3,fbar,49,4,6554,1638,0.5317460317460317,0.36227846145629883
4,C1-C3,fbar,49,5,6554,1638,0.4719169719169719,0.33205318450927734
4,C1-C4,fbar,49,1,6553,1639,0.6174402156109473,0.33157777786254883
4,C1-C4,fbar,49,2,6553,1639,0.608913308913309,0.33212852478027344
4,C1-C4,fbar,49,3,6554,1638,0.6135531135531136,0.33067893981933594
4,C1-C4,fbar,49,4,6554,1638,0.6147741147741148,0.32187318801879883
4,C1-C4,fbar,49,5,6554,1638,0.6001221001221002,0.3132755756378174
4,C2-C3,fbar,49,1,6553,1639,0.49115593079007713,0.38742542266845703
4,C2-C3,fbar,49,2,6553,1639,0.5247096399535425,0.45192575454711914
4,C2-C3,fbar,49,3,6554,1638,0.5158730158730158,0.3843238353729248
4,C2-C3,fbar,49,4,6554,1638,0.510989010989011,0.397169828414917
4,C2-C3,fbar,49,5,6554,1638,0.5219780219780219,0.38433146476745605
4,C2-C4,fbar,49,1,6553,1639,0.6491825247922809,0.31499505043029785
4,C2-C4,fbar,49,2,6553,1639,0.664435361386581,0.33582115173339844
4,C2-C4,fbar,49,3,6554,1638,0.6532356532356532,0.329998254776001
4,C2-C4,fbar,49,4,6554,1638,0.6459096459096458,0.3403165340423584
4,C2-C4,fbar,49,5,6554,1638,0.6648351648351648,0.32659101486206055
4,C3-C4,fbar,49,1,6553,1639,0.6491668900205485,0.3221604824066162
4,C3-C4,fbar,49,2,6553,1639,0.6589393668661961,0.3163754940032959
4,C3-C4,fbar,49,3,6554,1638,0.6666666666666666,0.3404834270477295
4,C3-C4,fbar,49,4,6554,1638,0.6654456654456654,0.31786680221557617
4,C3-C4,fbar,49,5,6554,1638,0.6691086691086692,0.3127613067626953
4,C4-rest,fbar,49,1,13107,3277,0.6310914697814617,0.4773902893066406
4,C4-rest,fbar,49,2,13107,3277,0.6441136614041415,0.45090270042419434
4,C4-rest,fbar,49,3,13107,3277,0.6414677448037903,0.4516596794128418
4,C4-rest,fbar,49,4,13107,3277,0.6185798167505484,0.4450492858886719
4,C4-rest,fbar,49,5,13108,3276,0.6328856328856329,0.45018434524536133
4,4class,fbar,49,1,13107,3277,0.3192099228684595,0.5207521915435791
4,4class,fbar,49,2,13107,3277,0.32560901158462136,0.5378701686859131
4,4class,fbar,49,3,13107,3277,0.3094400518181006,0.5405635833740234
4,4class,fbar,49,4,13107,3277,0.32678459751630484,0.5184473991394043
4,4class,fbar,49,5,13108,3276,0.31837606837606836,0.525792121887207
4,C1-C2,fbar_var,49,1,6553,1639,0.5460518478811162,0.3695974349975586
4,C1-C2,fbar_var,49,2,6553,1639,0.5192292802048899,0.33513498306274414
4,C1-C2,fbar_var,49,3,6554,1638,0.525030525030525,0.3226139545440674
4,C1-C2,fbar_var,49,4,6554,1638,0.5525030525030525,0.31902384757995605
4,C1-C2,fbar_var,49,5,6554,1638,0.5085470085470085,0.33951902389526367
4,C1-C3,fbar_var,49,1,6553,1639,0.5515582655826559,0.33397841453552246
4,C1-C3,fbar_var,49,2,6553,1639,0.5283748771553649,0.34100937843322754
4,C1-C3,fbar_var,49,3,6554,1638,0.518925518925519,0.33709001541137695
4,C1-C3,fbar_var,49,4,6554,1638,0.5500610500610501,0.3410909175872803
4,C1-C3,fbar_var,49,5,6554,1638,0.5195360195360195,0.328502893447876
4,C1-C4,fbar_var,49,1,6553,1639,0.7998704547485036,0.3039267063140869
4,C1-C4,fbar_var,49,2,6553,1639,0.8029326364692219,0.3026270866394043
4,C1-C4,fbar_var,49,3,6554,1638,0.8058608058608059,0.30184125900268555
4,C1-C4,fbar_var,49,4,6554,1638,0.7802197802197802,0.31209778785705566
4,C1-C4,fbar_var,49,5,6554,1638,0.8046398046398047,0.3052554130554199
4,C2-C3,fbar_var,49,1,6553,1639,0.5271486643437864,0.3409230709075928
4,C2-C3,fbar_var,49,2,6553,1639,0.5326468924029899,0.35122179985046387
4,C2-C3,fbar_var,49,3,6554,1638,0.5164835164835164,0.3349940776824951
4,C2-C3,fbar_var,49,4,6554,1638,0.5256410256410257,0.352719783782959
4,C2-C3,fbar_var,49,5,6554,1638,0.5311355311355311,0.34395837783813477
4,C2-C4,fbar_var,49,1,6553,1639,0.7797351022960779,0.31383466720581055
4,C2-C4,fbar_var,49,2,6553,1639,0.7797343577831383,0.3022654056549072
4,C2-C4,fbar_var,49,3,6554,1638,0.7960927960927962,0.3052396774291992
4,C2-C4,fbar_var,49,4,6554,1638,0.7826617826617827,0.3095121383666992
4,C2-C4,fbar_var,49,5,6554,1638,0.782051282051282,0.3020787239074707
4,C3-C4,fbar_var,49,1,6553,1639,0.8199991065844725,0.30252909660339355
4,C3-C4,fbar_var,49,2,6553,1639,0.8126865004913786,0.3027937412261963
4,C3-C4,fbar_var,49,3,6554,1638,0.8406593406593407,0.3012726306915283
4,C3-C4,fbar_var,49,4,6554,1638,0.8131868131868132,0.311443567276001
4,C3-C4,fbar_var,49,5,6554,1638,0.8125763125763126,0.3017921447753906
4,C4-rest,fbar_var,49,1,13107,3277,0.7649729124505364,0.4020407199859619
4,C4-rest,fbar_var,49,2,13107,3277,0.7686364128593584,0.4235045909881592
4,C4-rest,fbar_var,49,3,13107,3277,0.7682300747801154,0.40361690521240234
4,C4-rest,fbar_var,49,4,13107,3277,0.7700705798266774,0.3910088539123535
4,C4-rest,fbar_var,49,5,13108,3276,0.7706552706552707,0.41233038902282715
4,4class,fbar_var,49,1,13107,3277,0.4095487507072873,0.4932093620300293
4,4class,fbar_var,49,2,13107,3277,0.3970454003990589,0.4829390048980713
4,4class,fbar_var,49,3,13107,3277,0.4119851693022425,0.4953124523162842
4,4class,fbar_var,49,4,13107,3277,0.4106457905238393,0.469102144241333
4,4class,fbar_var,49,5,13108,3276,0.40506715506715507,0.494596004486084
4,C1-C2,fbar,50,1,6553,1639,0.5137280740939277,0.37595534324645996
4,C1-C2,fbar,50,2,6553,1639,0.511894338723607,0.3540647029876709
4,C1-C2,fbar,50,3,6554,1638,0.5207570207570208,0.35851311683654785
4,C1-C2,fbar,50,4,6554,1638,0.5286935286935287,0.35323119163513184
4,C1-C2,fbar,50,5,6554,1638,0.5268620268620269,0.35019755363464355
4,C1-C3,fbar,50,1,6553,1639,0.4978461240656363,0.3644130229949951
4,C1-C3,fbar,50,2,6553,1639,0.5137236070162899,0.3368549346923828
4,C1-C3,fbar,50,3,6554,1638,0.5299145299145299,0.3511536121368408
4,C1-C3,fbar,50,4,6554,1638,0.5146520146520146,0.3526320457458496
4,C1-C3,fbar,50,5,6554,1638,0.5146520146520146,0.3694491386413574
4,C1-C4,fbar,50,1,6553,1639,0.6131808570832962,0.3374471664428711
4,C1-C4,fbar,50,2,6553,1639,0.6394122814854521,0.33252954483032227
4,C1-C4,fbar,50,3,6554,1638,0.5934065934065934,0.33036303520202637
4,C1-C4,fbar,50,4,6554,1638,0.6031746031746033,0.3212316036224365
4,C1-C4,fbar,50,5,6554,1638,0.6190476190476191,0.3309307098388672
4,C2-C3,fbar,50,1,6553,1639,0.504575776526996,0.40129733085632324
4,C2-C3,fbar,50,2,6553,1639,0.505801244825635,0.3987905979156494
4,C2-C3,fbar,50,3,6554,1638,0.49694749694749696,0.4188234806060791
4,C2-C3,fbar,50,4,6554,1638,0.4810744810744811,0.44272828102111816
4,C2-C3,fbar,50,5,6554,1638,0.4914529914529915,0.4177525043487549
4,C2-C4,fbar,50,1,6553,1639,0.6418490723368773,0.32671427726745605
4,C2-C4,fbar,50,2,6553,1639,0.6583221656392388,0.31750988960266113
4,C2-C4,fbar,50,3,6554,1638,0.63003663003663,0.3111870288848877
4,C2-C4,fbar,50,4,6554,1638,0.6459096459096458,0.3189809322357178
4,C2-C4,fbar,50,5,6554,1638,0.6324786324786325,0.3215830326080322
4,C3-C4,fbar,50,1,6553,1639,0.6589378778403169,0.32361340522766113
4,C3-C4,fbar,50,2,6553,1639,0.6436708955001638,0.3203775882720947
4,C3-C4,fbar,50,3,6554,1638,0.6544566544566545,0.34134650230407715
4,C3-C4,fbar,50,4,6554,1638,0.6459096459096458,0.3119394779205322
4,C3-C4,fbar,50,5,6554,1638,0.6434676434676434,0.3215055465698242
4,C4-rest,fbar,50,1,13107,3277,0.6498140680402682,0.44837284088134766
4,C4-rest,fbar,50,2,13107,3277,0.626816723643412,0.4515070915222168
4,C4-rest,fbar,50,3,13107,3277,0.6286504608310955,0.4712686538696289
4,C4-rest,fbar,50,4,13107,3277,0.6332273643249253,0.4877049922943115
4,C4-rest,fbar,50,5,13108,3276,0.6424501424501424,0.47246527671813965
4,4class,fbar,50,1,13107,3277,0.3247025670806159,0.5341825485229492
4,4class,fbar,50,2,13107,3277,0.31951182286548135,0.5384118556976318
4,4class,fbar,50,3,13107,3277,0.3311076119002948,0.5440084934234619
4,4class,fbar,50,4,13107,3277,0.32586102921468774,0.5095946788787842
4,4class,fbar,50,5,13108,3276,0.3162393162393162,0.5257713794708252
4,C1-C2,fbar_var,50,1,6553,1639,0.5399565204443253,0.3635852336883545
4,C1-C2,fbar_var,50,2,6553,1639,0.5253298192322582,0.33287620544433594
4,C1-C2,fbar_var,50,3,6554,1638,0.5463980463980465,0.3392961025238037
4,C1-C2,fbar_var,50,4,6554,1638,0.5152625152625152,0.36188554763793945
4,C1-C2,fbar_var,50,5,6554,1638,0.5427350427350427,0.3328087329864502
4,C1-C3,fbar_var,50,1,6553,1639,0.5301967003186516,0.34914660453796387
4,C1-C3,fbar_var,50,2,6553,1639,0.5186098454391137,0.3483436107635498
4,C1-C3,fbar_var,50,3,6554,1638,0.5262515262515263,0.33151912689208984
4,C1-C3,fbar_var,50,4,6554,1638,0.5189255189255189,0.3467214107513428
4,C1-C3,fbar_var,50,5,6554,1638,0.5341880341880343,0.33870458602905273
4,C1-C4,fbar_var,50,1,6553,1639,0.7815710712052175,0.3009500503540039
4,C1-C4,fbar_var,50,2,6553,1639,0.7956006730396974,0.30318522453308105
4,C1-C4,fbar_var,50,3,6554,1638,0.8034188034188035,0.3012211322784424
4,C1-C4,fbar_var,50,4,6554,1638,0.7942612942612942,0.30149126052856445
4,C1-C4,fbar_var,50,5,6554,1638,0.7930402930402931,0.3061854839324951
4,C2-C3,fbar_var,50,1,6553,1639,0.5332536704487925,0.35140204429626465
4,C2-C3,fbar_var,50,2,6553,1639,0.5320445814348254,0.3318750858306885
4,C2-C3,fbar_var,50,3,6554,1638,0.5219780219780219,0.35064125061035156
4,C2-C3,fbar_var,50,4,6554,1638,0.5384615384615384,0.3514895439147949
4,C2-C3,fbar_var,50,5,6554,1638,0.5115995115995116,0.3387272357940674
4,C2-C4,fbar_var,50,1,6553,1639,0.7785208016915335,0.30147647857666016
4,C2-C4,fbar_var,50,2,6553,1639,0.7913271687661931,0.3038063049316406
4,C2-C4,fbar_var,50,3,6554,1638,0.7826617826617827,0.30167174339294434
4,C2-C4,fbar_var,50,4,6554,1638,0.7912087912087913,0.30165934562683105
4,C2-C4,fbar_var,50,5,6554,1638,0.7985347985347986,0.3022043704986572
4,C3-C4,fbar_var,50,1,6553,1639,0.8157360254921231,0.3127005100250244
4,C3-C4,fbar_var,50,2,6553,1639,0.8212342535513266,0.30303120613098145
4,C3-C4,fbar_var,50,3,6554,1638,0.8192918192918193,0.3134651184082031
4,C3-C4,fbar_var,50,4,6554,1638,0.8125763125763126,0.31345391273498535
4,C3-C4,fbar_var,50,5,6554,1638,0.8272283272283272,0.29553818702697754
4,C4-rest,fbar_var,50,1,13107,3277,0.7639568188795203,0.4007108211517334
4,C4-rest,fbar_var,50,2,13107,3277,0.7543937167614954,0.411022424697876
4,C4-rest,fbar_var,50,3,13107,3277,0.7720950056181952,0.4019758701324463
4,C4-rest,fbar_var,50,4,13107,3277,0.7918220217000704,0.4101531505584717
4,C4-rest,fbar_var,50,5,13108,3276,0.7678062678062678,0.42214226722717285
4,4class,fbar_var,50,1,13107,3277,0.41687810834152295,0.47083568572998047
4,4class,fbar_var,50,2,13107,3277,0.4095532177849251,0.4958915710449219
4,4class,fbar_var,50,3,13107,3277,0.4287713302957205,0.4944772720336914
4,4class,fbar_var,50,4,13107,3277,0.4130918877870097,0.4714376926422119
4,4class,fbar_var,50,5,13108,3276,0.42094017094017094,0.5139286518096924
4,C1-C2,fbar,51,1,6553,1639,0.5051780874951607,0.3801610469818115
4,C1-C2,fbar,51,2,6553,1639,0.5076245570148009,0.3508906364440918
4,C1-C2,fbar,51,3,6554,1638,0.5177045177045176,0.36393284797668457
4,C1-C2,fbar,51,4,6554,1638,0.503052503052503,0.3643147945404053
4,C1-C2,fbar,51,5,6554,1638,0.5213675213675213,0.36013031005859375
4,C1-C3,fbar,51,1,6553,1639,0.5125085618988058,0.35167956352233887
4,C1-C3,fbar,51,2,6553,1639,0.5106889722743382,0.3619847297668457
4,C1-C3,fbar,51,3,6554,1638,0.5201465201465201,0.35771608352661133
4,C1-C3,fbar,51,4,6554,1638,0.49755799755799757,0.36025261878967285
4,C1-C3,fbar,51,5,6554,1638,0.5073260073260073,0.3601555824279785
4,C1-C4,fbar,51,1,6553,1639,0.6113463772000357,0.3220493793487549
4,C1-C4,fbar,51,2,6553,1639,0.6174498942791626,0.32207822799682617
4,C1-C4,fbar,51,3,6554,1638,0.6068376068376068,0.331104040145874
4,C1-C4,fbar,51,4,6554,1638,0.6111111111111112,0.33368921279907227
4,C1-C4,fbar,51,5,6554,1638,0.6068376068376069,0.3212611675262451
4,C2-C3,fbar,51,1,6553,1639,0.48809449358229845,0.3907010555267334
4,C2-C3,fbar,51,2,6553,1639,0.49603397957056494,0.3888390064239502
4,C2-C3,fbar,51,3,6554,1638,0.5244200244200244,0.36504197120666504
4,C2-C3,fbar,51,4,6554,1638,0.5036630036630036,0.4002039432525635
4,C2-C3,fbar,51,5,6554,1638,0.49694749694749696,0.40177488327026367
4,C2-C4,fbar,51,1,6553,1639,0.6723636796807528,0.3228721618652344
4,C2-C4,fbar,51,2,6553,1639,0.6326945412311267,0.3235597610473633
4,C2-C4,fbar,51,3,6554,1638,0.6526251526251525,0.32906389236450195
4,C2-C4,fbar,51,4,6554,1638,0.6459096459096458,0.32211804389953613
4,C2-C4,fbar,51,5,6554,1638,0.6330891330891331,0.3136110305786133
4,C3-C4,fbar,51,1,6553,1639,0.6711367223562346,0.3218882083892822
4,C3-C4,fbar,51,2,6553,1639,0.6479645016230382,0.32479405403137207
4,C3-C4,fbar,51,3,6554,1638,0.648962148962149,0.3312492370605469
4,C3-C4,fbar,51,4,6554,1638,0.6562881562881563,0.3194422721862793
4,C3-C4,fbar,51,5,6554,1638,0.6630036630036631,0.3221125602722168
4,C4-rest,fbar,51,1,13107,3277,0.6353624903258752,0.46880054473876953
4,C4-rest,fbar,51,2,13107,3277,0.6496066766611925,0.47628355026245117
4,C4-rest,fbar,51,3,13107,3277,0.6280389667289585,0.450960636138916
4,C4-rest,fbar,51,4,13107,3277,0.6287503598479208,0.4609847068786621
4,C4-rest,fbar,51,5,13108,3276,0.6436711436711436,0.47157716751098633
4,4class,fbar,51,1,13107,3277,0.317685532624557,0.515988826751709
4,4class,fbar,51,2,13107,3277,0.31340607224753564,0.5064160823822021
4,4class,fbar,51,3,13107,3277,0.31310231096816465,0.5287573337554932
4,4class,fbar,51,4,13107,3277,0.31518136335209507,0.5205316543579102
4,4class,fbar,51,5,13108,3276,0.3302808302808303,0.5448868274688721
4,C1-C2,fbar_var,51,1,6553,1639,0.5314095118973168,0.35462522506713867
4,C1-C2,fbar_var,51,2,6553,1639,0.530210101551565,0.34058070182800293
4,C1-C2,fbar_var,51,3,6554,1638,0.5360195360195361,0.37537693977355957
4,C1-C2,fbar_var,51,4,6554,1638,0.5396825396825398,0.34786462783813477
4,C1-C2,fbar_var,51,5,6554,1638,0.5268620268620269,0.33588218688964844
4,C1-C3,fbar_var,51,1,6553,1639,0.5082328240864826,0.3300917148590088
4,C1-C3,fbar_var,51,2,6553,1639,0.5210674826528485,0.3448970317840576
4,C1-C3,fbar_var,51,3,6554,1638,0.5366300366300367,0.3394031524658203
4,C1-C3,fbar_var,51,4,6554,1638,0.5152625152625152,0.35958242416381836
4,C1-C3,fbar_var,51,5,6554,1638,0.5256410256410257,0.3183608055114746
4,C1-C4,fbar_var,51,1,6553,1639,0.8102422645105571,0.3105475902557373
4,C1-C4,fbar_var,51,2,6553,1639,0.8053783614759225,0.2978377342224121
4,C1-C4,fbar_var,51,3,6554,1638,0.7851037851037851,0.30307698249816895
4,C1-C4,fbar_var,51,4,6554,1638,0.8003663003663004,0.3037109375
4,C1-C4,fbar_var,51,5,6554,1638,0.8034188034188035,0.30197644233703613
4,C2-C3,fbar_var,51,1,6553,1639,0.5259351082521815,0.33885765075683594
4,C2-C3,fbar_var,51,2,6553,1639,0.5118995503141844,0.3560214042663574
4,C2-C3,fbar_var,51,3,6554,1638,0.5299145299145299,0.3529641628265381
4,C2-C3,fbar_var,51,4,6554,1638,0.5085470085470085,0.35068559646606445
4,C2-C3,fbar_var,51,5,6554,1638,0.5262515262515262,0.33173155784606934
4,C2-C4,fbar_var,51,1,6553,1639,0.7827883498615207,0.3044435977935791
4,C2-C4,fbar_var,51,2,6553,1639,0.7968402870841895,0.30318737030029297
4,C2-C4,fbar_var,51,3,6554,1638,0.7802197802197802,0.31072139739990234
4,C2-C4,fbar_var,51,4,6554,1638,0.7887667887667889,0.31114959716796875
4,C2-C4,fbar_var,51,5,6554,1638,0.8003663003663004,0.3026754856109619
4,C3-C4,fbar_var,51,1,6553,1639,0.8224463206170523,0.314316987991333
4,C3-C4,fbar_var,51,2,6553,1639,0.8230612883051907,0.3130621910095215
4,C3-C4,fbar_var,51,3,6554,1638,0.8046398046398047,0.30034780502319336
4,C3-C4,fbar_var,51,4,6554,1638,0.8296703296703296,0.30212974548339844
4,C3-C4,fbar_var,51,5,6554,1638,0.8357753357753357,0.30359697341918945
4,C4-rest,fbar_var,51,1,13107,3277,0.7729101655057717,0.4186112880706787
4,C4-rest,fbar_var,51,2,13107,3277,0.7820661844258263,0.4037010669708252
4,C4-rest,fbar_var,51,3,13107,3277,0.7784059128648226,0.39043307304382324
4,C4-rest,fbar_var,51,4,13107,3277,0.7804401560499121,0.42129039764404297
4,C4-rest,fbar_var,51,5,13108,3276,0.7745217745217745,0.42302632331848145
4,4class,fbar_var,51,1,13107,3277,0.4049740909497007,0.472609281539917
4,4class,fbar_var,51,2,13107,3277,0.4025339497900473,0.48369860649108887
4,4class,fbar_var,51,3,13107,3277,0.4061898805801245,0.5214207172393799
4,4class,fbar_var,51,4,13107,3277,0.39813871765091274,0.4703490734100342
4,4class,fbar_var,51,5,13108,3276,0.40201465201465203,0.5043025016784668
16,C1-C2,fbar,42,1,1638,410,0.5560975609756098,0.2910773754119873
16,C1-C2,fbar,42,2,1638,410,0.5414634146341464,0.26591038703918457
16,C1-C2,fbar,42,3,1638,410,0.5756097560975609,0.267225980758667
16,C1-C2,fbar,42,4,1639,409,0.5550215208034434,0.2617158889770508
16,C1-C2,fbar,42,5,1639,409,0.5280966044954567,0.26546502113342285
16,C1-C3,fbar,42,1,1638,410,0.5487804878048781,0.2559397220611572
16,C1-C3,fbar,42,2,1638,410,0.5170731707317073,0.26577067375183105
16,C1-C3,fbar,42,3,1638,410,0.5170731707317073,0.29579973220825195
16,C1-C3,fbar,42,4,1639,409,0.5428622668579627,0.26863670349121094
16,C1-C3,fbar,42,5,1639,409,0.5721903395504544,0.2643251419067383
16,C1-C4,fbar,42,1,1638,410,0.7609756097560976,0.25214147567749023
16,C1-C4,fbar,42,2,1638,410,0.7804878048780488,0.2523155212402344
16,C1-C4,fbar,42,3,1638,410,0.748780487804878,0.25521111488342285
16,C1-C4,fbar,42,4,1639,409,0.7628885700621713,0.2709648609161377
16,C1-C4,fbar,42,5,1639,409,0.7603538976566236,0.24511981010437012
16,C2-C3,fbar,42,1,1638,410,0.5097560975609756,0.26476192474365234
16,C2-C3,fbar,42,2,1638,410,0.5146341463414634,0.267472505569458
16,C2-C3,fbar,42,3,1638,410,0.5170731707317073,0.26845574378967285
16,C2-C3,fbar,42,4,1639,409,0.4620755619320899,0.26528239250183105
16,C2-C3,fbar,42,5,1639,409,0.5061334289813486,0.2636754512786865
16,C2-C4,fbar,42,1,1638,410,0.824390243902439,0.2554011344909668
16,C2-C4,fbar,42,2,1638,410,0.8292682926829269,0.2575082778930664
16,C2-C4,fbar,42,3,1638,410,0.8414634146341463,0.2414073944091797
16,C2-C4,fbar,42,4,1639,409,0.7994858919177428,0.24886488914489746
16,C2-C4,fbar,42,5,1639,409,0.8166307986609278,0.24619436264038086
16,C3-C4,fbar,42,1,1638,410,0.8560975609756097,0.24898433685302734
16,C3-C4,fbar,42,2,1638,410,0.8219512195121952,0.25998425483703613
16,C3-C4,fbar,42,3,1638,410,0.8439024390243902,0.2662534713745117
16,C3-C4,fbar,42,4,1639,409,0.8215447154471545,0.2583897113800049
16,C3-C4,fbar,42,5,1639,409,0.8141439502630321,0.2409977912902832
16,C4-rest,fbar,42,1,3276,820,0.791869918699187,0.2723069190979004
16,C4-rest,fbar,42,2,3277,819,0.8025466284074605,0.2667720317840576
16,C4-rest,fbar,42,3,3277,819,0.8178160006355764,0.27950453758239746
16,C4-rest,fbar,42,4,3277,819,0.8080479860173194,0.27289628982543945
16,C4-rest,fbar,42,5,3277,819,0.7779653610868356,0.27544283866882324
16,4class,fbar,42,1,3276,820,0.39878048780487807,0.2801635265350342
16,4class,fbar,42,2,3277,819,0.40693448110951697,0.2868919372558594
16,4class,fbar,42,3,3277,819,0.41756336681013867,0.28451967239379883
16,4class,fbar,42,4,3277,819,0.4137972262075562,0.28306031227111816
16,4class,fbar,42,5,3277,819,0.4199067431850789,0.27675294876098633
16,C1-C2,fbar_var,42,1,1638,410,0.6048780487804878,0.2676815986633301
16,C1-C2,fbar_var,42,2,1638,410,0.6317073170731707,0.26805543899536133
16,C1-C2,fbar_var,42,3,1638,410,0.6292682926829267,0.2763028144836426
16,C1-C2,fbar_var,42,4,1639,409,0.6186394069823051,0.268937349319458
16,C1-C2,fbar_var,42,5,1639,409,0.6502989000478241,0.25603485107421875
16,C1-C3,fbar_var,42,1,1638,410,0.6317073170731707,0.2772035598754883
16,C1-C3,fbar_var,42,2,1638,410,0.6,0.2689352035522461
16,C1-C3,fbar_var,42,3,1638,410,0.5829268292682928,0.26373291015625
16,C1-C3,fbar_var,42,4,1639,409,0.5404471544715448,0.2561967372894287
16,C1-C3,fbar_var,42,5,1639,409,0.5868364418938307,0.26455140113830566
16,C1-C4,fbar_var,42,1,1638,410,0.9658536585365853,0.25853753089904785
16,C1-C4,fbar_var,42,2,1638,410,0.9634146341463414,0.2625741958618164
16,C1-C4,fbar_var,42,3,1638,410,0.9585365853658536,0.27597546577453613
16,C1-C4,fbar_var,42,4,1639,409,0.9535270205643233,0.24786806106567383
16,C1-C4,fbar_var,42,5,1639,409,0.9462099473935915,0.2456352710723877
16,C2-C3,fbar_var,42,1,1638,410,0.5975609756097561,0.26720404624938965
16,C2-C3,fbar_var,42,2,1638,410,0.6048780487804878,0.2557551860809326
16,C2-C3,fbar_var,42,3,1638,410,0.5682926829268293,0.2655048370361328
16,C2-C3,fbar_var,42,4,1639,409,0.5648613103778097,0.26835060119628906
16,C2-C3,fbar_var,42,5,1639,409,0.5892635102821616,0.2562563419342041
16,C2-C4,fbar_var,42,1,1638,410,0.926829268292683,0.25367116928100586
16,C2-C4,fbar_var,42,2,1638,410,0.9341463414634146,0.24469327926635742
16,C2-C4,fbar_var,42,3,1638,410,0.9560975609756097,0.24247264862060547
16,C2-C4,fbar_var,42,4,1639,409,0.9265662362505978,0.244309663772583
16,C2-C4,fbar_var,42,5,1639,409,0.9266738402678145,0.2437736988067627
16,C3-C4,fbar_var,42,1,1638,410,0.973170731707317,0.24144673347473145
16,C3-C4,fbar_var,42,2,1638,410,0.975609756097561,0.2461862564086914
16,C3-C4,fbar_var,42,3,1638,410,0.973170731707317,0.24208521842956543
16,C3-C4,fbar_var,42,4,1639,409,0.9583931133428981,0.2422771453857422
16,C3-C4,fbar_var,42,5,1639,409,0.9412840746054519,0.24872612953186035
16,C4-rest,fbar_var,42,1,3276,820,0.9382113821138212,0.2693634033203125
16,C4-rest,fbar_var,42,2,3277,819,0.9289813486370158,0.2705397605895996
16,C4-rest,fbar_var,42,3,3277,819,0.9455112417573688,0.2784297466278076
16,C4-rest,fbar_var,42,4,3277,819,0.9544569794232145,0.27416181564331055
16,C4-rest,fbar_var,42,5,3277,819,0.9495789306427267,0.27772045135498047
16,4class,fbar_var,42,1,3276,820,0.525609756097561,0.27623724937438965
16,4class,fbar_var,42,2,3277,819,0.5255200860832138,0.2825922966003418
16,4class,fbar_var,42,3,3277,819,0.5383548541367766,0.2771615982055664
16,4class,fbar_var,42,4,3277,819,0.532233381157341,0.27521228790283203
16,4class,fbar_var,42,5,3277,819,0.546849593495935,0.2873721122741699
16,C1-C2,fbar,43,1,1638,410,0.5682926829268293,0.2592654228210449
16,C1-C2,fbar,43,2,1638,410,0.5560975609756098,0.2658238410949707
16,C1-C2,fbar,43,3,1638,410,0.5463414634146342,0.2638692855834961
16,C1-C2,fbar,43,4,1639,409,0.5379005260640841,0.276369571685791
16,C1-C2,fbar,43,5,1639,409,0.5525466284074605,0.2626364231109619
16,C1-C3,fbar,43,1,1638,410,0.6048780487804878,0.26200151443481445
16,C1-C3,fbar,43,2,1638,410,0.5317073170731708,0.2530498504638672
16,C1-C3,fbar,43,3,1638,410,0.526829268292683,0.26418280601501465
16,C1-C3,fbar,43,4,1639,409,0.5477403156384505,0.2555210590362549
16,C1-C3,fbar,43,5,1639,409,0.5989956958393113,0.26645636558532715
16,C1-C4,fbar,43,1,1638,410,0.7341463414634146,0.2585482597351074
16,C1-C4,fbar,43,2,1638,410,0.7658536585365854,0.25862932205200195
16,C1-C4,fbar,43,3,1638,410,0.7853658536585366,0.24222159385681152
16,C1-C4,fbar,43,4,1639,409,0.7799019607843137,0.25171732902526855
16,C1-C4,fbar,43,5,1639,409,0.7360353897656624,0.2649211883544922
16,C2-C3,fbar,43,1,1638,410,0.4975609756097561,0.3010110855102539
16,C2-C3,fbar,43,2,1638,410,0.5292682926829269,0.2673985958099365
16,C2-C3,fbar,43,3,1638,410,0.5317073170731708,0.27240753173828125
16,C2-C3,fbar,43,4,1639,409,0.5232544237207077,0.27141284942626953
16,C2-C3,fbar,43,5,1639,409,0.5182926829268293,0.2820761203765869
16,C2-C4,fbar,43,1,1638,410,0.7853658536585366,0.27187156677246094
16,C2-C4,fbar,43,2,1638,410,0.8585365853658536,0.24472713470458984
16,C2-C4,fbar,43,3,1638,410,0.8414634146341463,0.25832414627075195
16,C2-C4,fbar,43,4,1639,409,0.8361908177905308,0.2571592330932617
16,C2-C4,fbar,43,5,1639,409,0.7799617407938786,0.24345660209655762
16,C3-C4,fbar,43,1,1638,410,0.802439024390244,0.24851560592651367
16,C3-C4,fbar,43,2,1638,410,0.8414634146341463,0.24262452125549316
16,C3-C4,fbar,43,3,1638,410,0.848780487804878,0.2645130157470703
16,C3-C4,fbar,43,4,1639,409,0.8386537541846006,0.2549924850463867
16,C3-C4,fbar,43,5,1639,409,0.8020205643232903,0.24363040924072266
16,C4-rest,fbar,43,1,3276,820,0.7975609756097561,0.27152562141418457
16,C4-rest,fbar,43,2,3277,819,0.8164155906264945,0.2795741558074951
16,C4-rest,fbar,43,3,3277,819,0.7616946055454039,0.2753467559814453
16,C4-rest,fbar,43,4,3277,819,0.791785175180742,0.2746107578277588
16,C4-rest,fbar,43,5,3277,819,0.8153849209501867,0.27229952812194824
16,4class,fbar,43,1,3276,820,0.4402439024390244,0.28215742111206055
16,4class,fbar,43,2,3277,819,0.4117647058823529,0.2783200740814209
16,4class,fbar,43,3,3277,819,0.41379124820659974,0.28014111518859863
16,4class,fbar,43,4,3277,819,0.4369978479196557,0.28178882598876953
16,4class,fbar,43,5,3277,819,0.43457077953132467,0.2825925350189209
16,C1-C2,fbar_var,43,1,1638,410,0.6317073170731707,0.26586294174194336
16,C1-C2,fbar_var,43,2,1638,410,0.6512195121951219,0.2533853054046631
16,C1-C2,fbar_var,43,3,1638,410,0.624390243902439,0.25910305976867676
16,C1-C2,fbar_var,43,4,1639,409,0.6528933524629363,0.26708054542541504
16,C1-C2,fbar_var,43,5,1639,409,0.6455045432807269,0.26450061798095703
16,C1-C3,fbar_var,43,1,1638,410,0.5731707317073171,0.25420141220092773
16,C1-C3,fbar_var,43,2,1638,410,0.5634146341463415,0.2667827606201172
16,C1-C3,fbar_var,43,3,1638,410,0.5707317073170731,0.2599053382873535
16,C1-C3,fbar_var,43,4,1639,409,0.6209708273553324,0.2623124122619629
16,C1-C3,fbar_var,43,5,1639,409,0.5770325203252032,0.2538948059082031
16,C1-C4,fbar_var,43,1,1638,410,0.9536585365853658,0.2503955364227295
16,C1-C4,fbar_var,43,2,1638,410,0.9609756097560975,0.2733767032623291
16,C1-C4,fbar_var,43,3,1638,410,0.9585365853658536,0.2661776542663574
16,C1-C4,fbar_var,43,4,1639,409,0.958417025346724,0.24515414237976074
16,C1-C4,fbar_var,43,5,1639,409,0.9535509325681493,0.2409970760345459
16,C2-C3,fbar_var,43,1,1638,410,0.5731707317073171,0.2830343246459961
16,C2-C3,fbar_var,43,2,1638,410,0.5975609756097561,0.2651386260986328
16,C2-C3,fbar_var,43,3,1638,410,0.5707317073170731,0.2767205238342285
16,C2-C3,fbar_var,43,4,1639,409,0.5770325203252032,0.26341938972473145
16,C2-C3,fbar_var,43,5,1639,409,0.5795074127211861,0.2569394111633301
16,C2-C4,fbar_var,43,1,1638,410,0.9073170731707316,0.27454686164855957
16,C2-C4,fbar_var,43,2,1638,410,0.9365853658536585,0.24346280097961426
16,C2-C4,fbar_var,43,3,1638,410,0.9658536585365853,0.25279664993286133
16,C2-C4,fbar_var,43,4,1639,409,0.9437470109995217,0.24100637435913086
16,C2-C4,fbar_var,43,5,1639,409,0.9340028694404592,0.24440574645996094
16,C3-C4,fbar_var,43,1,1638,410,0.9463414634146341,0.24686312675476074
16,C3-C4,fbar_var,43,2,1638,410,0.9585365853658536,0.2439415454864502
16,C3-C4,fbar_var,43,3,1638,410,0.973170731707317,0.24104094505310059
16,C3-C4,fbar_var,43,4,1639,409,0.9657340985174557,0.2439124584197998
16,C3-C4,fbar_var,43,5,1639,409,0.9609158297465328,0.2408139705657959
16,C4-rest,fbar_var,43,1,3276,820,0.9357723577235773,0.27343249320983887
16,C4-rest,fbar_var,43,2,3277,819,0.9616451458632234,0.27475404739379883
16,C4-rest,fbar_var,43,3,3277,819,0.9316874553110353,0.27982020378112793
16,C4-rest,fbar_var,43,4,3277,819,0.9154206721220306,0.28310537338256836
16,C4-rest,fbar_var,43,5,3277,819,0.93656947644395,0.2852597236633301
16,4class,fbar_var,43,1,3276,820,0.5341463414634147,0.2900876998901367
16,4class,fbar_var,43,2,3277,819,0.5461860353897656,0.27210283279418945
16,4class,fbar_var,43,3,3277,819,0.5089670014347203,0.27365636825561523
16,4class,fbar_var,43,4,3277,819,0.5578969392635102,0.28368568420410156
16,4class,fbar_var,43,5,3277,819,0.5420133907221425,0.29364705085754395
16,C1-C2,fbar,44,1,1638,410,0.5365853658536586,0.2569277286529541
16,C1-C2,fbar,44,2,1638,410,0.5975609756097561,0.25723743438720703
16,C1-C2,fbar,44,3,1638,410,0.5951219512195122,0.26625752449035645
16,C1-C2,fbar,44,4,1639,409,0.5794595887135342,0.25316572189331055
16,C1-C2,fbar,44,5,1639,409,0.6210664753706361,0.2634456157684326
16,C1-C3,fbar,44,1,1638,410,0.6,0.2742481231689453
16,C1-C3,fbar,44,2,1638,410,0.5780487804878048,0.2681303024291992
16,C1-C3,fbar,44,3,1638,410,0.5853658536585367,0.26767754554748535
16,C1-C3,fbar,44,4,1639,409,0.5868244858919177,0.2547886371612549
16,C1-C3,fbar,44,5,1639,409,0.5720707795313247,0.259718656539917
16,C1-C4,fbar,44,1,1638,410,0.775609756097561,0.2454700469970703
16,C1-C4,fbar,44,2,1638,410,0.7292682926829268,0.2528543472290039
16,C1-C4,fbar,44,3,1638,410,0.7731707317073171,0.25734686851501465
16,C1-C4,fbar,44,4,1639,409,0.7652678144428503,0.26828765869140625
16,C1-C4,fbar,44,5,1639,409,0.753012912482066,0.2655212879180908
16,C2-C3,fbar,44,1,1638,410,0.47317073170731705,0.2669692039489746
16,C2-C3,fbar,44,2,1638,410,0.4902439024390244,0.2642519474029541
16,C2-C3,fbar,44,3,1638,410,0.48292682926829267,0.2665445804595947
16,C2-C3,fbar,44,4,1639,409,0.5012434241989479,0.2627594470977783
16,C2-C3,fbar,44,5,1639,409,0.5086322333811573,0.274932861328125
16,C2-C4,fbar,44,1,1638,410,0.8292682926829268,0.25214600563049316
16,C2-C4,fbar,44,2,1638,410,0.7780487804878049,0.26632142066955566
16,C2-C4,fbar,44,3,1638,410,0.8,0.25415515899658203
16,C2-C4,fbar,44,4,1639,409,0.7824844571975131,0.29203033447265625
16,C2-C4,fbar,44,5,1639,409,0.8191056910569106,0.24268031120300293
16,C3-C4,fbar,44,1,1638,410,0.8317073170731708,0.2674267292022705
16,C3-C4,fbar,44,2,1638,410,0.8048780487804879,0.2442166805267334
16,C3-C4,fbar,44,3,1638,410,0.8146341463414635,0.254122257232666
16,C3-C4,fbar,44,4,1639,409,0.8288498326159732,0.257368803024292
16,C3-C4,fbar,44,5,1639,409,0.814131994261119,0.2726271152496338
16,C4-rest,fbar,44,1,3276,820,0.7682926829268293,0.2891111373901367
16,C4-rest,fbar,44,2,3277,819,0.8188426590148254,0.2739880084991455
16,C4-rest,fbar,44,3,3277,819,0.7844522126003018,0.28803133964538574
16,C4-rest,fbar,44,4,3277,819,0.7836497974100263,0.27449870109558105
16,C4-rest,fbar,44,5,3277,819,0.8129300071502343,0.2735109329223633
16,4class,fbar,44,1,3276,820,0.41707317073170735,0.283308744430542
16,4class,fbar,44,2,3277,819,0.4374461979913917,0.2756369113922119
16,4class,fbar,44,3,3277,819,0.42355332376853183,0.29361939430236816
16,4class,fbar,44,4,3277,819,0.4223517455762793,0.28228163719177246
16,4class,fbar,44,5,3277,819,0.4406862745098039,0.28607845306396484
16,C1-C2,fbar_var,44,1,1638,410,0.6,0.27106428146362305
16,C1-C2,fbar_var,44,2,1638,410,0.6439024390243901,0.25813961029052734
16,C1-C2,fbar_var,44,3,1638,410,0.6,0.2598268985748291
16,C1-C2,fbar_var,44,4,1639,409,0.6063725490196079,0.263092041015625
16,C1-C2,fbar_var,44,5,1639,409,0.682233381157341,0.2792489528656006
16,C1-C3,fbar_var,44,1,1638,410,0.5780487804878048,0.25313234329223633
16,C1-C3,fbar_var,44,2,1638,410,0.5926829268292683,0.25800108909606934
16,C1-C3,fbar_var,44,3,1638,410,0.5926829268292683,0.2699742317199707
16,C1-C3,fbar_var,44,4,1639,409,0.5842419894787183,0.2837245464324951
16,C1-C3,fbar_var,44,5,1639,409,0.5941654710664753,0.2580292224884033
16,C1-C4,fbar_var,44,1,1638,410,0.9658536585365853,0.25582003593444824
16,C1-C4,fbar_var,44,2,1638,410,0.9609756097560975,0.2507436275482178
16,C1-C4,fbar_var,44,3,1638,410,0.9243902439024391,0.2413463592529297
16,C1-C4,fbar_var,44,4,1639,409,0.9559780009564801,0.2474656105041504
16,C1-C4,fbar_var,44,5,1639,409,0.95844093735055,0.24268460273742676
16,C2-C3,fbar_var,44,1,1638,410,0.5634146341463415,0.2672271728515625
16,C2-C3,fbar_var,44,2,1638,410,0.5560975609756098,0.2558436393737793
16,C2-C3,fbar_var,44,3,1638,410,0.5878048780487806,0.25458264350891113
16,C2-C3,fbar_var,44,4,1639,409,0.5722501195600191,0.27118515968322754
16,C2-C3,fbar_var,44,5,1639,409,0.5892993782879006,0.2651503086090088
16,C2-C4,fbar_var,44,1,1638,410,0.9439024390243902,0.2507610321044922
16,C2-C4,fbar_var,44,2,1638,410,0.9390243902439024,0.24292635917663574
16,C2-C4,fbar_var,44,3,1638,410,0.9268292682926829,0.2586038112640381
16,C2-C4,fbar_var,44,4,1639,409,0.9266379722620756,0.2538325786590576
16,C2-C4,fbar_var,44,5,1639,409,0.9266499282639886,0.24517583847045898
16,C3-C4,fbar_var,44,1,1638,410,0.973170731707317,0.24356484413146973
16,C3-C4,fbar_var,44,2,1638,410,0.9585365853658536,0.24136900901794434
16,C3-C4,fbar_var,44,3,1638,410,0.948780487804878,0.2658219337463379
16,C3-C4,fbar_var,44,4,1639,409,0.9657460545193688,0.2781834602355957
16,C3-C4,fbar_var,44,5,1639,409,0.960868005738881,0.26624250411987305
16,C4-rest,fbar_var,44,1,3276,820,0.9235772357723577,0.2712256908416748
16,C4-rest,fbar_var,44,2,3277,819,0.9485891917742706,0.29146885871887207
16,C4-rest,fbar_var,44,3,3277,819,0.9430761897195519,0.2793281078338623
16,C4-rest,fbar_var,44,4,3277,819,0.9438746325574006,0.2906203269958496
16,C4-rest,fbar_var,44,5,3277,819,0.9243743544927305,0.26528501510620117
16,4class,fbar_var,44,1,3276,820,0.5353658536585366,0.29127049446105957
16,4class,fbar_var,44,2,3277,819,0.521837637494022,0.283280611038208
16,4class,fbar_var,44,3,3277,819,0.5187410329985653,0.28354740142822266
16,4class,fbar_var,44,4,3277,819,0.5383070301291248,0.2737295627593994
16,4class,fbar_var,44,5,3277,819,0.5688964610234337,0.27826786041259766
16,C1-C2,fbar,45,1,1638,410,0.5853658536585366,0.2547283172607422
16,C1-C2,fbar,45,2,1638,410,0.5853658536585366,0.26852893829345703
16,C1-C2,fbar,45,3,1638,410,0.5829268292682928,0.256450891494751
16,C1-C2,fbar,45,4,1639,409,0.6063605930176948,0.2760426998138428
16,C1-C2,fbar,45,5,1639,409,0.5452534672405548,0.25949811935424805
16,C1-C3,fbar,45,1,1638,410,0.5804878048780487,0.26982927322387695
16,C1-C3,fbar,45,2,1638,410,0.5439024390243903,0.2570374011993408
16,C1-C3,fbar,45,3,1638,410,0.5902439024390244,0.258624792098999
16,C1-C3,fbar,45,4,1639,409,0.5427187948350072,0.26186418533325195
16,C1-C3,fbar,45,5,1639,409,0.5452295552367288,0.2741549015045166
16,C1-C4,fbar,45,1,1638,410,0.7439024390243902,0.27011871337890625
16,C1-C4,fbar,45,2,1638,410,0.7658536585365854,0.2548558712005615
16,C1-C4,fbar,45,3,1638,410,0.7560975609756098,0.26184725761413574
16,C1-C4,fbar,45,4,1639,409,0.7408297465327595,0.25812721252441406
16,C1-C4,fbar,45,5,1639,409,0.7604375896700144,0.25386881828308105
16,C2-C3,fbar,45,1,1638,410,0.4560975609756098,0.26325368881225586
16,C2-C3,fbar,45,2,1638,410,0.47804878048780486,0.2672734260559082
16,C2-C3,fbar,45,3,1638,410,0.47560975609756095,0.26454973220825195
16,C2-C3,fbar,45,4,1639,409,0.41324725011956004,0.2647409439086914
16,C2-C3,fbar,45,5,1639,409,0.479220468675275,0.2687997817993164
16,C2-C4,fbar,45,1,1638,410,0.8146341463414635,0.2578392028808594
16,C2-C4,fbar,45,2,1638,410,0.824390243902439,0.2526736259460449
16,C2-C4,fbar,45,3,1638,410,0.8390243902439024,0.25104570388793945
16,C2-C4,fbar,45,4,1639,409,0.8044356767097083,0.24541735649108887
16,C2-C4,fbar,45,5,1639,409,0.8093137254901961,0.24486947059631348
16,C3-C4,fbar,45,1,1638,410,0.8121951219512196,0.24782609939575195
16,C3-C4,fbar,45,2,1638,410,0.8195121951219513,0.24599790573120117
16,C3-C4,fbar,45,3,1638,410,0.8317073170731707,0.26141953468322754
16,C3-C4,fbar,45,4,1639,409,0.8141439502630321,0.2605423927307129
16,C3-C4,fbar,45,5,1639,409,0.8313008130081301,0.2494497299194336
16,C4-rest,fbar,45,1,3276,820,0.8056910569105691,0.2724010944366455
16,C4-rest,fbar,45,2,3277,819,0.7772357723577236,0.2878758907318115
16,C4-rest,fbar,45,3,3277,819,0.7747159768014618,0.28789186477661133
16,C4-rest,fbar,45,4,3277,819,0.7950345594661158,0.29674220085144043
16,C4-rest,fbar,45,5,3277,819,0.8161913084928895,0.27395033836364746
16,4class,fbar,45,1,3276,820,0.42804878048780487,0.2937178611755371
16,4class,fbar,45,2,3277,819,0.38622070779531326,0.28143882751464844
16,4class,fbar,45,3,3277,819,0.4272238163558106,0.28920745849609375
16,4class,fbar,45,4,3277,819,0.43706958393113343,0.27751994132995605
16,4class,fbar,45,5,3277,819,0.4223517455762793,0.2804441452026367
16,C1-C2,fbar_var,45,1,1638,410,0.6439024390243901,0.24450445175170898
16,C1-C2,fbar_var,45,2,1638,410,0.624390243902439,0.25946497917175293
16,C1-C2,fbar_var,45,3,1638,410,0.6121951219512195,0.261394739151001
16,C1-C2,fbar_var,45,4,1639,409,0.6502749880439981,0.24450898170471191
16,C1-C2,fbar_var,45,5,1639,409,0.6357962697274031,0.2640690803527832
16,C1-C3,fbar_var,45,1,1638,410,0.5853658536585367,0.2659289836883545
16,C1-C3,fbar_var,45,2,1638,410,0.5829268292682926,0.2561521530151367
16,C1-C3,fbar_var,45,3,1638,410,0.5487804878048781,0.26398468017578125
16,C1-C3,fbar_var,45,4,1639,409,0.6111788617886179,0.2543160915374756
16,C1-C3,fbar_var,45,5,1639,409,0.606312769010043,0.26573967933654785
16,C1-C4,fbar_var,45,1,1638,410,0.9682926829268292,0.26770877838134766
16,C1-C4,fbar_var,45,2,1638,410,0.9439024390243902,0.2643463611602783
16,C1-C4,fbar_var,45,3,1638,410,0.9634146341463414,0.25521087646484375
16,C1-C4,fbar_var,45,4,1639,409,0.9657460545193688,0.2560701370239258
16,C1-C4,fbar_var,45,5,1639,409,0.9682089909134386,0.26381540298461914
16,C2-C3,fbar_var,45,1,1638,410,0.5487804878048781,0.2644059658050537
16,C2-C3,fbar_var,45,2,1638,410,0.5536585365853659,0.24978137016296387
16,C2-C3,fbar_var,45,3,1638,410,0.5390243902439025,0.2676711082458496
16,C2-C3,fbar_var,45,4,1639,409,0.5549976087996175,0.2526121139526367
16,C2-C3,fbar_var,45,5,1639,409,0.5598876135820181,0.2543020248413086
16,C2-C4,fbar_var,45,1,1638,410,0.9341463414634146,0.25525593757629395
16,C2-C4,fbar_var,45,2,1638,410,0.9390243902439024,0.2622206211090088
16,C2-C4,fbar_var,45,3,1638,410,0.9682926829268292,0.24351143836975098
16,C2-C4,fbar_var,45,4,1639,409,0.9486370157819225,0.2437143325805664
16,C2-C4,fbar_var,45,5,1639,409,0.9535509325681493,0.25510263442993164
16,C3-C4,fbar_var,45,1,1638,410,0.9682926829268292,0.23743510246276855
16,C3-C4,fbar_var,45,2,1638,410,0.9658536585365853,0.24343013763427734
16,C3-C4,fbar_var,45,3,1638,410,0.9780487804878049,0.24224138259887695
16,C3-C4,fbar_var,45,4,1639,409,0.9730870396939264,0.2377612590789795
16,C3-C4,fbar_var,45,5,1639,409,0.9633189861310378,0.24460697174072266
16,C4-rest,fbar_var,45,1,3276,820,0.9544715447154472,0.2742447853088379
16,C4-rest,fbar_var,45,2,3277,819,0.9518531802965089,0.2846031188964844
16,C4-rest,fbar_var,45,3,3277,819,0.9503972352427108,0.2728607654571533
16,C4-rest,fbar_var,45,4,3277,819,0.9495829029951537,0.27771687507629395
16,C4-rest,fbar_var,45,5,3277,819,0.9544609517756415,0.276958703994751
16,4class,fbar_var,45,1,3276,820,0.5573170731707318,0.28810667991638184
16,4class,fbar_var,45,2,3277,819,0.5279770444763272,0.30215954780578613
16,4class,fbar_var,45,3,3277,819,0.5443986131037781,0.2799685001373291
16,4class,fbar_var,45,4,3277,819,0.5493005738880918,0.276141881942749
16,4class,fbar_var,45,5,3277,819,0.5383787661406025,0.278076171875
16,C1-C2,fbar,46,1,1638,410,0.5902439024390244,0.26416683197021484
16,C1-C2,fbar,46,2,1638,410,0.5560975609756098,0.2667355537414551
16,C1-C2,fbar,46,3,1638,410,0.6341463414634146,0.26796412467956543
16,C1-C2,fbar,46,4,1639,409,0.5820181731229077,0.26308631896972656
16,C1-C2,fbar,46,5,1639,409,0.5721425155428025,0.2694721221923828
16,C1-C3,fbar,46,1,1638,410,0.5024390243902439,0.25391530990600586
16,C1-C3,fbar,46,2,1638,410,0.5634146341463415,0.26677441596984863
16,C1-C3,fbar,46,3,1638,410,0.5829268292682926,0.2701559066772461
16,C1-C3,fbar,46,4,1639,409,0.5917264466762314,0.2572965621948242
16,C1-C3,fbar,46,5,1639,409,0.6038617886178862,0.2604551315307617
16,C1-C4,fbar,46,1,1638,410,0.775609756097561,0.2554047107696533
16,C1-C4,fbar,46,2,1638,410,0.7780487804878049,0.2681605815887451
16,C1-C4,fbar,46,3,1638,410,0.7731707317073171,0.2526853084564209
16,C1-C4,fbar,46,4,1639,409,0.7432568149210904,0.2689521312713623
16,C1-C4,fbar,46,5,1639,409,0.7409134385461502,0.2772047519683838
16,C2-C3,fbar,46,1,1638,410,0.4902439024390244,0.26947474479675293
16,C2-C3,fbar,46,2,1638,410,0.5048780487804878,0.26936912536621094
16,C2-C3,fbar,46,3,1638,410,0.5097560975609756,0.2760744094848633
16,C2-C3,fbar,46,4,1639,409,0.5427905308464849,0.26810598373413086
16,C2-C3,fbar,46,5,1639,409,0.4889287422285987,0.26017165184020996
16,C2-C4,fbar,46,1,1638,410,0.8219512195121951,0.2689685821533203
16,C2-C4,fbar,46,2,1638,410,0.8219512195121952,0.25758790969848633
16,C2-C4,fbar,46,3,1638,410,0.8195121951219512,0.2474057674407959
16,C2-C4,fbar,46,4,1639,409,0.8215447154471545,0.24152755737304688
16,C2-C4,fbar,46,5,1639,409,0.7995576279292205,0.2427976131439209
16,C3-C4,fbar,46,1,1638,410,0.8317073170731707,0.26053690910339355
16,C3-C4,fbar,46,2,1638,410,0.8219512195121951,0.2573256492614746
16,C3-C4,fbar,46,3,1638,410,0.824390243902439,0.2500295639038086
16,C3-C4,fbar,46,4,1639,409,0.7995217599234816,0.24842309951782227
16,C3-C4,fbar,46,5,1639,409,0.8362147297943567,0.25038695335388184
16,C4-rest,fbar,46,1,3276,820,0.7495934959349593,0.2750740051269531
16,C4-rest,fbar,46,2,3277,819,0.8269846963175513,0.27350735664367676
16,C4-rest,fbar,46,3,3277,819,0.8047946293795185,0.2819046974182129
16,C4-rest,fbar,46,4,3277,819,0.7950146977039803,0.28063106536865234
16,C4-rest,fbar,46,5,3277,819,0.8007348851990148,0.2797431945800781
16,4class,fbar,46,1,3276,820,0.4109756097560976,0.27704453468322754
16,4class,fbar,46,2,3277,819,0.4081181252989,0.28801941871643066
16,4class,fbar,46,3,3277,819,0.4199605451936873,0.28683924674987793
16,4class,fbar,46,4,3277,819,0.43583213773314206,0.31788063049316406
16,4class,fbar,46,5,3277,819,0.41262553802008606,0.29236912727355957
16,C1-C2,fbar_var,46,1,1638,410,0.6390243902439025,0.26607489585876465
16,C1-C2,fbar_var,46,2,1638,410,0.6390243902439025,0.252821683883667
16,C1-C2,fbar_var,46,3,1638,410,0.6951219512195121,0.27257609367370605
16,C1-C2,fbar_var,46,4,1639,409,0.611166905786705,0.24891400337219238
16,C1-C2,fbar_var,46,5,1639,409,0.6602462936394069,0.2601661682128906
16,C1-C3,fbar_var,46,1,1638,410,0.5634146341463415,0.2573509216308594
16,C1-C3,fbar_var,46,2,1638,410,0.5731707317073171,0.2616119384765625
16,C1-C3,fbar_var,46,3,1638,410,0.5878048780487805,0.2616434097290039
16,C1-C3,fbar_var,46,4,1639,409,0.6062769010043041,0.26931047439575195
16,C1-C3,fbar_var,46,5,1639,409,0.603945480631277,0.2655491828918457
16,C1-C4,fbar_var,46,1,1638,410,0.9682926829268292,0.2449173927307129
16,C1-C4,fbar_var,46,2,1638,410,0.9634146341463414,0.26860570907592773
16,C1-C4,fbar_var,46,3,1638,410,0.9609756097560975,0.24433636665344238
16,C1-C4,fbar_var,46,4,1639,409,0.9437948350071736,0.24535512924194336
16,C1-C4,fbar_var,46,5,1639,409,0.9609038737446198,0.2621593475341797
16,C2-C3,fbar_var,46,1,1638,410,0.5609756097560976,0.27240443229675293
16,C2-C3,fbar_var,46,2,1638,410,0.5780487804878048,0.256594181060791
16,C2-C3,fbar_var,46,3,1638,410,0.578048780487805,0.25785279273986816
16,C2-C3,fbar_var,46,4,1639,409,0.581958393113343,0.2673661708831787
16,C2-C3,fbar_var,46,5,1639,409,0.5769607843137254,0.2702939510345459
16,C2-C4,fbar_var,46,1,1638,410,0.9609756097560975,0.2612416744232178
16,C2-C4,fbar_var,46,2,1638,410,0.9463414634146341,0.2581827640533447
16,C2-C4,fbar_var,46,3,1638,410,0.9317073170731707,0.2516021728515625
16,C2-C4,fbar_var,46,4,1639,409,0.936453849832616,0.2613067626953125
16,C2-C4,fbar_var,46,5,1639,409,0.9486848397895744,0.24393916130065918
16,C3-C4,fbar_var,46,1,1638,410,0.9707317073170731,0.25408482551574707
16,C3-C4,fbar_var,46,2,1638,410,0.9634146341463414,0.24266982078552246
16,C3-C4,fbar_var,46,3,1638,410,0.9463414634146341,0.24100780487060547
16,C3-C4,fbar_var,46,4,1639,409,0.9511358201817313,0.24242830276489258
16,C3-C4,fbar_var,46,5,1639,409,0.9584289813486371,0.24089789390563965
16,C4-rest,fbar_var,46,1,3276,820,0.934959349593496,0.2777743339538574
16,C4-rest,fbar_var,46,2,3277,819,0.9485533237685317,0.2721519470214844
16,C4-rest,fbar_var,46,3,3277,819,0.9430682450146977,0.2739226818084717
16,C4-rest,fbar_var,46,4,3277,819,0.9528283149281005,0.2766087055206299
16,C4-rest,fbar_var,46,5,3277,819,0.9463255740049257,0.27876996994018555
16,4class,fbar_var,46,1,3276,820,0.5414634146341464,0.28044724464416504
16,4class,fbar_var,46,2,3277,819,0.5145624103299857,0.27559757232666016
16,4class,fbar_var,46,3,3277,819,0.537027737924438,0.27598047256469727
16,4class,fbar_var,46,4,3277,819,0.5370815399330464,0.2731311321258545
16,4class,fbar_var,46,5,3277,819,0.5127869440459111,0.2824211120605469
16,C1-C2,fbar,47,1,1638,410,0.5731707317073171,0.26732969284057617
16,C1-C2,fbar,47,2,1638,410,0.5560975609756098,0.28278207778930664
16,C1-C2,fbar,47,3,1638,410,0.6073170731707317,0.2574045658111572
16,C1-C2,fbar,47,4,1639,409,0.562386417981827,0.2613537311553955
16,C1-C2,fbar,47,5,1639,409,0.5623744619799139,0.26784658432006836
16,C1-C3,fbar,47,1,1638,410,0.5634146341463415,0.2663145065307617
16,C1-C3,fbar,47,2,1638,410,0.5439024390243903,0.25955915451049805
16,C1-C3,fbar,47,3,1638,410,0.5975609756097561,0.2673659324645996
16,C1-C3,fbar,47,4,1639,409,0.5917981826877092,0.26215028762817383
16,C1-C3,fbar,47,5,1639,409,0.5965805834528933,0.27727270126342773
16,C1-C4,fbar,47,1,1638,410,0.748780487804878,0.27358198165893555
16,C1-C4,fbar,47,2,1638,410,0.7780487804878049,0.27016735076904297
16,C1-C4,fbar,47,3,1638,410,0.7829268292682927,0.24597787857055664
16,C1-C4,fbar,47,4,1639,409,0.7555595408895266,0.2668919563293457
16,C1-C4,fbar,47,5,1639,409,0.7751195600191296,0.24323368072509766
16,C2-C3,fbar,47,1,1638,410,0.5317073170731708,0.2782926559448242
16,C2-C3,fbar,47,2,1638,410,0.5048780487804878,0.26826906204223633
16,C2-C3,fbar,47,3,1638,410,0.4634146341463415,0.2658374309539795
16,C2-C3,fbar,47,4,1639,409,0.5035628885700622,0.2743570804595947
16,C2-C3,fbar,47,5,1639,409,0.48411047345767577,0.2763376235961914
16,C2-C4,fbar,47,1,1638,410,0.802439024390244,0.2448740005493164
16,C2-C4,fbar,47,2,1638,410,0.7829268292682927,0.24221181869506836
16,C2-C4,fbar,47,3,1638,410,0.8121951219512196,0.26445460319519043
16,C2-C4,fbar,47,4,1639,409,0.8337517934002869,0.27040815353393555
16,C2-C4,fbar,47,5,1639,409,0.809325681492109,0.25436830520629883
16,C3-C4,fbar,47,1,1638,410,0.8195121951219513,0.2701559066772461
16,C3-C4,fbar,47,2,1638,410,0.8097560975609757,0.2629368305206299
16,C3-C4,fbar,47,3,1638,410,0.8219512195121951,0.25803256034851074
16,C3-C4,fbar,47,4,1639,409,0.8240076518412243,0.2472679615020752
16,C3-C4,fbar,47,5,1639,409,0.8141917742706839,0.25417518615722656
16,C4-rest,fbar,47,1,3276,820,0.808130081300813,0.2758796215057373
16,C4-rest,fbar,47,2,3277,819,0.8008967001434719,0.27802371978759766
16,C4-rest,fbar,47,3,3277,819,0.8234964646063399,0.27765583992004395
16,C4-rest,fbar,47,4,3277,819,0.8056129339795026,0.27888059616088867
16,C4-rest,fbar,47,5,3277,819,0.7950464765233971,0.28966188430786133
16,4class,fbar,47,1,3276,820,0.4219512195121951,0.2843480110168457
16,4class,fbar,47,2,3277,819,0.39961142993782883,0.2761363983154297
16,4class,fbar,47,3,3277,819,0.42352343376374946,0.2749645709991455
16,4class,fbar,47,4,3277,819,0.41385700621712096,0.28722453117370605
16,4class,fbar,47,5,3277,819,0.45412482065997134,0.27874255180358887
16,C1-C2,fbar_var,47,1,1638,410,0.6121951219512196,0.25334715843200684
16,C1-C2,fbar_var,47,2,1638,410,0.6195121951219512,0.26863765716552734
16,C1-C2,fbar_var,47,3,1638,410,0.6658536585365854,0.2719385623931885
16,C1-C2,fbar_var,47,4,1639,409,0.630762792922047,0.26997804641723633
16,C1-C2,fbar_var,47,5,1639,409,0.6431372549019607,0.2896137237548828
16,C1-C3,fbar_var,47,1,1638,410,0.6560975609756098,0.2666928768157959
16,C1-C3,fbar_var,47,2,1638,410,0.5731707317073171,0.2696261405944824
16,C1-C3,fbar_var,47,3,1638,410,0.5804878048780487,0.26271867752075195
16,C1-C3,fbar_var,47,4,1639,409,0.5990793878527021,0.2543609142303467
16,C1-C3,fbar_var,47,5,1639,409,0.628299856527977,0.26489734649658203
16,C1-C4,fbar_var,47,1,1638,410,0.9658536585365853,0.24407076835632324
16,C1-C4,fbar_var,47,2,1638,410,0.948780487804878,0.2504899501800537
16,C1-C4,fbar_var,47,3,1638,410,0.9634146341463414,0.2468123435974121
16,C1-C4,fbar_var,47,4,1639,409,0.9486728837876615,0.2436206340789795
16,C1-C4,fbar_var,47,5,1639,409,0.9583811573409852,0.2577478885650635
16,C2-C3,fbar_var,47,1,1638,410,0.5780487804878048,0.26636528968811035
16,C2-C3,fbar_var,47,2,1638,410,0.5829268292682926,0.26904821395874023
16,C2-C3,fbar_var,47,3,1638,410,0.5975609756097562,0.2678372859954834
16,C2-C3,fbar_var,47,4,1639,409,0.5917384026781445,0.2532198429107666
16,C2-C3,fbar_var,47,5,1639,409,0.5915829746532759,0.26710033416748047
16,C2-C4,fbar_var,47,1,1638,410,0.9414634146341463,0.2647056579589844
16,C2-C4,fbar_var,47,2,1638,410,0.9463414634146341,0.24481940269470215
16,C2-C4,fbar_var,47,3,1638,410,0.9439024390243902,0.2660045623779297
16,C2-C4,fbar_var,47,4,1639,409,0.9437948350071736,0.2557363510131836
16,C2-C4,fbar_var,47,5,1639,409,0.9217479674796748,0.24666118621826172
16,C3-C4,fbar_var,47,1,1638,410,0.9634146341463414,0.24901223182678223
16,C3-C4,fbar_var,47,2,1638,410,0.9609756097560975,0.24112725257873535
16,C3-C4,fbar_var,47,3,1638,410,0.9707317073170731,0.24596071243286133
16,C3-C4,fbar_var,47,4,1639,409,0.9681970349115256,0.24251747131347656
16,C3-C4,fbar_var,47,5,1639,409,0.9535270205643233,0.26409339904785156
16,C4-rest,fbar_var,47,1,3276,820,0.9609756097560975,0.2782268524169922
16,C4-rest,fbar_var,47,2,3277,819,0.9355093256814921,0.28905534744262695
16,C4-rest,fbar_var,47,3,3277,819,0.9503853181854294,0.28341102600097656
16,C4-rest,fbar_var,47,4,3277,819,0.933308175101295,0.27546167373657227
16,C4-rest,fbar_var,47,5,3277,819,0.9430722173671249,0.2733616828918457
16,4class,fbar_var,47,1,3276,820,0.5621951219512196,0.27640342712402344
16,4class,fbar_var,47,2,3277,819,0.5694165471066475,0.2750265598297119
16,4class,fbar_var,47,3,3277,819,0.5505320420851267,0.2927875518798828
16,4class,fbar_var,47,4,3277,819,0.5444285031085605,0.2720909118652344
16,4class,fbar_var,47,5,3277,819,0.5530248684839789,0.2746410369873047
16,C1-C2,fbar,48,1,1638,410,0.5609756097560976,0.26789259910583496
16,C1-C2,fbar,48,2,1638,410,0.5219512195121951,0.2648439407348633
16,C1-C2,fbar,48,3,1638,410,0.524390243902439,0.27315258979797363
16,C1-C2,fbar,48,4,1639,409,0.5648493543758968,0.26714134216308594
16,C1-C2,fbar,48,5,1639,409,0.5819464371114299,0.26484036445617676
16,C1-C3,fbar,48,1,1638,410,0.5463414634146342,0.26391148567199707
16,C1-C3,fbar,48,2,1638,410,0.5829268292682926,0.27195096015930176
16,C1-C3,fbar,48,3,1638,410,0.5317073170731708,0.2639126777648926
16,C1-C3,fbar,48,4,1639,409,0.5502271640363463,0.2651858329772949
16,C1-C3,fbar,48,5,1639,409,0.5770803443328552,0.2767040729522705
16,C1-C4,fbar,48,1,1638,410,0.7585365853658537,0.26022982597351074
16,C1-C4,fbar,48,2,1638,410,0.724390243902439,0.2563362121582031
16,C1-C4,fbar,48,3,1638,410,0.7414634146341463,0.26081180572509766
16,C1-C4,fbar,48,4,1639,409,0.7481707317073171,0.26525187492370605
16,C1-C4,fbar,48,5,1639,409,0.7531324725011956,0.266796350479126
16,C2-C3,fbar,48,1,1638,410,0.524390243902439,0.2551429271697998
16,C2-C3,fbar,48,2,1638,410,0.5219512195121951,0.2643449306488037
16,C2-C3,fbar,48,3,1638,410,0.5097560975609756,0.27741193771362305
16,C2-C3,fbar,48,4,1639,409,0.5208153993304638,0.26331067085266113
16,C2-C3,fbar,48,5,1639,409,0.5402797704447633,0.27167487144470215
16,C2-C4,fbar,48,1,1638,410,0.8292682926829268,0.26218414306640625
16,C2-C4,fbar,48,2,1638,410,0.8341463414634146,0.25247645378112793
16,C2-C4,fbar,48,3,1638,410,0.8170731707317074,0.26224493980407715
16,C2-C4,fbar,48,4,1639,409,0.8140841702534672,0.27391767501831055
16,C2-C4,fbar,48,5,1639,409,0.8362147297943567,0.25498032569885254
16,C3-C4,fbar,48,1,1638,410,0.8170731707317074,0.2595198154449463
16,C3-C4,fbar,48,2,1638,410,0.8170731707317074,0.2581138610839844
16,C3-C4,fbar,48,3,1638,410,0.8121951219512196,0.25362539291381836
16,C3-C4,fbar,48,4,1639,409,0.7873027259684362,0.2798469066619873
16,C3-C4,fbar,48,5,1639,409,0.8313366810138689,0.2488081455230713
16,C4-rest,fbar,48,1,3276,820,0.7666666666666666,0.2742154598236084
16,C4-rest,fbar,48,2,3277,819,0.8115614538498326,0.27298402786254883
16,C4-rest,fbar,48,3,3277,819,0.7901604830380551,0.2758369445800781
16,C4-rest,fbar,48,4,3277,819,0.7552077540319377,0.2747786045074463
16,C4-rest,fbar,48,5,3277,819,0.790156510685628,0.2756943702697754
16,4class,fbar,48,1,3276,820,0.401219512195122,0.28790807723999023
16,4class,fbar,48,2,3277,819,0.4374760879961741,0.2880258560180664
16,4class,fbar,48,3,3277,819,0.43583213773314206,0.2867276668548584
16,4class,fbar,48,4,3277,819,0.4223756575801052,0.27392005920410156
16,4class,fbar,48,5,3277,819,0.41506456241032996,0.2885777950286865
16,C1-C2,fbar_var,48,1,1638,410,0.6292682926829268,0.2520599365234375
16,C1-C2,fbar_var,48,2,1638,410,0.624390243902439,0.267289400100708
16,C1-C2,fbar_var,48,3,1638,410,0.6,0.2631990909576416
16,C1-C2,fbar_var,48,4,1639,409,0.6405906264945003,0.26409912109375
16,C1-C2,fbar_var,48,5,1639,409,0.6260043041606886,0.26372289657592773
16,C1-C3,fbar_var,48,1,1638,410,0.5658536585365854,0.26917386054992676
16,C1-C3,fbar_var,48,2,1638,410,0.5707317073170731,0.2693641185760498
16,C1-C3,fbar_var,48,3,1638,410,0.5707317073170732,0.2651958465576172
16,C1-C3,fbar_var,48,4,1639,409,0.6013510282161645,0.2625875473022461
16,C1-C3,fbar_var,48,5,1639,409,0.5892037302725968,0.2664632797241211
16,C1-C4,fbar_var,48,1,1638,410,0.948780487804878,0.25554752349853516
16,C1-C4,fbar_var,48,2,1638,410,0.9512195121951219,0.25056958198547363
16,C1-C4,fbar_var,48,3,1638,410,0.9463414634146341,0.23943209648132324
16,C1-C4,fbar_var,48,4,1639,409,0.9559540889526542,0.2600224018096924
16,C1-C4,fbar_var,48,5,1639,409,0.95844093735055,0.2765622138977051
16,C2-C3,fbar_var,48,1,1638,410,0.5951219512195123,0.26979660987854004
16,C2-C3,fbar_var,48,2,1638,410,0.5902439024390245,0.26725196838378906
16,C2-C3,fbar_var,48,3,1638,410,0.5804878048780487,0.26982975006103516
16,C2-C3,fbar_var,48,4,1639,409,0.5404830224772836,0.2614314556121826
16,C2-C3,fbar_var,48,5,1639,409,0.5794715447154472,0.27507877349853516
16,C2-C4,fbar_var,48,1,1638,410,0.9292682926829269,0.25789737701416016
16,C2-C4,fbar_var,48,2,1638,410,0.9439024390243902,0.24448108673095703
16,C2-C4,fbar_var,48,3,1638,410,0.9365853658536585,0.26375603675842285
16,C2-C4,fbar_var,48,4,1639,409,0.9339191774270683,0.24095773696899414
16,C2-C4,fbar_var,48,5,1639,409,0.9633668101386896,0.26918554306030273
16,C3-C4,fbar_var,48,1,1638,410,0.9585365853658536,0.23773717880249023
16,C3-C4,fbar_var,48,2,1638,410,0.9682926829268292,0.24393486976623535
16,C3-C4,fbar_var,48,3,1638,410,0.9536585365853658,0.24525690078735352
16,C3-C4,fbar_var,48,4,1639,409,0.9486370157819225,0.23834586143493652
16,C3-C4,fbar_var,48,5,1639,409,0.9682089909134386,0.2430727481842041
16,C4-rest,fbar_var,48,1,3276,820,0.9365853658536585,0.2653827667236328
16,C4-rest,fbar_var,48,2,3277,819,0.9600191296030607,0.27115702629089355
16,C4-rest,fbar_var,48,3,3277,819,0.9447008818622389,0.27655601501464844
16,C4-rest,fbar_var,48,4,3277,819,0.9341304520537062,0.2872743606567383
16,C4-rest,fbar_var,48,5,3277,819,0.940633192976881,0.27811384201049805
16,4class,fbar_var,48,1,3276,820,0.5329268292682927,0.29514503479003906
16,4class,fbar_var,48,2,3277,819,0.5511716881874701,0.2747204303741455
16,4class,fbar_var,48,3,3277,819,0.5443627450980393,0.2831099033355713
16,4class,fbar_var,48,4,3277,819,0.5603180296508847,0.27991652488708496
16,4class,fbar_var,48,5,3277,819,0.5395743663318986,0.27477359771728516
16,C1-C2,fbar,49,1,1638,410,0.5341463414634147,0.26326966285705566
16,C1-C2,fbar,49,2,1638,410,0.5756097560975609,0.26802635192871094
16,C1-C2,fbar,49,3,1638,410,0.5463414634146342,0.26062607765197754
16,C1-C2,fbar,49,4,1639,409,0.5696915351506455,0.2802116870880127
16,C1-C2,fbar,49,5,1639,409,0.5183046389287422,0.25049400329589844
16,C1-C3,fbar,49,1,1638,410,0.5658536585365854,0.2673177719116211
16,C1-C3,fbar,49,2,1638,410,0.551219512195122,0.24504327774047852
16,C1-C3,fbar,49,3,1638,410,0.5853658536585366,0.26249241828918457
16,C1-C3,fbar,49,4,1639,409,0.5598876135820181,0.2638258934020996
16,C1-C3,fbar,49,5,1639,409,0.5402080344332855,0.26972413063049316
16,C1-C4,fbar,49,1,1638,410,0.7292682926829268,0.24086880683898926
16,C1-C4,fbar,49,2,1638,410,0.748780487804878,0.2640056610107422
16,C1-C4,fbar,49,3,1638,410,0.7658536585365854,0.2554347515106201
16,C1-C4,fbar,49,4,1639,409,0.7628527020564324,0.24017071723937988
16,C1-C4,fbar,49,5,1639,409,0.750609756097561,0.2557969093322754
16,C2-C3,fbar,49,1,1638,410,0.48292682926829267,0.2649810314178467
16,C2-C3,fbar,49,2,1638,410,0.47804878048780486,0.26560306549072266
16,C2-C3,fbar,49,3,1638,410,0.5365853658536586,0.2643899917602539
16,C2-C3,fbar,49,4,1639,409,0.5134863701578192,0.2683842182159424
16,C2-C3,fbar,49,5,1639,409,0.5036465805834529,0.2635486125946045
16,C2-C4,fbar,49,1,1638,410,0.802439024390244,0.24022412300109863
16,C2-C4,fbar,49,2,1638,410,0.8219512195121952,0.28377795219421387
16,C2-C4,fbar,49,3,1638,410,0.8560975609756097,0.2685685157775879
16,C2-C4,fbar,49,4,1639,409,0.833727881396461,0.2676098346710205
16,C2-C4,fbar,49,5,1639,409,0.8190817790530847,0.252840518951416
16,C3-C4,fbar,49,1,1638,410,0.8170731707317074,0.26680636405944824
16,C3-C4,fbar,49,2,1638,410,0.8536585365853658,0.27015137672424316
16,C3-C4,fbar,49,3,1638,410,0.8219512195121952,0.24616217613220215
16,C3-C4,fbar,49,4,1639,409,0.8215566714490674,0.24247360229492188
16,C3-C4,fbar,49,5,1639,409,0.8386417981826877,0.2658209800720215
16,C4-rest,fbar,49,1,3276,820,0.8056910569105691,0.27594947814941406
16,C4-rest,fbar,49,2,3277,819,0.7788378766140602,0.27419495582580566
16,C4-rest,fbar,49,3,3277,819,0.8056049892746484,0.27896904945373535
16,C4-rest,fbar,49,4,3277,819,0.7755263366965917,0.2725224494934082
16,C4-rest,fbar,49,5,3277,819,0.8112933979502661,0.2804298400878906
16,4class,fbar,49,1,3276,820,0.41951219512195126,0.28168225288391113
16,4class,fbar,49,2,3277,819,0.43254423720707796,0.28199076652526855
16,4class,fbar,49,3,3277,819,0.4137494021999043,0.29349613189697266
16,4class,fbar,49,4,3277,819,0.39673003347680535,0.2843644618988037
16,4class,fbar,49,5,3277,819,0.3868962219033955,0.2748112678527832
16,C1-C2,fbar_var,49,1,1638,410,0.5707317073170732,0.26360058784484863
16,C1-C2,fbar_var,49,2,1638,410,0.6414634146341464,0.270979642868042
16,C1-C2,fbar_var,49,3,1638,410,0.6170731707317073,0.26035451889038086
16,C1-C2,fbar_var,49,4,1639,409,0.6185557149689144,0.25998973846435547
16,C1-C2,fbar_var,49,5,1639,409,0.5916427546628407,0.261028528213501
16,C1-C3,fbar_var,49,1,1638,410,0.5731707317073171,0.2681007385253906
16,C1-C3,fbar_var,49,2,1638,410,0.5536585365853659,0.2645835876464844
16,C1-C3,fbar_var,49,3,1638,410,0.5487804878048781,0.26918983459472656
16,C1-C3,fbar_var,49,4,1639,409,0.5868005738880918,0.26703786849975586
16,C1-C3,fbar_var,49,5,1639,409,0.5330105212816834,0.26668715476989746
16,C1-C4,fbar_var,49,1,1638,410,0.9512195121951219,0.2560441493988037
16,C1-C4,fbar_var,49,2,1638,410,0.9365853658536585,0.24468588829040527
16,C1-C4,fbar_var,49,3,1638,410,0.9609756097560975,0.24509358406066895
16,C1-C4,fbar_var,49,4,1639,409,0.9535509325681493,0.2386646270751953
16,C1-C4,fbar_var,49,5,1639,409,0.9632950741272118,0.2577674388885498
16,C2-C3,fbar_var,49,1,1638,410,0.6146341463414634,0.26903510093688965
16,C2-C3,fbar_var,49,2,1638,410,0.5951219512195122,0.25433897972106934
16,C2-C3,fbar_var,49,3,1638,410,0.5536585365853659,0.26613402366638184
16,C2-C3,fbar_var,49,4,1639,409,0.5525824964131995,0.2653524875640869
16,C2-C3,fbar_var,49,5,1639,409,0.584325681492109,0.27127695083618164
16,C2-C4,fbar_var,49,1,1638,410,0.9390243902439024,0.258831262588501
16,C2-C4,fbar_var,49,2,1638,410,0.9365853658536585,0.256389856338501
16,C2-C4,fbar_var,49,3,1638,410,0.9585365853658536,0.23905110359191895
16,C2-C4,fbar_var,49,4,1639,409,0.9363940698230511,0.2439107894897461
16,C2-C4,fbar_var,49,5,1639,409,0.9315518890483023,0.24490070343017578
16,C3-C4,fbar_var,49,1,1638,410,0.9585365853658536,0.29085731506347656
16,C3-C4,fbar_var,49,2,1638,410,0.9658536585365853,0.26975393295288086
16,C3-C4,fbar_var,49,3,1638,410,0.9609756097560975,0.24369120597839355
16,C3-C4,fbar_var,49,4,1639,409,0.9657340985174557,0.26330065727233887
16,C3-C4,fbar_var,49,5,1639,409,0.9560138689622191,0.23884940147399902
16,C4-rest,fbar_var,49,1,3276,820,0.948780487804878,0.28580188751220703
16,C4-rest,fbar_var,49,2,3277,819,0.9412242945958871,0.2754209041595459
16,C4-rest,fbar_var,49,3,3277,819,0.9503972352427108,0.2656371593475342
16,C4-rest,fbar_var,49,4,3277,819,0.9251847143878604,0.2659876346588135
16,C4-rest,fbar_var,49,5,3277,819,0.9568960038134584,0.2727839946746826
16,4class,fbar_var,49,1,3276,820,0.5341463414634147,0.27764463424682617
16,4class,fbar_var,49,2,3277,819,0.5255021520803443,0.27349019050598145
16,4class,fbar_var,49,3,3277,819,0.5211382113821138,0.27809977531433105
16,4class,fbar_var,49,4,3277,819,0.5236489717838355,0.2836766242980957
16,4class,fbar_var,49,5,3277,819,0.5309481109516977,0.2730543613433838
16,C1-C2,fbar,50,1,1638,410,0.5682926829268293,0.2745809555053711
16,C1-C2,fbar,50,2,1638,410,0.5634146341463415,0.25926995277404785
16,C1-C2,fbar,50,3,1638,410,0.5585365853658537,0.26394176483154297
16,C1-C2,fbar,50,4,1639,409,0.5892276422764228,0.2542746067047119
16,C1-C2,fbar,50,5,1639,409,0.5721066475370635,0.27311253547668457
16,C1-C3,fbar,50,1,1638,410,0.5195121951219512,0.26055383682250977
16,C1-C3,fbar,50,2,1638,410,0.5756097560975609,0.2635531425476074
16,C1-C3,fbar,50,3,1638,410,0.5390243902439025,0.26757192611694336
16,C1-C3,fbar,50,4,1639,409,0.567168818747011,0.26840853691101074
16,C1-C3,fbar,50,5,1639,409,0.5720946915351506,0.26180601119995117
16,C1-C4,fbar,50,1,1638,410,0.7439024390243902,0.2550075054168701
16,C1-C4,fbar,50,2,1638,410,0.7048780487804878,0.25773072242736816
16,C1-C4,fbar,50,3,1638,410,0.724390243902439,0.26539015769958496
16,C1-C4,fbar,50,4,1639,409,0.7163916786226685,0.2436528205871582
16,C1-C4,fbar,50,5,1639,409,0.7286465805834529,0.26177096366882324
16,C2-C3,fbar,50,1,1638,410,0.5365853658536586,0.26276516914367676
16,C2-C3,fbar,50,2,1638,410,0.5170731707317073,0.255476713180542
16,C2-C3,fbar,50,3,1638,410,0.44878048780487806,0.2721388339996338
16,C2-C3,fbar,50,4,1639,409,0.5037063605930177,0.27442026138305664
16,C2-C3,fbar,50,5,1639,409,0.49392635102821614,0.2704136371612549
16,C2-C4,fbar,50,1,1638,410,0.8536585365853658,0.2426459789276123
16,C2-C4,fbar,50,2,1638,410,0.7682926829268293,0.2562224864959717
16,C2-C4,fbar,50,3,1638,410,0.7585365853658537,0.25153064727783203
16,C2-C4,fbar,50,4,1639,409,0.8215327594452415,0.2594881057739258
16,C2-C4,fbar,50,5,1639,409,0.7824485891917743,0.25502991676330566
16,C3-C4,fbar,50,1,1638,410,0.7926829268292683,0.24521851539611816
16,C3-C4,fbar,50,2,1638,410,0.7853658536585366,0.25637340545654297
16,C3-C4,fbar,50,3,1638,410,0.8,0.2447054386138916
16,C3-C4,fbar,50,4,1639,409,0.7946317551410809,0.25248098373413086
16,C3-C4,fbar,50,5,1639,409,0.8044237207077953,0.2791910171508789
16,C4-rest,fbar,50,1,3276,820,0.7235772357723578,0.27667975425720215
16,C4-rest,fbar,50,2,3277,819,0.7518890483022477,0.2756211757659912
16,C4-rest,fbar,50,3,3277,819,0.767394931278303,0.27578020095825195
16,C4-rest,fbar,50,4,3277,819,0.768205291173433,0.28064823150634766
16,C4-rest,fbar,50,5,3277,819,0.747850957336935,0.26998019218444824
16,4class,fbar,50,1,3276,820,0.398780487804878,0.27807092666625977
16,4class,fbar,50,2,3277,819,0.3922285987565758,0.2940390110015869
16,4class,fbar,50,3,3277,819,0.4028335724533716,0.2862672805786133
16,4class,fbar,50,4,3277,819,0.3772178383548541,0.2745628356933594
16,4class,fbar,50,5,3277,819,0.4137733142037303,0.2748453617095947
16,C1-C2,fbar_var,50,1,1638,410,0.6292682926829268,0.2709376811981201
16,C1-C2,fbar_var,50,2,1638,410,0.624390243902439,0.25425267219543457
16,C1-C2,fbar_var,50,3,1638,410,0.6487804878048781,0.2507748603820801
16,C1-C2,fbar_var,50,4,1639,409,0.5842778574844572,0.27499842643737793
16,C1-C2,fbar_var,50,5,1639,409,0.62350549976088,0.26844191551208496
16,C1-C3,fbar_var,50,1,1638,410,0.5682926829268293,0.26636838912963867
16,C1-C3,fbar_var,50,2,1638,410,0.5878048780487805,0.26224207878112793
16,C1-C3,fbar_var,50,3,1638,410,0.5609756097560976,0.2553708553314209
16,C1-C3,fbar_var,50,4,1639,409,0.5720827355332376,0.26079559326171875
16,C1-C3,fbar_var,50,5,1639,409,0.581958393113343,0.2629241943359375
16,C1-C4,fbar_var,50,1,1638,410,0.9609756097560975,0.2697784900665283
16,C1-C4,fbar_var,50,2,1638,410,0.9536585365853658,0.2557973861694336
16,C1-C4,fbar_var,50,3,1638,410,0.9585365853658536,0.26608896255493164
16,C1-C4,fbar_var,50,4,1639,409,0.9559899569583932,0.24933981895446777
16,C1-C4,fbar_var,50,5,1639,409,0.9585007173601148,0.24493145942687988
16,C2-C3,fbar_var,50,1,1638,410,0.5536585365853659,0.26891183853149414
16,C2-C3,fbar_var,50,2,1638,410,0.5707317073170732,0.2691035270690918
16,C2-C3,fbar_var,50,3,1638,410,0.6121951219512195,0.2661139965057373
16,C2-C3,fbar_var,50,4,1639,409,0.6405786704925873,0.2615962028503418
16,C2-C3,fbar_var,50,5,1639,409,0.5745815399330464,0.27696681022644043
16,C2-C4,fbar_var,50,1,1638,410,0.9414634146341463,0.24124526977539062
16,C2-C4,fbar_var,50,2,1638,410,0.9219512195121952,0.24817705154418945
16,C2-C4,fbar_var,50,3,1638,410,0.9390243902439024,0.2628133296966553
16,C2-C4,fbar_var,50,4,1639,409,0.95844093735055,0.27090978622436523
16,C2-C4,fbar_var,50,5,1639,409,0.9413916786226686,0.24020957946777344
16,C3-C4,fbar_var,50,1,1638,410,0.9707317073170731,0.2498006820678711
16,C3-C4,fbar_var,50,2,1638,410,0.9609756097560975,0.2438352108001709
16,C3-C4,fbar_var,50,3,1638,410,0.9585365853658536,0.25952839851379395
16,C3-C4,fbar_var,50,4,1639,409,0.9609038737446198,0.2515289783477783
16,C3-C4,fbar_var,50,5,1639,409,0.9487087517934003,0.24339818954467773
16,C4-rest,fbar_var,50,1,3276,820,0.934959349593496,0.2785804271697998
16,C4-rest,fbar_var,50,2,3277,819,0.9314203730272597,0.2713499069213867
16,C4-rest,fbar_var,50,3,3277,819,0.9503932628902836,0.2759060859680176
16,C4-rest,fbar_var,50,4,3277,819,0.9520139826805434,0.2800123691558838
16,C4-rest,fbar_var,50,5,3277,819,0.9487566536903154,0.2889068126678467
16,4class,fbar_var,50,1,3276,820,0.5365853658536586,0.2781050205230713
16,4class,fbar_var,50,2,3277,819,0.5291726446676231,0.28514957427978516
16,4class,fbar_var,50,3,3277,819,0.5151123864179818,0.2904388904571533
16,4class,fbar_var,50,4,3277,819,0.5224414155906265,0.27890586853027344
16,4class,fbar_var,50,5,3277,819,0.5469153515064562,0.2730686664581299
16,C1-C2,fbar,51,1,1638,410,0.5780487804878048,0.27837157249450684
16,C1-C2,fbar,51,2,1638,410,0.6170731707317073,0.26652097702026367
16,C1-C2,fbar,51,3,1638,410,0.5926829268292683,0.26532936096191406
16,C1-C2,fbar,51,4,1639,409,0.5061573409851745,0.279651403427124
16,C1-C2,fbar,51,5,1639,409,0.5501673840267814,0.2687242031097412
16,C1-C3,fbar,51,1,1638,410,0.551219512195122,0.2686591148376465
16,C1-C3,fbar,51,2,1638,410,0.5146341463414634,0.26781225204467773
16,C1-C3,fbar,51,3,1638,410,0.5463414634146342,0.2613544464111328
16,C1-C3,fbar,51,4,1639,409,0.5305595408895265,0.2606825828552246
16,C1-C3,fbar,51,5,1639,409,0.5403156384505021,0.2649509906768799
16,C1-C4,fbar,51,1,1638,410,0.7658536585365854,0.2477126121520996
16,C1-C4,fbar,51,2,1638,410,0.7951219512195122,0.2536945343017578
16,C1-C4,fbar,51,3,1638,410,0.775609756097561,0.24094343185424805
16,C1-C4,fbar,51,4,1639,409,0.7677427068388332,0.2715644836425781
16,C1-C4,fbar,51,5,1639,409,0.7360593017694883,0.2554750442504883
16,C2-C3,fbar,51,1,1638,410,0.526829268292683,0.2625741958618164
16,C2-C3,fbar,51,2,1638,410,0.43658536585365854,0.26212286949157715
16,C2-C3,fbar,51,3,1638,410,0.4975609756097561,0.2662231922149658
16,C2-C3,fbar,51,4,1639,409,0.5158417025346724,0.26717066764831543
16,C2-C3,fbar,51,5,1639,409,0.48163558106169296,0.2706634998321533
16,C2-C4,fbar,51,1,1638,410,0.8219512195121952,0.2587575912475586
16,C2-C4,fbar,51,2,1638,410,0.8292682926829268,0.25275158882141113
16,C2-C4,fbar,51,3,1638,410,0.7878048780487805,0.26145267486572266
16,C2-C4,fbar,51,4,1639,409,0.8214490674318508,0.2430126667022705
16,C2-C4,fbar,51,5,1639,409,0.7970707795313248,0.2437605857849121
16,C3-C4,fbar,51,1,1638,410,0.8243902439024391,0.2517368793487549
16,C3-C4,fbar,51,2,1638,410,0.8097560975609757,0.24569034576416016
16,C3-C4,fbar,51,3,1638,410,0.8317073170731708,0.2428748607635498
16,C3-C4,fbar,51,4,1639,409,0.8044356767097083,0.24595379829406738
16,C3-C4,fbar,51,5,1639,409,0.806910569105691,0.25222063064575195
16,C4-rest,fbar,51,1,3276,820,0.8016260162601625,0.27982425689697266
16,C4-rest,fbar,51,2,3277,819,0.7919536107125777,0.28792881965637207
16,C4-rest,fbar,51,3,3277,819,0.7828592992770318,0.2775001525878906
16,C4-rest,fbar,51,4,3277,819,0.7836577421148805,0.28939104080200195
16,C4-rest,fbar,51,5,3277,819,0.814546754588067,0.2851402759552002
16,4class,fbar,51,1,3276,820,0.41829268292682925,0.27538490295410156
16,4class,fbar,51,2,3277,819,0.424091343854615,0.29462409019470215
16,4class,fbar,51,3,3277,819,0.4150346724055476,0.2771620750427246
16,4class,fbar,51,4,3277,819,0.40040052606408416,0.2802469730377197
16,4class,fbar,51,5,3277,819,0.4126135820181731,0.30248475074768066
16,C1-C2,fbar_var,51,1,1638,410,0.6512195121951219,0.25873756408691406
16,C1-C2,fbar_var,51,2,1638,410,0.6585365853658537,0.25459814071655273
16,C1-C2,fbar_var,51,3,1638,410,0.6439024390243903,0.26151394844055176
16,C1-C2,fbar_var,51,4,1639,409,0.6087278813964611,0.26187849044799805
16,C1-C2,fbar_var,51,5,1639,409,0.6749043519846963,0.2782008647918701
16,C1-C3,fbar_var,51,1,1638,410,0.5658536585365854,0.25977110862731934
16,C1-C3,fbar_var,51,2,1638,410,0.551219512195122,0.26590991020202637
16,C1-C3,fbar_var,51,3,1638,410,0.578048780487805,0.2697014808654785
16,C1-C3,fbar_var,51,4,1639,409,0.5769488283118125,0.2734816074371338
16,C1-C3,fbar_var,51,5,1639,409,0.6211142993782879,0.28403615951538086
16,C1-C4,fbar_var,51,1,1638,410,0.9585365853658536,0.26159000396728516
16,C1-C4,fbar_var,51,2,1638,410,0.948780487804878,0.24793195724487305
16,C1-C4,fbar_var,51,3,1638,410,0.9682926829268292,0.2393662929534912
16,C1-C4,fbar_var,51,4,1639,409,0.9633189861310378,0.24247384071350098
16,C1-C4,fbar_var,51,5,1639,409,0.9462099473935915,0.2521243095397949
16,C2-C3,fbar_var,51,1,1638,410,0.5756097560975609,0.2630956172943115
16,C2-C3,fbar_var,51,2,1638,410,0.5414634146341464,0.25316429138183594
16,C2-C3,fbar_var,51,3,1638,410,0.5609756097560976,0.28229570388793945
16,C2-C3,fbar_var,51,4,1639,409,0.6429340028694405,0.26107025146484375
16,C2-C3,fbar_var,51,5,1639,409,0.552427068388331,0.2660253047943115
16,C2-C4,fbar_var,51,1,1638,410,0.9414634146341463,0.24300694465637207
16,C2-C4,fbar_var,51,2,1638,410,0.921951219512195,0.24495983123779297
16,C2-C4,fbar_var,51,3,1638,410,0.9414634146341463,0.24072742462158203
16,C2-C4,fbar_var,51,4,1639,409,0.938833094213295,0.2521214485168457
16,C2-C4,fbar_var,51,5,1639,409,0.9315758010521282,0.24327301979064941
16,C3-C4,fbar_var,51,1,1638,410,0.9634146341463414,0.25620150566101074
16,C3-C4,fbar_var,51,2,1638,410,0.948780487804878,0.2410736083984375
16,C3-C4,fbar_var,51,3,1638,410,0.9682926829268292,0.24275803565979004
16,C3-C4,fbar_var,51,4,1639,409,0.9413318986131038,0.2441866397857666
16,C3-C4,fbar_var,51,5,1639,409,0.9560019129603061,0.24317097663879395
16,C4-rest,fbar_var,51,1,3276,820,0.9365853658536585,0.26718735694885254
16,C4-rest,fbar_var,51,2,3277,819,0.92980631276901,0.275698184967041
16,C4-rest,fbar_var,51,3,3277,819,0.9430761897195519,0.27639269828796387
16,C4-rest,fbar_var,51,4,3277,819,0.940637165329308,0.28392505645751953
16,C4-rest,fbar_var,51,5,3277,819,0.9528283149281005,0.26196980476379395
16,4class,fbar_var,51,1,3276,820,0.5280487804878049,0.27476024627685547
16,4class,fbar_var,51,2,3277,819,0.5413558106169297,0.2754020690917969
16,4class,fbar_var,51,3,3277,819,0.5493005738880918,0.27751827239990234
16,4class,fbar_var,51,4,3277,819,0.5224294595887136,0.2791481018066406
16,4class,fbar_var,51,5,3277,819,0.553012912482066,0.28362607955932617
32,C1-C2,fbar,42,1,819,205,0.6389206167904056,0.2435474395751953
32,C1-C2,fbar,42,2,819,205,0.6097468113458975,0.24241280555725098
32,C1-C2,fbar,42,3,819,205,0.6194555492099753,0.23493671417236328
32,C1-C2,fbar,42,4,819,205,0.6292118789263279,0.24669742584228516
32,C1-C2,fbar,42,5,820,204,0.6470588235294118,0.2432389259338379
32,C1-C3,fbar,42,1,819,205,0.6242147344374643,0.2616877555847168
32,C1-C3,fbar,42,2,819,205,0.6389682086426804,0.2350461483001709
32,C1-C3,fbar,42,3,819,205,0.5948505615838569,0.26513051986694336
32,C1-C3,fbar,42,4,819,205,0.629545021892252,0.2657654285430908
32,C1-C3,fbar,42,5,820,204,0.5686274509803921,0.23761510848999023
32,C1-C4,fbar,42,1,819,205,0.83913953931087,0.23844647407531738
32,C1-C4,fbar,42,2,819,205,0.8731201218351419,0.23978352546691895
32,C1-C4,fbar,42,3,819,205,0.8586046068913002,0.2340078353881836
32,C1-C4,fbar,42,4,819,205,0.8243860651056538,0.2345895767211914
32,C1-C4,fbar,42,5,820,204,0.803921568627451,0.23908424377441406
32,C2-C3,fbar,42,1,819,205,0.5269845802398629,0.2347562313079834
32,C2-C3,fbar,42,2,819,205,0.5120883304778222,0.23435735702514648
32,C2-C3,fbar,42,3,819,205,0.5025223681705693,0.23709630966186523
32,C2-C3,fbar,42,4,819,205,0.453502760327432,0.24222898483276367
32,C2-C3,fbar,42,5,820,204,0.5294117647058824,0.24659180641174316
32,C2-C4,fbar,42,1,819,205,0.9023891109841995,0.23057031631469727
32,C2-C4,fbar,42,2,819,205,0.8974871501998858,0.23290348052978516
32,C2-C4,fbar,42,3,819,205,0.8680753854940034,0.2303028106689453
32,C2-C4,fbar,42,4,819,205,0.9123358081096516,0.238739013671875
32,C2-C4,fbar,42,5,820,204,0.8627450980392157,0.23284029960632324
32,C3-C4,fbar,42,1,819,205,0.8781172663240053,0.2464430332183838
32,C3-C4,fbar,42,2,819,205,0.8977251094612602,0.24337100982666016
32,C3-C4,fbar,42,3,819,205,0.907386255473063,0.25702643394470215
32,C3-C4,fbar,42,4,819,205,0.883019227108319,0.24664092063903809
32,C3-C4,fbar,42,5,820,204,0.8529411764705883,0.23566055297851562
32,C4-rest,fbar,42,1,1638,410,0.8761140819964349,0.25395917892456055
32,C4-rest,fbar,42,2,1638,410,0.9172859808355207,0.2732517719268799
32,C4-rest,fbar,42,3,1638,410,0.8412763669713166,0.24095511436462402
32,C4-rest,fbar,42,4,1639,409,0.836718400715335,0.24414777755737305
32,C4-rest,fbar,42,5,1639,409,0.8563102765536181,0.2473735809326172
32,4class,fbar,42,1,1638,410,0.4932181610508281,0.2678372859954834
32,4class,fbar,42,2,1638,410,0.4751332571863697,0.2595486640930176
32,4class,fbar,42,3,1638,410,0.4385351227869789,0.25989723205566406
32,4class,fbar,42,4,1639,409,0.48922044545973725,0.2697451114654541
32,4class,fbar,42,5,1639,409,0.4894346087949743,0.26474452018737793
32,C1-C2,fbar_var,42,1,819,205,0.6972206358271464,0.23905110359191895
32,C1-C2,fbar_var,42,2,819,205,0.7168760708166761,0.2610743045806885
32,C1-C2,fbar_var,42,3,819,205,0.7512373881591472,0.23947715759277344
32,C1-C2,fbar_var,42,4,819,205,0.7170188463735009,0.2519965171813965
32,C1-C2,fbar_var,42,5,820,204,0.7303921568627451,0.2338712215423584
32,C1-C3,fbar_var,42,1,819,205,0.6144584047211118,0.2380383014678955
32,C1-C3,fbar_var,42,2,819,205,0.6585760517799353,0.24628067016601562
32,C1-C3,fbar_var,42,3,819,205,0.6097944031981725,0.23619866371154785
32,C1-C3,fbar_var,42,4,819,205,0.6637159718256234,0.26270294189453125
32,C1-C3,fbar_var,42,5,820,204,0.6323529411764706,0.24872660636901855
32,C1-C4,fbar_var,42,1,819,205,0.9951456310679612,0.23262548446655273
32,C1-C4,fbar_var,42,2,819,205,0.9805349324195698,0.23867082595825195
32,C1-C4,fbar_var,42,3,819,205,0.9902912621359223,0.255443811416626
32,C1-C4,fbar_var,42,4,819,205,0.9853417094993338,0.23360776901245117
32,C1-C4,fbar_var,42,5,820,204,0.9901960784313726,0.23488783836364746
32,C2-C3,fbar_var,42,1,819,205,0.5997049305158957,0.2534468173980713
32,C2-C3,fbar_var,42,2,819,205,0.6098419950504473,0.24142193794250488
32,C2-C3,fbar_var,42,3,819,205,0.5365029506948411,0.24300312995910645
32,C2-C3,fbar_var,42,4,819,205,0.5758138206739006,0.23999452590942383
32,C2-C3,fbar_var,42,5,820,204,0.6274509803921569,0.24398469924926758
32,C2-C4,fbar_var,42,1,819,205,0.9706834189986675,0.2422478199005127
32,C2-C4,fbar_var,42,2,819,205,0.9756329716352561,0.23395991325378418
32,C2-C4,fbar_var,42,3,819,205,0.9805825242718447,0.23375773429870605
32,C2-C4,fbar_var,42,4,819,205,0.9707786027032173,0.23357415199279785
32,C2-C4,fbar_var,42,5,820,204,0.9705882352941176,0.24503231048583984
32,C3-C4,fbar_var,42,1,819,205,0.9755853797829812,0.24719572067260742
32,C3-C4,fbar_var,42,2,819,205,0.9951456310679612,0.23291802406311035
32,C3-C4,fbar_var,42,3,819,205,0.9902912621359223,0.23332858085632324
32,C3-C4,fbar_var,42,4,819,205,0.9805825242718447,0.2526998519897461
32,C3-C4,fbar_var,42,5,820,204,0.9901960784313726,0.23304271697998047
32,C4-rest,fbar_var,42,1,1638,410,0.9803921568627452,0.2535989284515381
32,C4-rest,fbar_var,42,2,1638,410,0.9740994908446918,0.24489402770996094
32,C4-rest,fbar_var,42,3,1638,410,0.9724708263495778,0.2545962333679199
32,C4-rest,fbar_var,42,4,1639,409,0.9853100849460306,0.2536356449127197
32,C4-rest,fbar_var,42,5,1639,409,0.9852941176470589,0.2636284828186035
32,4class,fbar_var,42,1,1638,410,0.578669331810394,0.24805116653442383
32,4class,fbar_var,42,2,1638,410,0.5968256234532647,0.2656679153442383
32,4class,fbar_var,42,3,1638,410,0.5870454978107749,0.2511167526245117
32,4class,fbar_var,42,4,1639,409,0.630877593755949,0.25441527366638184
32,4class,fbar_var,42,5,1639,409,0.611531505806206,0.25391697883605957
32,C1-C2,fbar,43,1,819,205,0.6242147344374643,0.2559802532196045
32,C1-C2,fbar,43,2,819,205,0.6437749857224444,0.2545175552368164
32,C1-C2,fbar,43,3,819,205,0.5904721111745669,0.25675320625305176
32,C1-C2,fbar,43,4,819,205,0.6436322101656197,0.24775004386901855
32,C1-C2,fbar,43,5,820,204,0.6225490196078431,0.2439098358154297
32,C1-C3,fbar,43,1,819,205,0.5609175709118599,0.24605488777160645
32,C1-C3,fbar,43,2,819,205,0.5560632019798211,0.2633509635925293
32,C1-C3,fbar,43,3,819,205,0.5807633733104892,0.23635244369506836
32,C1-C3,fbar,43,4,819,205,0.5463068722634685,0.25407886505126953
32,C1-C3,fbar,43,5,820,204,0.6225490196078431,0.24097537994384766
32,C1-C4,fbar,43,1,819,205,0.8294783932990673,0.23414063453674316
32,C1-C4,fbar,43,2,819,205,0.814772510946126,0.25895142555236816
32,C1-C4,fbar,43,3,819,205,0.8634589758233391,0.23481965065002441
32,C1-C4,fbar,43,4,819,205,0.8049209975252236,0.23849701881408691
32,C1-C4,fbar,43,5,820,204,0.7794117647058822,0.23956036567687988
32,C2-C3,fbar,43,1,819,205,0.5075195126594327,0.23694968223571777
32,C2-C3,fbar,43,2,819,205,0.5217970683418999,0.24034380912780762
32,C2-C3,fbar,43,3,819,205,0.47834570721492475,0.2639608383178711
32,C2-C3,fbar,43,4,819,205,0.4292785075195127,0.23415732383728027
32,C2-C3,fbar,43,5,820,204,0.4901960784313726,0.23581790924072266
32,C2-C4,fbar,43,1,819,205,0.8783076337331048,0.23260498046875
32,C2-C4,fbar,43,2,819,205,0.8876356367789835,0.23096346855163574
32,C2-C4,fbar,43,3,819,205,0.8680277936417286,0.2457108497619629
32,C2-C4,fbar,43,4,819,205,0.8390443556063202,0.23665070533752441
32,C2-C4,fbar,43,5,820,204,0.8725490196078431,0.23307394981384277
32,C3-C4,fbar,43,1,819,205,0.8927279649723967,0.24522995948791504
32,C3-C4,fbar,43,2,819,205,0.8634113839710642,0.2367870807647705
32,C3-C4,fbar,43,3,819,205,0.9022939272796497,0.23708319664001465
32,C3-C4,fbar,43,4,819,205,0.9074814391776127,0.26079297065734863
32,C3-C4,fbar,43,5,820,204,0.8627450980392157,0.23984169960021973
32,C4-rest,fbar,43,1,1638,410,0.8678062133944486,0.24766278266906738
32,C4-rest,fbar,43,2,1638,410,0.8897568071850985,0.25209617614746094
32,C4-rest,fbar,43,3,1638,410,0.87845102937921,0.25827574729919434
32,C4-rest,fbar,43,4,1639,409,0.8400236316024781,0.24174165725708008
32,C4-rest,fbar,43,5,1639,409,0.8530529475633901,0.25209546089172363
32,4class,fbar,43,1,1638,410,0.4419379402246335,0.26725172996520996
32,4class,fbar,43,2,1638,410,0.4823434228060156,0.25461530685424805
32,4class,fbar,43,3,1638,410,0.4751570531125071,0.26381897926330566
32,4class,fbar,43,4,1639,409,0.4866742813630306,0.27002739906311035
32,4class,fbar,43,5,1639,409,0.45514467923091567,0.25125622749328613
32,C1-C2,fbar_var,43,1,819,205,0.7073101085094232,0.2593228816986084
32,C1-C2,fbar_var,43,2,819,205,0.7459546925566343,0.2614102363586426
32,C1-C2,fbar_var,43,3,819,205,0.7124976204073863,0.2491896152496338
32,C1-C2,fbar_var,43,4,819,205,0.785217970683419,0.2449042797088623
32,C1-C2,fbar_var,43,5,820,204,0.7941176470588235,0.23881769180297852
32,C1-C3,fbar_var,43,1,819,205,0.5902817437654673,0.23557233810424805
32,C1-C3,fbar_var,43,2,819,205,0.5996573386636208,0.2516336441040039
32,C1-C3,fbar_var,43,3,819,205,0.6633352370074244,0.24237394332885742
32,C1-C3,fbar_var,43,4,819,205,0.6341138397106416,0.26401233673095703
32,C1-C3,fbar_var,43,5,820,204,0.6470588235294117,0.2579667568206787
32,C1-C4,fbar_var,43,1,819,205,0.9950980392156863,0.23341846466064453
32,C1-C4,fbar_var,43,2,819,205,0.9707786027032173,0.2461075782775879
32,C1-C4,fbar_var,43,3,819,205,0.9951456310679612,0.25566911697387695
32,C1-C4,fbar_var,43,4,819,205,0.9902436702836475,0.24044203758239746
32,C1-C4,fbar_var,43,5,820,204,0.9950980392156863,0.23605990409851074
32,C2-C3,fbar_var,43,1,819,205,0.6780411193603655,0.25455236434936523
32,C2-C3,fbar_var,43,2,819,205,0.6975537787930706,0.24649691581726074
32,C2-C3,fbar_var,43,3,819,205,0.6050828098229584,0.23937201499938965
32,C2-C3,fbar_var,43,4,819,205,0.5852845992766038,0.2602996826171875
32,C2-C3,fbar_var,43,5,820,204,0.6519607843137254,0.23884367942810059
32,C2-C4,fbar_var,43,1,819,205,0.9707310108509424,0.2308061122894287
32,C2-C4,fbar_var,43,2,819,205,0.9511231677136874,0.23323297500610352
32,C2-C4,fbar_var,43,3,819,205,0.9853893013516086,0.23830270767211914
32,C2-C4,fbar_var,43,4,819,205,0.9707786027032173,0.23729276657104492
32,C2-C4,fbar_var,43,5,820,204,0.9754901960784315,0.23564839363098145
32,C3-C4,fbar_var,43,1,819,205,0.9901960784313726,0.23123383522033691
32,C3-C4,fbar_var,43,2,819,205,0.9657338663620788,0.25903892517089844
32,C3-C4,fbar_var,43,3,819,205,0.9902436702836475,0.23668193817138672
32,C3-C4,fbar_var,43,4,819,205,0.9902912621359223,0.23500370979309082
32,C3-C4,fbar_var,43,5,820,204,0.9803921568627451,0.23555707931518555
32,C4-rest,fbar_var,43,1,1638,410,0.9836707410236822,0.2694876194000244
32,C4-rest,fbar_var,43,2,1638,410,0.969245121912653,0.2640092372894287
32,C4-rest,fbar_var,43,3,1638,410,0.9740678662913886,0.24538874626159668
32,C4-rest,fbar_var,43,4,1639,409,0.9689595707990036,0.2448420524597168
32,C4-rest,fbar_var,43,5,1639,409,0.9901960784313726,0.26262927055358887
32,4class,fbar_var,43,1,1638,410,0.5738387588044926,0.2648658752441406
32,4class,fbar_var,43,2,1638,410,0.604154768703598,0.25000596046447754
32,4class,fbar_var,43,3,1638,410,0.5872358652198744,0.2651560306549072
32,4class,fbar_var,43,4,1639,409,0.640705311250714,0.2563498020172119
32,4class,fbar_var,43,5,1639,409,0.6214544070055207,0.25572800636291504
32,C1-C2,fbar,44,1,819,205,0.6096516276413478,0.24408864974975586
32,C1-C2,fbar,44,2,819,205,0.5902341519131924,0.26306915283203125
32,C1-C2,fbar,44,3,819,205,0.5709118598895868,0.2630488872528076
32,C1-C2,fbar,44,4,819,205,0.6243099181420141,0.2442641258239746
32,C1-C2,fbar,44,5,820,204,0.5980392156862746,0.24241042137145996
32,C1-C3,fbar,44,1,819,205,0.6048448505615838,0.25368714332580566
32,C1-C3,fbar,44,2,819,205,0.6389682086426804,0.2380373477935791
32,C1-C3,fbar,44,3,819,205,0.614743955834761,0.24594712257385254
32,C1-C3,fbar,44,4,819,205,0.575242718446602,0.26187634468078613
32,C1-C3,fbar,44,5,820,204,0.5882352941176471,0.25540757179260254
32,C1-C4,fbar,44,1,819,205,0.7950694841043213,0.24038267135620117
32,C1-C4,fbar,44,2,819,205,0.8681705691985533,0.24391818046569824
32,C1-C4,fbar,44,3,819,205,0.8681705691985533,0.2587318420410156
32,C1-C4,fbar,44,4,819,205,0.8441366837997335,0.23629283905029297
32,C1-C4,fbar,44,5,820,204,0.857843137254902,0.24259710311889648
32,C2-C3,fbar,44,1,819,205,0.478250523510375,0.24213266372680664
32,C2-C3,fbar,44,2,819,205,0.5220826194555492,0.23723483085632324
32,C2-C3,fbar,44,3,819,205,0.47834570721492475,0.26349639892578125
32,C2-C3,fbar,44,4,819,205,0.5609175709118599,0.25000929832458496
32,C2-C3,fbar,44,5,820,204,0.5294117647058824,0.24288082122802734
32,C2-C4,fbar,44,1,819,205,0.8636969350847135,0.2324984073638916
32,C2-C4,fbar,44,2,819,205,0.8681705691985533,0.23761558532714844
32,C2-C4,fbar,44,3,819,205,0.8974871501998858,0.2391049861907959
32,C2-C4,fbar,44,4,819,205,0.9076242147344374,0.25338149070739746
32,C2-C4,fbar,44,5,820,204,0.8627450980392157,0.2488870620727539
32,C3-C4,fbar,44,1,819,205,0.9316581001332571,0.2527961730957031
32,C3-C4,fbar,44,2,819,205,0.8828764515514944,0.2486572265625
32,C3-C4,fbar,44,3,819,205,0.8925851894155721,0.23876667022705078
32,C3-C4,fbar,44,4,819,205,0.8782124500285551,0.24147272109985352
32,C3-C4,fbar,44,5,820,204,0.8725490196078431,0.24054980278015137
32,C4-rest,fbar,44,1,1638,410,0.8580659536541889,0.25351715087890625
32,C4-rest,fbar,44,2,1638,410,0.9124948610100883,0.27822113037109375
32,C4-rest,fbar,44,3,1638,410,0.8833053983112489,0.25707411766052246
32,C4-rest,fbar,44,4,1639,409,0.8710001916075876,0.2422935962677002
32,C4-rest,fbar,44,5,1639,409,0.8171105575780802,0.24924945831298828
32,4class,fbar,44,1,1638,410,0.46394917190177043,0.25911879539489746
32,4class,fbar,44,2,1638,410,0.4799876261184085,0.26758646965026855
32,4class,fbar,44,3,1638,410,0.501927470017133,0.2716357707977295
32,4class,fbar,44,4,1639,409,0.45490671996954124,0.24477171897888184
32,4class,fbar,44,5,1639,409,0.48933942509042455,0.2616269588470459
32,C1-C2,fbar_var,44,1,819,205,0.7165905197030269,0.25136828422546387
32,C1-C2,fbar_var,44,2,819,205,0.6777555682467162,0.2554607391357422
32,C1-C2,fbar_var,44,3,819,205,0.6635256044165239,0.2558753490447998
32,C1-C2,fbar_var,44,4,819,205,0.7072625166571482,0.25438714027404785
32,C1-C2,fbar_var,44,5,820,204,0.6764705882352942,0.23470330238342285
32,C1-C3,fbar_var,44,1,819,205,0.6389206167904056,0.23603391647338867
32,C1-C3,fbar_var,44,2,819,205,0.5950409289929564,0.23755264282226562
32,C1-C3,fbar_var,44,3,819,205,0.6390633923472302,0.26239728927612305
32,C1-C3,fbar_var,44,4,819,205,0.6342566152674662,0.2540600299835205
32,C1-C3,fbar_var,44,5,820,204,0.6666666666666666,0.24512815475463867
32,C1-C4,fbar_var,44,1,819,205,0.9951456310679612,0.23476266860961914
32,C1-C4,fbar_var,44,2,819,205,0.9804873405672949,0.23255705833435059
32,C1-C4,fbar_var,44,3,819,205,0.9755377879307063,0.23508119583129883
32,C1-C4,fbar_var,44,4,819,205,1.0,0.23940300941467285
32,C1-C4,fbar_var,44,5,820,204,0.9803921568627452,0.24224472045898438
32,C2-C3,fbar_var,44,1,819,205,0.6343042071197411,0.2595090866088867
32,C2-C3,fbar_var,44,2,819,205,0.595231296402056,0.24336981773376465
32,C2-C3,fbar_var,44,3,819,205,0.6246906529602132,0.261218786239624
32,C2-C3,fbar_var,44,4,819,205,0.5905672948791167,0.23318266868591309
32,C2-C3,fbar_var,44,5,820,204,0.6568627450980392,0.2527444362640381
32,C2-C4,fbar_var,44,1,819,205,0.9756329716352561,0.23755979537963867
32,C2-C4,fbar_var,44,2,819,205,0.946078431372549,0.238724946975708
32,C2-C4,fbar_var,44,3,819,205,0.9755853797829812,0.23479747772216797
32,C2-C4,fbar_var,44,4,819,205,0.9950980392156863,0.24216818809509277
32,C2-C4,fbar_var,44,5,820,204,0.946078431372549,0.2413802146911621
32,C3-C4,fbar_var,44,1,819,205,0.9804873405672949,0.2565338611602783
32,C3-C4,fbar_var,44,2,819,205,0.9607843137254901,0.23624062538146973
32,C3-C4,fbar_var,44,3,819,205,0.9853893013516086,0.23917222023010254
32,C3-C4,fbar_var,44,4,819,205,0.9950980392156863,0.23192191123962402
32,C3-C4,fbar_var,44,5,820,204,0.9803921568627451,0.23232340812683105
32,C4-rest,fbar_var,44,1,1638,410,0.9656862745098039,0.2425827980041504
32,C4-rest,fbar_var,44,2,1638,410,0.9935169665728472,0.23978686332702637
32,C4-rest,fbar_var,44,3,1638,410,0.9837766041554663,0.24383544921875
32,C4-rest,fbar_var,44,4,1639,409,0.9640735773136616,0.25925564765930176
32,C4-rest,fbar_var,44,5,1639,409,0.9607843137254901,0.2395639419555664
32,4class,fbar_var,44,1,1638,410,0.6151008947268227,0.25448155403137207
32,4class,fbar_var,44,2,1638,410,0.5845469255663431,0.2580537796020508
32,4class,fbar_var,44,3,1638,410,0.609294688749286,0.28412699699401855
32,4class,fbar_var,44,4,1639,409,0.5869027222539501,0.24785423278808594
32,4class,fbar_var,44,5,1639,409,0.6262373881591472,0.2655184268951416
32,C1-C2,fbar,45,1,819,205,0.6051779935275081,0.25684428215026855
32,C1-C2,fbar,45,2,819,205,0.6483913953931086,0.2447974681854248
32,C1-C2,fbar,45,3,819,205,0.6589091947458595,0.2664506435394287
32,C1-C2,fbar,45,4,819,205,0.6390633923472302,0.25754356384277344
32,C1-C2,fbar,45,5,820,204,0.6372549019607843,0.2633969783782959
32,C1-C3,fbar,45,1,819,205,0.5607747953550353,0.2359623908996582
32,C1-C3,fbar,45,2,819,205,0.6387778412335808,0.2605319023132324
32,C1-C3,fbar,45,3,819,205,0.6341138397106416,0.24822187423706055
32,C1-C3,fbar,45,4,819,205,0.6485817628022083,0.23378705978393555
32,C1-C3,fbar,45,5,820,204,0.6127450980392157,0.23815369606018066
32,C1-C4,fbar,45,1,819,205,0.8584618313344755,0.2449629306793213
32,C1-C4,fbar,45,2,819,205,0.8339520274129069,0.24921488761901855
32,C1-C4,fbar,45,3,819,205,0.8635541595278888,0.23994851112365723
32,C1-C4,fbar,45,4,819,205,0.8829240434037693,0.24212145805358887
32,C1-C4,fbar,45,5,820,204,0.8235294117647058,0.23127055168151855
32,C2-C3,fbar,45,1,819,205,0.5170378831144108,0.23406553268432617
32,C2-C3,fbar,45,2,819,205,0.46340186560060914,0.24487042427062988
32,C2-C3,fbar,45,3,819,205,0.4687797449076718,0.24124455451965332
32,C2-C3,fbar,45,4,819,205,0.5267466209784885,0.2570054531097412
32,C2-C3,fbar,45,5,820,204,0.4901960784313726,0.2404327392578125
32,C2-C4,fbar,45,1,819,205,0.9023891109841995,0.23417401313781738
32,C2-C4,fbar,45,2,819,205,0.873072529982867,0.2335338592529297
32,C2-C4,fbar,45,3,819,205,0.8879211878926327,0.23113608360290527
32,C2-C4,fbar,45,4,819,205,0.8973443746430612,0.23680591583251953
32,C2-C4,fbar,45,5,820,204,0.8725490196078431,0.23902082443237305
32,C3-C4,fbar,45,1,819,205,0.883019227108319,0.23495721817016602
32,C3-C4,fbar,45,2,819,205,0.9072434799162383,0.23991703987121582
32,C3-C4,fbar,45,3,819,205,0.8634589758233391,0.23781466484069824
32,C3-C4,fbar,45,4,819,205,0.9022463354273749,0.23639321327209473
32,C3-C4,fbar,45,5,820,204,0.8774509803921569,0.2403404712677002
32,C4-rest,fbar,45,1,1638,410,0.8498217468805704,0.2649874687194824
32,C4-rest,fbar,45,2,1638,410,0.8978368805540622,0.2409982681274414
32,C4-rest,fbar,45,3,1638,410,0.8913538471269093,0.2613792419433594
32,C4-rest,fbar,45,4,1639,409,0.8563422111515615,0.2444169521331787
32,C4-rest,fbar,45,5,1639,409,0.8824168103723574,0.2541165351867676
32,4class,fbar,45,1,1638,410,0.4931229773462783,0.2555198669433594
32,4class,fbar,45,2,1638,410,0.5137778412335808,0.2606079578399658
32,4class,fbar,45,3,1638,410,0.4947411003236246,0.2552762031555176
32,4class,fbar,45,4,1639,409,0.47710831905577766,0.25821709632873535
32,4class,fbar,45,5,1639,409,0.4893156291642871,0.24581360816955566
32,C1-C2,fbar_var,45,1,819,205,0.6976965543498953,0.2577173709869385
32,C1-C2,fbar_var,45,2,819,205,0.6831334475537788,0.23490214347839355
32,C1-C2,fbar_var,45,3,819,205,0.7124976204073863,0.23815703392028809
32,C1-C2,fbar_var,45,4,819,205,0.7175899486007995,0.23560857772827148
32,C1-C2,fbar_var,45,5,820,204,0.7009803921568627,0.24151301383972168
32,C1-C3,fbar_var,45,1,819,205,0.5949457452884066,0.24048805236816406
32,C1-C3,fbar_var,45,2,819,205,0.6440605368360937,0.24110770225524902
32,C1-C3,fbar_var,45,3,819,205,0.6439653531315439,0.2430260181427002
32,C1-C3,fbar_var,45,4,819,205,0.6538644584047211,0.2556028366088867
32,C1-C3,fbar_var,45,5,820,204,0.7107843137254901,0.24194836616516113
32,C1-C4,fbar_var,45,1,819,205,0.9853893013516086,0.23673748970031738
32,C1-C4,fbar_var,45,2,819,205,0.9902436702836475,0.23912382125854492
32,C1-C4,fbar_var,45,3,819,205,0.9707786027032173,0.24046778678894043
32,C1-C4,fbar_var,45,4,819,205,1.0,0.23674249649047852
32,C1-C4,fbar_var,45,5,820,204,0.9950980392156863,0.24522161483764648
32,C2-C3,fbar_var,45,1,819,205,0.6195031410622501,0.24124598503112793
32,C2-C3,fbar_var,45,2,819,205,0.6292118789263279,0.23379111289978027
32,C2-C3,fbar_var,45,3,819,205,0.610032362459547,0.2480161190032959
32,C2-C3,fbar_var,45,4,819,205,0.6536740909956216,0.23458099365234375
32,C2-C3,fbar_var,45,5,820,204,0.5931372549019608,0.24527835845947266
32,C2-C4,fbar_var,45,1,819,205,0.9853893013516086,0.2320842742919922
32,C2-C4,fbar_var,45,2,819,205,0.9803921568627452,0.24082660675048828
32,C2-C4,fbar_var,45,3,819,205,0.9610698648391396,0.23758316040039062
32,C2-C4,fbar_var,45,4,819,205,0.9902912621359223,0.24367761611938477
32,C2-C4,fbar_var,45,5,820,204,0.9607843137254902,0.23033356666564941
32,C3-C4,fbar_var,45,1,819,205,0.9950980392156863,0.23280024528503418
32,C3-C4,fbar_var,45,2,819,205,0.9803921568627452,0.23641133308410645
32,C3-C4,fbar_var,45,3,819,205,0.9708261945554921,0.23584532737731934
32,C3-C4,fbar_var,45,4,819,205,0.9951456310679612,0.2326054573059082
32,C3-C4,fbar_var,45,5,820,204,0.9754901960784313,0.24602985382080078
32,C4-rest,fbar_var,45,1,1638,410,0.968964858670741,0.2439723014831543
32,C4-rest,fbar_var,45,2,1638,410,0.9789538597767307,0.24543309211730957
32,C4-rest,fbar_var,45,3,1638,410,0.9854052686505803,0.2630805969238281
32,C4-rest,fbar_var,45,4,1639,409,0.9705882352941176,0.24227380752563477
32,C4-rest,fbar_var,45,5,1639,409,0.9803921568627452,0.2385408878326416
32,4class,fbar_var,45,1,1638,410,0.6104844850561584,0.2599906921386719
32,4class,fbar_var,45,2,1638,410,0.6067009328003046,0.25752878189086914
32,4class,fbar_var,45,3,1638,410,0.6142680373120122,0.25307512283325195
32,4class,fbar_var,45,4,1639,409,0.6458690272225395,0.2691836357116699
32,4class,fbar_var,45,5,1639,409,0.626332571863697,0.24573707580566406
32,C1-C2,fbar,46,1,819,205,0.5852845992766038,0.23556208610534668
32,C1-C2,fbar,46,2,819,205,0.6441081286883685,0.23446416854858398
32,C1-C2,fbar,46,3,819,205,0.6829430801446792,0.25775814056396484
32,C1-C2,fbar,46,4,819,205,0.6778983438035409,0.23604822158813477
32,C1-C2,fbar,46,5,820,204,0.661764705882353,0.24907398223876953
32,C1-C3,fbar,46,1,819,205,0.6194079573577004,0.23220205307006836
32,C1-C3,fbar,46,2,819,205,0.6439653531315439,0.23185491561889648
32,C1-C3,fbar,46,3,819,205,0.633923472301542,0.2544872760772705
32,C1-C3,fbar,46,4,819,205,0.6488197220635827,0.2588539123535156
32,C1-C3,fbar,46,5,820,204,0.6127450980392157,0.2353067398071289
32,C1-C4,fbar,46,1,819,205,0.8537026461069865,0.24697399139404297
32,C1-C4,fbar,46,2,819,205,0.8974871501998858,0.2360856533050537
32,C1-C4,fbar,46,3,819,205,0.8146297353893013,0.24374818801879883
32,C1-C4,fbar,46,4,819,205,0.8342851703788312,0.25352907180786133
32,C1-C4,fbar,46,5,820,204,0.8382352941176471,0.2530653476715088
32,C2-C3,fbar,46,1,819,205,0.48291452503331433,0.24244117736816406
32,C2-C3,fbar,46,2,819,205,0.5075671045117076,0.2578620910644531
32,C2-C3,fbar,46,3,819,205,0.5074719208071579,0.2486588954925537
32,C2-C3,fbar,46,4,819,205,0.45859508852084524,0.24129962921142578
32,C2-C3,fbar,46,5,820,204,0.5147058823529411,0.23611092567443848
32,C2-C4,fbar,46,1,819,205,0.9171901770416905,0.23323607444763184
32,C2-C4,fbar,46,2,819,205,0.9025318865410241,0.23716211318969727
32,C2-C4,fbar,46,3,819,205,0.8831144108128688,0.2357344627380371
32,C2-C4,fbar,46,4,819,205,0.8636017513801637,0.2453618049621582
32,C2-C4,fbar,46,5,820,204,0.9019607843137254,0.23443961143493652
32,C3-C4,fbar,46,1,819,205,0.9074338473253379,0.23069262504577637
32,C3-C4,fbar,46,2,819,205,0.9316581001332571,0.2420661449432373
32,C3-C4,fbar,46,3,819,205,0.892632781267847,0.23110580444335938
32,C3-C4,fbar,46,4,819,205,0.9024367028364744,0.2354755401611328
32,C3-C4,fbar,46,5,820,204,0.8921568627450981,0.23737239837646484
32,C4-rest,fbar,46,1,1638,410,0.8466386554621849,0.24190902709960938
32,C4-rest,fbar,46,2,1638,410,0.8947060497770469,0.2532026767730713
32,C4-rest,fbar,46,3,1638,410,0.8930773852819329,0.2460463047027588
32,C4-rest,fbar,46,4,1639,409,0.9102318451810691,0.2456226348876953
32,C4-rest,fbar,46,5,1639,409,0.8775627514849588,0.2411189079284668
32,4class,fbar,46,1,1638,410,0.46140300780506377,0.24606728553771973
32,4class,fbar,46,2,1638,410,0.513896820864268,0.2657315731048584
32,4class,fbar,46,3,1638,410,0.5238435179897202,0.2575414180755615
32,4class,fbar,46,4,1639,409,0.5016181229773463,0.2625434398651123
32,4class,fbar,46,5,1639,409,0.47232533790215114,0.26311445236206055
32,C1-C2,fbar_var,46,1,819,205,0.6777555682467162,0.24380087852478027
32,C1-C2,fbar_var,46,2,819,205,0.7121168855891871,0.23622894287109375
32,C1-C2,fbar_var,46,3,819,205,0.6583380925185609,0.255368709564209
32,C1-C2,fbar_var,46,4,819,205,0.716923662668951,0.25186800956726074
32,C1-C2,fbar_var,46,5,820,204,0.7843137254901962,0.23400211334228516
32,C1-C3,fbar_var,46,1,819,205,0.6877498572244432,0.24899721145629883
32,C1-C3,fbar_var,46,2,819,205,0.6340662478583667,0.2411332130432129
32,C1-C3,fbar_var,46,3,819,205,0.6244051018465638,0.23871612548828125
32,C1-C3,fbar_var,46,4,819,205,0.658671235484485,0.25385427474975586
32,C1-C3,fbar_var,46,5,820,204,0.6862745098039216,0.2592923641204834
32,C1-C4,fbar_var,46,1,819,205,0.9902436702836475,0.23696446418762207
32,C1-C4,fbar_var,46,2,819,205,1.0,0.23497796058654785
32,C1-C4,fbar_var,46,3,819,205,0.9853893013516086,0.2334587574005127
32,C1-C4,fbar_var,46,4,819,205,0.9804873405672949,0.23573088645935059
32,C1-C4,fbar_var,46,5,820,204,0.9901960784313726,0.24144864082336426
32,C2-C3,fbar_var,46,1,819,205,0.6584332762231107,0.24269533157348633
32,C2-C3,fbar_var,46,2,819,205,0.6341614315629165,0.24589157104492188
32,C2-C3,fbar_var,46,3,819,205,0.5711498191509614,0.23420286178588867
32,C2-C3,fbar_var,46,4,819,205,0.687797449076718,0.2487328052520752
32,C2-C3,fbar_var,46,5,820,204,0.607843137254902,0.23833966255187988
32,C2-C4,fbar_var,46,1,819,205,0.9951456310679612,0.2532076835632324
32,C2-C4,fbar_var,46,2,819,205,0.9706358271463925,0.23835349082946777
32,C2-C4,fbar_var,46,3,819,205,0.9708261945554921,0.23812317848205566
32,C2-C4,fbar_var,46,4,819,205,0.9708261945554921,0.2311556339263916
32,C2-C4,fbar_var,46,5,820,204,0.9803921568627452,0.23809480667114258
32,C3-C4,fbar_var,46,1,819,205,0.9951456310679612,0.2377758026123047
32,C3-C4,fbar_var,46,2,819,205,0.9804873405672949,0.2332015037536621
32,C3-C4,fbar_var,46,3,819,205,0.9805349324195698,0.23329544067382812
32,C3-C4,fbar_var,46,4,819,205,0.9854368932038835,0.2505366802215576
32,C3-C4,fbar_var,46,5,820,204,0.9803921568627452,0.2362077236175537
32,C4-rest,fbar_var,46,1,1638,410,0.9624395212630508,0.24304914474487305
32,C4-rest,fbar_var,46,2,1638,410,0.9789538597767307,0.2573726177215576
32,C4-rest,fbar_var,46,3,1638,410,0.9918883020777332,0.25011515617370605
32,C4-rest,fbar_var,46,4,1639,409,0.9787634923676312,0.24350857734680176
32,C4-rest,fbar_var,46,5,1639,409,0.9689755380979753,0.26290082931518555
32,4class,fbar_var,46,1,1638,410,0.6201456310679612,0.26838088035583496
32,4class,fbar_var,46,2,1638,410,0.596730439748715,0.2544121742248535
32,4class,fbar_var,46,3,1638,410,0.606724728726442,0.2629420757293701
32,4class,fbar_var,46,4,1639,409,0.6311393489434609,0.2602505683898926
32,4class,fbar_var,46,5,1639,409,0.6289739196649534,0.25238609313964844
32,C1-C2,fbar,47,1,819,205,0.5857129259470779,0.24048805236816406
32,C1-C2,fbar,47,2,819,205,0.6196935084713497,0.2456803321838379
32,C1-C2,fbar,47,3,819,205,0.6149819150961355,0.25856852531433105
32,C1-C2,fbar,47,4,819,205,0.6243099181420141,0.2349555492401123
32,C1-C2,fbar,47,5,820,204,0.6764705882352942,0.2519059181213379
32,C1-C3,fbar,47,1,819,205,0.6003236245954693,0.2348160743713379
32,C1-C3,fbar,47,2,819,205,0.5852370074243289,0.2352313995361328
32,C1-C3,fbar,47,3,819,205,0.6440605368360937,0.23359298706054688
32,C1-C3,fbar,47,4,819,205,0.6096516276413478,0.24169540405273438
32,C1-C3,fbar,47,5,820,204,0.553921568627451,0.256298303604126
32,C1-C4,fbar,47,1,819,205,0.829097658480868,0.23624920845031738
32,C1-C4,fbar,47,2,819,205,0.8291928421854178,0.23791241645812988
32,C1-C4,fbar,47,3,819,205,0.8047306301161241,0.23703622817993164
32,C1-C4,fbar,47,4,819,205,0.8683609366076528,0.23297810554504395
32,C1-C4,fbar,47,5,820,204,0.8284313725490196,0.2537508010864258
32,C2-C3,fbar,47,1,819,205,0.4634494574528841,0.2588694095611572
32,C2-C3,fbar,47,2,819,205,0.4777270131353512,0.23747849464416504
32,C2-C3,fbar,47,3,819,205,0.4874833428517038,0.23752164840698242
32,C2-C3,fbar,47,4,819,205,0.458690272225395,0.2466874122619629
32,C2-C3,fbar,47,5,820,204,0.46568627450980393,0.2404618263244629
32,C2-C4,fbar,47,1,819,205,0.912145440700552,0.23528814315795898
32,C2-C4,fbar,47,2,819,205,0.8683133447553779,0.2303175926208496
32,C2-C4,fbar,47,3,819,205,0.8682181610508282,0.23542404174804688
32,C2-C4,fbar,47,4,819,205,0.8683133447553779,0.24806714057922363
32,C2-C4,fbar,47,5,820,204,0.8921568627450981,0.23771357536315918
32,C3-C4,fbar,47,1,819,205,0.9072434799162383,0.23799729347229004
32,C3-C4,fbar,47,2,819,205,0.8538454216638112,0.23700189590454102
32,C3-C4,fbar,47,3,819,205,0.843898724538359,0.23279809951782227
32,C3-C4,fbar,47,4,819,205,0.8536074624024367,0.25363993644714355
32,C3-C4,fbar,47,5,820,204,0.8627450980392157,0.2367098331451416
32,C4-rest,fbar,47,1,1638,410,0.8613127069009422,0.24640965461730957
32,C4-rest,fbar,47,2,1638,410,0.8621960089813732,0.25972461700439453
32,C4-rest,fbar,47,3,1638,410,0.871936371398754,0.2536129951477051
32,C4-rest,fbar,47,4,1639,409,0.8595835728428178,0.2635495662689209
32,C4-rest,fbar,47,5,1639,409,0.8514242830682761,0.2471935749053955
32,4class,fbar,47,1,1638,410,0.4446506758043023,0.2579498291015625
32,4class,fbar,47,2,1638,410,0.4553826384922901,0.26514577865600586
32,4class,fbar,47,3,1638,410,0.4481248810203693,0.24485015869140625
32,4class,fbar,47,4,1639,409,0.46475823339044353,0.26073431968688965
32,4class,fbar,47,5,1639,409,0.4772510946126023,0.2816624641418457
32,C1-C2,fbar_var,47,1,819,205,0.6828954882924043,0.26002073287963867
32,C1-C2,fbar_var,47,2,819,205,0.7071673329525985,0.2501704692840576
32,C1-C2,fbar_var,47,3,819,205,0.7371026080335047,0.23394346237182617
32,C1-C2,fbar_var,47,4,819,205,0.7024557395773844,0.2407526969909668
32,C1-C2,fbar_var,47,5,820,204,0.7352941176470589,0.24272584915161133
32,C1-C3,fbar_var,47,1,819,205,0.6536264991433467,0.24323797225952148
32,C1-C3,fbar_var,47,2,819,205,0.6240719588806396,0.2567315101623535
32,C1-C3,fbar_var,47,3,819,205,0.6684751570531126,0.23319625854492188
32,C1-C3,fbar_var,47,4,819,205,0.643917761279269,0.2358112335205078
32,C1-C3,fbar_var,47,5,820,204,0.6519607843137255,0.2366793155670166
32,C1-C4,fbar_var,47,1,819,205,0.9950980392156863,0.2341938018798828
32,C1-C4,fbar_var,47,2,819,205,0.9902912621359223,0.23699450492858887
32,C1-C4,fbar_var,47,3,819,205,0.9950980392156863,0.23403692245483398
32,C1-C4,fbar_var,47,4,819,205,0.9805825242718447,0.24651432037353516
32,C1-C4,fbar_var,47,5,820,204,0.9950980392156863,0.24103283882141113
32,C2-C3,fbar_var,47,1,819,205,0.6194079573577004,0.23559236526489258
32,C2-C3,fbar_var,47,2,819,205,0.6390633923472302,0.23760652542114258
32,C2-C3,fbar_var,47,3,819,205,0.6047972587093089,0.25595545768737793
32,C2-C3,fbar_var,47,4,819,205,0.6290691033695032,0.23765158653259277
32,C2-C3,fbar_var,47,5,820,204,0.6715686274509804,0.261096715927124
32,C2-C4,fbar_var,47,1,819,205,0.98043974871502,0.23502755165100098
32,C2-C4,fbar_var,47,2,819,205,0.9610222729868647,0.23163056373596191
32,C2-C4,fbar_var,47,3,819,205,0.98043974871502,0.23317694664001465
32,C2-C4,fbar_var,47,4,819,205,0.9660194174757282,0.23827075958251953
32,C2-C4,fbar_var,47,5,820,204,0.9803921568627451,0.2321627140045166
32,C3-C4,fbar_var,47,1,819,205,0.9755853797829812,0.23274755477905273
32,C3-C4,fbar_var,47,2,819,205,0.9805349324195698,0.2362501621246338
32,C3-C4,fbar_var,47,3,819,205,0.9951456310679612,0.23655366897583008
32,C3-C4,fbar_var,47,4,819,205,0.970873786407767,0.23068690299987793
32,C3-C4,fbar_var,47,5,820,204,0.9852941176470589,0.23266339302062988
32,C4-rest,fbar_var,47,1,1638,410,0.9787687802393685,0.26079773902893066
32,C4-rest,fbar_var,47,2,1638,410,0.9756965307865026,0.26964569091796875
32,C4-rest,fbar_var,47,3,1638,410,0.9789538597767307,0.25475096702575684
32,C4-rest,fbar_var,47,4,1639,409,0.9787634923676312,0.24144196510314941
32,C4-rest,fbar_var,47,5,1639,409,0.9624289455195759,0.25135111808776855
32,4class,fbar_var,47,1,1638,410,0.5836188844469827,0.2452704906463623
32,4class,fbar_var,47,2,1638,410,0.6163620788121074,0.2503983974456787
32,4class,fbar_var,47,3,1638,410,0.6165762421473444,0.26584863662719727
32,4class,fbar_var,47,4,1639,409,0.6358747382448124,0.2612113952636719
32,4class,fbar_var,47,5,1639,409,0.650866171711403,0.2604544162750244
32,C1-C2,fbar,48,1,819,205,0.6488197220635827,0.2453474998474121
32,C1-C2,fbar,48,2,819,205,0.619550732914525,0.2485802173614502
32,C1-C2,fbar,48,3,819,205,0.6485341709499334,0.23234224319458008
32,C1-C2,fbar,48,4,819,205,0.653531315438797,0.23610401153564453
32,C1-C2,fbar,48,5,820,204,0.607843137254902,0.24108409881591797
32,C1-C3,fbar,48,1,819,205,0.560869979059585,0.24330377578735352
32,C1-C3,fbar,48,2,819,205,0.5658195316961736,0.23390936851501465
32,C1-C3,fbar,48,3,819,205,0.5561583856843708,0.23258709907531738
32,C1-C3,fbar,48,4,819,205,0.5559680182752713,0.2353510856628418
32,C1-C3,fbar,48,5,820,204,0.5637254901960784,0.23927903175354004
32,C1-C4,fbar,48,1,819,205,0.8440415000951837,0.2500762939453125
32,C1-C4,fbar,48,2,819,205,0.8194841043213401,0.2612590789794922
32,C1-C4,fbar,48,3,819,205,0.7952598515134208,0.2522265911102295
32,C1-C4,fbar,48,4,819,205,0.8537502379592614,0.23943018913269043
32,C1-C4,fbar,48,5,820,204,0.8284313725490196,0.2595970630645752
32,C2-C3,fbar,48,1,819,205,0.5023320007614697,0.24681830406188965
32,C2-C3,fbar,48,2,819,205,0.46792309156672374,0.23822617530822754
32,C2-C3,fbar,48,3,819,205,0.5023320007614697,0.2569112777709961
32,C2-C3,fbar,48,4,819,205,0.4931943651246906,0.2553832530975342
32,C2-C3,fbar,48,5,820,204,0.5,0.2611715793609619
32,C2-C4,fbar,48,1,819,205,0.8732153055396916,0.23975872993469238
32,C2-C4,fbar,48,2,819,205,0.8975823339044355,0.23546433448791504
32,C2-C4,fbar,48,3,819,205,0.853464686845612,0.2536327838897705
32,C2-C4,fbar,48,4,819,205,0.8781172663240053,0.23004388809204102
32,C2-C4,fbar,48,5,820,204,0.8725490196078431,0.234999418258667
32,C3-C4,fbar,48,1,819,205,0.8684561203122025,0.24152565002441406
32,C3-C4,fbar,48,2,819,205,0.8928231486769465,0.2321476936340332
32,C3-C4,fbar,48,3,819,205,0.8975347420521607,0.2352156639099121
32,C3-C4,fbar,48,4,819,205,0.8733580810965162,0.23437809944152832
32,C3-C4,fbar,48,5,820,204,0.8872549019607843,0.23225641250610352
32,C4-rest,fbar,48,1,1638,410,0.8400496562261268,0.2505338191986084
32,C4-rest,fbar,48,2,1638,410,0.8508269820688783,0.24311327934265137
32,C4-rest,fbar,48,3,1638,410,0.8767591157774897,0.2661712169647217
32,C4-rest,fbar,48,4,1639,409,0.8775787187839306,0.26407742500305176
32,C4-rest,fbar,48,5,1639,409,0.8661141981222455,0.24130868911743164
32,4class,fbar,48,1,1638,410,0.48367599466971256,0.2630476951599121
32,4class,fbar,48,2,1638,410,0.455430230344565,0.26781654357910156
32,4class,fbar,48,3,1638,410,0.4798448505615839,0.2653639316558838
32,4class,fbar,48,4,1639,409,0.46463925375975634,0.25524044036865234
32,4class,fbar,48,5,1639,409,0.4357509994288978,0.26262927055358887
32,C1-C2,fbar_var,48,1,819,205,0.7317247287264421,0.2385249137878418
32,C1-C2,fbar_var,48,2,819,205,0.7168760708166761,0.2339162826538086
32,C1-C2,fbar_var,48,3,819,205,0.7266324005330287,0.2411792278289795
32,C1-C2,fbar_var,48,4,819,205,0.6686179326099372,0.2347431182861328
32,C1-C2,fbar_var,48,5,820,204,0.7352941176470589,0.24094533920288086
32,C1-C3,fbar_var,48,1,819,205,0.6827527127355797,0.2425246238708496
32,C1-C3,fbar_var,48,2,819,205,0.6046068913002094,0.2555408477783203
32,C1-C3,fbar_var,48,3,819,205,0.6342566152674662,0.24080896377563477
32,C1-C3,fbar_var,48,4,819,205,0.6391109841995051,0.2656586170196533
32,C1-C3,fbar_var,48,5,820,204,0.6519607843137255,0.2336258888244629
32,C1-C4,fbar_var,48,1,819,205,0.9902912621359223,0.2357935905456543
32,C1-C4,fbar_var,48,2,819,205,0.9950980392156863,0.2558169364929199
32,C1-C4,fbar_var,48,3,819,205,0.9755853797829812,0.23296546936035156
32,C1-C4,fbar_var,48,4,819,205,0.9902436702836475,0.23325037956237793
32,C1-C4,fbar_var,48,5,820,204,1.0,0.23271799087524414
32,C2-C3,fbar_var,48,1,819,205,0.6293070626308775,0.24169063568115234
32,C2-C3,fbar_var,48,2,819,205,0.5757662288216256,0.2327263355255127
32,C2-C3,fbar_var,48,3,819,205,0.6050828098229584,0.24214744567871094
32,C2-C3,fbar_var,48,4,819,205,0.6197886921758995,0.2329699993133545
32,C2-C3,fbar_var,48,5,820,204,0.6764705882352942,0.23389601707458496
32,C2-C4,fbar_var,48,1,819,205,0.9755377879307063,0.23964571952819824
32,C2-C4,fbar_var,48,2,819,205,0.9706834189986675,0.24016046524047852
32,C2-C4,fbar_var,48,3,819,205,0.9609270892823149,0.2322843074798584
32,C2-C4,fbar_var,48,4,819,205,0.9611174566914145,0.24127936363220215
32,C2-C4,fbar_var,48,5,820,204,0.9754901960784313,0.23501229286193848
32,C3-C4,fbar_var,48,1,819,205,0.9853417094993338,0.23668336868286133
32,C3-C4,fbar_var,48,2,819,205,0.9755853797829812,0.2593824863433838
32,C3-C4,fbar_var,48,3,819,205,0.9902436702836475,0.23879575729370117
32,C3-C4,fbar_var,48,4,819,205,0.9707786027032173,0.23294997215270996
32,C3-C4,fbar_var,48,5,820,204,0.9901960784313726,0.23641514778137207
32,C4-rest,fbar_var,48,1,1638,410,0.9755220269926153,0.2392275333404541
32,C4-rest,fbar_var,48,2,1638,410,0.967616457417539,0.24224615097045898
32,C4-rest,fbar_var,48,3,1638,410,0.9579077195534613,0.2369537353515625
32,C4-rest,fbar_var,48,4,1639,409,0.9836654531519449,0.23885846138000488
32,C4-rest,fbar_var,48,5,1639,409,0.9820367886568309,0.2541923522949219
32,4class,fbar_var,48,1,1638,410,0.6444412716542928,0.26155734062194824
32,4class,fbar_var,48,2,1638,410,0.5992290119931467,0.2692530155181885
32,4class,fbar_var,48,3,1638,410,0.6041309727774605,0.26853346824645996
32,4class,fbar_var,48,4,1639,409,0.6042499524081477,0.25401854515075684
32,4class,fbar_var,48,5,1639,409,0.6095088520845231,0.251755952835083
32,C1-C2,fbar,49,1,819,205,0.5802398629354655,0.23428797721862793
32,C1-C2,fbar,49,2,819,205,0.6245478774033886,0.25284600257873535
32,C1-C2,fbar,49,3,819,205,0.5903293356177421,0.24027490615844727
32,C1-C2,fbar,49,4,819,205,0.619550732914525,0.23853015899658203
32,C1-C2,fbar,49,5,820,204,0.6470588235294117,0.24202489852905273
32,C1-C3,fbar,49,1,819,205,0.594802969731582,0.24800586700439453
32,C1-C3,fbar,49,2,819,205,0.643917761279269,0.26412510871887207
32,C1-C3,fbar,49,3,819,205,0.5710070435941367,0.23427081108093262
32,C1-C3,fbar,49,4,819,205,0.6245478774033886,0.2444298267364502
32,C1-C3,fbar,49,5,820,204,0.6372549019607843,0.23421597480773926
32,C1-C4,fbar,49,1,819,205,0.8487530934703978,0.24912810325622559
32,C1-C4,fbar,49,2,819,205,0.873072529982867,0.23324847221374512
32,C1-C4,fbar,49,3,819,205,0.8975347420521607,0.23311686515808105
32,C1-C4,fbar,49,4,819,205,0.8341423948220065,0.24120068550109863
32,C1-C4,fbar,49,5,820,204,0.8676470588235294,0.24866604804992676
32,C2-C3,fbar,49,1,819,205,0.4487435750999429,0.24298644065856934
32,C2-C3,fbar,49,2,819,205,0.46797068341899867,0.251908540725708
32,C2-C3,fbar,49,3,819,205,0.4437464306110794,0.2538306713104248
32,C2-C3,fbar,49,4,819,205,0.46849419379402246,0.24884295463562012
32,C2-C3,fbar,49,5,820,204,0.5490196078431373,0.2357769012451172
32,C2-C4,fbar,49,1,819,205,0.8779744907671807,0.23470377922058105
32,C2-C4,fbar,49,2,819,205,0.8924900057110223,0.2327108383178711
32,C2-C4,fbar,49,3,819,205,0.9073386636207881,0.2343459129333496
32,C2-C4,fbar,49,4,819,205,0.8928231486769465,0.23709487915039062
32,C2-C4,fbar,49,5,820,204,0.9068627450980392,0.23445773124694824
32,C3-C4,fbar,49,1,819,205,0.9170474014848657,0.23125410079956055
32,C3-C4,fbar,49,2,819,205,0.8876356367789835,0.23983144760131836
32,C3-C4,fbar,49,3,819,205,0.8632686084142396,0.23738837242126465
32,C3-C4,fbar,49,4,819,205,0.877879307062631,0.23196077346801758
32,C3-C4,fbar,49,5,820,204,0.8970588235294117,0.24988269805908203
32,C4-rest,fbar,49,1,1638,410,0.8694932518461931,0.2530491352081299
32,C4-rest,fbar,49,2,1638,410,0.9156573163404067,0.2655620574951172
32,C4-rest,fbar,49,3,1638,410,0.8687739160684356,0.2565610408782959
32,C4-rest,fbar,49,4,1639,409,0.8873507057546146,0.2547733783721924
32,C4-rest,fbar,49,5,1639,409,0.8759340869898448,0.24896669387817383
32,4class,fbar,49,1,1638,410,0.45181324957167335,0.25586748123168945
32,4class,fbar,49,2,1638,410,0.48479440319817246,0.2738158702850342
32,4class,fbar,49,3,1638,410,0.48255758614125266,0.26781797409057617
32,4class,fbar,49,4,1639,409,0.48931562916428706,0.2625901699066162
32,4class,fbar,49,5,1639,409,0.49688273367599467,0.25655269622802734
32,C1-C2,fbar_var,49,1,819,205,0.6832286312583286,0.24178862571716309
32,C1-C2,fbar_var,49,2,819,205,0.7802684180468304,0.24313998222351074
32,C1-C2,fbar_var,49,3,819,205,0.6831810394060538,0.2617759704589844
32,C1-C2,fbar_var,49,4,819,205,0.736531505806206,0.2614262104034424
32,C1-C2,fbar_var,49,5,820,204,0.7058823529411764,0.2358851432800293
32,C1-C3,fbar_var,49,1,819,205,0.580430230344565,0.23912978172302246
32,C1-C3,fbar_var,49,2,819,205,0.5950409289929564,0.2376422882080078
32,C1-C3,fbar_var,49,3,819,205,0.6439653531315439,0.2326982021331787
32,C1-C3,fbar_var,49,4,819,205,0.643917761279269,0.23161077499389648
32,C1-C3,fbar_var,49,5,820,204,0.6323529411764706,0.2371220588684082
32,C1-C4,fbar_var,49,1,819,205,0.9804873405672949,0.23929667472839355
32,C1-C4,fbar_var,49,2,819,205,0.9852941176470589,0.2377617359161377
32,C1-C4,fbar_var,49,3,819,205,1.0,0.23403286933898926
32,C1-C4,fbar_var,49,4,819,205,0.9951456310679612,0.2335982322692871
32,C1-C4,fbar_var,49,5,820,204,0.9705882352941176,0.2381737232208252
32,C2-C3,fbar_var,49,1,819,205,0.6144584047211118,0.23435449600219727
32,C2-C3,fbar_var,49,2,819,205,0.5997525223681706,0.23802399635314941
32,C2-C3,fbar_var,49,3,819,205,0.6630972777460499,0.24627089500427246
32,C2-C3,fbar_var,49,4,819,205,0.5903293356177421,0.2323017120361328
32,C2-C3,fbar_var,49,5,820,204,0.6715686274509804,0.25949764251708984
32,C2-C4,fbar_var,49,1,819,205,0.9804873405672949,0.23514151573181152
32,C2-C4,fbar_var,49,2,819,205,0.9558823529411764,0.23407912254333496
32,C2-C4,fbar_var,49,3,819,205,0.9902912621359223,0.2513871192932129
32,C2-C4,fbar_var,49,4,819,205,0.956072720350276,0.24230742454528809
32,C2-C4,fbar_var,49,5,820,204,0.9656862745098039,0.26100993156433105
32,C3-C4,fbar_var,49,1,819,205,0.9901960784313726,0.24103021621704102
32,C3-C4,fbar_var,49,2,819,205,0.9705882352941176,0.24347305297851562
32,C3-C4,fbar_var,49,3,819,205,0.975680563487531,0.2351059913635254
32,C3-C4,fbar_var,49,4,819,205,0.975680563487531,0.26145172119140625
32,C3-C4,fbar_var,49,5,820,204,0.9754901960784313,0.23980140686035156
32,C4-rest,fbar_var,49,1,1638,410,0.968964858670741,0.25785326957702637
32,C4-rest,fbar_var,49,2,1638,410,0.9821795642136555,0.24680352210998535
32,C4-rest,fbar_var,49,3,1638,410,0.9708421618544638,0.24286270141601562
32,C4-rest,fbar_var,49,4,1639,409,0.9771348278725172,0.24387860298156738
32,C4-rest,fbar_var,49,5,1639,409,0.9820367886568309,0.26020073890686035
32,4class,fbar_var,49,1,1638,410,0.5838092518560822,0.2658078670501709
32,4class,fbar_var,49,2,1638,410,0.5895678659813439,0.2536187171936035
32,4class,fbar_var,49,3,1638,410,0.5897582333904435,0.29161858558654785
32,4class,fbar_var,49,4,1639,409,0.628474205216067,0.25798606872558594
32,4class,fbar_var,49,5,1639,409,0.5971111745669142,0.27559638023376465
32,C1-C2,fbar,50,1,819,205,0.6534361317342471,0.2401587963104248
32,C1-C2,fbar,50,2,819,205,0.5755758614125261,0.25046539306640625
32,C1-C2,fbar,50,3,819,205,0.5999428897772701,0.2388744354248047
32,C1-C2,fbar,50,4,819,205,0.6683799733485627,0.2380814552307129
32,C1-C2,fbar,50,5,820,204,0.6862745098039216,0.24658489227294922
32,C1-C3,fbar,50,1,819,205,0.594802969731582,0.2544517517089844
32,C1-C3,fbar,50,2,819,205,0.5561583856843708,0.2410295009613037
32,C1-C3,fbar,50,3,819,205,0.5512088330477822,0.25925517082214355
32,C1-C3,fbar,50,4,819,205,0.5854749666857033,0.23468327522277832
32,C1-C3,fbar,50,5,820,204,0.553921568627451,0.2402477264404297
32,C1-C4,fbar,50,1,819,205,0.8095374071958881,0.2369396686553955
32,C1-C4,fbar,50,2,819,205,0.7707024557395774,0.2357017993927002
32,C1-C4,fbar,50,3,819,205,0.7901199314677327,0.2323453426361084
32,C1-C4,fbar,50,4,819,205,0.7804111936036551,0.2355642318725586
32,C1-C4,fbar,50,5,820,204,0.7745098039215687,0.23825860023498535
32,C2-C3,fbar,50,1,819,205,0.48757852655625356,0.24311590194702148
32,C2-C3,fbar,50,2,819,205,0.4778697886921759,0.24972176551818848
32,C2-C3,fbar,50,3,819,205,0.44893394250904245,0.23953032493591309
32,C2-C3,fbar,50,4,819,205,0.526508661717114,0.2595813274383545
32,C2-C3,fbar,50,5,820,204,0.4558823529411765,0.24184513092041016
32,C2-C4,fbar,50,1,819,205,0.8876832286312584,0.23818731307983398
32,C2-C4,fbar,50,2,819,205,0.8536074624024367,0.256899356842041
32,C2-C4,fbar,50,3,819,205,0.8389967637540453,0.23656177520751953
32,C2-C4,fbar,50,4,819,205,0.8876832286312584,0.23439836502075195
32,C2-C4,fbar,50,5,820,204,0.8872549019607843,0.2481858730316162
32,C3-C4,fbar,50,1,819,205,0.8341423948220065,0.23854303359985352
32,C3-C4,fbar,50,2,819,205,0.8683133447553779,0.24877285957336426
32,C3-C4,fbar,50,3,819,205,0.8536550542547116,0.23799824714660645
32,C3-C4,fbar,50,4,819,205,0.8877784123358081,0.23929190635681152
32,C3-C4,fbar,50,5,820,204,0.8676470588235294,0.23920774459838867
32,C4-rest,fbar,50,1,1638,410,0.8841354723707665,0.24528145790100098
32,C4-rest,fbar,50,2,1638,410,0.841181493311407,0.26669812202453613
32,C4-rest,fbar,50,3,1638,410,0.8005597545934664,0.2546513080596924
32,C4-rest,fbar,50,4,1639,409,0.8269144791467076,0.2513415813446045
32,C4-rest,fbar,50,5,1639,409,0.7942613527495689,0.24900031089782715
32,4class,fbar,50,1,1638,410,0.44191414429849607,0.26721906661987305
32,4class,fbar,50,2,1638,410,0.445650104702075,0.2688593864440918
32,4class,fbar,50,3,1638,410,0.3968922520464496,0.26239681243896484
32,4class,fbar,50,4,1639,409,0.4500999428897773,0.25687170028686523
32,4class,fbar,50,5,1639,409,0.4575956596230725,0.2538719177246094
32,C1-C2,fbar_var,50,1,819,205,0.721730439748715,0.24202346801757812
32,C1-C2,fbar_var,50,2,819,205,0.7217780316009899,0.24503779411315918
32,C1-C2,fbar_var,50,3,819,205,0.6975061869407957,0.26500678062438965
32,C1-C2,fbar_var,50,4,819,205,0.7221111745669142,0.24261903762817383
32,C1-C2,fbar_var,50,5,820,204,0.7352941176470589,0.23766827583312988
32,C1-C3,fbar_var,50,1,819,205,0.6094136683799734,0.24526262283325195
32,C1-C3,fbar_var,50,2,819,205,0.5903769274700171,0.26273083686828613
32,C1-C3,fbar_var,50,3,819,205,0.560869979059585,0.24706745147705078
32,C1-C3,fbar_var,50,4,819,205,0.6440129449838188,0.2514979839324951
32,C1-C3,fbar_var,50,5,820,204,0.6372549019607843,0.2547426223754883
32,C1-C4,fbar_var,50,1,819,205,1.0,0.23492789268493652
32,C1-C4,fbar_var,50,2,819,205,0.9805349324195698,0.23809313774108887
32,C1-C4,fbar_var,50,3,819,205,0.9803921568627452,0.2460498809814453
32,C1-C4,fbar_var,50,4,819,205,0.9756329716352561,0.234968900680542
32,C1-C4,fbar_var,50,5,820,204,0.9852941176470589,0.23802852630615234
32,C2-C3,fbar_var,50,1,819,205,0.5947553778793071,0.24031877517700195
32,C2-C3,fbar_var,50,2,819,205,0.6197411003236246,0.23628783226013184
32,C2-C3,fbar_var,50,3,819,205,0.6343042071197411,0.23671221733093262
32,C2-C3,fbar_var,50,4,819,205,0.653531315438797,0.23853683471679688
32,C2-C3,fbar_var,50,5,820,204,0.5980392156862745,0.242387056350708
32,C2-C4,fbar_var,50,1,819,205,0.9852941176470589,0.24937963485717773
32,C2-C4,fbar_var,50,2,819,205,0.9658290500666287,0.25037097930908203
32,C2-C4,fbar_var,50,3,819,205,0.9708261945554921,0.23662281036376953
32,C2-C4,fbar_var,50,4,819,205,0.9659242337711784,0.25264883041381836
32,C2-C4,fbar_var,50,5,820,204,0.9852941176470589,0.24718713760375977
32,C3-C4,fbar_var,50,1,819,205,0.9803921568627452,0.23399901390075684
32,C3-C4,fbar_var,50,2,819,205,0.9755377879307063,0.2345726490020752
32,C3-C4,fbar_var,50,3,819,205,0.9805349324195698,0.23782086372375488
32,C3-C4,fbar_var,50,4,819,205,0.9805349324195698,0.23673176765441895
32,C3-C4,fbar_var,50,5,820,204,0.9901960784313726,0.2587010860443115
32,C4-rest,fbar_var,50,1,1638,410,0.9950980392156863,0.2407996654510498
32,C4-rest,fbar_var,50,2,1638,410,0.967616457417539,0.2535245418548584
32,C4-rest,fbar_var,50,3,1638,410,0.9789222352234275,0.2441568374633789
32,C4-rest,fbar_var,50,4,1639,409,0.9689595707990036,0.25841212272644043
32,C4-rest,fbar_var,50,5,1639,409,0.9607843137254901,0.24602746963500977
32,4class,fbar_var,50,1,1638,410,0.5956834189986674,0.25538015365600586
32,4class,fbar_var,50,2,1638,410,0.5700790024747764,0.2570207118988037
32,4class,fbar_var,50,3,1638,410,0.5919712545212259,0.2642543315887451
32,4class,fbar_var,50,4,1639,409,0.5845231296402056,0.266909122467041
32,4class,fbar_var,50,5,1639,409,0.6166476299257567,0.258101224899292
32,C1-C2,fbar,51,1,819,205,0.6291642870740529,0.23392009735107422
32,C1-C2,fbar,51,2,819,205,0.5855701503902532,0.23839211463928223
32,C1-C2,fbar,51,3,819,205,0.6048924424138586,0.25552916526794434
32,C1-C2,fbar,51,4,819,205,0.638730249381306,0.24636387825012207
32,C1-C2,fbar,51,5,820,204,0.6323529411764706,0.2491602897644043
32,C1-C3,fbar,51,1,819,205,0.6487721302113079,0.23413562774658203
32,C1-C3,fbar,51,2,819,205,0.5950885208452312,0.26035404205322266
32,C1-C3,fbar,51,3,819,205,0.6148867313915858,0.23498129844665527
32,C1-C3,fbar,51,4,819,205,0.6534837235865221,0.23490452766418457
32,C1-C3,fbar,51,5,820,204,0.6323529411764706,0.2364673614501953
32,C1-C4,fbar,51,1,819,205,0.8488958690272226,0.23969793319702148
32,C1-C4,fbar,51,2,819,205,0.83913953931087,0.24653244018554688
32,C1-C4,fbar,51,3,819,205,0.843898724538359,0.2617499828338623
32,C1-C4,fbar,51,4,819,205,0.8099657338663621,0.2524733543395996
32,C1-C4,fbar,51,5,820,204,0.838235294117647,0.2378220558166504
32,C2-C3,fbar,51,1,819,205,0.5607747953550353,0.23865389823913574
32,C2-C3,fbar,51,2,819,205,0.49781077479535507,0.25839781761169434
32,C2-C3,fbar,51,3,819,205,0.5220826194555492,0.24605321884155273
32,C2-C3,fbar,51,4,819,205,0.46321149819150964,0.25729942321777344
32,C2-C3,fbar,51,5,820,204,0.5196078431372548,0.2618556022644043
32,C2-C4,fbar,51,1,819,205,0.8781172663240053,0.25370168685913086
32,C2-C4,fbar,51,2,819,205,0.883019227108319,0.24554085731506348
32,C2-C4,fbar,51,3,819,205,0.9024842946887492,0.2353363037109375
32,C2-C4,fbar,51,4,819,205,0.8928231486769465,0.23155975341796875
32,C2-C4,fbar,51,5,820,204,0.8774509803921569,0.23125004768371582
32,C3-C4,fbar,51,1,819,205,0.8586521987435751,0.23532629013061523
32,C3-C4,fbar,51,2,819,205,0.8734056729487911,0.23283171653747559
32,C3-C4,fbar,51,3,819,205,0.9122882162573768,0.2442326545715332
32,C3-C4,fbar,51,4,819,205,0.8878735960403579,0.23880529403686523
32,C3-C4,fbar,51,5,820,204,0.8725490196078431,0.23452138900756836
32,C4-rest,fbar,51,1,1638,410,0.8825439266615738,0.24139761924743652
32,C4-rest,fbar,51,2,1638,410,0.844438822301635,0.25400543212890625
32,C4-rest,fbar,51,3,1638,410,0.8800164447677177,0.2556796073913574
32,C4-rest,fbar,51,4,1639,409,0.8628568691320175,0.25107336044311523
32,C4-rest,fbar,51,5,1639,409,0.8938653637350706,0.2639505863189697
32,4class,fbar,51,1,1638,410,0.502831715210356,0.2575211524963379
32,4class,fbar,51,2,1638,410,0.4775604416523891,0.26842427253723145
32,4class,fbar,51,3,1638,410,0.4555492099752523,0.2559092044830322
32,4class,fbar,51,4,1639,409,0.5088282885969921,0.2573111057281494
32,4class,fbar,51,5,1639,409,0.49681134589758236,0.2609126567840576
32,C1-C2,fbar_var,51,1,819,205,0.6874643061107939,0.2504730224609375
32,C1-C2,fbar_var,51,2,819,205,0.7368170569198553,0.2335340976715088
32,C1-C2,fbar_var,51,3,819,205,0.7223967256805635,0.2500922679901123
32,C1-C2,fbar_var,51,4,819,205,0.7607081667618504,0.243333101272583
32,C1-C2,fbar_var,51,5,820,204,0.696078431372549,0.2345731258392334
32,C1-C3,fbar_var,51,1,819,205,0.6242147344374643,0.24326634407043457
32,C1-C3,fbar_var,51,2,819,205,0.6391109841995051,0.23899316787719727
32,C1-C3,fbar_var,51,3,819,205,0.673424709689701,0.2360246181488037
32,C1-C3,fbar_var,51,4,819,205,0.6682847896440129,0.24106049537658691
32,C1-C3,fbar_var,51,5,820,204,0.6617647058823529,0.23483777046203613
32,C1-C4,fbar_var,51,1,819,205,0.9902436702836475,0.23372960090637207
32,C1-C4,fbar_var,51,2,819,205,0.9755853797829812,0.23576092720031738
32,C1-C4,fbar_var,51,3,819,205,0.9950980392156863,0.2449946403503418
32,C1-C4,fbar_var,51,4,819,205,0.9804873405672949,0.23957133293151855
32,C1-C4,fbar_var,51,5,820,204,0.9852941176470589,0.2384195327758789
32,C2-C3,fbar_var,51,1,819,205,0.6338282885969921,0.25345301628112793
32,C2-C3,fbar_var,51,2,819,205,0.5952788882543308,0.26030397415161133
32,C2-C3,fbar_var,51,3,819,205,0.5752903102988769,0.25606727600097656
32,C2-C3,fbar_var,51,4,819,205,0.5757662288216256,0.2633504867553711
32,C2-C3,fbar_var,51,5,820,204,0.6666666666666667,0.2552616596221924
32,C2-C4,fbar_var,51,1,819,205,0.9804873405672949,0.2380213737487793
32,C2-C4,fbar_var,51,2,819,205,0.9658766419189035,0.23697924613952637
32,C2-C4,fbar_var,51,3,819,205,0.975680563487531,0.24174118041992188
32,C2-C4,fbar_var,51,4,819,205,0.970873786407767,0.23731398582458496
32,C2-C4,fbar_var,51,5,820,204,0.9754901960784313,0.24560308456420898
32,C3-C4,fbar_var,51,1,819,205,0.9902436702836475,0.2379910945892334
32,C3-C4,fbar_var,51,2,819,205,0.9755853797829812,0.2591745853424072
32,C3-C4,fbar_var,51,3,819,205,0.9951456310679612,0.23758554458618164
32,C3-C4,fbar_var,51,4,819,205,0.975680563487531,0.23991084098815918
32,C3-C4,fbar_var,51,5,820,204,0.9901960784313726,0.24343276023864746
32,C4-rest,fbar_var,51,1,1638,410,0.9869493251846193,0.23996806144714355
32,C4-rest,fbar_var,51,2,1638,410,0.9514246861263085,0.24323582649230957
32,C4-rest,fbar_var,51,3,1638,410,0.9805825242718447,0.24042248725891113
32,C4-rest,fbar_var,51,4,1639,409,0.9803921568627452,0.2499380111694336
32,C4-rest,fbar_var,51,5,1639,409,0.9836654531519449,0.24848031997680664
32,4class,fbar_var,51,1,1638,410,0.6297353893013515,0.2665102481842041
32,4class,fbar_var,51,2,1638,410,0.6361364934323244,0.27385377883911133
32,4class,fbar_var,51,3,1638,410,0.611698077289168,0.24364137649536133
32,4class,fbar_var,51,4,1639,409,0.60655815724348,0.2554910182952881
32,4class,fbar_var,51,5,1639,409,0.6117932609937179,0.2532188892364502
64,C1-C2,fbar,42,1,409,103,0.7192684766214178,0.22238516807556152
64,C1-C2,fbar,42,2,409,103,0.6598793363499246,0.2317061424255371
64,C1-C2,fbar,42,3,410,102,0.6862745098039216,0.2316739559173584
64,C1-C2,fbar,42,4,410,102,0.696078431372549,0.23490118980407715
64,C1-C2,fbar,42,5,410,102,0.7254901960784313,0.2145678997039795
64,C1-C3,fbar,42,1,409,103,0.6602564102564102,0.23740363121032715
64,C1-C3,fbar,42,2,409,103,0.6608220211161387,0.23456525802612305
64,C1-C3,fbar,42,3,410,102,0.6176470588235294,0.21584010124206543
64,C1-C3,fbar,42,4,410,102,0.7450980392156863,0.2204287052154541
64,C1-C3,fbar,42,5,410,102,0.6470588235294117,0.2218329906463623
64,C1-C4,fbar,42,1,409,103,0.8352187028657617,0.21779274940490723
64,C1-C4,fbar,42,2,409,103,0.8736802413273002,0.22153425216674805
64,C1-C4,fbar,42,3,410,102,0.8529411764705883,0.21918535232543945
64,C1-C4,fbar,42,4,410,102,0.9215686274509804,0.22081613540649414
64,C1-C4,fbar,42,5,410,102,0.9215686274509804,0.21579527854919434
64,C2-C3,fbar,42,1,409,103,0.5625942684766214,0.22948670387268066
64,C2-C3,fbar,42,2,409,103,0.6021870286576169,0.22127175331115723
64,C2-C3,fbar,42,3,410,102,0.5784313725490196,0.22872209548950195
64,C2-C3,fbar,42,4,410,102,0.4411764705882353,0.21384930610656738
64,C2-C3,fbar,42,5,410,102,0.49019607843137253,0.22077679634094238
64,C2-C4,fbar,42,1,409,103,0.9226998491704375,0.2096996307373047
64,C2-C4,fbar,42,2,409,103,0.9711538461538461,0.23331928253173828
64,C2-C4,fbar,42,3,410,102,0.9215686274509804,0.21613025665283203
64,C2-C4,fbar,42,4,410,102,0.9705882352941176,0.21488142013549805
64,C2-C4,fbar,42,5,410,102,0.9509803921568627,0.2226550579071045
64,C3-C4,fbar,42,1,409,103,0.9515460030165912,0.22716093063354492
64,C3-C4,fbar,42,2,409,103,0.9130844645550529,0.2149360179901123
64,C3-C4,fbar,42,3,410,102,0.9019607843137254,0.21801209449768066
64,C3-C4,fbar,42,4,410,102,0.9117647058823529,0.22686529159545898
64,C3-C4,fbar,42,5,410,102,0.9607843137254901,0.2123889923095703
64,C4-rest,fbar,42,1,819,205,0.9446142093200917,0.2560410499572754
64,C4-rest,fbar,42,2,819,205,0.8596256684491979,0.2324202060699463
64,C4-rest,fbar,42,3,819,205,0.9053985230455819,0.23083710670471191
64,C4-rest,fbar,42,4,819,205,0.9355832076420312,0.23839998245239258
64,C4-rest,fbar,42,5,820,204,0.9150326797385622,0.23316597938537598
64,4class,fbar,42,1,819,205,0.5028280542986425,0.23493051528930664
64,4class,fbar,42,2,819,205,0.5365761689291101,0.24337100982666016
64,4class,fbar,42,3,819,205,0.4935897435897436,0.24031591415405273
64,4class,fbar,42,4,819,205,0.5447775263951735,0.2544865608215332
64,4class,fbar,42,5,820,204,0.5196078431372548,0.27520132064819336
64,C1-C2,fbar_var,42,1,409,103,0.7960030165912519,0.23603177070617676
64,C1-C2,fbar_var,42,2,409,103,0.8640648567119156,0.221726655960083
64,C1-C2,fbar_var,42,3,410,102,0.7941176470588236,0.23672127723693848
64,C1-C2,fbar_var,42,4,410,102,0.8137254901960784,0.21470332145690918
64,C1-C2,fbar_var,42,5,410,102,0.8333333333333334,0.21446609497070312
64,C1-C3,fbar_var,42,1,409,103,0.7867647058823529,0.22030949592590332
64,C1-C3,fbar_var,42,2,409,103,0.7187028657616893,0.22861933708190918
64,C1-C3,fbar_var,42,3,410,102,0.6764705882352942,0.22080731391906738
64,C1-C3,fbar_var,42,4,410,102,0.7745098039215687,0.21388006210327148
64,C1-C3,fbar_var,42,5,410,102,0.6470588235294118,0.21375823020935059
64,C1-C4,fbar_var,42,1,409,103,0.9803921568627452,0.21593856811523438
64,C1-C4,fbar_var,42,2,409,103,0.9903846153846154,0.22035431861877441
64,C1-C4,fbar_var,42,3,410,102,0.9901960784313726,0.2247021198272705
64,C1-C4,fbar_var,42,4,410,102,0.9901960784313726,0.21912622451782227
64,C1-C4,fbar_var,42,5,410,102,1.0,0.2154550552368164
64,C2-C3,fbar_var,42,1,409,103,0.6896681749622926,0.2159130573272705
64,C2-C3,fbar_var,42,2,409,103,0.7183257918552036,0.2213118076324463
64,C2-C3,fbar_var,42,3,410,102,0.7156862745098038,0.2168111801147461
64,C2-C3,fbar_var,42,4,410,102,0.6470588235294118,0.21911120414733887
64,C2-C3,fbar_var,42,5,410,102,0.7254901960784315,0.21817564964294434
64,C2-C4,fbar_var,42,1,409,103,0.9805806938159879,0.21776962280273438
64,C2-C4,fbar_var,42,2,409,103,0.9807692307692308,0.21949195861816406
64,C2-C4,fbar_var,42,3,410,102,0.9509803921568627,0.22243809700012207
64,C2-C4,fbar_var,42,4,410,102,0.9901960784313726,0.2379767894744873
64,C2-C4,fbar_var,42,5,410,102,0.9901960784313726,0.21495532989501953
64,C3-C4,fbar_var,42,1,409,103,0.9901960784313726,0.2137293815612793
64,C3-C4,fbar_var,42,2,409,103,0.9807692307692308,0.21828556060791016
64,C3-C4,fbar_var,42,3,410,102,0.9607843137254901,0.21262669563293457
64,C3-C4,fbar_var,42,4,410,102,0.9901960784313726,0.23052239418029785
64,C3-C4,fbar_var,42,5,410,102,0.9901960784313726,0.21289920806884766
64,C4-rest,fbar_var,42,1,819,205,0.9967532467532467,0.2349088191986084
64,C4-rest,fbar_var,42,2,819,205,0.9607843137254901,0.24422168731689453
64,C4-rest,fbar_var,42,3,819,205,0.9901960784313726,0.23226356506347656
64,C4-rest,fbar_var,42,4,819,205,0.9871166415284063,0.23448610305786133
64,C4-rest,fbar_var,42,5,820,204,0.9901960784313726,0.23121190071105957
64,4class,fbar_var,42,1,819,205,0.6337669683257918,0.23482799530029297
64,4class,fbar_var,42,2,819,205,0.683446455505279,0.23566341400146484
64,4class,fbar_var,42,3,819,205,0.7176659125188537,0.2346346378326416
64,4class,fbar_var,42,4,819,205,0.6865573152337858,0.23193645477294922
64,4class,fbar_var,42,5,820,204,0.7009803921568627,0.23655462265014648
64,C1-C2,fbar,43,1,409,103,0.6896681749622926,0.21672987937927246
64,C1-C2,fbar,43,2,409,103,0.6506410256410255,0.23062825202941895
64,C1-C2,fbar,43,3,410,102,0.696078431372549,0.22052860260009766
64,C1-C2,fbar,43,4,410,102,0.7254901960784315,0.22598576545715332
64,C1-C2,fbar,43,5,410,102,0.696078431372549,0.21227264404296875
64,C1-C3,fbar,43,1,409,103,0.660633484162896,0.21614456176757812
64,C1-C3,fbar,43,2,409,103,0.6791101055806938,0.21740484237670898
64,C1-C3,fbar,43,3,410,102,0.588235294117647,0.23340511322021484
64,C1-C3,fbar,43,4,410,102,0.6862745098039216,0.21576333045959473
64,C1-C3,fbar,43,5,410,102,0.7352941176470589,0.22199249267578125
64,C1-C4,fbar,43,1,409,103,0.9027149321266968,0.21412086486816406
64,C1-C4,fbar,43,2,409,103,0.873868778280543,0.22005510330200195
64,C1-C4,fbar,43,3,410,102,0.9117647058823529,0.22076702117919922
64,C1-C4,fbar,43,4,410,102,0.8823529411764706,0.21937060356140137
64,C1-C4,fbar,43,5,410,102,0.9019607843137254,0.21981263160705566
64,C2-C3,fbar,43,1,409,103,0.5337481146304676,0.2160038948059082
64,C2-C3,fbar,43,2,409,103,0.4370286576168929,0.2126922607421875
64,C2-C3,fbar,43,3,410,102,0.47058823529411764,0.21796822547912598
64,C2-C3,fbar,43,4,410,102,0.5490196078431373,0.21507716178894043
64,C2-C3,fbar,43,5,410,102,0.49019607843137253,0.21943020820617676
64,C2-C4,fbar,43,1,409,103,0.9123303167420814,0.21890640258789062
64,C2-C4,fbar,43,2,409,103,0.9317496229260935,0.22523713111877441
64,C2-C4,fbar,43,3,410,102,0.9411764705882353,0.22022461891174316
64,C2-C4,fbar,43,4,410,102,0.9411764705882353,0.21201372146606445
64,C2-C4,fbar,43,5,410,102,0.9509803921568627,0.222916841506958
64,C3-C4,fbar,43,1,409,103,0.9219457013574661,0.2190568447113037
64,C3-C4,fbar,43,2,409,103,0.9029034690799397,0.2123711109161377
64,C3-C4,fbar,43,3,410,102,0.9411764705882353,0.21616840362548828
64,C3-C4,fbar,43,4,410,102,0.9313725490196079,0.24075818061828613
64,C3-C4,fbar,43,5,410,102,0.9019607843137255,0.21622538566589355
64,C4-rest,fbar,43,1,819,205,0.9348102877514641,0.23493051528930664
64,C4-rest,fbar,43,2,819,205,0.9152024446142093,0.23829913139343262
64,C4-rest,fbar,43,3,819,205,0.9151387827858417,0.234177827835083
64,C4-rest,fbar,43,4,819,205,0.9451985922574158,0.2574801445007324
64,C4-rest,fbar,43,5,820,204,0.869281045751634,0.2315995693206787
64,4class,fbar,43,1,819,205,0.5761689291101055,0.2340531349182129
64,4class,fbar,43,2,819,205,0.4987745098039216,0.23685860633850098
64,4class,fbar,43,3,819,205,0.5567496229260935,0.2343289852142334
64,4class,fbar,43,4,819,205,0.57447209653092,0.23716020584106445
64,4class,fbar,43,5,820,204,0.5245098039215687,0.2640676498413086
64,C1-C2,fbar_var,43,1,409,103,0.8352187028657617,0.22356486320495605
64,C1-C2,fbar_var,43,2,409,103,0.7869532428355958,0.2206733226776123
64,C1-C2,fbar_var,43,3,410,102,0.8333333333333334,0.21284151077270508
64,C1-C2,fbar_var,43,4,410,102,0.8235294117647058,0.2210843563079834
64,C1-C2,fbar_var,43,5,410,102,0.8529411764705882,0.22487878799438477
64,C1-C3,fbar_var,43,1,409,103,0.7273755656108598,0.22478485107421875
64,C1-C3,fbar_var,43,2,409,103,0.6881598793363499,0.22025752067565918
64,C1-C3,fbar_var,43,3,410,102,0.7156862745098039,0.22086286544799805
64,C1-C3,fbar_var,43,4,410,102,0.7549019607843137,0.22370409965515137
64,C1-C3,fbar_var,43,5,410,102,0.6862745098039216,0.2361607551574707
64,C1-C4,fbar_var,43,1,409,103,0.9901960784313726,0.21874785423278809
64,C1-C4,fbar_var,43,2,409,103,1.0,0.22037172317504883
64,C1-C4,fbar_var,43,3,410,102,0.9705882352941176,0.21482396125793457
64,C1-C4,fbar_var,43,4,410,102,0.9901960784313726,0.21393179893493652
64,C1-C4,fbar_var,43,5,410,102,1.0,0.22671246528625488
64,C2-C3,fbar_var,43,1,409,103,0.6802413273001509,0.21744823455810547
64,C2-C3,fbar_var,43,2,409,103,0.7277526395173455,0.2157001495361328
64,C2-C3,fbar_var,43,3,410,102,0.7647058823529411,0.2136080265045166
64,C2-C3,fbar_var,43,4,410,102,0.7843137254901961,0.2203049659729004
64,C2-C3,fbar_var,43,5,410,102,0.803921568627451,0.2228236198425293
64,C2-C4,fbar_var,43,1,409,103,0.9803921568627452,0.2154242992401123
64,C2-C4,fbar_var,43,2,409,103,1.0,0.21569156646728516
64,C2-C4,fbar_var,43,3,410,102,1.0,0.21942138671875
64,C2-C4,fbar_var,43,4,410,102,0.9803921568627452,0.21886706352233887
64,C2-C4,fbar_var,43,5,410,102,0.9803921568627451,0.21854543685913086
64,C3-C4,fbar_var,43,1,409,103,0.9705882352941176,0.22281646728515625
64,C3-C4,fbar_var,43,2,409,103,1.0,0.21971654891967773
64,C3-C4,fbar_var,43,3,410,102,0.9803921568627451,0.20670127868652344
64,C3-C4,fbar_var,43,4,410,102,0.9803921568627452,0.21738362312316895
64,C3-C4,fbar_var,43,5,410,102,0.9901960784313726,0.23559904098510742
64,C4-rest,fbar_var,43,1,819,205,0.9803921568627452,0.2465963363647461
64,C4-rest,fbar_var,43,2,819,205,0.9607843137254901,0.2640824317932129
64,C4-rest,fbar_var,43,3,819,205,0.9901960784313726,0.24530744552612305
64,C4-rest,fbar_var,43,4,819,205,0.9967320261437909,0.23478198051452637
64,C4-rest,fbar_var,43,5,820,204,0.9673202614379085,0.24605894088745117
64,4class,fbar_var,43,1,819,205,0.702394419306184,0.24048089981079102
64,4class,fbar_var,43,2,819,205,0.6294306184012066,0.25171923637390137
64,4class,fbar_var,43,3,819,205,0.7129524886877828,0.23680424690246582
64,4class,fbar_var,43,4,819,205,0.730580693815988,0.23430442810058594
64,4class,fbar_var,43,5,820,204,0.7303921568627451,0.23217463493347168
64,C1-C2,fbar,44,1,409,103,0.7090874811463047,0.22522854804992676
64,C1-C2,fbar,44,2,409,103,0.6981523378582202,0.21584296226501465
64,C1-C2,fbar,44,3,410,102,0.7647058823529411,0.21714305877685547
64,C1-C2,fbar,44,4,410,102,0.607843137254902,0.22678065299987793
64,C1-C2,fbar,44,5,410,102,0.7156862745098039,0.21884989738464355
64,C1-C3,fbar,44,1,409,103,0.6121794871794872,0.21504664421081543
64,C1-C3,fbar,44,2,409,103,0.7271870286576169,0.21416807174682617
64,C1-C3,fbar,44,3,410,102,0.5980392156862746,0.21399831771850586
64,C1-C3,fbar,44,4,410,102,0.6470588235294118,0.2269454002380371
64,C1-C3,fbar,44,5,410,102,0.7156862745098038,0.2121105194091797
64,C1-C4,fbar,44,1,409,103,0.8934766214177978,0.21248221397399902
64,C1-C4,fbar,44,2,409,103,0.8832956259426847,0.2231462001800537
64,C1-C4,fbar,44,3,410,102,0.9215686274509804,0.21819448471069336
64,C1-C4,fbar,44,4,410,102,0.8431372549019607,0.2204756736755371
64,C1-C4,fbar,44,5,410,102,0.8725490196078431,0.2231459617614746
64,C2-C3,fbar,44,1,409,103,0.5139517345399698,0.22920441627502441
64,C2-C3,fbar,44,2,409,103,0.5923831070889893,0.2157595157623291
64,C2-C3,fbar,44,3,410,102,0.5392156862745098,0.22672796249389648
64,C2-C3,fbar,44,4,410,102,0.5980392156862746,0.2166452407836914
64,C2-C3,fbar,44,5,410,102,0.5,0.2170262336730957
64,C2-C4,fbar,44,1,409,103,0.9613499245852186,0.21868634223937988
64,C2-C4,fbar,44,2,409,103,0.9223227752639518,0.21923613548278809
64,C2-C4,fbar,44,3,410,102,0.9509803921568627,0.23203301429748535
64,C2-C4,fbar,44,4,410,102,0.9117647058823529,0.2199876308441162
64,C2-C4,fbar,44,5,410,102,0.892156862745098,0.22734999656677246
64,C3-C4,fbar,44,1,409,103,0.932315233785822,0.21996021270751953
64,C3-C4,fbar,44,2,409,103,0.9319381598793364,0.21515822410583496
64,C3-C4,fbar,44,3,410,102,0.9215686274509804,0.2123241424560547
64,C3-C4,fbar,44,4,410,102,0.9411764705882353,0.22870659828186035
64,C3-C4,fbar,44,5,410,102,0.8725490196078431,0.22027111053466797
64,C4-rest,fbar,44,1,819,205,0.9477973007384772,0.23536205291748047
64,C4-rest,fbar,44,2,819,205,0.9511077158135981,0.2374732494354248
64,C4-rest,fbar,44,3,819,205,0.911955691367456,0.2722151279449463
64,C4-rest,fbar,44,4,819,205,0.9036576168929109,0.23429536819458008
64,C4-rest,fbar,44,5,820,204,0.8529411764705882,0.24004340171813965
64,4class,fbar,44,1,819,205,0.4928355957767722,0.23704767227172852
64,4class,fbar,44,2,819,205,0.497737556561086,0.23892951011657715
64,4class,fbar,44,3,819,205,0.5716440422322775,0.2591986656188965
64,4class,fbar,44,4,819,205,0.5592948717948718,0.250591516494751
64,4class,fbar,44,5,820,204,0.5294117647058824,0.262462854385376
64,C1-C2,fbar_var,44,1,409,103,0.7865761689291102,0.21614480018615723
64,C1-C2,fbar_var,44,2,409,103,0.8152337858220211,0.21807241439819336
64,C1-C2,fbar_var,44,3,410,102,0.7647058823529411,0.23029780387878418
64,C1-C2,fbar_var,44,4,410,102,0.7352941176470589,0.23012733459472656
64,C1-C2,fbar_var,44,5,410,102,0.7941176470588236,0.21937847137451172
64,C1-C3,fbar_var,44,1,409,103,0.6506410256410255,0.2163536548614502
64,C1-C3,fbar_var,44,2,409,103,0.7371794871794872,0.21595478057861328
64,C1-C3,fbar_var,44,3,410,102,0.7352941176470589,0.2148275375366211
64,C1-C3,fbar_var,44,4,410,102,0.6568627450980392,0.21194839477539062
64,C1-C3,fbar_var,44,5,410,102,0.7647058823529411,0.22289609909057617
64,C1-C4,fbar_var,44,1,409,103,1.0,0.21507883071899414
64,C1-C4,fbar_var,44,2,409,103,0.9901960784313726,0.21782517433166504
64,C1-C4,fbar_var,44,3,410,102,0.9803921568627452,0.21155643463134766
64,C1-C4,fbar_var,44,4,410,102,0.9803921568627452,0.2185368537902832
64,C1-C4,fbar_var,44,5,410,102,1.0,0.2145833969116211
64,C2-C3,fbar_var,44,1,409,103,0.7381221719457014,0.214979887008667
64,C2-C3,fbar_var,44,2,409,103,0.728318250377074,0.21506285667419434
64,C2-C3,fbar_var,44,3,410,102,0.6862745098039216,0.21842050552368164
64,C2-C3,fbar_var,44,4,410,102,0.6764705882352942,0.2208693027496338
64,C2-C3,fbar_var,44,5,410,102,0.6764705882352942,0.21628141403198242
64,C2-C4,fbar_var,44,1,409,103,0.9901960784313726,0.21500110626220703
64,C2-C4,fbar_var,44,2,409,103,1.0,0.22386908531188965
64,C2-C4,fbar_var,44,3,410,102,0.9803921568627452,0.22023749351501465
64,C2-C4,fbar_var,44,4,410,102,0.9607843137254901,0.2308032512664795
64,C2-C4,fbar_var,44,5,410,102,0.9411764705882353,0.2215278148651123
64,C3-C4,fbar_var,44,1,409,103,0.9901960784313726,0.21780657768249512
64,C3-C4,fbar_var,44,2,409,103,1.0,0.2174980640411377
64,C3-C4,fbar_var,44,3,410,102,0.9803921568627452,0.21813631057739258
64,C3-C4,fbar_var,44,4,410,102,0.9901960784313726,0.2185349464416504
64,C3-C4,fbar_var,44,5,410,102,0.9411764705882353,0.2250537872314453
64,C4-rest,fbar_var,44,1,819,205,0.9901960784313726,0.23716950416564941
64,C4-rest,fbar_var,44,2,819,205,1.0,0.23418641090393066
64,C4-rest,fbar_var,44,3,819,205,0.9869493251846193,0.2528848648071289
64,C4-rest,fbar_var,44,4,819,205,0.9519230769230769,0.2352583408355713
64,C4-rest,fbar_var,44,5,820,204,0.9803921568627452,0.23557734489440918
64,4class,fbar_var,44,1,819,205,0.6783559577677225,0.2590677738189697
64,4class,fbar_var,44,2,819,205,0.6640271493212669,0.2375030517578125
64,4class,fbar_var,44,3,819,205,0.6688348416289592,0.2645871639251709
64,4class,fbar_var,44,4,819,205,0.6715686274509804,0.25679993629455566
64,4class,fbar_var,44,5,820,204,0.6911764705882353,0.24733233451843262
64,C1-C2,fbar,45,1,409,103,0.6700603318250378,0.22048091888427734
64,C1-C2,fbar,45,2,409,103,0.6998491704374057,0.2376689910888672
64,C1-C2,fbar,45,3,410,102,0.6666666666666666,0.2304842472076416
64,C1-C2,fbar,45,4,410,102,0.6568627450980392,0.21553468704223633
64,C1-C2,fbar,45,5,410,102,0.6274509803921569,0.22037458419799805
64,C1-C3,fbar,45,1,409,103,0.6118024132730016,0.225081205368042
64,C1-C3,fbar,45,2,409,103,0.69947209653092,0.22078967094421387
64,C1-C3,fbar,45,3,410,102,0.7058823529411765,0.21226930618286133
64,C1-C3,fbar,45,4,410,102,0.7058823529411765,0.21391010284423828
64,C1-C3,fbar,45,5,410,102,0.6176470588235294,0.22698378562927246
64,C1-C4,fbar,45,1,409,103,0.9219457013574661,0.2231135368347168
64,C1-C4,fbar,45,2,409,103,0.8736802413273002,0.22069358825683594
64,C1-C4,fbar,45,3,410,102,0.9313725490196079,0.2260456085205078
64,C1-C4,fbar,45,4,410,102,0.9313725490196079,0.21886181831359863
64,C1-C4,fbar,45,5,410,102,0.8725490196078431,0.21332645416259766
64,C2-C3,fbar,45,1,409,103,0.5622171945701357,0.22641515731811523
64,C2-C3,fbar,45,2,409,103,0.5441176470588236,0.22452473640441895
64,C2-C3,fbar,45,3,410,102,0.5490196078431373,0.21564793586730957
64,C2-C3,fbar,45,4,410,102,0.4607843137254902,0.22122573852539062
64,C2-C3,fbar,45,5,410,102,0.5294117647058824,0.21293997764587402
64,C2-C4,fbar,45,1,409,103,0.9511689291101055,0.21076726913452148
64,C2-C4,fbar,45,2,409,103,0.9032805429864253,0.22785091400146484
64,C2-C4,fbar,45,3,410,102,0.9411764705882353,0.2115175724029541
64,C2-C4,fbar,45,4,410,102,0.9705882352941176,0.2126011848449707
64,C2-C4,fbar,45,5,410,102,0.9215686274509803,0.21846938133239746
64,C3-C4,fbar,45,1,409,103,0.9513574660633484,0.21816182136535645
64,C3-C4,fbar,45,2,409,103,0.9030920060331824,0.21178841590881348
64,C3-C4,fbar,45,3,410,102,0.9313725490196079,0.21102452278137207
64,C3-C4,fbar,45,4,410,102,0.9607843137254901,0.2149977684020996
64,C3-C4,fbar,45,5,410,102,0.9411764705882353,0.21712827682495117
64,C4-rest,fbar,45,1,819,205,0.9052711993888465,0.23605799674987793
64,C4-rest,fbar,45,2,819,205,0.9511713776419659,0.2496030330657959
64,C4-rest,fbar,45,3,819,205,0.9020881079704609,0.23226571083068848
64,C4-rest,fbar,45,4,819,205,0.9228883861236803,0.23749732971191406
64,C4-rest,fbar,45,5,820,204,0.9052287581699346,0.25945305824279785
64,4class,fbar,45,1,819,205,0.5564668174962293,0.2566406726837158
64,4class,fbar,45,2,819,205,0.547134238310709,0.23467254638671875
64,4class,fbar,45,3,819,205,0.556843891402715,0.2365865707397461
64,4class,fbar,45,4,819,205,0.5298831070889894,0.2646472454071045
64,4class,fbar,45,5,820,204,0.5049019607843137,0.23468399047851562
64,C1-C2,fbar_var,45,1,409,103,0.767156862745098,0.22676634788513184
64,C1-C2,fbar_var,45,2,409,103,0.8159879336349924,0.22143173217773438
64,C1-C2,fbar_var,45,3,410,102,0.803921568627451,0.2174830436706543
64,C1-C2,fbar_var,45,4,410,102,0.7843137254901961,0.21467137336730957
64,C1-C2,fbar_var,45,5,410,102,0.7352941176470589,0.24455785751342773
64,C1-C3,fbar_var,45,1,409,103,0.7379336349924586,0.2221219539642334
64,C1-C3,fbar_var,45,2,409,103,0.6702488687782806,0.21549630165100098
64,C1-C3,fbar_var,45,3,410,102,0.7647058823529411,0.21595048904418945
64,C1-C3,fbar_var,45,4,410,102,0.7352941176470589,0.22245001792907715
64,C1-C3,fbar_var,45,5,410,102,0.7058823529411764,0.2191770076751709
64,C1-C4,fbar_var,45,1,409,103,1.0,0.22535276412963867
64,C1-C4,fbar_var,45,2,409,103,0.9805806938159879,0.2201237678527832
64,C1-C4,fbar_var,45,3,410,102,0.9901960784313726,0.22000527381896973
64,C1-C4,fbar_var,45,4,410,102,0.9901960784313726,0.21480083465576172
64,C1-C4,fbar_var,45,5,410,102,1.0,0.21723437309265137
64,C2-C3,fbar_var,45,1,409,103,0.6892911010558069,0.21712231636047363
64,C2-C3,fbar_var,45,2,409,103,0.6702488687782806,0.22011232376098633
64,C2-C3,fbar_var,45,3,410,102,0.7549019607843137,0.21692800521850586
64,C2-C3,fbar_var,45,4,410,102,0.6862745098039216,0.2315976619720459
64,C2-C3,fbar_var,45,5,410,102,0.6862745098039216,0.22177815437316895
64,C2-C4,fbar_var,45,1,409,103,0.9901960784313726,0.2200479507446289
64,C2-C4,fbar_var,45,2,409,103,0.9613499245852186,0.21518826484680176
64,C2-C4,fbar_var,45,3,410,102,0.9803921568627451,0.2203960418701172
64,C2-C4,fbar_var,45,4,410,102,0.9803921568627451,0.2193155288696289
64,C2-C4,fbar_var,45,5,410,102,0.9803921568627452,0.21558904647827148
64,C3-C4,fbar_var,45,1,409,103,0.9803921568627452,0.21769404411315918
64,C3-C4,fbar_var,45,2,409,103,0.951734539969834,0.21697425842285156
64,C3-C4,fbar_var,45,3,410,102,1.0,0.21309900283813477
64,C3-C4,fbar_var,45,4,410,102,0.9901960784313726,0.21825742721557617
64,C3-C4,fbar_var,45,5,410,102,0.9901960784313726,0.21550822257995605
64,C4-rest,fbar_var,45,1,819,205,0.9705882352941176,0.23110294342041016
64,C4-rest,fbar_var,45,2,819,205,1.0,0.2432692050933838
64,C4-rest,fbar_var,45,3,819,205,0.983702571937866,0.23487114906311035
64,C4-rest,fbar_var,45,4,819,205,0.967885872297637,0.23490238189697266
64,C4-rest,fbar_var,45,5,820,204,0.9509803921568627,0.2322375774383545
64,4class,fbar_var,45,1,819,205,0.7078619909502263,0.23587584495544434
64,4class,fbar_var,45,2,819,205,0.6879713423831071,0.23913931846618652
64,4class,fbar_var,45,3,819,205,0.6940045248868778,0.2551696300506592
64,4class,fbar_var,45,4,819,205,0.6912707390648567,0.23216652870178223
64,4class,fbar_var,45,5,820,204,0.6666666666666666,0.25741100311279297
64,C1-C2,fbar,46,1,409,103,0.6992835595776772,0.23097467422485352
64,C1-C2,fbar,46,2,409,103,0.641025641025641,0.2191636562347412
64,C1-C2,fbar,46,3,410,102,0.6470588235294118,0.21577906608581543
64,C1-C2,fbar,46,4,410,102,0.7450980392156863,0.21432995796203613
64,C1-C2,fbar,46,5,410,102,0.696078431372549,0.22179222106933594
64,C1-C3,fbar,46,1,409,103,0.630656108597285,0.22121191024780273
64,C1-C3,fbar,46,2,409,103,0.6694947209653093,0.2410905361175537
64,C1-C3,fbar,46,3,410,102,0.7156862745098039,0.2318558692932129
64,C1-C3,fbar,46,4,410,102,0.696078431372549,0.21857810020446777
64,C1-C3,fbar,46,5,410,102,0.7450980392156863,0.21521782875061035
64,C1-C4,fbar,46,1,409,103,0.8834841628959276,0.22066259384155273
64,C1-C4,fbar,46,2,409,103,0.8836726998491704,0.22286152839660645
64,C1-C4,fbar,46,3,410,102,0.911764705882353,0.22127103805541992
64,C1-C4,fbar,46,4,410,102,0.8627450980392157,0.2178492546081543
64,C1-C4,fbar,46,5,410,102,0.8627450980392157,0.22367525100708008
64,C2-C3,fbar,46,1,409,103,0.47662141779788836,0.2345285415649414
64,C2-C3,fbar,46,2,409,103,0.4464555052790347,0.22722554206848145
64,C2-C3,fbar,46,3,410,102,0.5294117647058824,0.22394633293151855
64,C2-C3,fbar,46,4,410,102,0.5686274509803921,0.22437214851379395
64,C2-C3,fbar,46,5,410,102,0.5196078431372549,0.21520757675170898
64,C2-C4,fbar,46,1,409,103,0.8936651583710407,0.22493863105773926
64,C2-C4,fbar,46,2,409,103,0.951734539969834,0.21726059913635254
64,C2-C4,fbar,46,3,410,102,0.9313725490196079,0.21224260330200195
64,C2-C4,fbar,46,4,410,102,0.9313725490196079,0.22780323028564453
64,C2-C4,fbar,46,5,410,102,0.9117647058823529,0.20464634895324707
64,C3-C4,fbar,46,1,409,103,0.960972850678733,0.21391654014587402
64,C3-C4,fbar,46,2,409,103,0.9613499245852186,0.20095562934875488
64,C3-C4,fbar,46,3,410,102,0.9901960784313726,0.21278905868530273
64,C3-C4,fbar,46,4,410,102,0.9215686274509803,0.21091246604919434
64,C3-C4,fbar,46,5,410,102,0.9215686274509803,0.21693706512451172
64,C4-rest,fbar,46,1,819,205,0.9217596129360835,0.23451662063598633
64,C4-rest,fbar,46,2,819,205,0.8987776928953399,0.23550868034362793
64,C4-rest,fbar,46,3,819,205,0.9348739495798319,0.25092172622680664
64,C4-rest,fbar,46,4,819,205,0.900201106083459,0.23852896690368652
64,C4-rest,fbar,46,5,820,204,0.8790849673202614,0.24054574966430664
64,4class,fbar,46,1,819,205,0.5614630467571644,0.2568657398223877
64,4class,fbar,46,2,819,205,0.5036764705882353,0.23639559745788574
64,4class,fbar,46,3,819,205,0.48388009049773756,0.23213601112365723
64,4class,fbar,46,4,819,205,0.559106334841629,0.2533750534057617
64,4class,fbar,46,5,820,204,0.5931372549019608,0.23453903198242188
64,C1-C2,fbar_var,46,1,409,103,0.7575414781297134,0.22243094444274902
64,C1-C2,fbar_var,46,2,409,103,0.8163650075414781,0.2128150463104248
64,C1-C2,fbar_var,46,3,410,102,0.7843137254901961,0.21660423278808594
64,C1-C2,fbar_var,46,4,410,102,0.8333333333333333,0.21990609169006348
64,C1-C2,fbar_var,46,5,410,102,0.9117647058823529,0.22166943550109863
64,C1-C3,fbar_var,46,1,409,103,0.708710407239819,0.24278831481933594
64,C1-C3,fbar_var,46,2,409,103,0.708710407239819,0.21651673316955566
64,C1-C3,fbar_var,46,3,410,102,0.7549019607843137,0.2180337905883789
64,C1-C3,fbar_var,46,4,410,102,0.7058823529411764,0.21933555603027344
64,C1-C3,fbar_var,46,5,410,102,0.7254901960784313,0.21756458282470703
64,C1-C4,fbar_var,46,1,409,103,1.0,0.21906280517578125
64,C1-C4,fbar_var,46,2,409,103,0.9803921568627452,0.22257685661315918
64,C1-C4,fbar_var,46,3,410,102,1.0,0.23671603202819824
64,C1-C4,fbar_var,46,4,410,102,0.9901960784313726,0.23697447776794434
64,C1-C4,fbar_var,46,5,410,102,0.9901960784313726,0.2375476360321045
64,C2-C3,fbar_var,46,1,409,103,0.6892911010558069,0.21529769897460938
64,C2-C3,fbar_var,46,2,409,103,0.6892911010558069,0.22061371803283691
64,C2-C3,fbar_var,46,3,410,102,0.6274509803921569,0.2224428653717041
64,C2-C3,fbar_var,46,4,410,102,0.6862745098039216,0.21918225288391113
64,C2-C3,fbar_var,46,5,410,102,0.6372549019607843,0.2171933650970459
64,C2-C4,fbar_var,46,1,409,103,0.9805806938159879,0.2325725555419922
64,C2-C4,fbar_var,46,2,409,103,0.9711538461538461,0.21909570693969727
64,C2-C4,fbar_var,46,3,410,102,0.9901960784313726,0.22199273109436035
64,C2-C4,fbar_var,46,4,410,102,0.9607843137254901,0.22393321990966797
64,C2-C4,fbar_var,46,5,410,102,0.9901960784313726,0.22113776206970215
64,C3-C4,fbar_var,46,1,409,103,1.0,0.22039580345153809
64,C3-C4,fbar_var,46,2,409,103,0.9807692307692308,0.21925711631774902
64,C3-C4,fbar_var,46,3,410,102,0.9901960784313726,0.21353578567504883
64,C3-C4,fbar_var,46,4,410,102,0.9803921568627452,0.22074365615844727
64,C3-C4,fbar_var,46,5,410,102,0.9803921568627451,0.23232769966125488
64,C4-rest,fbar_var,46,1,819,205,0.9771454036159919,0.26368165016174316
64,C4-rest,fbar_var,46,2,819,205,0.9705882352941176,0.23700547218322754
64,C4-rest,fbar_var,46,3,819,205,1.0,0.25574207305908203
64,C4-rest,fbar_var,46,4,819,205,0.9615384615384616,0.2318112850189209
64,C4-rest,fbar_var,46,5,820,204,0.9803921568627452,0.23373007774353027
64,4class,fbar_var,46,1,819,205,0.6294306184012066,0.23573970794677734
64,4class,fbar_var,46,2,819,205,0.6930618401206636,0.2470564842224121
64,4class,fbar_var,46,3,819,205,0.6891025641025641,0.26384687423706055
64,4class,fbar_var,46,4,819,205,0.686368778280543,0.2406620979309082
64,4class,fbar_var,46,5,820,204,0.7156862745098039,0.23203182220458984
64,C1-C2,fbar,47,1,409,103,0.7665912518853695,0.2129049301147461
64,C1-C2,fbar,47,2,409,103,0.7286953242835597,0.2133796215057373
64,C1-C2,fbar,47,3,410,102,0.6764705882352942,0.21666431427001953
64,C1-C2,fbar,47,4,410,102,0.7647058823529411,0.22085237503051758
64,C1-C2,fbar,47,5,410,102,0.696078431372549,0.21933984756469727
64,C1-C3,fbar,47,1,409,103,0.6691176470588236,0.2193152904510498
64,C1-C3,fbar,47,2,409,103,0.6312217194570136,0.252427339553833
64,C1-C3,fbar,47,3,410,102,0.6372549019607843,0.22813034057617188
64,C1-C3,fbar,47,4,410,102,0.6470588235294117,0.22163987159729004
64,C1-C3,fbar,47,5,410,102,0.7352941176470589,0.22102594375610352
64,C1-C4,fbar,47,1,409,103,0.9317496229260935,0.21431469917297363
64,C1-C4,fbar,47,2,409,103,0.9219457013574661,0.22528743743896484
64,C1-C4,fbar,47,3,410,102,0.9019607843137255,0.2170572280883789
64,C1-C4,fbar,47,4,410,102,0.8529411764705883,0.2158336639404297
64,C1-C4,fbar,47,5,410,102,0.8529411764705883,0.21331429481506348
64,C2-C3,fbar,47,1,409,103,0.5337481146304676,0.22239255905151367
64,C2-C3,fbar,47,2,409,103,0.447209653092006,0.2180321216583252
64,C2-C3,fbar,47,3,410,102,0.4901960784313726,0.22019386291503906
64,C2-C3,fbar,47,4,410,102,0.42156862745098034,0.22052621841430664
64,C2-C3,fbar,47,5,410,102,0.5294117647058824,0.21705079078674316
64,C2-C4,fbar,47,1,409,103,0.9317496229260935,0.23148798942565918
64,C2-C4,fbar,47,2,409,103,0.9217571644042233,0.21575379371643066
64,C2-C4,fbar,47,3,410,102,0.9607843137254901,0.22698450088500977
64,C2-C4,fbar,47,4,410,102,0.8627450980392157,0.21906685829162598
64,C2-C4,fbar,47,5,410,102,0.9019607843137254,0.23074007034301758
64,C3-C4,fbar,47,1,409,103,0.9127073906485671,0.21459054946899414
64,C3-C4,fbar,47,2,409,103,0.960972850678733,0.22308802604675293
64,C3-C4,fbar,47,3,410,102,0.9607843137254901,0.22162604331970215
64,C3-C4,fbar,47,4,410,102,0.8823529411764706,0.21610379219055176
64,C3-C4,fbar,47,5,410,102,0.892156862745098,0.21322345733642578
64,C4-rest,fbar,47,1,819,205,0.9576012223071046,0.2381589412689209
64,C4-rest,fbar,47,2,819,205,0.9053985230455819,0.24680590629577637
64,C4-rest,fbar,47,3,819,205,0.9576648841354725,0.23106050491333008
64,C4-rest,fbar,47,4,819,205,0.8907742584213172,0.23449015617370605
64,C4-rest,fbar,47,5,820,204,0.9019607843137255,0.2385094165802002
64,4class,fbar,47,1,819,205,0.5752262443438914,0.241560697555542
64,4class,fbar,47,2,819,205,0.5469457013574661,0.24822783470153809
64,4class,fbar,47,3,819,205,0.48369155354449467,0.23694467544555664
64,4class,fbar,47,4,819,205,0.5348793363499246,0.2324535846710205
64,4class,fbar,47,5,820,204,0.5392156862745098,0.25342583656311035
64,C1-C2,fbar_var,47,1,409,103,0.717948717948718,0.23290109634399414
64,C1-C2,fbar_var,47,2,409,103,0.8157993966817496,0.21882081031799316
64,C1-C2,fbar_var,47,3,410,102,0.7647058823529411,0.2150113582611084
64,C1-C2,fbar_var,47,4,410,102,0.8431372549019608,0.21300697326660156
64,C1-C2,fbar_var,47,5,410,102,0.7941176470588236,0.24736475944519043
64,C1-C3,fbar_var,47,1,409,103,0.7564102564102564,0.21900320053100586
64,C1-C3,fbar_var,47,2,409,103,0.6796757164404224,0.22602510452270508
64,C1-C3,fbar_var,47,3,410,102,0.7156862745098039,0.22173714637756348
64,C1-C3,fbar_var,47,4,410,102,0.7254901960784315,0.2173159122467041
64,C1-C3,fbar_var,47,5,410,102,0.7843137254901961,0.22112059593200684
64,C1-C4,fbar_var,47,1,409,103,0.9901960784313726,0.21972107887268066
64,C1-C4,fbar_var,47,2,409,103,1.0,0.22019052505493164
64,C1-C4,fbar_var,47,3,410,102,0.9901960784313726,0.23542523384094238
64,C1-C4,fbar_var,47,4,410,102,0.9803921568627452,0.21070480346679688
64,C1-C4,fbar_var,47,5,410,102,0.9901960784313726,0.22078990936279297
64,C2-C3,fbar_var,47,1,409,103,0.7375565610859729,0.22239470481872559
64,C2-C3,fbar_var,47,2,409,103,0.6210407239819005,0.21591424942016602
64,C2-C3,fbar_var,47,3,410,102,0.6764705882352942,0.21324777603149414
64,C2-C3,fbar_var,47,4,410,102,0.6862745098039216,0.22139716148376465
64,C2-C3,fbar_var,47,5,410,102,0.6372549019607843,0.21588730812072754
64,C2-C4,fbar_var,47,1,409,103,0.9803921568627452,0.22735857963562012
64,C2-C4,fbar_var,47,2,409,103,1.0,0.21233534812927246
64,C2-C4,fbar_var,47,3,410,102,1.0,0.2134263515472412
64,C2-C4,fbar_var,47,4,410,102,0.9705882352941176,0.22060084342956543
64,C2-C4,fbar_var,47,5,410,102,0.9705882352941176,0.2146008014678955
64,C3-C4,fbar_var,47,1,409,103,0.9901960784313726,0.21033143997192383
64,C3-C4,fbar_var,47,2,409,103,1.0,0.22013235092163086
64,C3-C4,fbar_var,47,3,410,102,1.0,0.22352194786071777
64,C3-C4,fbar_var,47,4,410,102,0.9607843137254901,0.21991395950317383
64,C3-C4,fbar_var,47,5,410,102,0.9705882352941176,0.21219968795776367
64,C4-rest,fbar_var,47,1,819,205,0.9901960784313726,0.23149895668029785
64,C4-rest,fbar_var,47,2,819,205,0.9705882352941176,0.23468589782714844
64,C4-rest,fbar_var,47,3,819,205,1.0,0.23807287216186523
64,C4-rest,fbar_var,47,4,819,205,0.9582704876822524,0.23089146614074707
64,C4-rest,fbar_var,47,5,820,204,0.9705882352941176,0.25435757637023926
64,4class,fbar_var,47,1,819,205,0.6678921568627451,0.2382369041442871
64,4class,fbar_var,47,2,819,205,0.668552036199095,0.24993157386779785
64,4class,fbar_var,47,3,819,205,0.6445135746606335,0.23638701438903809
64,4class,fbar_var,47,4,819,205,0.6814668174962292,0.24050593376159668
64,4class,fbar_var,47,5,820,204,0.6715686274509804,0.23647761344909668
64,C1-C2,fbar,48,1,409,103,0.7662141779788838,0.22228288650512695
64,C1-C2,fbar,48,2,409,103,0.6985294117647058,0.21964240074157715
64,C1-C2,fbar,48,3,410,102,0.6862745098039216,0.214097261428833
64,C1-C2,fbar,48,4,410,102,0.7254901960784315,0.2127377986907959
64,C1-C2,fbar,48,5,410,102,0.696078431372549,0.21178412437438965
64,C1-C3,fbar,48,1,409,103,0.698340874811463,0.21997880935668945
64,C1-C3,fbar,48,2,409,103,0.6698717948717949,0.24280738830566406
64,C1-C3,fbar,48,3,410,102,0.6274509803921569,0.21654868125915527
64,C1-C3,fbar,48,4,410,102,0.6274509803921569,0.22014784812927246
64,C1-C3,fbar,48,5,410,102,0.6764705882352942,0.21792101860046387
64,C1-C4,fbar,48,1,409,103,0.8348416289592759,0.2166299819946289
64,C1-C4,fbar,48,2,409,103,0.873868778280543,0.21215295791625977
64,C1-C4,fbar,48,3,410,102,0.9313725490196079,0.22229909896850586
64,C1-C4,fbar,48,4,410,102,0.9019607843137254,0.21622896194458008
64,C1-C4,fbar,48,5,410,102,0.9215686274509804,0.21486330032348633
64,C2-C3,fbar,48,1,409,103,0.48548265460030166,0.22902417182922363
64,C2-C3,fbar,48,2,409,103,0.475867269984917,0.21287846565246582
64,C2-C3,fbar,48,3,410,102,0.5294117647058824,0.21870756149291992
64,C2-C3,fbar,48,4,410,102,0.5,0.21572422981262207
64,C2-C3,fbar,48,5,410,102,0.5098039215686274,0.21962571144104004
64,C2-C4,fbar,48,1,409,103,0.902526395173454,0.21957802772521973
64,C2-C4,fbar,48,2,409,103,0.9125188536953244,0.22020697593688965
64,C2-C4,fbar,48,3,410,102,0.9313725490196079,0.2198331356048584
64,C2-C4,fbar,48,4,410,102,0.9215686274509804,0.21883583068847656
64,C2-C4,fbar,48,5,410,102,0.9411764705882353,0.21373391151428223
64,C3-C4,fbar,48,1,409,103,0.8546380090497737,0.222153902053833
64,C3-C4,fbar,48,2,409,103,0.9319381598793364,0.21443676948547363
64,C3-C4,fbar,48,3,410,102,0.9411764705882353,0.21626830101013184
64,C3-C4,fbar,48,4,410,102,0.9313725490196079,0.2198038101196289
64,C3-C4,fbar,48,5,410,102,0.9509803921568627,0.2158064842224121
64,C4-rest,fbar,48,1,819,205,0.8923478482302012,0.24023675918579102
64,C4-rest,fbar,48,2,819,205,0.9250063661828367,0.2380356788635254
64,C4-rest,fbar,48,3,819,205,0.9185128596893303,0.23078560829162598
64,C4-rest,fbar,48,4,819,205,0.9069255907491202,0.24277472496032715
64,C4-rest,fbar,48,5,820,204,0.9052287581699346,0.23964166641235352
64,4class,fbar,48,1,819,205,0.5363876319758673,0.2416856288909912
64,4class,fbar,48,2,819,205,0.5563725490196079,0.2409963607788086
64,4class,fbar,48,3,819,205,0.498868778280543,0.23475408554077148
64,4class,fbar,48,4,819,205,0.5250754147812972,0.2386946678161621
64,4class,fbar,48,5,820,204,0.5392156862745099,0.23660850524902344
64,C1-C2,fbar_var,48,1,409,103,0.8342760180995474,0.21993374824523926
64,C1-C2,fbar_var,48,2,409,103,0.7767722473604827,0.22098422050476074
64,C1-C2,fbar_var,48,3,410,102,0.8627450980392157,0.21468114852905273
64,C1-C2,fbar_var,48,4,410,102,0.8431372549019608,0.2206132411956787
64,C1-C2,fbar_var,48,5,410,102,0.8235294117647058,0.2196199893951416
64,C1-C3,fbar_var,48,1,409,103,0.7467948717948718,0.22863030433654785
64,C1-C3,fbar_var,48,2,409,103,0.6610105580693816,0.21952462196350098
64,C1-C3,fbar_var,48,3,410,102,0.7254901960784313,0.24293971061706543
64,C1-C3,fbar_var,48,4,410,102,0.7352941176470589,0.2168121337890625
64,C1-C3,fbar_var,48,5,410,102,0.6862745098039216,0.22992372512817383
64,C1-C4,fbar_var,48,1,409,103,0.9705882352941176,0.22423458099365234
64,C1-C4,fbar_var,48,2,409,103,0.9903846153846154,0.2166156768798828
64,C1-C4,fbar_var,48,3,410,102,1.0,0.22664523124694824
64,C1-C4,fbar_var,48,4,410,102,1.0,0.21326828002929688
64,C1-C4,fbar_var,48,5,410,102,1.0,0.22744441032409668
64,C2-C3,fbar_var,48,1,409,103,0.6802413273001509,0.2155742645263672
64,C2-C3,fbar_var,48,2,409,103,0.6696832579185521,0.21715211868286133
64,C2-C3,fbar_var,48,3,410,102,0.7058823529411764,0.2210230827331543
64,C2-C3,fbar_var,48,4,410,102,0.6568627450980392,0.21545696258544922
64,C2-C3,fbar_var,48,5,410,102,0.6764705882352942,0.23686838150024414
64,C2-C4,fbar_var,48,1,409,103,0.9705882352941176,0.22482681274414062
64,C2-C4,fbar_var,48,2,409,103,0.9711538461538461,0.23047494888305664
64,C2-C4,fbar_var,48,3,410,102,1.0,0.22339129447937012
64,C2-C4,fbar_var,48,4,410,102,0.9705882352941176,0.21861767768859863
64,C2-C4,fbar_var,48,5,410,102,0.9705882352941176,0.2198619842529297
64,C3-C4,fbar_var,48,1,409,103,0.9803921568627452,0.22064876556396484
64,C3-C4,fbar_var,48,2,409,103,0.9711538461538461,0.21159648895263672
64,C3-C4,fbar_var,48,3,410,102,1.0,0.21570539474487305
64,C3-C4,fbar_var,48,4,410,102,0.9901960784313726,0.21995925903320312
64,C3-C4,fbar_var,48,5,410,102,0.9901960784313726,0.21319961547851562
64,C4-rest,fbar_var,48,1,819,205,0.9705882352941176,0.2365427017211914
64,C4-rest,fbar_var,48,2,819,205,0.9901960784313726,0.23763442039489746
64,C4-rest,fbar_var,48,3,819,205,0.9803921568627452,0.235152006149292
64,C4-rest,fbar_var,48,4,819,205,0.9903846153846154,0.237623929977417
64,C4-rest,fbar_var,48,5,820,204,0.9705882352941176,0.24017858505249023
64,4class,fbar_var,48,1,819,205,0.6825980392156863,0.23502612113952637
64,4class,fbar_var,48,2,819,205,0.644419306184012,0.24405646324157715
64,4class,fbar_var,48,3,819,205,0.6744909502262444,0.25815868377685547
64,4class,fbar_var,48,4,819,205,0.6814668174962293,0.2401728630065918
64,4class,fbar_var,48,5,820,204,0.6715686274509804,0.24468493461608887
64,C1-C2,fbar,49,1,409,103,0.7188914027149321,0.22876429557800293
64,C1-C2,fbar,49,2,409,103,0.660633484162896,0.21938419342041016
64,C1-C2,fbar,49,3,410,102,0.7647058823529411,0.22683167457580566
64,C1-C2,fbar,49,4,410,102,0.6078431372549019,0.22257542610168457
64,C1-C2,fbar,49,5,410,102,0.7156862745098039,0.2299177646636963
64,C1-C3,fbar,49,1,409,103,0.7088989441930618,0.22847604751586914
64,C1-C3,fbar,49,2,409,103,0.6602564102564102,0.218580961227417
64,C1-C3,fbar,49,3,410,102,0.7156862745098039,0.22174453735351562
64,C1-C3,fbar,49,4,410,102,0.6862745098039216,0.21398711204528809
64,C1-C3,fbar,49,5,410,102,0.6764705882352942,0.22045207023620605
64,C1-C4,fbar,49,1,409,103,0.8827300150829562,0.21060848236083984
64,C1-C4,fbar,49,2,409,103,0.941553544494721,0.2369401454925537
64,C1-C4,fbar,49,3,410,102,0.892156862745098,0.21789813041687012
64,C1-C4,fbar,49,4,410,102,0.9019607843137254,0.23546409606933594
64,C1-C4,fbar,49,5,410,102,0.8333333333333334,0.21825218200683594
64,C2-C3,fbar,49,1,409,103,0.45644796380090497,0.21626877784729004
64,C2-C3,fbar,49,2,409,103,0.4566365007541478,0.23602700233459473
64,C2-C3,fbar,49,3,410,102,0.48039215686274506,0.2157900333404541
64,C2-C3,fbar,49,4,410,102,0.45098039215686275,0.22356247901916504
64,C2-C3,fbar,49,5,410,102,0.5588235294117647,0.2122488021850586
64,C2-C4,fbar,49,1,409,103,0.9226998491704375,0.21552300453186035
64,C2-C4,fbar,49,2,409,103,0.9225113122171946,0.2189924716949463
64,C2-C4,fbar,49,3,410,102,0.9509803921568627,0.21695542335510254
64,C2-C4,fbar,49,4,410,102,0.9509803921568627,0.21819519996643066
64,C2-C4,fbar,49,5,410,102,0.9607843137254901,0.2190251350402832
64,C3-C4,fbar,49,1,409,103,0.9613499245852186,0.21984148025512695
64,C3-C4,fbar,49,2,409,103,0.9709653092006033,0.20978474617004395
64,C3-C4,fbar,49,3,410,102,0.9117647058823529,0.21116971969604492
64,C3-C4,fbar,49,4,410,102,0.9607843137254901,0.20846796035766602
64,C3-C4,fbar,49,5,410,102,0.9411764705882353,0.2202587127685547
64,C4-rest,fbar,49,1,819,205,0.9379933791698498,0.23280024528503418
64,C4-rest,fbar,49,2,819,205,0.9576012223071046,0.23316121101379395
64,C4-rest,fbar,49,3,819,205,0.8759230965113318,0.23836016654968262
64,C4-rest,fbar,49,4,819,205,0.9388511814982403,0.24062681198120117
64,C4-rest,fbar,49,5,820,204,0.9248366013071896,0.23920273780822754
64,4class,fbar,49,1,819,205,0.5025452488687783,0.2436521053314209
64,4class,fbar,49,2,819,205,0.5180995475113122,0.24011898040771484
64,4class,fbar,49,3,819,205,0.5565610859728507,0.23643922805786133
64,4class,fbar,49,4,819,205,0.48595399698340874,0.25929760932922363
64,4class,fbar,49,5,820,204,0.5343137254901961,0.23815274238586426
64,C1-C2,fbar_var,49,1,409,103,0.8152337858220211,0.21394038200378418
64,C1-C2,fbar_var,49,2,409,103,0.806184012066365,0.22127819061279297
64,C1-C2,fbar_var,49,3,410,102,0.8333333333333333,0.2257843017578125
64,C1-C2,fbar_var,49,4,410,102,0.7843137254901961,0.2289121150970459
64,C1-C2,fbar_var,49,5,410,102,0.8529411764705883,0.2211627960205078
64,C1-C3,fbar_var,49,1,409,103,0.747737556561086,0.22587251663208008
64,C1-C3,fbar_var,49,2,409,103,0.6894796380090498,0.2234935760498047
64,C1-C3,fbar_var,49,3,410,102,0.7450980392156863,0.23833656311035156
64,C1-C3,fbar_var,49,4,410,102,0.7156862745098038,0.2213759422302246
64,C1-C3,fbar_var,49,5,410,102,0.7450980392156863,0.23214507102966309
64,C1-C4,fbar_var,49,1,409,103,1.0,0.21117019653320312
64,C1-C4,fbar_var,49,2,409,103,1.0,0.21460866928100586
64,C1-C4,fbar_var,49,3,410,102,0.9705882352941176,0.2280566692352295
64,C1-C4,fbar_var,49,4,410,102,0.9803921568627451,0.23562979698181152
64,C1-C4,fbar_var,49,5,410,102,1.0,0.2160952091217041
64,C2-C3,fbar_var,49,1,409,103,0.6706259426847663,0.21584105491638184
64,C2-C3,fbar_var,49,2,409,103,0.6510180995475113,0.2145824432373047
64,C2-C3,fbar_var,49,3,410,102,0.7647058823529411,0.21115636825561523
64,C2-C3,fbar_var,49,4,410,102,0.6666666666666666,0.212601900100708
64,C2-C3,fbar_var,49,5,410,102,0.7058823529411764,0.21791338920593262
64,C2-C4,fbar_var,49,1,409,103,0.9803921568627452,0.21077990531921387
64,C2-C4,fbar_var,49,2,409,103,0.9807692307692308,0.2202744483947754
64,C2-C4,fbar_var,49,3,410,102,0.9803921568627451,0.22040414810180664
64,C2-C4,fbar_var,49,4,410,102,0.9901960784313726,0.21977567672729492
64,C2-C4,fbar_var,49,5,410,102,1.0,0.21820783615112305
64,C3-C4,fbar_var,49,1,409,103,0.9709653092006033,0.22829437255859375
64,C3-C4,fbar_var,49,2,409,103,0.9711538461538461,0.21924066543579102
64,C3-C4,fbar_var,49,3,410,102,0.9705882352941176,0.21465420722961426
64,C3-C4,fbar_var,49,4,410,102,0.9901960784313726,0.22913599014282227
64,C3-C4,fbar_var,49,5,410,102,1.0,0.2183241844177246
64,C4-rest,fbar_var,49,1,819,205,0.9901960784313726,0.23382782936096191
64,C4-rest,fbar_var,49,2,819,205,1.0,0.23075509071350098
64,C4-rest,fbar_var,49,3,819,205,0.9313725490196079,0.23740553855895996
64,C4-rest,fbar_var,49,4,819,205,0.9967320261437909,0.24585199356079102
64,C4-rest,fbar_var,49,5,820,204,1.0,0.23260760307312012
64,4class,fbar_var,49,1,819,205,0.6782616892911011,0.23121857643127441
64,4class,fbar_var,49,2,819,205,0.6788273001508296,0.23604941368103027
64,4class,fbar_var,49,3,819,205,0.6889140271493213,0.23152923583984375
64,4class,fbar_var,49,4,819,205,0.7352941176470588,0.23183155059814453
64,4class,fbar_var,49,5,820,204,0.7205882352941176,0.23935222625732422
64,C1-C2,fbar,50,1,409,103,0.6989064856711915,0.21727347373962402
64,C1-C2,fbar,50,2,409,103,0.6894796380090498,0.2214052677154541
64,C1-C2,fbar,50,3,410,102,0.6274509803921569,0.21446752548217773
64,C1-C2,fbar,50,4,410,102,0.5980392156862745,0.2143089771270752
64,C1-C2,fbar,50,5,410,102,0.6470588235294118,0.2134547233581543
64,C1-C3,fbar,50,1,409,103,0.6219834087481146,0.21968483924865723
64,C1-C3,fbar,50,2,409,103,0.6604449472096531,0.2208249568939209
64,C1-C3,fbar,50,3,410,102,0.7549019607843137,0.22011041641235352
64,C1-C3,fbar,50,4,410,102,0.6862745098039216,0.22082138061523438
64,C1-C3,fbar,50,5,410,102,0.6666666666666667,0.22815918922424316
64,C1-C4,fbar,50,1,409,103,0.8834841628959276,0.23740196228027344
64,C1-C4,fbar,50,2,409,103,0.8934766214177978,0.2228250503540039
64,C1-C4,fbar,50,3,410,102,0.8529411764705882,0.21808886528015137
64,C1-C4,fbar,50,4,410,102,0.8627450980392157,0.2158191204071045
64,C1-C4,fbar,50,5,410,102,0.8823529411764706,0.21938085556030273
64,C2-C3,fbar,50,1,409,103,0.4764328808446456,0.21697497367858887
64,C2-C3,fbar,50,2,409,103,0.5143288084464555,0.22148728370666504
64,C2-C3,fbar,50,3,410,102,0.5588235294117647,0.21887707710266113
64,C2-C3,fbar,50,4,410,102,0.5,0.21988844871520996
64,C2-C3,fbar,50,5,410,102,0.5588235294117647,0.21479272842407227
64,C2-C4,fbar,50,1,409,103,0.9321266968325792,0.21830391883850098
64,C2-C4,fbar,50,2,409,103,0.9419306184012066,0.2128617763519287
64,C2-C4,fbar,50,3,410,102,0.9117647058823529,0.21227264404296875
64,C2-C4,fbar,50,4,410,102,0.9215686274509804,0.2166893482208252
64,C2-C4,fbar,50,5,410,102,0.9411764705882353,0.22218894958496094
64,C3-C4,fbar,50,1,409,103,0.9515460030165912,0.21773886680603027
64,C3-C4,fbar,50,2,409,103,0.9417420814479638,0.21758532524108887
64,C3-C4,fbar,50,3,410,102,0.9215686274509804,0.2120504379272461
64,C3-C4,fbar,50,4,410,102,0.9215686274509803,0.22509765625
64,C3-C4,fbar,50,5,410,102,0.9313725490196079,0.21602606773376465
64,C4-rest,fbar,50,1,819,205,0.911955691367456,0.2326810359954834
64,C4-rest,fbar,50,2,819,205,0.8726763432645785,0.23401951789855957
64,C4-rest,fbar,50,3,819,205,0.9184491978609626,0.2454509735107422
64,C4-rest,fbar,50,4,819,205,0.9196204122674712,0.23196029663085938
64,C4-rest,fbar,50,5,820,204,0.9215686274509804,0.2517862319946289
64,4class,fbar,50,1,819,205,0.5662707390648567,0.2354567050933838
64,4class,fbar,50,2,819,205,0.5329939668174962,0.25260162353515625
64,4class,fbar,50,3,819,205,0.5082013574660633,0.23940467834472656
64,4class,fbar,50,4,819,205,0.4957579185520362,0.23372912406921387
64,4class,fbar,50,5,820,204,0.4950980392156863,0.24216914176940918
64,C1-C2,fbar_var,50,1,409,103,0.7960030165912519,0.21703362464904785
64,C1-C2,fbar_var,50,2,409,103,0.7677224736048265,0.2306356430053711
64,C1-C2,fbar_var,50,3,410,102,0.8137254901960784,0.22214961051940918
64,C1-C2,fbar_var,50,4,410,102,0.696078431372549,0.21301960945129395
64,C1-C2,fbar_var,50,5,410,102,0.803921568627451,0.22207069396972656
64,C1-C3,fbar_var,50,1,409,103,0.6889140271493213,0.21947360038757324
64,C1-C3,fbar_var,50,2,409,103,0.7183257918552036,0.22160053253173828
64,C1-C3,fbar_var,50,3,410,102,0.7352941176470589,0.23439574241638184
64,C1-C3,fbar_var,50,4,410,102,0.7156862745098038,0.2187490463256836
64,C1-C3,fbar_var,50,5,410,102,0.7549019607843137,0.2139136791229248
64,C1-C4,fbar_var,50,1,409,103,0.9901960784313726,0.21785712242126465
64,C1-C4,fbar_var,50,2,409,103,1.0,0.2191016674041748
64,C1-C4,fbar_var,50,3,410,102,0.9803921568627451,0.21801114082336426
64,C1-C4,fbar_var,50,4,410,102,1.0,0.21959233283996582
64,C1-C4,fbar_var,50,5,410,102,0.9803921568627451,0.2405705451965332
64,C2-C3,fbar_var,50,1,409,103,0.6700603318250378,0.2238926887512207
64,C2-C3,fbar_var,50,2,409,103,0.6504524886877828,0.21518635749816895
64,C2-C3,fbar_var,50,3,410,102,0.7352941176470589,0.2291862964630127
64,C2-C3,fbar_var,50,4,410,102,0.6764705882352942,0.22859406471252441
64,C2-C3,fbar_var,50,5,410,102,0.7058823529411765,0.2189326286315918
64,C2-C4,fbar_var,50,1,409,103,1.0,0.22086381912231445
64,C2-C4,fbar_var,50,2,409,103,0.9903846153846154,0.22739958763122559
64,C2-C4,fbar_var,50,3,410,102,0.9607843137254901,0.21236753463745117
64,C2-C4,fbar_var,50,4,410,102,0.9705882352941176,0.21695613861083984
64,C2-C4,fbar_var,50,5,410,102,0.9901960784313726,0.21491193771362305
64,C3-C4,fbar_var,50,1,409,103,1.0,0.2166585922241211
64,C3-C4,fbar_var,50,2,409,103,1.0,0.22643184661865234
64,C3-C4,fbar_var,50,3,410,102,0.9607843137254901,0.21109843254089355
64,C3-C4,fbar_var,50,4,410,102,0.9901960784313726,0.21376538276672363
64,C3-C4,fbar_var,50,5,410,102,0.9901960784313726,0.2219069004058838
64,C4-rest,fbar_var,50,1,819,205,0.9803921568627452,0.2584214210510254
64,C4-rest,fbar_var,50,2,819,205,0.9607843137254901,0.23643183708190918
64,C4-rest,fbar_var,50,3,819,205,0.9967532467532467,0.2316431999206543
64,C4-rest,fbar_var,50,4,819,205,1.0,0.23887872695922852
64,C4-rest,fbar_var,50,5,820,204,0.9705882352941176,0.2308492660522461
64,4class,fbar_var,50,1,819,205,0.6683634992458521,0.23653006553649902
64,4class,fbar_var,50,2,819,205,0.6835407239819005,0.23727989196777344
64,4class,fbar_var,50,3,819,205,0.654788838612368,0.2530214786529541
64,4class,fbar_var,50,4,819,205,0.6520550527903469,0.23433470726013184
64,4class,fbar_var,50,5,820,204,0.7107843137254902,0.23711252212524414
64,C1-C2,fbar,51,1,409,103,0.777526395173454,0.2215714454650879
64,C1-C2,fbar,51,2,409,103,0.6892911010558069,0.22157740592956543
64,C1-C2,fbar,51,3,410,102,0.6862745098039216,0.23081183433532715
64,C1-C2,fbar,51,4,410,102,0.7254901960784313,0.21802306175231934
64,C1-C2,fbar,51,5,410,102,0.7156862745098038,0.2192840576171875
64,C1-C3,fbar,51,1,409,103,0.6791101055806938,0.2208571434020996
64,C1-C3,fbar,51,2,409,103,0.6698717948717949,0.22028279304504395
64,C1-C3,fbar,51,3,410,102,0.7254901960784315,0.21758031845092773
64,C1-C3,fbar,51,4,410,102,0.696078431372549,0.21717143058776855
64,C1-C3,fbar,51,5,410,102,0.6666666666666666,0.22251391410827637
64,C1-C4,fbar,51,1,409,103,0.854449472096531,0.23705053329467773
64,C1-C4,fbar,51,2,409,103,0.9030920060331824,0.2320244312286377
64,C1-C4,fbar,51,3,410,102,0.892156862745098,0.22217464447021484
64,C1-C4,fbar,51,4,410,102,0.9117647058823529,0.22201991081237793
64,C1-C4,fbar,51,5,410,102,0.9019607843137255,0.22178292274475098
64,C2-C3,fbar,51,1,409,103,0.5441176470588236,0.2565288543701172
64,C2-C3,fbar,51,2,409,103,0.4845399698340874,0.22393178939819336
64,C2-C3,fbar,51,3,410,102,0.5098039215686274,0.21698284149169922
64,C2-C3,fbar,51,4,410,102,0.43137254901960786,0.2358384132385254
64,C2-C3,fbar,51,5,410,102,0.5196078431372548,0.23258686065673828
64,C2-C4,fbar,51,1,409,103,0.9027149321266968,0.23251771926879883
64,C2-C4,fbar,51,2,409,103,0.9421191553544495,0.22115182876586914
64,C2-C4,fbar,51,3,410,102,0.911764705882353,0.2196195125579834
64,C2-C4,fbar,51,4,410,102,0.9313725490196079,0.22040295600891113
64,C2-C4,fbar,51,5,410,102,0.9705882352941176,0.22575116157531738
64,C3-C4,fbar,51,1,409,103,0.9219457013574661,0.21397137641906738
64,C3-C4,fbar,51,2,409,103,0.902526395173454,0.2246544361114502
64,C3-C4,fbar,51,3,410,102,0.9313725490196079,0.2220468521118164
64,C3-C4,fbar,51,4,410,102,0.9117647058823529,0.22155141830444336
64,C3-C4,fbar,51,5,410,102,0.9607843137254902,0.22997689247131348
64,C4-rest,fbar,51,1,819,205,0.9185128596893303,0.2357161045074463
64,C4-rest,fbar,51,2,819,205,0.9118283677107206,0.24102234840393066
64,C4-rest,fbar,51,3,819,205,0.882480264833206,0.23578882217407227
64,C4-rest,fbar,51,4,819,205,0.9132730015082956,0.25323486328125
64,C4-rest,fbar,51,5,820,204,0.9542483660130718,0.23172926902770996
64,4class,fbar,51,1,819,205,0.5075414781297134,0.2402806282043457
64,4class,fbar,51,2,819,205,0.5567496229260935,0.2387397289276123
64,4class,fbar,51,3,819,205,0.5326168929110106,0.24374151229858398
64,4class,fbar,51,4,819,205,0.5253582202111613,0.2558016777038574
64,4class,fbar,51,5,820,204,0.5588235294117647,0.24233722686767578
64,C1-C2,fbar_var,51,1,409,103,0.845211161387632,0.22084879875183105
64,C1-C2,fbar_var,51,2,409,103,0.776206636500754,0.2165813446044922
64,C1-C2,fbar_var,51,3,410,102,0.7647058823529411,0.21870827674865723
64,C1-C2,fbar_var,51,4,410,102,0.7941176470588236,0.21175789833068848
64,C1-C2,fbar_var,51,5,410,102,0.7549019607843137,0.21314239501953125
64,C1-C3,fbar_var,51,1,409,103,0.7475490196078431,0.21936273574829102
64,C1-C3,fbar_var,51,2,409,103,0.7183257918552036,0.21934866905212402
64,C1-C3,fbar_var,51,3,410,102,0.7549019607843137,0.21863412857055664
64,C1-C3,fbar_var,51,4,410,102,0.7843137254901961,0.21504521369934082
64,C1-C3,fbar_var,51,5,410,102,0.7352941176470589,0.21257352828979492
64,C1-C4,fbar_var,51,1,409,103,1.0,0.21649575233459473
64,C1-C4,fbar_var,51,2,409,103,0.9901960784313726,0.22355985641479492
64,C1-C4,fbar_var,51,3,410,102,1.0,0.22014236450195312
64,C1-C4,fbar_var,51,4,410,102,1.0,0.22875618934631348
64,C1-C4,fbar_var,51,5,410,102,0.9803921568627452,0.2206423282623291
64,C2-C3,fbar_var,51,1,409,103,0.6504524886877828,0.22162938117980957
64,C2-C3,fbar_var,51,2,409,103,0.5927601809954751,0.22120428085327148
64,C2-C3,fbar_var,51,3,410,102,0.607843137254902,0.21542000770568848
64,C2-C3,fbar_var,51,4,410,102,0.6470588235294117,0.22170090675354004
64,C2-C3,fbar_var,51,5,410,102,0.6470588235294117,0.21828961372375488
64,C2-C4,fbar_var,51,1,409,103,0.9509803921568627,0.22623538970947266
64,C2-C4,fbar_var,51,2,409,103,0.951734539969834,0.22004222869873047
64,C2-C4,fbar_var,51,3,410,102,1.0,0.21567368507385254
64,C2-C4,fbar_var,51,4,410,102,0.9803921568627451,0.21315693855285645
64,C2-C4,fbar_var,51,5,410,102,0.9803921568627451,0.23324060440063477
64,C3-C4,fbar_var,51,1,409,103,0.9607843137254901,0.21420979499816895
64,C3-C4,fbar_var,51,2,409,103,0.9613499245852186,0.21446871757507324
64,C3-C4,fbar_var,51,3,410,102,0.9901960784313726,0.20988130569458008
64,C3-C4,fbar_var,51,4,410,102,0.9901960784313726,0.22019648551940918
64,C3-C4,fbar_var,51,5,410,102,0.9803921568627451,0.2191164493560791
64,C4-rest,fbar_var,51,1,819,205,0.9803921568627452,0.2479996681213379
64,C4-rest,fbar_var,51,2,819,205,0.9607843137254901,0.23538684844970703
64,C4-rest,fbar_var,51,3,819,205,0.9967532467532467,0.23655939102172852
64,C4-rest,fbar_var,51,4,819,205,0.9711538461538461,0.23273253440856934
64,C4-rest,fbar_var,51,5,820,204,0.9901960784313726,0.23982739448547363
64,4class,fbar_var,51,1,819,205,0.6687405731523379,0.23348689079284668
64,4class,fbar_var,51,2,819,205,0.6881598793363499,0.25281476974487305
64,4class,fbar_var,51,3,819,205,0.6646870286576169,0.23993802070617676
64,4class,fbar_var,51,4,819,205,0.6961726998491704,0.23180580139160156
64,4class,fbar_var,51,5,820,204,0.6617647058823529,0.26058316230773926
128,C1-C2,fbar,42,1,204,52,0.7884615384615384,0.21538043022155762
128,C1-C2,fbar,42,2,205,51,0.8430769230769231,0.2079768180847168
128,C1-C2,fbar,42,3,205,51,0.7853846153846153,0.21437287330627441
128,C1-C2,fbar,42,4,205,51,0.823076923076923,0.21450519561767578
128,C1-C2,fbar,42,5,205,51,0.8046153846153846,0.21480488777160645
128,C1-C3,fbar,42,1,204,52,0.7307692307692308,0.20625925064086914
128,C1-C3,fbar,42,2,205,51,0.7630769230769231,0.21510887145996094
128,C1-C3,fbar,42,3,205,51,0.786923076923077,0.21484899520874023
128,C1-C3,fbar,42,4,205,51,0.7661538461538462,0.21181416511535645
128,C1-C3,fbar,42,5,205,51,0.7846153846153847,0.2144935131072998
128,C1-C4,fbar,42,1,204,52,0.8846153846153846,0.21407413482666016
128,C1-C4,fbar,42,2,205,51,0.8838461538461538,0.21311259269714355
128,C1-C4,fbar,42,3,205,51,0.9607692307692308,0.21561646461486816
128,C1-C4,fbar,42,4,205,51,0.9023076923076923,0.21063518524169922
128,C1-C4,fbar,42,5,205,51,0.9415384615384615,0.22134757041931152
128,C2-C3,fbar,42,1,204,52,0.5769230769230769,0.21196889877319336
128,C2-C3,fbar,42,2,205,51,0.5115384615384615,0.21235251426696777
128,C2-C3,fbar,42,3,205,51,0.4723076923076923,0.21552634239196777
128,C2-C3,fbar,42,4,205,51,0.5492307692307692,0.21758222579956055
128,C2-C3,fbar,42,5,205,51,0.47,0.21091508865356445
128,C2-C4,fbar,42,1,204,52,1.0,0.2037651538848877
128,C2-C4,fbar,42,2,205,51,0.9807692307692308,0.19974970817565918
128,C2-C4,fbar,42,3,205,51,0.9607692307692308,0.20394372940063477
128,C2-C4,fbar,42,4,205,51,0.9615384615384616,0.1950235366821289
128,C2-C4,fbar,42,5,205,51,1.0,0.19705867767333984
128,C3-C4,fbar,42,1,204,52,1.0,0.2109668254852295
128,C3-C4,fbar,42,2,205,51,0.98,0.20412969589233398
128,C3-C4,fbar,42,3,205,51,0.9607692307692308,0.195784330368042
128,C3-C4,fbar,42,4,205,51,0.9223076923076923,0.20418715476989746
128,C3-C4,fbar,42,5,205,51,0.9807692307692308,0.22230863571166992
128,C4-rest,fbar,42,1,409,103,0.942057942057942,0.2196063995361328
128,C4-rest,fbar,42,2,409,103,0.9935064935064934,0.23027276992797852
128,C4-rest,fbar,42,3,410,102,0.9135064935064935,0.21931838989257812
128,C4-rest,fbar,42,4,410,102,0.96,0.2167036533355713
128,C4-rest,fbar,42,5,410,102,0.9544534412955465,0.2126615047454834
128,4class,fbar,42,1,409,103,0.6196153846153846,0.21968770027160645
128,4class,fbar,42,2,409,103,0.5996153846153847,0.2222754955291748
128,4class,fbar,42,3,410,102,0.61,0.21883225440979004
128,4class,fbar,42,4,410,102,0.6007692307692307,0.23488712310791016
128,4class,fbar,42,5,410,102,0.6361538461538462,0.22484564781188965
128,C1-C2,fbar_var,42,1,204,52,0.8846153846153846,0.2077784538269043
128,C1-C2,fbar_var,42,2,205,51,0.9207692307692308,0.21409916877746582
128,C1-C2,fbar_var,42,3,205,51,0.8846153846153846,0.20859980583190918
128,C1-C2,fbar_var,42,4,205,51,0.9215384615384616,0.2120664119720459
128,C1-C2,fbar_var,42,5,205,51,0.9223076923076923,0.20656824111938477
128,C1-C3,fbar_var,42,1,204,52,0.9038461538461539,0.21206259727478027
128,C1-C3,fbar_var,42,2,205,51,0.803076923076923,0.21358013153076172
128,C1-C3,fbar_var,42,3,205,51,0.8646153846153846,0.20853519439697266
128,C1-C3,fbar_var,42,4,205,51,0.8838461538461538,0.2211017608642578
128,C1-C3,fbar_var,42,5,205,51,0.8430769230769231,0.21535801887512207
128,C1-C4,fbar_var,42,1,204,52,0.9038461538461539,0.21066808700561523
128,C1-C4,fbar_var,42,2,205,51,1.0,0.20547938346862793
128,C1-C4,fbar_var,42,3,205,51,1.0,0.21416401863098145
128,C1-C4,fbar_var,42,4,205,51,0.98,0.21486806869506836
128,C1-C4,fbar_var,42,5,205,51,1.0,0.2107410430908203
128,C2-C3,fbar_var,42,1,204,52,0.75,0.21219491958618164
128,C2-C3,fbar_var,42,2,205,51,0.7638461538461538,0.21171164512634277
128,C2-C3,fbar_var,42,3,205,51,0.7653846153846153,0.20661377906799316
128,C2-C3,fbar_var,42,4,205,51,0.7623076923076924,0.21431660652160645
128,C2-C3,fbar_var,42,5,205,51,0.7853846153846153,0.22252774238586426
128,C2-C4,fbar_var,42,1,204,52,1.0,0.20627975463867188
128,C2-C4,fbar_var,42,2,205,51,1.0,0.20217370986938477
128,C2-C4,fbar_var,42,3,205,51,0.9607692307692308,0.19637656211853027
128,C2-C4,fbar_var,42,4,205,51,0.9615384615384616,0.2130722999572754
128,C2-C4,fbar_var,42,5,205,51,1.0,0.2137892246246338
128,C3-C4,fbar_var,42,1,204,52,1.0,0.2118992805480957
128,C3-C4,fbar_var,42,2,205,51,1.0,0.2122187614440918
128,C3-C4,fbar_var,42,3,205,51,0.9607692307692308,0.2178640365600586
128,C3-C4,fbar_var,42,4,205,51,1.0,0.1967618465423584
128,C3-C4,fbar_var,42,5,205,51,1.0,0.216325044631958
128,C4-rest,fbar_var,42,1,409,103,0.9807692307692308,0.2185988426208496
128,C4-rest,fbar_var,42,2,409,103,1.0,0.22065949440002441
128,C4-rest,fbar_var,42,3,410,102,0.94,0.2403268814086914
128,C4-rest,fbar_var,42,4,410,102,0.98,0.21521806716918945
128,C4-rest,fbar_var,42,5,410,102,0.993421052631579,0.23096489906311035
128,4class,fbar_var,42,1,409,103,0.7838461538461539,0.22151613235473633
128,4class,fbar_var,42,2,409,103,0.7665384615384615,0.21668171882629395
128,4class,fbar_var,42,3,410,102,0.8157692307692308,0.2168562412261963
128,4class,fbar_var,42,4,410,102,0.8353846153846154,0.2208843231201172
128,4class,fbar_var,42,5,410,102,0.8423076923076923,0.23076677322387695
128,C1-C2,fbar,43,1,204,52,0.8461538461538463,0.21603703498840332
128,C1-C2,fbar,43,2,205,51,0.7246153846153847,0.21520066261291504
128,C1-C2,fbar,43,3,205,51,0.7646153846153847,0.21495628356933594
128,C1-C2,fbar,43,4,205,51,0.7846153846153847,0.20751309394836426
128,C1-C2,fbar,43,5,205,51,0.7438461538461538,0.21265649795532227
128,C1-C3,fbar,43,1,204,52,0.8269230769230769,0.21600747108459473
128,C1-C3,fbar,43,2,205,51,0.8038461538461539,0.2183229923248291
128,C1-C3,fbar,43,3,205,51,0.6876923076923077,0.2249431610107422
128,C1-C3,fbar,43,4,205,51,0.7076923076923077,0.21584105491638184
128,C1-C3,fbar,43,5,205,51,0.7453846153846153,0.20951533317565918
128,C1-C4,fbar,43,1,204,52,0.8846153846153846,0.21593403816223145
128,C1-C4,fbar,43,2,205,51,0.8838461538461538,0.20866870880126953
128,C1-C4,fbar,43,3,205,51,0.94,0.20585036277770996
128,C1-C4,fbar,43,4,205,51,0.9407692307692308,0.21613669395446777
128,C1-C4,fbar,43,5,205,51,0.9030769230769231,0.2154521942138672
128,C2-C3,fbar,43,1,204,52,0.5192307692307692,0.21641826629638672
128,C2-C3,fbar,43,2,205,51,0.5692307692307692,0.20781874656677246
128,C2-C3,fbar,43,3,205,51,0.41307692307692306,0.21284222602844238
128,C2-C3,fbar,43,4,205,51,0.5115384615384615,0.2123861312866211
128,C2-C3,fbar,43,5,205,51,0.5069230769230769,0.22756361961364746
128,C2-C4,fbar,43,1,204,52,0.9807692307692308,0.2048952579498291
128,C2-C4,fbar,43,2,205,51,0.9615384615384616,0.21886849403381348
128,C2-C4,fbar,43,3,205,51,0.98,0.21494412422180176
128,C2-C4,fbar,43,4,205,51,0.98,0.19971823692321777
128,C2-C4,fbar,43,5,205,51,0.9615384615384616,0.21509742736816406
128,C3-C4,fbar,43,1,204,52,1.0,0.20104455947875977
128,C3-C4,fbar,43,2,205,51,0.9807692307692308,0.21501731872558594
128,C3-C4,fbar,43,3,205,51,1.0,0.19581842422485352
128,C3-C4,fbar,43,4,205,51,1.0,0.20428681373596191
128,C3-C4,fbar,43,5,205,51,0.9807692307692308,0.204664945602417
128,C4-rest,fbar,43,1,409,103,0.9355644355644356,0.2150123119354248
128,C4-rest,fbar,43,2,409,103,0.9677822177822177,0.21657085418701172
128,C4-rest,fbar,43,3,410,102,0.9199999999999999,0.22164130210876465
128,C4-rest,fbar,43,4,410,102,0.914025974025974,0.23216962814331055
128,C4-rest,fbar,43,5,410,102,0.9225708502024291,0.24202656745910645
128,4class,fbar,43,1,409,103,0.63,0.22049379348754883
128,4class,fbar,43,2,409,103,0.5523076923076924,0.22001314163208008
128,4class,fbar,43,3,410,102,0.5615384615384615,0.22352242469787598
128,4class,fbar,43,4,410,102,0.6111538461538462,0.22508859634399414
128,4class,fbar,43,5,410,102,0.5480769230769231,0.2153611183166504
128,C1-C2,fbar_var,43,1,204,52,0.9615384615384616,0.20714831352233887
128,C1-C2,fbar_var,43,2,205,51,0.8430769230769231,0.21630859375
128,C1-C2,fbar_var,43,3,205,51,0.9215384615384616,0.20371699333190918
128,C1-C2,fbar_var,43,4,205,51,0.9423076923076923,0.2113666534423828
128,C1-C2,fbar_var,43,5,205,51,0.96,0.20848536491394043
128,C1-C3,fbar_var,43,1,204,52,0.8653846153846154,0.2232677936553955
128,C1-C3,fbar_var,43,2,205,51,0.8838461538461538,0.2179274559020996
128,C1-C3,fbar_var,43,3,205,51,0.6876923076923077,0.21518635749816895
128,C1-C3,fbar_var,43,4,205,51,0.8053846153846154,0.21634268760681152
128,C1-C3,fbar_var,43,5,205,51,0.8223076923076923,0.20683002471923828
128,C1-C4,fbar_var,43,1,204,52,1.0,0.21571874618530273
128,C1-C4,fbar_var,43,2,205,51,0.9607692307692308,0.21407413482666016
128,C1-C4,fbar_var,43,3,205,51,1.0,0.2125246524810791
128,C1-C4,fbar_var,43,4,205,51,1.0,0.2078559398651123
128,C1-C4,fbar_var,43,5,205,51,1.0,0.21276259422302246
128,C2-C3,fbar_var,43,1,204,52,0.8076923076923077,0.21579217910766602
128,C2-C3,fbar_var,43,2,205,51,0.7453846153846153,0.22402310371398926
128,C2-C3,fbar_var,43,3,205,51,0.7661538461538462,0.21645092964172363
128,C2-C3,fbar_var,43,4,205,51,0.8446153846153847,0.21564364433288574
128,C2-C3,fbar_var,43,5,205,51,0.7453846153846153,0.20642471313476562
128,C2-C4,fbar_var,43,1,204,52,1.0,0.21077704429626465
128,C2-C4,fbar_var,43,2,205,51,0.9615384615384616,0.19512033462524414
128,C2-C4,fbar_var,43,3,205,51,1.0,0.21494245529174805
128,C2-C4,fbar_var,43,4,205,51,1.0,0.21076703071594238
128,C2-C4,fbar_var,43,5,205,51,0.9807692307692308,0.21466946601867676
128,C3-C4,fbar_var,43,1,204,52,1.0,0.212052583694458
128,C3-C4,fbar_var,43,2,205,51,1.0,0.20208239555358887
128,C3-C4,fbar_var,43,3,205,51,1.0,0.20985698699951172
128,C3-C4,fbar_var,43,4,205,51,1.0,0.21335053443908691
128,C3-C4,fbar_var,43,5,205,51,0.9807692307692308,0.2138509750366211
128,C4-rest,fbar_var,43,1,409,103,1.0,0.21706271171569824
128,C4-rest,fbar_var,43,2,409,103,0.9935064935064934,0.21779179573059082
128,C4-rest,fbar_var,43,3,410,102,1.0,0.2202305793762207
128,C4-rest,fbar_var,43,4,410,102,1.0,0.2185823917388916
128,C4-rest,fbar_var,43,5,410,102,0.9807692307692308,0.23864340782165527
128,4class,fbar_var,43,1,409,103,0.8138461538461539,0.21481108665466309
128,4class,fbar_var,43,2,409,103,0.7853846153846153,0.22132539749145508
128,4class,fbar_var,43,3,410,102,0.6799999999999999,0.21523475646972656
128,4class,fbar_var,43,4,410,102,0.8453846153846154,0.2219531536102295
128,4class,fbar_var,43,5,410,102,0.831923076923077,0.21951532363891602
128,C1-C2,fbar,44,1,204,52,0.6923076923076923,0.2157435417175293
128,C1-C2,fbar,44,2,205,51,0.8253846153846154,0.20716619491577148
128,C1-C2,fbar,44,3,205,51,0.8430769230769231,0.2150263786315918
128,C1-C2,fbar,44,4,205,51,0.7646153846153847,0.21486926078796387
128,C1-C2,fbar,44,5,205,51,0.8038461538461539,0.21216917037963867
128,C1-C3,fbar,44,1,204,52,0.7692307692307692,0.21024560928344727
128,C1-C3,fbar,44,2,205,51,0.7861538461538462,0.2062690258026123
128,C1-C3,fbar,44,3,205,51,0.7476923076923077,0.21256160736083984
128,C1-C3,fbar,44,4,205,51,0.666923076923077,0.22559261322021484
128,C1-C3,fbar,44,5,205,51,0.7846153846153847,0.2065107822418213
128,C1-C4,fbar,44,1,204,52,0.9423076923076923,0.2074756622314453
128,C1-C4,fbar,44,2,205,51,0.8815384615384616,0.19995999336242676
128,C1-C4,fbar,44,3,205,51,0.9215384615384616,0.21153473854064941
128,C1-C4,fbar,44,4,205,51,1.0,0.21471691131591797
128,C1-C4,fbar,44,5,205,51,0.8423076923076923,0.2125380039215088
128,C2-C3,fbar,44,1,204,52,0.5192307692307692,0.21520304679870605
128,C2-C3,fbar,44,2,205,51,0.6284615384615384,0.2116861343383789
128,C2-C3,fbar,44,3,205,51,0.6069230769230769,0.21017003059387207
128,C2-C3,fbar,44,4,205,51,0.4323076923076923,0.2153165340423584
128,C2-C3,fbar,44,5,205,51,0.55,0.21651840209960938
128,C2-C4,fbar,44,1,204,52,0.9807692307692308,0.19915342330932617
128,C2-C4,fbar,44,2,205,51,0.9007692307692308,0.20389151573181152
128,C2-C4,fbar,44,3,205,51,0.98,0.20284032821655273
128,C2-C4,fbar,44,4,205,51,0.98,0.20106220245361328
128,C2-C4,fbar,44,5,205,51,1.0,0.2068321704864502
128,C3-C4,fbar,44,1,204,52,0.9615384615384616,0.19693398475646973
128,C3-C4,fbar,44,2,205,51,0.9007692307692308,0.1992025375366211
128,C3-C4,fbar,44,3,205,51,0.98,0.20507264137268066
128,C3-C4,fbar,44,4,205,51,0.98,0.1999683380126953
128,C3-C4,fbar,44,5,205,51,0.9615384615384616,0.19971156120300293
128,C4-rest,fbar,44,1,409,103,0.9677822177822177,0.21420049667358398
128,C4-rest,fbar,44,2,409,103,0.9615384615384616,0.21611332893371582
128,C4-rest,fbar,44,3,410,102,0.874025974025974,0.21158099174499512
128,C4-rest,fbar,44,4,410,102,0.9605194805194806,0.21585702896118164
128,C4-rest,fbar,44,5,410,102,0.9741902834008097,0.21746253967285156
128,4class,fbar,44,1,409,103,0.5603846153846154,0.22203421592712402
128,4class,fbar,44,2,409,103,0.6984615384615385,0.23665452003479004
128,4class,fbar,44,3,410,102,0.6284615384615385,0.21346664428710938
128,4class,fbar,44,4,410,102,0.5823076923076923,0.21302008628845215
128,4class,fbar,44,5,410,102,0.5873076923076923,0.22444653511047363
128,C1-C2,fbar_var,44,1,204,52,0.8461538461538463,0.2122945785522461
128,C1-C2,fbar_var,44,2,205,51,0.9030769230769231,0.20741868019104004
128,C1-C2,fbar_var,44,3,205,51,0.9223076923076923,0.21294736862182617
128,C1-C2,fbar_var,44,4,205,51,0.8453846153846154,0.21956372261047363
128,C1-C2,fbar_var,44,5,205,51,0.9015384615384616,0.20122003555297852
128,C1-C3,fbar_var,44,1,204,52,0.8269230769230769,0.20845246315002441
128,C1-C3,fbar_var,44,2,205,51,0.7661538461538462,0.21961736679077148
128,C1-C3,fbar_var,44,3,205,51,0.7861538461538462,0.21207046508789062
128,C1-C3,fbar_var,44,4,205,51,0.7653846153846153,0.22514986991882324
128,C1-C3,fbar_var,44,5,205,51,0.8638461538461539,0.20855069160461426
128,C1-C4,fbar_var,44,1,204,52,1.0,0.21021819114685059
128,C1-C4,fbar_var,44,2,205,51,0.9215384615384616,0.20611858367919922
128,C1-C4,fbar_var,44,3,205,51,1.0,0.2109842300415039
128,C1-C4,fbar_var,44,4,205,51,1.0,0.2065412998199463
128,C1-C4,fbar_var,44,5,205,51,0.9615384615384616,0.2060856819152832
128,C2-C3,fbar_var,44,1,204,52,0.7307692307692308,0.21333551406860352
128,C2-C3,fbar_var,44,2,205,51,0.6276923076923078,0.21570849418640137
128,C2-C3,fbar_var,44,3,205,51,0.783076923076923,0.21599292755126953
128,C2-C3,fbar_var,44,4,205,51,0.7446153846153847,0.2119617462158203
128,C2-C3,fbar_var,44,5,205,51,0.7046153846153846,0.2165207862854004
128,C2-C4,fbar_var,44,1,204,52,1.0,0.21479010581970215
128,C2-C4,fbar_var,44,2,205,51,0.9199999999999999,0.21425175666809082
128,C2-C4,fbar_var,44,3,205,51,1.0,0.21514081954956055
128,C2-C4,fbar_var,44,4,205,51,1.0,0.2130744457244873
128,C2-C4,fbar_var,44,5,205,51,1.0,0.2156217098236084
128,C3-C4,fbar_var,44,1,204,52,1.0,0.22760915756225586
128,C3-C4,fbar_var,44,2,205,51,0.9207692307692308,0.20394635200500488
128,C3-C4,fbar_var,44,3,205,51,1.0,0.21867775917053223
128,C3-C4,fbar_var,44,4,205,51,1.0,0.19804096221923828
128,C3-C4,fbar_var,44,5,205,51,1.0,0.2080984115600586
128,C4-rest,fbar_var,44,1,409,103,0.9935064935064934,0.22067975997924805
128,C4-rest,fbar_var,44,2,409,103,1.0,0.2178952693939209
128,C4-rest,fbar_var,44,3,410,102,1.0,0.21364736557006836
128,C4-rest,fbar_var,44,4,410,102,1.0,0.22760248184204102
128,C4-rest,fbar_var,44,5,410,102,0.9807692307692308,0.21262717247009277
128,4class,fbar_var,44,1,409,103,0.7557692307692307,0.21837210655212402
128,4class,fbar_var,44,2,409,103,0.7376923076923076,0.21286797523498535
128,4class,fbar_var,44,3,410,102,0.7769230769230768,0.21700477600097656
128,4class,fbar_var,44,4,410,102,0.7584615384615385,0.22050094604492188
128,4class,fbar_var,44,5,410,102,0.7930769230769231,0.21381449699401855
128,C1-C2,fbar,45,1,204,52,0.7884615384615384,0.20981788635253906
128,C1-C2,fbar,45,2,205,51,0.8238461538461539,0.20814895629882812
128,C1-C2,fbar,45,3,205,51,0.8069230769230769,0.20587682723999023
128,C1-C2,fbar,45,4,205,51,0.7846153846153847,0.2142345905303955
128,C1-C2,fbar,45,5,205,51,0.8446153846153847,0.21099591255187988
128,C1-C3,fbar,45,1,204,52,0.7884615384615385,0.21245646476745605
128,C1-C3,fbar,45,2,205,51,0.7453846153846153,0.22883868217468262
128,C1-C3,fbar,45,3,205,51,0.8646153846153846,0.20861554145812988
128,C1-C3,fbar,45,4,205,51,0.7238461538461538,0.20803046226501465
128,C1-C3,fbar,45,5,205,51,0.7838461538461539,0.20834827423095703
128,C1-C4,fbar,45,1,204,52,0.9038461538461539,0.21408605575561523
128,C1-C4,fbar,45,2,205,51,0.98,0.20775556564331055
128,C1-C4,fbar,45,3,205,51,0.9007692307692308,0.21533942222595215
128,C1-C4,fbar,45,4,205,51,0.9023076923076923,0.22628140449523926
128,C1-C4,fbar,45,5,205,51,0.8407692307692307,0.21524310111999512
128,C2-C3,fbar,45,1,204,52,0.5961538461538461,0.20698261260986328
128,C2-C3,fbar,45,2,205,51,0.4707692307692308,0.20572757720947266
128,C2-C3,fbar,45,3,205,51,0.5492307692307692,0.20982837677001953
128,C2-C3,fbar,45,4,205,51,0.6084615384615384,0.2140800952911377
128,C2-C3,fbar,45,5,205,51,0.5292307692307692,0.21361827850341797
128,C2-C4,fbar,45,1,204,52,1.0,0.2085108757019043
128,C2-C4,fbar,45,2,205,51,0.9807692307692308,0.20656919479370117
128,C2-C4,fbar,45,3,205,51,0.9207692307692308,0.21203112602233887
128,C2-C4,fbar,45,4,205,51,0.9615384615384616,0.21551942825317383
128,C2-C4,fbar,45,5,205,51,0.9215384615384616,0.204909086227417
128,C3-C4,fbar,45,1,204,52,0.9807692307692308,0.211195707321167
128,C3-C4,fbar,45,2,205,51,1.0,0.217179536819458
128,C3-C4,fbar,45,3,205,51,0.9015384615384616,0.20551800727844238
128,C3-C4,fbar,45,4,205,51,0.9415384615384615,0.1997215747833252
128,C3-C4,fbar,45,5,205,51,0.9415384615384615,0.20037102699279785
128,C4-rest,fbar,45,1,409,103,0.9742757242757243,0.23450303077697754
128,C4-rest,fbar,45,2,409,103,0.9038461538461539,0.2183837890625
128,C4-rest,fbar,45,3,410,102,0.9005194805194805,0.2150273323059082
128,C4-rest,fbar,45,4,410,102,0.974025974025974,0.210479736328125
128,C4-rest,fbar,45,5,410,102,0.9478744939271255,0.21276426315307617
128,4class,fbar,45,1,409,103,0.5996153846153847,0.2122945785522461
128,4class,fbar,45,2,409,103,0.68,0.23286724090576172
128,4class,fbar,45,3,410,102,0.6015384615384616,0.23026251792907715
128,4class,fbar,45,4,410,102,0.5715384615384616,0.21679067611694336
128,4class,fbar,45,5,410,102,0.6069230769230769,0.21329641342163086
128,C1-C2,fbar_var,45,1,204,52,0.9038461538461539,0.21787619590759277
128,C1-C2,fbar_var,45,2,205,51,0.8823076923076922,0.21076583862304688
128,C1-C2,fbar_var,45,3,205,51,0.9023076923076923,0.20462703704833984
128,C1-C2,fbar_var,45,4,205,51,0.8646153846153846,0.21524763107299805
128,C1-C2,fbar_var,45,5,205,51,0.9030769230769231,0.21435761451721191
128,C1-C3,fbar_var,45,1,204,52,0.8653846153846154,0.2154865264892578
128,C1-C3,fbar_var,45,2,205,51,0.8038461538461539,0.23929572105407715
128,C1-C3,fbar_var,45,3,205,51,0.7661538461538462,0.2083728313446045
128,C1-C3,fbar_var,45,4,205,51,0.7646153846153847,0.208327054977417
128,C1-C3,fbar_var,45,5,205,51,0.9223076923076923,0.21116876602172852
128,C1-C4,fbar_var,45,1,204,52,1.0,0.209059476852417
128,C1-C4,fbar_var,45,2,205,51,0.98,0.21107959747314453
128,C1-C4,fbar_var,45,3,205,51,0.98,0.21479415893554688
128,C1-C4,fbar_var,45,4,205,51,1.0,0.2057936191558838
128,C1-C4,fbar_var,45,5,205,51,1.0,0.19798922538757324
128,C2-C3,fbar_var,45,1,204,52,0.7115384615384615,0.2151191234588623
128,C2-C3,fbar_var,45,2,205,51,0.6661538461538461,0.2153935432434082
128,C2-C3,fbar_var,45,3,205,51,0.7823076923076924,0.2095201015472412
128,C2-C3,fbar_var,45,4,205,51,0.6453846153846154,0.2165238857269287
128,C2-C3,fbar_var,45,5,205,51,0.8038461538461539,0.20845746994018555
128,C2-C4,fbar_var,45,1,204,52,1.0,0.2033238410949707
128,C2-C4,fbar_var,45,2,205,51,1.0,0.21397161483764648
128,C2-C4,fbar_var,45,3,205,51,0.94,0.21492481231689453
128,C2-C4,fbar_var,45,4,205,51,1.0,0.20977354049682617
128,C2-C4,fbar_var,45,5,205,51,0.9415384615384615,0.21055316925048828
128,C3-C4,fbar_var,45,1,204,52,1.0,0.21065831184387207
128,C3-C4,fbar_var,45,2,205,51,1.0,0.21477007865905762
128,C3-C4,fbar_var,45,3,205,51,0.94,0.21526789665222168
128,C3-C4,fbar_var,45,4,205,51,0.9807692307692308,0.21464133262634277
128,C3-C4,fbar_var,45,5,205,51,0.9415384615384615,0.21082186698913574
128,C4-rest,fbar_var,45,1,409,103,0.9807692307692308,0.21629691123962402
128,C4-rest,fbar_var,45,2,409,103,0.9230769230769231,0.21211838722229004
128,C4-rest,fbar_var,45,3,410,102,0.96,0.2178173065185547
128,C4-rest,fbar_var,45,4,410,102,1.0,0.21484851837158203
128,C4-rest,fbar_var,45,5,410,102,0.9807692307692308,0.23330473899841309
128,4class,fbar_var,45,1,409,103,0.7357692307692307,0.22535395622253418
128,4class,fbar_var,45,2,409,103,0.7384615384615385,0.2166917324066162
128,4class,fbar_var,45,3,410,102,0.698076923076923,0.21678996086120605
128,4class,fbar_var,45,4,410,102,0.6796153846153846,0.21866369247436523
128,4class,fbar_var,45,5,410,102,0.8534615384615385,0.2211771011352539
128,C1-C2,fbar,46,1,204,52,0.8846153846153846,0.21680998802185059
128,C1-C2,fbar,46,2,205,51,0.7838461538461539,0.2085123062133789
128,C1-C2,fbar,46,3,205,51,0.7053846153846154,0.2092440128326416
128,C1-C2,fbar,46,4,205,51,0.7838461538461539,0.21444964408874512
128,C1-C2,fbar,46,5,205,51,0.8223076923076923,0.21280670166015625
128,C1-C3,fbar,46,1,204,52,0.8461538461538461,0.20565104484558105
128,C1-C3,fbar,46,2,205,51,0.9023076923076923,0.2146739959716797
128,C1-C3,fbar,46,3,205,51,0.7646153846153847,0.20894360542297363
128,C1-C3,fbar,46,4,205,51,0.803076923076923,0.23122954368591309
128,C1-C3,fbar,46,5,205,51,0.8423076923076923,0.20690059661865234
128,C1-C4,fbar,46,1,204,52,0.8846153846153846,0.21088266372680664
128,C1-C4,fbar,46,2,205,51,0.9407692307692308,0.2097783088684082
128,C1-C4,fbar,46,3,205,51,0.9223076923076923,0.2085585594177246
128,C1-C4,fbar,46,4,205,51,0.9423076923076923,0.20639324188232422
128,C1-C4,fbar,46,5,205,51,0.9207692307692308,0.2135753631591797
128,C2-C3,fbar,46,1,204,52,0.3653846153846154,0.21585750579833984
128,C2-C3,fbar,46,2,205,51,0.43153846153846154,0.2168581485748291
128,C2-C3,fbar,46,3,205,51,0.48923076923076925,0.21068167686462402
128,C2-C3,fbar,46,4,205,51,0.5084615384615384,0.21581387519836426
128,C2-C3,fbar,46,5,205,51,0.4715384615384616,0.21545028686523438
128,C2-C4,fbar,46,1,204,52,0.9423076923076923,0.20473933219909668
128,C2-C4,fbar,46,2,205,51,1.0,0.20799946784973145
128,C2-C4,fbar,46,3,205,51,0.9807692307692308,0.20121288299560547
128,C2-C4,fbar,46,4,205,51,0.98,0.1966876983642578
128,C2-C4,fbar,46,5,205,51,0.9607692307692308,0.19498419761657715
128,C3-C4,fbar,46,1,204,52,0.9423076923076923,0.2038416862487793
128,C3-C4,fbar,46,2,205,51,0.9615384615384616,0.19620633125305176
128,C3-C4,fbar,46,3,205,51,1.0,0.19858312606811523
128,C3-C4,fbar,46,4,205,51,1.0,0.20439863204956055
128,C3-C4,fbar,46,5,205,51,0.9607692307692308,0.20126628875732422
128,C4-rest,fbar,46,1,409,103,0.9935064935064934,0.2262554168701172
128,C4-rest,fbar,46,2,409,103,0.9485514485514486,0.21755623817443848
128,C4-rest,fbar,46,3,410,102,0.867012987012987,0.2281348705291748
128,C4-rest,fbar,46,4,410,102,0.914025974025974,0.21246099472045898
128,C4-rest,fbar,46,5,410,102,0.9736842105263157,0.21161127090454102
128,4class,fbar,46,1,409,103,0.6484615384615384,0.2189035415649414
128,4class,fbar,46,2,409,103,0.678076923076923,0.22674012184143066
128,4class,fbar,46,3,410,102,0.5996153846153846,0.21967458724975586
128,4class,fbar,46,4,410,102,0.583076923076923,0.22266674041748047
128,4class,fbar,46,5,410,102,0.5588461538461539,0.2211911678314209
128,C1-C2,fbar_var,46,1,204,52,0.9230769230769231,0.2100214958190918
128,C1-C2,fbar_var,46,2,205,51,0.9407692307692308,0.20085930824279785
128,C1-C2,fbar_var,46,3,205,51,0.8815384615384616,0.21500492095947266
128,C1-C2,fbar_var,46,4,205,51,0.9215384615384616,0.21884727478027344
128,C1-C2,fbar_var,46,5,205,51,0.9030769230769231,0.20700478553771973
128,C1-C3,fbar_var,46,1,204,52,0.8461538461538463,0.21414732933044434
128,C1-C3,fbar_var,46,2,205,51,0.8630769230769231,0.20511460304260254
128,C1-C3,fbar_var,46,3,205,51,0.783076923076923,0.21274542808532715
128,C1-C3,fbar_var,46,4,205,51,0.8430769230769231,0.21132135391235352
128,C1-C3,fbar_var,46,5,205,51,0.9007692307692308,0.21054506301879883
128,C1-C4,fbar_var,46,1,204,52,1.0,0.2284233570098877
128,C1-C4,fbar_var,46,2,205,51,1.0,0.22964000701904297
128,C1-C4,fbar_var,46,3,205,51,1.0,0.20996713638305664
128,C1-C4,fbar_var,46,4,205,51,0.9615384615384616,0.21102166175842285
128,C1-C4,fbar_var,46,5,205,51,0.98,0.21424651145935059
128,C2-C3,fbar_var,46,1,204,52,0.6538461538461537,0.20837020874023438
128,C2-C3,fbar_var,46,2,205,51,0.7653846153846153,0.20785737037658691
128,C2-C3,fbar_var,46,3,205,51,0.7646153846153847,0.21344447135925293
128,C2-C3,fbar_var,46,4,205,51,0.6653846153846154,0.2142179012298584
128,C2-C3,fbar_var,46,5,205,51,0.7246153846153847,0.2064826488494873
128,C2-C4,fbar_var,46,1,204,52,0.9615384615384616,0.20519685745239258
128,C2-C4,fbar_var,46,2,205,51,1.0,0.20580220222473145
128,C2-C4,fbar_var,46,3,205,51,1.0,0.20543384552001953
128,C2-C4,fbar_var,46,4,205,51,1.0,0.21001076698303223
128,C2-C4,fbar_var,46,5,205,51,0.9607692307692308,0.21285247802734375
128,C3-C4,fbar_var,46,1,204,52,0.9615384615384616,0.19790267944335938
128,C3-C4,fbar_var,46,2,205,51,1.0,0.21548247337341309
128,C3-C4,fbar_var,46,3,205,51,1.0,0.21524262428283691
128,C3-C4,fbar_var,46,4,205,51,1.0,0.20822811126708984
128,C3-C4,fbar_var,46,5,205,51,0.9607692307692308,0.21304035186767578
128,C4-rest,fbar_var,46,1,409,103,0.9935064935064934,0.21501803398132324
128,C4-rest,fbar_var,46,2,409,103,0.9807692307692308,0.21848630905151367
128,C4-rest,fbar_var,46,3,410,102,0.96,0.21285462379455566
128,C4-rest,fbar_var,46,4,410,102,0.96,0.21067428588867188
128,C4-rest,fbar_var,46,5,410,102,1.0,0.2118663787841797
128,4class,fbar_var,46,1,409,103,0.8138461538461539,0.21440410614013672
128,4class,fbar_var,46,2,409,103,0.7665384615384615,0.21904730796813965
128,4class,fbar_var,46,3,410,102,0.7469230769230769,0.2159740924835205
128,4class,fbar_var,46,4,410,102,0.7773076923076923,0.22090840339660645
128,4class,fbar_var,46,5,410,102,0.6953846153846154,0.22411203384399414
128,C1-C2,fbar,47,1,204,52,0.8461538461538461,0.21631288528442383
128,C1-C2,fbar,47,2,205,51,0.8223076923076923,0.22327184677124023
128,C1-C2,fbar,47,3,205,51,0.8015384615384615,0.21146202087402344
128,C1-C2,fbar,47,4,205,51,0.8223076923076923,0.20821785926818848
128,C1-C2,fbar,47,5,205,51,0.803076923076923,0.22391009330749512
128,C1-C3,fbar,47,1,204,52,0.8846153846153846,0.2119588851928711
128,C1-C3,fbar,47,2,205,51,0.7653846153846153,0.20703625679016113
128,C1-C3,fbar,47,3,205,51,0.7815384615384615,0.2159872055053711
128,C1-C3,fbar,47,4,205,51,0.8430769230769231,0.21068429946899414
128,C1-C3,fbar,47,5,205,51,0.7638461538461538,0.21573638916015625
128,C1-C4,fbar,47,1,204,52,0.9038461538461539,0.21434450149536133
128,C1-C4,fbar,47,2,205,51,0.9007692307692308,0.21707868576049805
128,C1-C4,fbar,47,3,205,51,0.9223076923076923,0.22225689888000488
128,C1-C4,fbar,47,4,205,51,0.9007692307692308,0.2535252571105957
128,C1-C4,fbar,47,5,205,51,0.9223076923076923,0.20701813697814941
128,C2-C3,fbar,47,1,204,52,0.38461538461538464,0.2131502628326416
128,C2-C3,fbar,47,2,205,51,0.4115384615384615,0.20711040496826172
128,C2-C3,fbar,47,3,205,51,0.48923076923076925,0.2095637321472168
128,C2-C3,fbar,47,4,205,51,0.34923076923076923,0.22124505043029785
128,C2-C3,fbar,47,5,205,51,0.41384615384615386,0.2149670124053955
128,C2-C4,fbar,47,1,204,52,0.9807692307692308,0.20336604118347168
128,C2-C4,fbar,47,2,205,51,0.9223076923076923,0.2151045799255371
128,C2-C4,fbar,47,3,205,51,0.98,0.19891595840454102
128,C2-C4,fbar,47,4,205,51,0.98,0.20402073860168457
128,C2-C4,fbar,47,5,205,51,0.9807692307692308,0.2039964199066162
128,C3-C4,fbar,47,1,204,52,0.9807692307692308,0.20430755615234375
128,C3-C4,fbar,47,2,205,51,0.98,0.2018144130706787
128,C3-C4,fbar,47,3,205,51,0.9030769230769231,0.19803190231323242
128,C3-C4,fbar,47,4,205,51,0.98,0.19862771034240723
128,C3-C4,fbar,47,5,205,51,0.9807692307692308,0.19699358940124512
128,C4-rest,fbar,47,1,409,103,0.942057942057942,0.21964001655578613
128,C4-rest,fbar,47,2,409,103,0.91008991008991,0.20913076400756836
128,C4-rest,fbar,47,3,410,102,0.967012987012987,0.21297621726989746
128,C4-rest,fbar,47,4,410,102,0.9135064935064935,0.21779537200927734
128,C4-rest,fbar,47,5,410,102,0.993421052631579,0.2094261646270752
128,4class,fbar,47,1,409,103,0.5884615384615385,0.22205138206481934
128,4class,fbar,47,2,409,103,0.6688461538461539,0.22077417373657227
128,4class,fbar,47,3,410,102,0.6369230769230769,0.22672247886657715
128,4class,fbar,47,4,410,102,0.6596153846153846,0.21836471557617188
128,4class,fbar,47,5,410,102,0.5969230769230769,0.21935653686523438
128,C1-C2,fbar_var,47,1,204,52,0.9038461538461539,0.2218797206878662
128,C1-C2,fbar_var,47,2,205,51,0.9223076923076923,0.2108774185180664
128,C1-C2,fbar_var,47,3,205,51,0.8815384615384616,0.21123361587524414
128,C1-C2,fbar_var,47,4,205,51,0.9007692307692308,0.21461772918701172
128,C1-C2,fbar_var,47,5,205,51,0.9030769230769231,0.19638705253601074
128,C1-C3,fbar_var,47,1,204,52,0.8846153846153846,0.19761395454406738
128,C1-C3,fbar_var,47,2,205,51,0.8815384615384616,0.21526432037353516
128,C1-C3,fbar_var,47,3,205,51,0.8223076923076923,0.20967841148376465
128,C1-C3,fbar_var,47,4,205,51,0.8415384615384616,0.2139134407043457
128,C1-C3,fbar_var,47,5,205,51,0.8823076923076922,0.21565461158752441
128,C1-C4,fbar_var,47,1,204,52,1.0,0.21369695663452148
128,C1-C4,fbar_var,47,2,205,51,0.9807692307692308,0.20520353317260742
128,C1-C4,fbar_var,47,3,205,51,1.0,0.20727181434631348
128,C1-C4,fbar_var,47,4,205,51,0.9607692307692308,0.2089400291442871
128,C1-C4,fbar_var,47,5,205,51,1.0,0.2157611846923828
128,C2-C3,fbar_var,47,1,204,52,0.75,0.21454095840454102
128,C2-C3,fbar_var,47,2,205,51,0.7238461538461538,0.21629118919372559
128,C2-C3,fbar_var,47,3,205,51,0.7261538461538461,0.21087193489074707
128,C2-C3,fbar_var,47,4,205,51,0.6069230769230769,0.21128010749816895
128,C2-C3,fbar_var,47,5,205,51,0.6646153846153846,0.2086191177368164
128,C2-C4,fbar_var,47,1,204,52,1.0,0.222977876663208
128,C2-C4,fbar_var,47,2,205,51,0.9807692307692308,0.2144169807434082
128,C2-C4,fbar_var,47,3,205,51,1.0,0.21162128448486328
128,C2-C4,fbar_var,47,4,205,51,1.0,0.20868206024169922
128,C2-C4,fbar_var,47,5,205,51,0.9807692307692308,0.21369457244873047
128,C3-C4,fbar_var,47,1,204,52,0.9807692307692308,0.2138824462890625
128,C3-C4,fbar_var,47,2,205,51,1.0,0.19603800773620605
128,C3-C4,fbar_var,47,3,205,51,0.98,0.20993876457214355
128,C3-C4,fbar_var,47,4,205,51,1.0,0.2104482650756836
128,C3-C4,fbar_var,47,5,205,51,0.9807692307692308,0.2043752670288086
128,C4-rest,fbar_var,47,1,409,103,0.9550449550449551,0.2173786163330078
128,C4-rest,fbar_var,47,2,409,103,0.9807692307692308,0.2133960723876953
128,C4-rest,fbar_var,47,3,410,102,1.0,0.21578288078308105
128,C4-rest,fbar_var,47,4,410,102,0.9199999999999999,0.2180163860321045
128,C4-rest,fbar_var,47,5,410,102,1.0,0.21759366989135742
128,4class,fbar_var,47,1,409,103,0.7946153846153846,0.21779274940490723
128,4class,fbar_var,47,2,409,103,0.8057692307692308,0.23319578170776367
128,4class,fbar_var,47,3,410,102,0.8238461538461539,0.2193925380706787
128,4class,fbar_var,47,4,410,102,0.7573076923076923,0.21922993659973145
128,4class,fbar_var,47,5,410,102,0.7538461538461538,0.21840500831604004
128,C1-C2,fbar,48,1,204,52,0.9038461538461539,0.21532893180847168
128,C1-C2,fbar,48,2,205,51,0.8615384615384616,0.21050643920898438
128,C1-C2,fbar,48,3,205,51,0.8015384615384615,0.20606231689453125
128,C1-C2,fbar,48,4,205,51,0.8246153846153846,0.21481919288635254
128,C1-C2,fbar,48,5,205,51,0.8807692307692307,0.20424723625183105
128,C1-C3,fbar,48,1,204,52,0.8076923076923077,0.21919894218444824
128,C1-C3,fbar,48,2,205,51,0.8238461538461539,0.20534420013427734
128,C1-C3,fbar,48,3,205,51,0.7053846153846154,0.2098853588104248
128,C1-C3,fbar,48,4,205,51,0.7846153846153847,0.2078077793121338
128,C1-C3,fbar,48,5,205,51,0.8061538461538462,0.2137463092803955
128,C1-C4,fbar,48,1,204,52,0.9038461538461539,0.20710134506225586
128,C1-C4,fbar,48,2,205,51,0.9030769230769231,0.21300101280212402
128,C1-C4,fbar,48,3,205,51,0.9023076923076923,0.22426581382751465
128,C1-C4,fbar,48,4,205,51,0.8830769230769231,0.21457815170288086
128,C1-C4,fbar,48,5,205,51,0.9023076923076923,0.21167254447937012
128,C2-C3,fbar,48,1,204,52,0.5384615384615384,0.21736383438110352
128,C2-C3,fbar,48,2,205,51,0.5869230769230769,0.21438074111938477
128,C2-C3,fbar,48,3,205,51,0.546923076923077,0.21602296829223633
128,C2-C3,fbar,48,4,205,51,0.4907692307692308,0.20910406112670898
128,C2-C3,fbar,48,5,205,51,0.55,0.2224111557006836
128,C2-C4,fbar,48,1,204,52,0.9615384615384616,0.20666861534118652
128,C2-C4,fbar,48,2,205,51,1.0,0.19661498069763184
128,C2-C4,fbar,48,3,205,51,0.9607692307692308,0.19949889183044434
128,C2-C4,fbar,48,4,205,51,0.9607692307692308,0.20387816429138184
128,C2-C4,fbar,48,5,205,51,0.9607692307692308,0.22869563102722168
128,C3-C4,fbar,48,1,204,52,0.9807692307692308,0.2040407657623291
128,C3-C4,fbar,48,2,205,51,1.0,0.20491337776184082
128,C3-C4,fbar,48,3,205,51,0.98,0.2040095329284668
128,C3-C4,fbar,48,4,205,51,0.9407692307692308,0.19731879234313965
128,C3-C4,fbar,48,5,205,51,0.9607692307692308,0.2028179168701172
128,C4-rest,fbar,48,1,409,103,0.91008991008991,0.21396803855895996
128,C4-rest,fbar,48,2,409,103,0.9228271728271729,0.22710371017456055
128,C4-rest,fbar,48,3,410,102,0.894025974025974,0.22031068801879883
128,C4-rest,fbar,48,4,410,102,0.94,0.21809697151184082
128,C4-rest,fbar,48,5,410,102,0.9676113360323887,0.21326279640197754
128,4class,fbar,48,1,409,103,0.6492307692307693,0.2129061222076416
128,4class,fbar,48,2,409,103,0.6003846153846154,0.2166893482208252
128,4class,fbar,48,3,410,102,0.6096153846153847,0.22240948677062988
128,4class,fbar,48,4,410,102,0.5823076923076923,0.22547650337219238
128,4class,fbar,48,5,410,102,0.6146153846153846,0.2202930450439453
128,C1-C2,fbar_var,48,1,204,52,0.9038461538461539,0.21257233619689941
128,C1-C2,fbar_var,48,2,205,51,0.94,0.20657896995544434
128,C1-C2,fbar_var,48,3,205,51,0.8615384615384616,0.20702695846557617
128,C1-C2,fbar_var,48,4,205,51,0.9607692307692308,0.21326804161071777
128,C1-C2,fbar_var,48,5,205,51,0.8438461538461539,0.21591615676879883
128,C1-C3,fbar_var,48,1,204,52,0.8269230769230769,0.2076103687286377
128,C1-C3,fbar_var,48,2,205,51,0.8430769230769231,0.21003365516662598
128,C1-C3,fbar_var,48,3,205,51,0.8223076923076923,0.20836997032165527
128,C1-C3,fbar_var,48,4,205,51,0.8438461538461539,0.20712065696716309
128,C1-C3,fbar_var,48,5,205,51,0.7853846153846153,0.2122812271118164
128,C1-C4,fbar_var,48,1,204,52,0.9807692307692308,0.21009230613708496
128,C1-C4,fbar_var,48,2,205,51,1.0,0.21503591537475586
128,C1-C4,fbar_var,48,3,205,51,1.0,0.2221665382385254
128,C1-C4,fbar_var,48,4,205,51,1.0,0.20592427253723145
128,C1-C4,fbar_var,48,5,205,51,0.98,0.2077932357788086
128,C2-C3,fbar_var,48,1,204,52,0.6730769230769231,0.2091684341430664
128,C2-C3,fbar_var,48,2,205,51,0.6876923076923077,0.2138206958770752
128,C2-C3,fbar_var,48,3,205,51,0.8238461538461539,0.20645666122436523
128,C2-C3,fbar_var,48,4,205,51,0.8246153846153846,0.20931339263916016
128,C2-C3,fbar_var,48,5,205,51,0.7446153846153847,0.21512627601623535
128,C2-C4,fbar_var,48,1,204,52,0.9807692307692308,0.21381855010986328
128,C2-C4,fbar_var,48,2,205,51,1.0,0.20087075233459473
128,C2-C4,fbar_var,48,3,205,51,0.98,0.20685815811157227
128,C2-C4,fbar_var,48,4,205,51,0.9807692307692308,0.21244168281555176
128,C2-C4,fbar_var,48,5,205,51,0.9807692307692308,0.21213197708129883
128,C3-C4,fbar_var,48,1,204,52,1.0,0.21330904960632324
128,C3-C4,fbar_var,48,2,205,51,1.0,0.2111067771911621
128,C3-C4,fbar_var,48,3,205,51,0.98,0.21257281303405762
128,C3-C4,fbar_var,48,4,205,51,0.9807692307692308,0.21746516227722168
128,C3-C4,fbar_var,48,5,205,51,0.9807692307692308,0.248091459274292
128,C4-rest,fbar_var,48,1,409,103,0.9807692307692308,0.2193143367767334
128,C4-rest,fbar_var,48,2,409,103,1.0,0.2169325351715088
128,C4-rest,fbar_var,48,3,410,102,0.98,0.2186751365661621
128,C4-rest,fbar_var,48,4,410,102,0.98,0.21602320671081543
128,C4-rest,fbar_var,48,5,410,102,0.9741902834008097,0.21611809730529785
128,4class,fbar_var,48,1,409,103,0.6773076923076923,0.22980475425720215
128,4class,fbar_var,48,2,409,103,0.7573076923076923,0.23437047004699707
128,4class,fbar_var,48,3,410,102,0.7957692307692308,0.21681857109069824
128,4class,fbar_var,48,4,410,102,0.7873076923076923,0.2337954044342041
128,4class,fbar_var,48,5,410,102,0.8023076923076924,0.2142031192779541
128,C1-C2,fbar,49,1,204,52,0.8269230769230769,0.21699190139770508
128,C1-C2,fbar,49,2,205,51,0.8815384615384616,0.2133924961090088
128,C1-C2,fbar,49,3,205,51,0.7846153846153847,0.2166438102722168
128,C1-C2,fbar,49,4,205,51,0.7861538461538462,0.22075867652893066
128,C1-C2,fbar,49,5,205,51,0.8615384615384616,0.21518802642822266
128,C1-C3,fbar,49,1,204,52,0.8269230769230769,0.22707843780517578
128,C1-C3,fbar,49,2,205,51,0.8238461538461539,0.22597932815551758
128,C1-C3,fbar,49,3,205,51,0.7246153846153847,0.21953344345092773
128,C1-C3,fbar,49,4,205,51,0.8638461538461539,0.2219247817993164
128,C1-C3,fbar,49,5,205,51,0.8630769230769231,0.20773744583129883
128,C1-C4,fbar,49,1,204,52,0.9230769230769231,0.21530914306640625
128,C1-C4,fbar,49,2,205,51,0.9607692307692308,0.2040572166442871
128,C1-C4,fbar,49,3,205,51,0.9007692307692308,0.21012616157531738
128,C1-C4,fbar,49,4,205,51,0.9615384615384616,0.21640539169311523
128,C1-C4,fbar,49,5,205,51,0.8607692307692307,0.21966218948364258
128,C2-C3,fbar,49,1,204,52,0.5384615384615384,0.20902061462402344
128,C2-C3,fbar,49,2,205,51,0.6076923076923078,0.22548818588256836
128,C2-C3,fbar,49,3,205,51,0.5115384615384615,0.21629667282104492
128,C2-C3,fbar,49,4,205,51,0.5700000000000001,0.23122620582580566
128,C2-C3,fbar,49,5,205,51,0.51,0.23427128791809082
128,C2-C4,fbar,49,1,204,52,1.0,0.20282220840454102
128,C2-C4,fbar,49,2,205,51,0.9607692307692308,0.22107481956481934
128,C2-C4,fbar,49,3,205,51,0.96,0.20405983924865723
128,C2-C4,fbar,49,4,205,51,0.98,0.20383000373840332
128,C2-C4,fbar,49,5,205,51,0.9607692307692308,0.20063257217407227
128,C3-C4,fbar,49,1,204,52,0.9807692307692308,0.19758963584899902
128,C3-C4,fbar,49,2,205,51,0.9415384615384615,0.19512009620666504
128,C3-C4,fbar,49,3,205,51,0.96,0.19550013542175293
128,C3-C4,fbar,49,4,205,51,0.9415384615384615,0.20412349700927734
128,C3-C4,fbar,49,5,205,51,0.9607692307692308,0.19651198387145996
128,C4-rest,fbar,49,1,409,103,0.9612887112887113,0.21053862571716309
128,C4-rest,fbar,49,2,409,103,0.961038961038961,0.241790771484375
128,C4-rest,fbar,49,3,410,102,0.96,0.21119928359985352
128,C4-rest,fbar,49,4,410,102,0.94,0.21915507316589355
128,C4-rest,fbar,49,5,410,102,0.9418016194331984,0.21904587745666504
128,4class,fbar,49,1,409,103,0.6584615384615384,0.21683573722839355
128,4class,fbar,49,2,409,103,0.6392307692307693,0.23141765594482422
128,4class,fbar,49,3,410,102,0.6088461538461538,0.22105717658996582
128,4class,fbar,49,4,410,102,0.6615384615384615,0.21984052658081055
128,4class,fbar,49,5,410,102,0.6453846153846153,0.21621346473693848
128,C1-C2,fbar_var,49,1,204,52,0.8846153846153846,0.21456670761108398
128,C1-C2,fbar_var,49,2,205,51,0.8823076923076922,0.22662615776062012
128,C1-C2,fbar_var,49,3,205,51,0.94,0.20519471168518066
128,C1-C2,fbar_var,49,4,205,51,0.8646153846153846,0.20790696144104004
128,C1-C2,fbar_var,49,5,205,51,0.9007692307692308,0.21044278144836426
128,C1-C3,fbar_var,49,1,204,52,0.7884615384615385,0.21519255638122559
128,C1-C3,fbar_var,49,2,205,51,0.9223076923076923,0.20650601387023926
128,C1-C3,fbar_var,49,3,205,51,0.8407692307692307,0.21476960182189941
128,C1-C3,fbar_var,49,4,205,51,0.8053846153846154,0.2128434181213379
128,C1-C3,fbar_var,49,5,205,51,0.8238461538461539,0.21540236473083496
128,C1-C4,fbar_var,49,1,204,52,0.9615384615384616,0.21518325805664062
128,C1-C4,fbar_var,49,2,205,51,1.0,0.20687437057495117
128,C1-C4,fbar_var,49,3,205,51,1.0,0.21042323112487793
128,C1-C4,fbar_var,49,4,205,51,0.9807692307692308,0.19555020332336426
128,C1-C4,fbar_var,49,5,205,51,1.0,0.20777487754821777
128,C2-C3,fbar_var,49,1,204,52,0.6730769230769231,0.22205018997192383
128,C2-C3,fbar_var,49,2,205,51,0.7053846153846154,0.21491265296936035
128,C2-C3,fbar_var,49,3,205,51,0.7046153846153846,0.2136857509613037
128,C2-C3,fbar_var,49,4,205,51,0.7238461538461538,0.20760488510131836
128,C2-C3,fbar_var,49,5,205,51,0.6876923076923077,0.22231578826904297
128,C2-C4,fbar_var,49,1,204,52,1.0,0.214094877243042
128,C2-C4,fbar_var,49,2,205,51,1.0,0.20685505867004395
128,C2-C4,fbar_var,49,3,205,51,0.96,0.21329307556152344
128,C2-C4,fbar_var,49,4,205,51,1.0,0.21568536758422852
128,C2-C4,fbar_var,49,5,205,51,0.9807692307692308,0.21111750602722168
128,C3-C4,fbar_var,49,1,204,52,0.9807692307692308,0.21135926246643066
128,C3-C4,fbar_var,49,2,205,51,1.0,0.20953583717346191
128,C3-C4,fbar_var,49,3,205,51,0.96,0.20720720291137695
128,C3-C4,fbar_var,49,4,205,51,1.0,0.2150423526763916
128,C3-C4,fbar_var,49,5,205,51,0.9807692307692308,0.21226191520690918
128,C4-rest,fbar_var,49,1,409,103,1.0,0.2226848602294922
128,C4-rest,fbar_var,49,2,409,103,0.987012987012987,0.23428678512573242
128,C4-rest,fbar_var,49,3,410,102,0.98,0.21622467041015625
128,C4-rest,fbar_var,49,4,410,102,0.94,0.21691226959228516
128,C4-rest,fbar_var,49,5,410,102,0.9615384615384616,0.2187490463256836
128,4class,fbar_var,49,1,409,103,0.7569230769230768,0.21479058265686035
128,4class,fbar_var,49,2,409,103,0.7265384615384616,0.2202916145324707
128,4class,fbar_var,49,3,410,102,0.8234615384615385,0.21738123893737793
128,4class,fbar_var,49,4,410,102,0.6796153846153846,0.21676111221313477
128,4class,fbar_var,49,5,410,102,0.7430769230769232,0.21887922286987305
128,C1-C2,fbar,50,1,204,52,0.8461538461538461,0.20963406562805176
128,C1-C2,fbar,50,2,205,51,0.823076923076923,0.21653151512145996
128,C1-C2,fbar,50,3,205,51,0.8023076923076923,0.2117290496826172
128,C1-C2,fbar,50,4,205,51,0.6846153846153846,0.20881056785583496
128,C1-C2,fbar,50,5,205,51,0.7446153846153847,0.207319974899292
128,C1-C3,fbar,50,1,204,52,0.9038461538461539,0.21248865127563477
128,C1-C3,fbar,50,2,205,51,0.8630769230769231,0.21269655227661133
128,C1-C3,fbar,50,3,205,51,0.7607692307692309,0.21296405792236328
128,C1-C3,fbar,50,4,205,51,0.7253846153846153,0.20954418182373047
128,C1-C3,fbar,50,5,205,51,0.7630769230769231,0.20774435997009277
128,C1-C4,fbar,50,1,204,52,0.9615384615384616,0.20995450019836426
128,C1-C4,fbar,50,2,205,51,0.8823076923076922,0.21045422554016113
128,C1-C4,fbar,50,3,205,51,0.9415384615384615,0.2160203456878662
128,C1-C4,fbar,50,4,205,51,0.9407692307692308,0.20637965202331543
128,C1-C4,fbar,50,5,205,51,0.9023076923076923,0.2078244686126709
128,C2-C3,fbar,50,1,204,52,0.5769230769230769,0.21463561058044434
128,C2-C3,fbar,50,2,205,51,0.6476923076923078,0.21473407745361328
128,C2-C3,fbar,50,3,205,51,0.6284615384615384,0.20834684371948242
128,C2-C3,fbar,50,4,205,51,0.6292307692307693,0.22116303443908691
128,C2-C3,fbar,50,5,205,51,0.6092307692307692,0.20904755592346191
128,C2-C4,fbar,50,1,204,52,0.9807692307692308,0.20314288139343262
128,C2-C4,fbar,50,2,205,51,0.96,0.20506811141967773
128,C2-C4,fbar,50,3,205,51,1.0,0.19556498527526855
128,C2-C4,fbar,50,4,205,51,1.0,0.20287537574768066
128,C2-C4,fbar,50,5,205,51,0.9807692307692308,0.20490241050720215
128,C3-C4,fbar,50,1,204,52,1.0,0.21143221855163574
128,C3-C4,fbar,50,2,205,51,0.98,0.20274615287780762
128,C3-C4,fbar,50,3,205,51,1.0,0.21566128730773926
128,C3-C4,fbar,50,4,205,51,1.0,0.1993405818939209
128,C3-C4,fbar,50,5,205,51,0.9807692307692308,0.1973423957824707
128,C4-rest,fbar,50,1,409,103,0.9358141858141857,0.21288514137268066
128,C4-rest,fbar,50,2,409,103,0.9615384615384616,0.2207047939300537
128,C4-rest,fbar,50,3,410,102,0.941038961038961,0.22980308532714844
128,C4-rest,fbar,50,4,410,102,0.9475324675324674,0.2434542179107666
128,C4-rest,fbar,50,5,410,102,0.9807692307692308,0.21275854110717773
128,4class,fbar,50,1,409,103,0.7176923076923076,0.22167491912841797
128,4class,fbar,50,2,409,103,0.6103846153846154,0.2129361629486084
128,4class,fbar,50,3,410,102,0.6380769230769231,0.22026419639587402
128,4class,fbar,50,4,410,102,0.5907692307692308,0.22221732139587402
128,4class,fbar,50,5,410,102,0.5861538461538462,0.22161221504211426
128,C1-C2,fbar_var,50,1,204,52,0.8846153846153846,0.19809269905090332
128,C1-C2,fbar_var,50,2,205,51,0.9207692307692308,0.21236348152160645
128,C1-C2,fbar_var,50,3,205,51,0.8438461538461539,0.21170473098754883
128,C1-C2,fbar_var,50,4,205,51,0.8623076923076922,0.21457481384277344
128,C1-C2,fbar_var,50,5,205,51,0.8630769230769231,0.20573759078979492
128,C1-C3,fbar_var,50,1,204,52,0.8846153846153846,0.21417522430419922
128,C1-C3,fbar_var,50,2,205,51,0.8438461538461539,0.21744036674499512
128,C1-C3,fbar_var,50,3,205,51,0.7038461538461538,0.21200990676879883
128,C1-C3,fbar_var,50,4,205,51,0.7853846153846153,0.21639728546142578
128,C1-C3,fbar_var,50,5,205,51,0.8023076923076923,0.21520233154296875
128,C1-C4,fbar_var,50,1,204,52,0.9807692307692308,0.21206974983215332
128,C1-C4,fbar_var,50,2,205,51,0.98,0.20935845375061035
128,C1-C4,fbar_var,50,3,205,51,1.0,0.20894455909729004
128,C1-C4,fbar_var,50,4,205,51,1.0,0.20625638961791992
128,C1-C4,fbar_var,50,5,205,51,0.9607692307692308,0.20829272270202637
128,C2-C3,fbar_var,50,1,204,52,0.8269230769230769,0.21471071243286133
128,C2-C3,fbar_var,50,2,205,51,0.8623076923076922,0.2171800136566162
128,C2-C3,fbar_var,50,3,205,51,0.8046153846153846,0.21252846717834473
128,C2-C3,fbar_var,50,4,205,51,0.8215384615384616,0.2107679843902588
128,C2-C3,fbar_var,50,5,205,51,0.7838461538461539,0.2262890338897705
128,C2-C4,fbar_var,50,1,204,52,0.9807692307692308,0.2098689079284668
128,C2-C4,fbar_var,50,2,205,51,0.98,0.21359634399414062
128,C2-C4,fbar_var,50,3,205,51,1.0,0.20920181274414062
128,C2-C4,fbar_var,50,4,205,51,1.0,0.2146918773651123
128,C2-C4,fbar_var,50,5,205,51,0.9807692307692308,0.20987415313720703
128,C3-C4,fbar_var,50,1,204,52,1.0,0.21715736389160156
128,C3-C4,fbar_var,50,2,205,51,0.98,0.19743037223815918
128,C3-C4,fbar_var,50,3,205,51,1.0,0.20843291282653809
128,C3-C4,fbar_var,50,4,205,51,1.0,0.21173381805419922
128,C3-C4,fbar_var,50,5,205,51,0.9807692307692308,0.20534849166870117
128,C4-rest,fbar_var,50,1,409,103,0.9615384615384616,0.2290782928466797
128,C4-rest,fbar_var,50,2,409,103,1.0,0.23378705978393555
128,C4-rest,fbar_var,50,3,410,102,1.0,0.21587443351745605
128,C4-rest,fbar_var,50,4,410,102,0.987012987012987,0.22302007675170898
128,C4-rest,fbar_var,50,5,410,102,1.0,0.21672844886779785
128,4class,fbar_var,50,1,409,103,0.7761538461538462,0.23585247993469238
128,4class,fbar_var,50,2,409,103,0.8161538461538462,0.2142963409423828
128,4class,fbar_var,50,3,410,102,0.7761538461538462,0.231034517288208
128,4class,fbar_var,50,4,410,102,0.815,0.23494553565979004
128,4class,fbar_var,50,5,410,102,0.7730769230769231,0.2233881950378418
128,C1-C2,fbar,51,1,204,52,0.8269230769230769,0.2172083854675293
128,C1-C2,fbar,51,2,205,51,0.8223076923076923,0.22876453399658203
128,C1-C2,fbar,51,3,205,51,0.7053846153846154,0.21712446212768555
128,C1-C2,fbar,51,4,205,51,0.8423076923076923,0.21739459037780762
128,C1-C2,fbar,51,5,205,51,0.7261538461538461,0.21265959739685059
128,C1-C3,fbar,51,1,204,52,0.75,0.2162630558013916
128,C1-C3,fbar,51,2,205,51,0.7653846153846153,0.21539688110351562
128,C1-C3,fbar,51,3,205,51,0.7053846153846154,0.21029376983642578
128,C1-C3,fbar,51,4,205,51,0.7638461538461538,0.20728349685668945
128,C1-C3,fbar,51,5,205,51,0.7061538461538461,0.22364544868469238
128,C1-C4,fbar,51,1,204,52,0.9807692307692308,0.21610069274902344
128,C1-C4,fbar,51,2,205,51,0.9207692307692308,0.2197434902191162
128,C1-C4,fbar,51,3,205,51,0.9615384615384616,0.22383975982666016
128,C1-C4,fbar,51,4,205,51,0.8807692307692307,0.2233881950378418
128,C1-C4,fbar,51,5,205,51,0.9415384615384615,0.21726083755493164
128,C2-C3,fbar,51,1,204,52,0.40384615384615385,0.2156660556793213
128,C2-C3,fbar,51,2,205,51,0.47307692307692306,0.23035240173339844
128,C2-C3,fbar,51,3,205,51,0.45,0.22279644012451172
128,C2-C3,fbar,51,4,205,51,0.39,0.21651601791381836
128,C2-C3,fbar,51,5,205,51,0.43153846153846154,0.223785400390625
128,C2-C4,fbar,51,1,204,52,0.8653846153846154,0.2140960693359375
128,C2-C4,fbar,51,2,205,51,0.9215384615384616,0.20837640762329102
128,C2-C4,fbar,51,3,205,51,0.9807692307692308,0.21492290496826172
128,C2-C4,fbar,51,4,205,51,0.9407692307692308,0.22227168083190918
128,C2-C4,fbar,51,5,205,51,0.9607692307692308,0.21315550804138184
128,C3-C4,fbar,51,1,204,52,0.9807692307692308,0.20890164375305176
128,C3-C4,fbar,51,2,205,51,0.9407692307692308,0.1984388828277588
128,C3-C4,fbar,51,3,205,51,0.9423076923076923,0.21305298805236816
128,C3-C4,fbar,51,4,205,51,0.9807692307692308,0.21578168869018555
128,C3-C4,fbar,51,5,205,51,0.9007692307692308,0.19790410995483398
128,C4-rest,fbar,51,1,409,103,0.9742757242757243,0.23011231422424316
128,C4-rest,fbar,51,2,409,103,0.942057942057942,0.2115633487701416
128,C4-rest,fbar,51,3,410,102,1.0,0.2210853099822998
128,C4-rest,fbar,51,4,410,102,0.96,0.22971224784851074
128,C4-rest,fbar,51,5,410,102,0.9291497975708503,0.2136242389678955
128,4class,fbar,51,1,409,103,0.5703846153846154,0.2214517593383789
128,4class,fbar,51,2,409,103,0.5896153846153847,0.23357844352722168
128,4class,fbar,51,3,410,102,0.55,0.25786566734313965
128,4class,fbar,51,4,410,102,0.6407692307692308,0.21767187118530273
128,4class,fbar,51,5,410,102,0.5861538461538462,0.220855712890625
128,C1-C2,fbar_var,51,1,204,52,0.8269230769230769,0.2064652442932129
128,C1-C2,fbar_var,51,2,205,51,0.7853846153846153,0.21585965156555176
128,C1-C2,fbar_var,51,3,205,51,0.8038461538461539,0.20843958854675293
128,C1-C2,fbar_var,51,4,205,51,0.9607692307692308,0.23145008087158203
128,C1-C2,fbar_var,51,5,205,51,0.8646153846153846,0.2064375877380371
128,C1-C3,fbar_var,51,1,204,52,0.7692307692307692,0.23288440704345703
128,C1-C3,fbar_var,51,2,205,51,0.8223076923076923,0.21368193626403809
128,C1-C3,fbar_var,51,3,205,51,0.7430769230769231,0.21486425399780273
128,C1-C3,fbar_var,51,4,205,51,0.8823076923076922,0.21394944190979004
128,C1-C3,fbar_var,51,5,205,51,0.6461538461538461,0.21675705909729004
128,C1-C4,fbar_var,51,1,204,52,1.0,0.22162461280822754
128,C1-C4,fbar_var,51,2,205,51,1.0,0.2163102626800537
128,C1-C4,fbar_var,51,3,205,51,1.0,0.21527791023254395
128,C1-C4,fbar_var,51,4,205,51,0.9807692307692308,0.22393584251403809
128,C1-C4,fbar_var,51,5,205,51,0.9807692307692308,0.21640372276306152
128,C2-C3,fbar_var,51,1,204,52,0.7307692307692307,0.2236471176147461
128,C2-C3,fbar_var,51,2,205,51,0.8023076923076923,0.23032045364379883
128,C2-C3,fbar_var,51,3,205,51,0.8423076923076923,0.21391582489013672
128,C2-C3,fbar_var,51,4,205,51,0.6661538461538461,0.22057819366455078
128,C2-C3,fbar_var,51,5,205,51,0.7446153846153847,0.21699094772338867
128,C2-C4,fbar_var,51,1,204,52,0.9807692307692308,0.21698594093322754
128,C2-C4,fbar_var,51,2,205,51,0.98,0.21629905700683594
128,C2-C4,fbar_var,51,3,205,51,1.0,0.21598124504089355
128,C2-C4,fbar_var,51,4,205,51,0.9807692307692308,0.21721339225769043
128,C2-C4,fbar_var,51,5,205,51,0.9807692307692308,0.20968174934387207
128,C3-C4,fbar_var,51,1,204,52,0.9807692307692308,0.20684123039245605
128,C3-C4,fbar_var,51,2,205,51,0.9607692307692308,0.21514225006103516
128,C3-C4,fbar_var,51,3,205,51,1.0,0.20779752731323242
128,C3-C4,fbar_var,51,4,205,51,0.9807692307692308,0.22823333740234375
128,C3-C4,fbar_var,51,5,205,51,1.0,0.20795917510986328
128,C4-rest,fbar_var,51,1,409,103,1.0,0.23213648796081543
128,C4-rest,fbar_var,51,2,409,103,1.0,0.21807622909545898
128,C4-rest,fbar_var,51,3,410,102,1.0,0.23013734817504883
128,C4-rest,fbar_var,51,4,410,102,0.96,0.2119462490081787
128,C4-rest,fbar_var,51,5,410,102,0.9615384615384616,0.222672700881958
128,4class,fbar_var,51,1,409,103,0.6684615384615384,0.22562170028686523
128,4class,fbar_var,51,2,409,103,0.7765384615384615,0.2340555191040039
128,4class,fbar_var,51,3,410,102,0.7257692307692307,0.23305630683898926
128,4class,fbar_var,51,4,410,102,0.7776923076923077,0.22393083572387695
128,4class,fbar_var,51,5,410,102,0.703076923076923,0.21851062774658203
256,C1-C2,fbar,42,1,102,26,0.9230769230769231,0.1921544075012207
256,C1-C2,fbar,42,2,102,26,0.9230769230769231,0.1954481601715088
256,C1-C2,fbar,42,3,102,26,0.9615384615384616,0.20232224464416504
256,C1-C2,fbar,42,4,103,25,0.9166666666666667,0.20482540130615234
256,C1-C2,fbar,42,5,103,25,0.9583333333333333,0.20895624160766602
256,C1-C3,fbar,42,1,102,26,0.9230769230769231,0.1934819221496582
256,C1-C3,fbar,42,2,102,26,0.9230769230769231,0.19933080673217773
256,C1-C3,fbar,42,3,102,26,0.9615384615384616,0.23667430877685547
256,C1-C3,fbar,42,4,103,25,0.9583333333333333,0.20526981353759766
256,C1-C3,fbar,42,5,103,25,0.875,0.20191287994384766
256,C1-C4,fbar,42,1,102,26,0.9615384615384616,0.20272493362426758
256,C1-C4,fbar,42,2,102,26,1.0,0.20284390449523926
256,C1-C4,fbar,42,3,102,26,1.0,0.20262837409973145
256,C1-C4,fbar,42,4,103,25,0.9583333333333333,0.213761568069458
256,C1-C4,fbar,42,5,103,25,1.0,0.20896220207214355
256,C2-C3,fbar,42,1,102,26,0.5,0.21742510795593262
256,C2-C3,fbar,42,2,102,26,0.6538461538461539,0.21378707885742188
256,C2-C3,fbar,42,3,102,26,0.6538461538461539,0.2131032943725586
256,C2-C3,fbar,42,4,103,25,0.5160256410256411,0.21311736106872559
256,C2-C3,fbar,42,5,103,25,0.641025641025641,0.21457147598266602
256,C2-C4,fbar,42,1,102,26,1.0,0.20160198211669922
256,C2-C4,fbar,42,2,102,26,1.0,0.20152783393859863
256,C2-C4,fbar,42,3,102,26,1.0,0.1942918300628662
256,C2-C4,fbar,42,4,103,25,0.9583333333333333,0.20215392112731934
256,C2-C4,fbar,42,5,103,25,1.0,0.20304107666015625
256,C3-C4,fbar,42,1,102,26,0.9615384615384616,0.20289874076843262
256,C3-C4,fbar,42,2,102,26,1.0,0.205488920211792
256,C3-C4,fbar,42,3,102,26,1.0,0.1923995018005371
256,C3-C4,fbar,42,4,103,25,0.9583333333333333,0.198134183883667
256,C3-C4,fbar,42,5,103,25,1.0,0.19254708290100098
256,C4-rest,fbar,42,1,204,52,0.9615384615384616,0.2009894847869873
256,C4-rest,fbar,42,2,205,51,0.9871794871794872,0.20475435256958008
256,C4-rest,fbar,42,3,205,51,1.0,0.2002570629119873
256,C4-rest,fbar,42,4,205,51,1.0,0.20138168334960938
256,C4-rest,fbar,42,5,205,51,1.0,0.2179419994354248
256,4class,fbar,42,1,204,52,0.6730769230769231,0.20868754386901855
256,4class,fbar,42,2,205,51,0.7115384615384616,0.21804285049438477
256,4class,fbar,42,3,205,51,0.780448717948718,0.21610760688781738
256,4class,fbar,42,4,205,51,0.780448717948718,0.22272896766662598
256,4class,fbar,42,5,205,51,0.764423076923077,0.23176813125610352
256,C1-C2,fbar_var,42,1,102,26,0.9615384615384616,0.21025562286376953
256,C1-C2,fbar_var,42,2,102,26,0.9615384615384616,0.1983497142791748
256,C1-C2,fbar_var,42,3,102,26,1.0,0.19376182556152344
256,C1-C2,fbar_var,42,4,103,25,0.9166666666666667,0.20022964477539062
256,C1-C2,fbar_var,42,5,103,25,0.9583333333333333,0.19229507446289062
256,C1-C3,fbar_var,42,1,102,26,0.9230769230769231,0.193709135055542
256,C1-C3,fbar_var,42,2,102,26,0.9230769230769231,0.19840407371520996
256,C1-C3,fbar_var,42,3,102,26,0.9615384615384616,0.20076942443847656
256,C1-C3,fbar_var,42,4,103,25,0.9583333333333333,0.20145297050476074
256,C1-C3,fbar_var,42,5,103,25,0.9583333333333333,0.20002508163452148
256,C1-C4,fbar_var,42,1,102,26,0.9615384615384616,0.19838523864746094
256,C1-C4,fbar_var,42,2,102,26,1.0,0.19588208198547363
256,C1-C4,fbar_var,42,3,102,26,1.0,0.1952824592590332
256,C1-C4,fbar_var,42,4,103,25,0.9583333333333333,0.22300291061401367
256,C1-C4,fbar_var,42,5,103,25,1.0,0.19481372833251953
256,C2-C3,fbar_var,42,1,102,26,0.7692307692307692,0.2117445468902588
256,C2-C3,fbar_var,42,2,102,26,0.7307692307692308,0.20310425758361816
256,C2-C3,fbar_var,42,3,102,26,0.8461538461538461,0.1950085163116455
256,C2-C3,fbar_var,42,4,103,25,0.8782051282051282,0.2046499252319336
256,C2-C3,fbar_var,42,5,103,25,0.8365384615384616,0.21220755577087402
256,C2-C4,fbar_var,42,1,102,26,1.0,0.19472980499267578
256,C2-C4,fbar_var,42,2,102,26,1.0,0.2085428237915039
256,C2-C4,fbar_var,42,3,102,26,1.0,0.19368553161621094
256,C2-C4,fbar_var,42,4,103,25,0.9583333333333333,0.19225335121154785
256,C2-C4,fbar_var,42,5,103,25,1.0,0.19438457489013672
256,C3-C4,fbar_var,42,1,102,26,0.9615384615384616,0.20078492164611816
256,C3-C4,fbar_var,42,2,102,26,1.0,0.2004857063293457
256,C3-C4,fbar_var,42,3,102,26,1.0,0.19564342498779297
256,C3-C4,fbar_var,42,4,103,25,0.9583333333333333,0.19667458534240723
256,C3-C4,fbar_var,42,5,103,25,1.0,0.1921241283416748
256,C4-rest,fbar_var,42,1,204,52,0.9615384615384616,0.19925403594970703
256,C4-rest,fbar_var,42,2,205,51,1.0,0.2001209259033203
256,C4-rest,fbar_var,42,3,205,51,0.986842105263158,0.20517802238464355
256,C4-rest,fbar_var,42,4,205,51,1.0,0.20890283584594727
256,C4-rest,fbar_var,42,5,205,51,1.0,0.21458125114440918
256,4class,fbar_var,42,1,204,52,0.903846153846154,0.21065473556518555
256,4class,fbar_var,42,2,205,51,0.8461538461538461,0.20646142959594727
256,4class,fbar_var,42,3,205,51,0.8990384615384616,0.20895791053771973
256,4class,fbar_var,42,4,205,51,0.8814102564102564,0.2093203067779541
256,4class,fbar_var,42,5,205,51,0.8621794871794872,0.21184134483337402
256,C1-C2,fbar,43,1,102,26,0.8846153846153846,0.1966843605041504
256,C1-C2,fbar,43,2,102,26,0.8846153846153846,0.19560003280639648
256,C1-C2,fbar,43,3,102,26,0.9615384615384616,0.19991469383239746
256,C1-C2,fbar,43,4,103,25,0.9615384615384616,0.20056939125061035
256,C1-C2,fbar,43,5,103,25,0.8846153846153846,0.20012927055358887
256,C1-C3,fbar,43,1,102,26,0.8076923076923077,0.19616079330444336
256,C1-C3,fbar,43,2,102,26,0.8461538461538461,0.19504451751708984
256,C1-C3,fbar,43,3,102,26,0.8461538461538461,0.19503068923950195
256,C1-C3,fbar,43,4,103,25,0.9198717948717949,0.20507049560546875
256,C1-C3,fbar,43,5,103,25,0.842948717948718,0.21107912063598633
256,C1-C4,fbar,43,1,102,26,1.0,0.19820380210876465
256,C1-C4,fbar,43,2,102,26,1.0,0.2232956886291504
256,C1-C4,fbar,43,3,102,26,1.0,0.2012038230895996
256,C1-C4,fbar,43,4,103,25,1.0,0.1932387351989746
256,C1-C4,fbar,43,5,103,25,1.0,0.20122981071472168
256,C2-C3,fbar,43,1,102,26,0.5384615384615385,0.2060530185699463
256,C2-C3,fbar,43,2,102,26,0.6538461538461539,0.2048184871673584
256,C2-C3,fbar,43,3,102,26,0.3846153846153846,0.211470365524292
256,C2-C3,fbar,43,4,103,25,0.4807692307692308,0.20780706405639648
256,C2-C3,fbar,43,5,103,25,0.39743589743589747,0.19947242736816406
256,C2-C4,fbar,43,1,102,26,1.0,0.201399564743042
256,C2-C4,fbar,43,2,102,26,1.0,0.20127558708190918
256,C2-C4,fbar,43,3,102,26,1.0,0.19190478324890137
256,C2-C4,fbar,43,4,103,25,1.0,0.19359350204467773
256,C2-C4,fbar,43,5,103,25,1.0,0.19467663764953613
256,C3-C4,fbar,43,1,102,26,1.0,0.19420433044433594
256,C3-C4,fbar,43,2,102,26,1.0,0.19559621810913086
256,C3-C4,fbar,43,3,102,26,1.0,0.1956040859222412
256,C3-C4,fbar,43,4,103,25,1.0,0.19579124450683594
256,C3-C4,fbar,43,5,103,25,1.0,0.19371628761291504
256,C4-rest,fbar,43,1,204,52,1.0,0.19780564308166504
256,C4-rest,fbar,43,2,205,51,1.0,0.19556879997253418
256,C4-rest,fbar,43,3,205,51,1.0,0.20190691947937012
256,C4-rest,fbar,43,4,205,51,1.0,0.19949793815612793
256,C4-rest,fbar,43,5,205,51,1.0,0.1976451873779297
256,4class,fbar,43,1,204,52,0.6346153846153846,0.2096104621887207
256,4class,fbar,43,2,205,51,0.7115384615384616,0.2076411247253418
256,4class,fbar,43,3,205,51,0.7211538461538461,0.21051359176635742
256,4class,fbar,43,4,205,51,0.844551282051282,0.20833754539489746
256,4class,fbar,43,5,205,51,0.7099358974358975,0.20735549926757812
256,C1-C2,fbar_var,43,1,102,26,0.9230769230769231,0.19325637817382812
256,C1-C2,fbar_var,43,2,102,26,0.8846153846153846,0.19219374656677246
256,C1-C2,fbar_var,43,3,102,26,0.9615384615384616,0.20178961753845215
256,C1-C2,fbar_var,43,4,103,25,1.0,0.19904470443725586
256,C1-C2,fbar_var,43,5,103,25,1.0,0.2119617462158203
256,C1-C3,fbar_var,43,1,102,26,0.8461538461538461,0.20914483070373535
256,C1-C3,fbar_var,43,2,102,26,0.8076923076923077,0.21122336387634277
256,C1-C3,fbar_var,43,3,102,26,0.8461538461538461,0.1999211311340332
256,C1-C3,fbar_var,43,4,103,25,0.9198717948717949,0.20319461822509766
256,C1-C3,fbar_var,43,5,103,25,0.8012820512820513,0.19881772994995117
256,C1-C4,fbar_var,43,1,102,26,1.0,0.19617557525634766
256,C1-C4,fbar_var,43,2,102,26,1.0,0.20141911506652832
256,C1-C4,fbar_var,43,3,102,26,1.0,0.19871163368225098
256,C1-C4,fbar_var,43,4,103,25,1.0,0.19195842742919922
256,C1-C4,fbar_var,43,5,103,25,1.0,0.20091748237609863
256,C2-C3,fbar_var,43,1,102,26,0.6923076923076923,0.21145868301391602
256,C2-C3,fbar_var,43,2,102,26,0.8076923076923077,0.21033143997192383
256,C2-C3,fbar_var,43,3,102,26,0.6153846153846154,0.23307108879089355
256,C2-C3,fbar_var,43,4,103,25,0.7243589743589745,0.20433998107910156
256,C2-C3,fbar_var,43,5,103,25,0.7948717948717949,0.21512269973754883
256,C2-C4,fbar_var,43,1,102,26,1.0,0.20151162147521973
256,C2-C4,fbar_var,43,2,102,26,1.0,0.20570635795593262
256,C2-C4,fbar_var,43,3,102,26,1.0,0.19986701011657715
256,C2-C4,fbar_var,43,4,103,25,1.0,0.19444870948791504
256,C2-C4,fbar_var,43,5,103,25,1.0,0.20880722999572754
256,C3-C4,fbar_var,43,1,102,26,1.0,0.20070147514343262
256,C3-C4,fbar_var,43,2,102,26,1.0,0.1989443302154541
256,C3-C4,fbar_var,43,3,102,26,1.0,0.20137524604797363
256,C3-C4,fbar_var,43,4,103,25,1.0,0.19931936264038086
256,C3-C4,fbar_var,43,5,103,25,1.0,0.2053816318511963
256,C4-rest,fbar_var,43,1,204,52,1.0,0.20746421813964844
256,C4-rest,fbar_var,43,2,205,51,1.0,0.19851279258728027
256,C4-rest,fbar_var,43,3,205,51,1.0,0.1997520923614502
256,C4-rest,fbar_var,43,4,205,51,1.0,0.1998128890991211
256,C4-rest,fbar_var,43,5,205,51,1.0,0.21376824378967285
256,4class,fbar_var,43,1,204,52,0.7884615384615385,0.2264258861541748
256,4class,fbar_var,43,2,205,51,0.7884615384615384,0.2098557949066162
256,4class,fbar_var,43,3,205,51,0.7628205128205128,0.20929241180419922
256,4class,fbar_var,43,4,205,51,0.8830128205128205,0.2128591537475586
256,4class,fbar_var,43,5,205,51,0.7852564102564104,0.20778155326843262
256,C1-C2,fbar,44,1,102,26,0.9230769230769231,0.19823813438415527
256,C1-C2,fbar,44,2,102,26,0.8076923076923077,0.19829702377319336
256,C1-C2,fbar,44,3,102,26,0.9615384615384616,0.1931159496307373
256,C1-C2,fbar,44,4,103,25,0.8365384615384616,0.19463062286376953
256,C1-C2,fbar,44,5,103,25,1.0,0.20153498649597168
256,C1-C3,fbar,44,1,102,26,0.9230769230769231,0.2048799991607666
256,C1-C3,fbar,44,2,102,26,0.8461538461538461,0.19939088821411133
256,C1-C3,fbar,44,3,102,26,0.9615384615384616,0.19960570335388184
256,C1-C3,fbar,44,4,103,25,0.7980769230769231,0.19223880767822266
256,C1-C3,fbar,44,5,103,25,0.9198717948717949,0.20845270156860352
256,C1-C4,fbar,44,1,102,26,0.9615384615384616,0.19634199142456055
256,C1-C4,fbar,44,2,102,26,0.9615384615384616,0.19422292709350586
256,C1-C4,fbar,44,3,102,26,1.0,0.19873046875
256,C1-C4,fbar,44,4,103,25,0.9198717948717949,0.19525361061096191
256,C1-C4,fbar,44,5,103,25,0.9583333333333333,0.19195318222045898
256,C2-C3,fbar,44,1,102,26,0.5,0.1956343650817871
256,C2-C3,fbar,44,2,102,26,0.5384615384615384,0.2134227752685547
256,C2-C3,fbar,44,3,102,26,0.46153846153846156,0.21000051498413086
256,C2-C3,fbar,44,4,103,25,0.3173076923076923,0.21152305603027344
256,C2-C3,fbar,44,5,103,25,0.47756410256410253,0.20279622077941895
256,C2-C4,fbar,44,1,102,26,1.0,0.1915130615234375
256,C2-C4,fbar,44,2,102,26,1.0,0.19777965545654297
256,C2-C4,fbar,44,3,102,26,1.0,0.20139622688293457
256,C2-C4,fbar,44,4,103,25,1.0,0.22428464889526367
256,C2-C4,fbar,44,5,103,25,1.0,0.197432279586792
256,C3-C4,fbar,44,1,102,26,1.0,0.20065665245056152
256,C3-C4,fbar,44,2,102,26,1.0,0.1937243938446045
256,C3-C4,fbar,44,3,102,26,1.0,0.2002859115600586
256,C3-C4,fbar,44,4,103,25,1.0,0.19485163688659668
256,C3-C4,fbar,44,5,103,25,1.0,0.20063090324401855
256,C4-rest,fbar,44,1,204,52,0.9871794871794872,0.20264673233032227
256,C4-rest,fbar,44,2,205,51,1.0,0.21424055099487305
256,C4-rest,fbar,44,3,205,51,0.986842105263158,0.20356369018554688
256,C4-rest,fbar,44,4,205,51,0.9230769230769231,0.2012805938720703
256,C4-rest,fbar,44,5,205,51,1.0,0.1987142562866211
256,4class,fbar,44,1,204,52,0.7115384615384616,0.20757794380187988
256,4class,fbar,44,2,205,51,0.5544871794871795,0.20917081832885742
256,4class,fbar,44,3,205,51,0.7227564102564102,0.20638585090637207
256,4class,fbar,44,4,205,51,0.6233974358974359,0.2104179859161377
256,4class,fbar,44,5,205,51,0.6522435897435898,0.21037626266479492
256,C1-C2,fbar_var,44,1,102,26,1.0,0.19598054885864258
256,C1-C2,fbar_var,44,2,102,26,0.9230769230769231,0.19331598281860352
256,C1-C2,fbar_var,44,3,102,26,1.0,0.20888161659240723
256,C1-C2,fbar_var,44,4,103,25,0.8365384615384616,0.19488310813903809
256,C1-C2,fbar_var,44,5,103,25,0.9583333333333333,0.19314002990722656
256,C1-C3,fbar_var,44,1,102,26,0.9230769230769231,0.20854473114013672
256,C1-C3,fbar_var,44,2,102,26,0.8846153846153846,0.21177291870117188
256,C1-C3,fbar_var,44,3,102,26,0.9615384615384616,0.20902276039123535
256,C1-C3,fbar_var,44,4,103,25,0.7980769230769231,0.19438695907592773
256,C1-C3,fbar_var,44,5,103,25,0.9198717948717949,0.19434380531311035
256,C1-C4,fbar_var,44,1,102,26,1.0,0.20073366165161133
256,C1-C4,fbar_var,44,2,102,26,1.0,0.20166563987731934
256,C1-C4,fbar_var,44,3,102,26,1.0,0.19992685317993164
256,C1-C4,fbar_var,44,4,103,25,1.0,0.19581913948059082
256,C1-C4,fbar_var,44,5,103,25,1.0,0.20189380645751953
256,C2-C3,fbar_var,44,1,102,26,0.7692307692307692,0.20816802978515625
256,C2-C3,fbar_var,44,2,102,26,0.8076923076923077,0.2086181640625
256,C2-C3,fbar_var,44,3,102,26,0.8461538461538463,0.19411110877990723
256,C2-C3,fbar_var,44,4,103,25,0.6314102564102564,0.21294069290161133
256,C2-C3,fbar_var,44,5,103,25,0.7564102564102564,0.21134138107299805
256,C2-C4,fbar_var,44,1,102,26,1.0,0.20506930351257324
256,C2-C4,fbar_var,44,2,102,26,1.0,0.1929609775543213
256,C2-C4,fbar_var,44,3,102,26,1.0,0.1930713653564453
256,C2-C4,fbar_var,44,4,103,25,1.0,0.19811344146728516
256,C2-C4,fbar_var,44,5,103,25,1.0,0.2012012004852295
256,C3-C4,fbar_var,44,1,102,26,1.0,0.20981121063232422
256,C3-C4,fbar_var,44,2,102,26,1.0,0.20043039321899414
256,C3-C4,fbar_var,44,3,102,26,1.0,0.20086050033569336
256,C3-C4,fbar_var,44,4,103,25,1.0,0.21997857093811035
256,C3-C4,fbar_var,44,5,103,25,1.0,0.2015528678894043
256,C4-rest,fbar_var,44,1,204,52,1.0,0.21449542045593262
256,C4-rest,fbar_var,44,2,205,51,1.0,0.2097454071044922
256,C4-rest,fbar_var,44,3,205,51,1.0,0.20157647132873535
256,C4-rest,fbar_var,44,4,205,51,1.0,0.19661474227905273
256,C4-rest,fbar_var,44,5,205,51,1.0,0.22097182273864746
256,4class,fbar_var,44,1,204,52,0.8653846153846154,0.21314287185668945
256,4class,fbar_var,44,2,205,51,0.7692307692307693,0.2147226333618164
256,4class,fbar_var,44,3,205,51,0.780448717948718,0.2080976963043213
256,4class,fbar_var,44,4,205,51,0.7451923076923077,0.20753145217895508
256,4class,fbar_var,44,5,205,51,0.7259615384615385,0.22569847106933594
256,C1-C2,fbar,45,1,102,26,0.8461538461538463,0.21280717849731445
256,C1-C2,fbar,45,2,102,26,0.9615384615384616,0.19336748123168945
256,C1-C2,fbar,45,3,102,26,0.8076923076923077,0.19717621803283691
256,C1-C2,fbar,45,4,103,25,0.9583333333333333,0.20090627670288086
256,C1-C2,fbar,45,5,103,25,0.9615384615384616,0.19916701316833496
256,C1-C3,fbar,45,1,102,26,0.8461538461538461,0.2015843391418457
256,C1-C3,fbar,45,2,102,26,0.9615384615384616,0.20010614395141602
256,C1-C3,fbar,45,3,102,26,0.8076923076923077,0.20183277130126953
256,C1-C3,fbar,45,4,103,25,0.8333333333333333,0.20845937728881836
256,C1-C3,fbar,45,5,103,25,0.7596153846153846,0.20575547218322754
256,C1-C4,fbar,45,1,102,26,0.9615384615384616,0.19525575637817383
256,C1-C4,fbar,45,2,102,26,0.9615384615384616,0.19582533836364746
256,C1-C4,fbar,45,3,102,26,0.9615384615384616,0.19381189346313477
256,C1-C4,fbar,45,4,103,25,0.9583333333333333,0.1929934024810791
256,C1-C4,fbar,45,5,103,25,1.0,0.20061802864074707
256,C2-C3,fbar,45,1,102,26,0.5384615384615385,0.20757269859313965
256,C2-C3,fbar,45,2,102,26,0.46153846153846156,0.2111339569091797
256,C2-C3,fbar,45,3,102,26,0.3076923076923077,0.2184617519378662
256,C2-C3,fbar,45,4,103,25,0.5641025641025641,0.2095630168914795
256,C2-C3,fbar,45,5,103,25,0.48397435897435903,0.2095811367034912
256,C2-C4,fbar,45,1,102,26,0.9615384615384616,0.1961371898651123
256,C2-C4,fbar,45,2,102,26,0.9615384615384616,0.2010211944580078
256,C2-C4,fbar,45,3,102,26,1.0,0.20010113716125488
256,C2-C4,fbar,45,4,103,25,0.9615384615384616,0.20073890686035156
256,C2-C4,fbar,45,5,103,25,1.0,0.19401097297668457
256,C3-C4,fbar,45,1,102,26,0.9615384615384616,0.1912691593170166
256,C3-C4,fbar,45,2,102,26,1.0,0.196547269821167
256,C3-C4,fbar,45,3,102,26,1.0,0.19428253173828125
256,C3-C4,fbar,45,4,103,25,1.0,0.20909905433654785
256,C3-C4,fbar,45,5,103,25,1.0,0.19370198249816895
256,C4-rest,fbar,45,1,204,52,1.0,0.20013952255249023
256,C4-rest,fbar,45,2,205,51,0.9871794871794872,0.22420430183410645
256,C4-rest,fbar,45,3,205,51,1.0,0.19638538360595703
256,C4-rest,fbar,45,4,205,51,0.9615384615384616,0.19864821434020996
256,C4-rest,fbar,45,5,205,51,0.9615384615384616,0.2056131362915039
256,4class,fbar,45,1,204,52,0.5769230769230769,0.21256613731384277
256,4class,fbar,45,2,205,51,0.7115384615384616,0.21567821502685547
256,4class,fbar,45,3,205,51,0.5849358974358975,0.2156205177307129
256,4class,fbar,45,4,205,51,0.703525641025641,0.20626521110534668
256,4class,fbar,45,5,205,51,0.6682692307692308,0.20732378959655762
256,C1-C2,fbar_var,45,1,102,26,1.0,0.19314122200012207
256,C1-C2,fbar_var,45,2,102,26,1.0,0.20126891136169434
256,C1-C2,fbar_var,45,3,102,26,0.9615384615384616,0.1949620246887207
256,C1-C2,fbar_var,45,4,103,25,0.9166666666666667,0.20287418365478516
256,C1-C2,fbar_var,45,5,103,25,1.0,0.19640707969665527
256,C1-C3,fbar_var,45,1,102,26,0.8846153846153846,0.20544219017028809
256,C1-C3,fbar_var,45,2,102,26,0.9230769230769231,0.21149969100952148
256,C1-C3,fbar_var,45,3,102,26,0.8461538461538463,0.21460580825805664
256,C1-C3,fbar_var,45,4,103,25,0.875,0.20919394493103027
256,C1-C3,fbar_var,45,5,103,25,0.8397435897435898,0.1984097957611084
256,C1-C4,fbar_var,45,1,102,26,0.9615384615384616,0.19858574867248535
256,C1-C4,fbar_var,45,2,102,26,0.9615384615384616,0.19407272338867188
256,C1-C4,fbar_var,45,3,102,26,1.0,0.19397902488708496
256,C1-C4,fbar_var,45,4,103,25,1.0,0.19744133949279785
256,C1-C4,fbar_var,45,5,103,25,1.0,0.20045971870422363
256,C2-C3,fbar_var,45,1,102,26,0.8461538461538461,0.20978403091430664
256,C2-C3,fbar_var,45,2,102,26,0.7307692307692308,0.20771336555480957
256,C2-C3,fbar_var,45,3,102,26,0.7307692307692308,0.2023942470550537
256,C2-C3,fbar_var,45,4,103,25,0.6762820512820513,0.20623207092285156
256,C2-C3,fbar_var,45,5,103,25,0.6378205128205128,0.2112734317779541
256,C2-C4,fbar_var,45,1,102,26,0.9615384615384616,0.2010788917541504
256,C2-C4,fbar_var,45,2,102,26,0.9615384615384616,0.19360589981079102
256,C2-C4,fbar_var,45,3,102,26,1.0,0.19901776313781738
256,C2-C4,fbar_var,45,4,103,25,1.0,0.19362950325012207
256,C2-C4,fbar_var,45,5,103,25,1.0,0.19210362434387207
256,C3-C4,fbar_var,45,1,102,26,0.9615384615384616,0.20125079154968262
256,C3-C4,fbar_var,45,2,102,26,1.0,0.19104480743408203
256,C3-C4,fbar_var,45,3,102,26,1.0,0.1995234489440918
256,C3-C4,fbar_var,45,4,103,25,1.0,0.20113778114318848
256,C3-C4,fbar_var,45,5,103,25,1.0,0.20082521438598633
256,C4-rest,fbar_var,45,1,204,52,1.0,0.19871735572814941
256,C4-rest,fbar_var,45,2,205,51,1.0,0.21442031860351562
256,C4-rest,fbar_var,45,3,205,51,1.0,0.2145090103149414
256,C4-rest,fbar_var,45,4,205,51,1.0,0.20106220245361328
256,C4-rest,fbar_var,45,5,205,51,0.9615384615384616,0.22284603118896484
256,4class,fbar_var,45,1,204,52,0.7692307692307692,0.21721863746643066
256,4class,fbar_var,45,2,205,51,0.8076923076923077,0.2221052646636963
256,4class,fbar_var,45,3,205,51,0.7211538461538461,0.20946073532104492
256,4class,fbar_var,45,4,205,51,0.8621794871794872,0.21674418449401855
256,4class,fbar_var,45,5,205,51,0.7868589743589743,0.21118831634521484
256,C1-C2,fbar,46,1,102,26,0.9615384615384616,0.20023131370544434
256,C1-C2,fbar,46,2,102,26,0.9615384615384616,0.20201802253723145
256,C1-C2,fbar,46,3,102,26,0.9230769230769231,0.2008805274963379
256,C1-C2,fbar,46,4,103,25,0.9583333333333333,0.20079898834228516
256,C1-C2,fbar,46,5,103,25,0.9583333333333333,0.1966383457183838
256,C1-C3,fbar,46,1,102,26,0.9230769230769231,0.1934974193572998
256,C1-C3,fbar,46,2,102,26,0.9615384615384616,0.1938002109527588
256,C1-C3,fbar,46,3,102,26,0.9230769230769231,0.19997429847717285
256,C1-C3,fbar,46,4,103,25,0.9615384615384616,0.19968724250793457
256,C1-C3,fbar,46,5,103,25,1.0,0.2009420394897461
256,C1-C4,fbar,46,1,102,26,1.0,0.19986581802368164
256,C1-C4,fbar,46,2,102,26,0.9615384615384616,0.20023274421691895
256,C1-C4,fbar,46,3,102,26,0.9615384615384616,0.19597864151000977
256,C1-C4,fbar,46,4,103,25,0.9583333333333333,0.19853544235229492
256,C1-C4,fbar,46,5,103,25,0.9166666666666667,0.20113468170166016
256,C2-C3,fbar,46,1,102,26,0.38461538461538464,0.2093038558959961
256,C2-C3,fbar,46,2,102,26,0.46153846153846156,0.21478700637817383
256,C2-C3,fbar,46,3,102,26,0.46153846153846156,0.21290302276611328
256,C2-C3,fbar,46,4,103,25,0.40064102564102566,0.20155048370361328
256,C2-C3,fbar,46,5,103,25,0.5224358974358975,0.2129058837890625
256,C2-C4,fbar,46,1,102,26,1.0,0.2020730972290039
256,C2-C4,fbar,46,2,102,26,1.0,0.20232105255126953
256,C2-C4,fbar,46,3,102,26,1.0,0.21317172050476074
256,C2-C4,fbar,46,4,103,25,1.0,0.20168471336364746
256,C2-C4,fbar,46,5,103,25,1.0,0.20210790634155273
256,C3-C4,fbar,46,1,102,26,1.0,0.2025446891784668
256,C3-C4,fbar,46,2,102,26,1.0,0.19350600242614746
256,C3-C4,fbar,46,3,102,26,1.0,0.21614742279052734
256,C3-C4,fbar,46,4,103,25,1.0,0.20112013816833496
256,C3-C4,fbar,46,5,103,25,1.0,0.1958634853363037
256,C4-rest,fbar,46,1,204,52,1.0,0.20004892349243164
256,C4-rest,fbar,46,2,205,51,0.9455128205128205,0.20614123344421387
256,C4-rest,fbar,46,3,205,51,0.9230769230769231,0.21231651306152344
256,C4-rest,fbar,46,4,205,51,1.0,0.20111799240112305
256,C4-rest,fbar,46,5,205,51,0.9736842105263157,0.19785571098327637
256,4class,fbar,46,1,204,52,0.75,0.2156696319580078
256,4class,fbar,46,2,205,51,0.6137820512820513,0.22446846961975098
256,4class,fbar,46,3,205,51,0.641025641025641,0.22712969779968262
256,4class,fbar,46,4,205,51,0.6378205128205128,0.21662092208862305
256,4class,fbar,46,5,205,51,0.6298076923076923,0.24031567573547363
256,C1-C2,fbar_var,46,1,102,26,1.0,0.2099759578704834
256,C1-C2,fbar_var,46,2,102,26,1.0,0.20334792137145996
256,C1-C2,fbar_var,46,3,102,26,0.9615384615384616,0.19895315170288086
256,C1-C2,fbar_var,46,4,103,25,1.0,0.19782090187072754
256,C1-C2,fbar_var,46,5,103,25,1.0,0.2034435272216797
256,C1-C3,fbar_var,46,1,102,26,0.9230769230769231,0.19925403594970703
256,C1-C3,fbar_var,46,2,102,26,0.9615384615384616,0.221435546875
256,C1-C3,fbar_var,46,3,102,26,0.9615384615384616,0.22304487228393555
256,C1-C3,fbar_var,46,4,103,25,1.0,0.2059648036956787
256,C1-C3,fbar_var,46,5,103,25,1.0,0.20171022415161133
256,C1-C4,fbar_var,46,1,102,26,1.0,0.20568585395812988
256,C1-C4,fbar_var,46,2,102,26,1.0,0.19507384300231934
256,C1-C4,fbar_var,46,3,102,26,1.0,0.20329523086547852
256,C1-C4,fbar_var,46,4,103,25,0.9583333333333333,0.20124053955078125
256,C1-C4,fbar_var,46,5,103,25,1.0,0.21326446533203125
256,C2-C3,fbar_var,46,1,102,26,0.7692307692307693,0.22674846649169922
256,C2-C3,fbar_var,46,2,102,26,0.6923076923076923,0.2034471035003662
256,C2-C3,fbar_var,46,3,102,26,0.7692307692307693,0.20996713638305664
256,C2-C3,fbar_var,46,4,103,25,0.7628205128205128,0.21137261390686035
256,C2-C3,fbar_var,46,5,103,25,0.766025641025641,0.20726656913757324
256,C2-C4,fbar_var,46,1,102,26,1.0,0.20132756233215332
256,C2-C4,fbar_var,46,2,102,26,1.0,0.19228339195251465
256,C2-C4,fbar_var,46,3,102,26,1.0,0.19394564628601074
256,C2-C4,fbar_var,46,4,103,25,1.0,0.1935896873474121
256,C2-C4,fbar_var,46,5,103,25,1.0,0.20520853996276855
256,C3-C4,fbar_var,46,1,102,26,1.0,0.2174069881439209
256,C3-C4,fbar_var,46,2,102,26,1.0,0.20334410667419434
256,C3-C4,fbar_var,46,3,102,26,1.0,0.19810009002685547
256,C3-C4,fbar_var,46,4,103,25,1.0,0.20148324966430664
256,C3-C4,fbar_var,46,5,103,25,1.0,0.22298312187194824
256,C4-rest,fbar_var,46,1,204,52,1.0,0.20759272575378418
256,C4-rest,fbar_var,46,2,205,51,1.0,0.21478867530822754
256,C4-rest,fbar_var,46,3,205,51,0.9230769230769231,0.19996118545532227
256,C4-rest,fbar_var,46,4,205,51,1.0,0.20897626876831055
256,C4-rest,fbar_var,46,5,205,51,0.986842105263158,0.21361064910888672
256,4class,fbar_var,46,1,204,52,0.8269230769230769,0.22782039642333984
256,4class,fbar_var,46,2,205,51,0.8653846153846154,0.21227669715881348
256,4class,fbar_var,46,3,205,51,0.8990384615384616,0.21959400177001953
256,4class,fbar_var,46,4,205,51,0.9375,0.2180032730102539
256,4class,fbar_var,46,5,205,51,0.8076923076923077,0.21710824966430664
256,C1-C2,fbar,47,1,102,26,0.9230769230769231,0.19618463516235352
256,C1-C2,fbar,47,2,102,26,0.9615384615384616,0.23544073104858398
256,C1-C2,fbar,47,3,102,26,0.8846153846153846,0.21235108375549316
256,C1-C2,fbar,47,4,103,25,0.9615384615384616,0.1990196704864502
256,C1-C2,fbar,47,5,103,25,0.9583333333333333,0.19935822486877441
256,C1-C3,fbar,47,1,102,26,0.8846153846153846,0.2066495418548584
256,C1-C3,fbar,47,2,102,26,0.9230769230769231,0.21254372596740723
256,C1-C3,fbar,47,3,102,26,0.8461538461538463,0.21735072135925293
256,C1-C3,fbar,47,4,103,25,0.875,0.1977686882019043
256,C1-C3,fbar,47,5,103,25,0.9583333333333333,0.19503545761108398
256,C1-C4,fbar,47,1,102,26,0.9230769230769231,0.19759058952331543
256,C1-C4,fbar,47,2,102,26,0.9230769230769231,0.20159196853637695
256,C1-C4,fbar,47,3,102,26,0.9615384615384616,0.19976592063903809
256,C1-C4,fbar,47,4,103,25,1.0,0.20145106315612793
256,C1-C4,fbar,47,5,103,25,0.9615384615384616,0.1938948631286621
256,C2-C3,fbar,47,1,102,26,0.46153846153846156,0.20213031768798828
256,C2-C3,fbar,47,2,102,26,0.38461538461538464,0.21225500106811523
256,C2-C3,fbar,47,3,102,26,0.6153846153846154,0.21192073822021484
256,C2-C3,fbar,47,4,103,25,0.4423076923076923,0.20528578758239746
256,C2-C3,fbar,47,5,103,25,0.4903846153846154,0.20135951042175293
256,C2-C4,fbar,47,1,102,26,1.0,0.19718408584594727
256,C2-C4,fbar,47,2,102,26,1.0,0.2015986442565918
256,C2-C4,fbar,47,3,102,26,1.0,0.19785833358764648
256,C2-C4,fbar,47,4,103,25,1.0,0.1936051845550537
256,C2-C4,fbar,47,5,103,25,1.0,0.19744658470153809
256,C3-C4,fbar,47,1,102,26,1.0,0.20059657096862793
256,C3-C4,fbar,47,2,102,26,1.0,0.2012488842010498
256,C3-C4,fbar,47,3,102,26,1.0,0.2016909122467041
256,C3-C4,fbar,47,4,103,25,1.0,0.20030808448791504
256,C3-C4,fbar,47,5,103,25,1.0,0.19950366020202637
256,C4-rest,fbar,47,1,204,52,1.0,0.19580531120300293
256,C4-rest,fbar,47,2,205,51,0.9871794871794872,0.19638395309448242
256,C4-rest,fbar,47,3,205,51,0.9230769230769231,0.19753026962280273
256,C4-rest,fbar,47,4,205,51,0.9230769230769231,0.20317530632019043
256,C4-rest,fbar,47,5,205,51,0.986842105263158,0.19962668418884277
256,4class,fbar,47,1,204,52,0.6923076923076923,0.2154407501220703
256,4class,fbar,47,2,205,51,0.7099358974358974,0.2068328857421875
256,4class,fbar,47,3,205,51,0.5817307692307693,0.21024656295776367
256,4class,fbar,47,4,205,51,0.7628205128205129,0.20564913749694824
256,4class,fbar,47,5,205,51,0.7676282051282051,0.21711397171020508
256,C1-C2,fbar_var,47,1,102,26,0.9230769230769231,0.19539690017700195
256,C1-C2,fbar_var,47,2,102,26,1.0,0.195587158203125
256,C1-C2,fbar_var,47,3,102,26,0.9230769230769231,0.19927430152893066
256,C1-C2,fbar_var,47,4,103,25,1.0,0.19837117195129395
256,C1-C2,fbar_var,47,5,103,25,1.0,0.22105121612548828
256,C1-C3,fbar_var,47,1,102,26,0.8846153846153846,0.19405198097229004
256,C1-C3,fbar_var,47,2,102,26,0.9615384615384616,0.21302556991577148
256,C1-C3,fbar_var,47,3,102,26,0.8461538461538463,0.19280385971069336
256,C1-C3,fbar_var,47,4,103,25,0.875,0.20306611061096191
256,C1-C3,fbar_var,47,5,103,25,0.9583333333333333,0.22456812858581543
256,C1-C4,fbar_var,47,1,102,26,1.0,0.2035963535308838
256,C1-C4,fbar_var,47,2,102,26,0.9615384615384616,0.1953284740447998
256,C1-C4,fbar_var,47,3,102,26,0.9615384615384616,0.2092897891998291
256,C1-C4,fbar_var,47,4,103,25,1.0,0.1998004913330078
256,C1-C4,fbar_var,47,5,103,25,1.0,0.19925427436828613
256,C2-C3,fbar_var,47,1,102,26,0.7307692307692308,0.20393896102905273
256,C2-C3,fbar_var,47,2,102,26,0.7692307692307692,0.21215486526489258
256,C2-C3,fbar_var,47,3,102,26,0.6923076923076923,0.21135210990905762
256,C2-C3,fbar_var,47,4,103,25,0.7596153846153846,0.22389793395996094
256,C2-C3,fbar_var,47,5,103,25,0.6442307692307692,0.20963835716247559
256,C2-C4,fbar_var,47,1,102,26,1.0,0.19512343406677246
256,C2-C4,fbar_var,47,2,102,26,1.0,0.19621801376342773
256,C2-C4,fbar_var,47,3,102,26,1.0,0.19468259811401367
256,C2-C4,fbar_var,47,4,103,25,1.0,0.191267728805542
256,C2-C4,fbar_var,47,5,103,25,1.0,0.19501662254333496
256,C3-C4,fbar_var,47,1,102,26,1.0,0.1965947151184082
256,C3-C4,fbar_var,47,2,102,26,0.9230769230769231,0.19657158851623535
256,C3-C4,fbar_var,47,3,102,26,1.0,0.20508766174316406
256,C3-C4,fbar_var,47,4,103,25,1.0,0.1998734474182129
256,C3-C4,fbar_var,47,5,103,25,1.0,0.20587635040283203
256,C4-rest,fbar_var,47,1,204,52,1.0,0.19655132293701172
256,C4-rest,fbar_var,47,2,205,51,1.0,0.20006012916564941
256,C4-rest,fbar_var,47,3,205,51,0.9615384615384616,0.20442676544189453
256,C4-rest,fbar_var,47,4,205,51,1.0,0.2003459930419922
256,C4-rest,fbar_var,47,5,205,51,1.0,0.20136380195617676
256,4class,fbar_var,47,1,204,52,0.7884615384615385,0.21048569679260254
256,4class,fbar_var,47,2,205,51,0.8846153846153846,0.20589232444763184
256,4class,fbar_var,47,3,205,51,0.6987179487179487,0.2154386043548584
256,4class,fbar_var,47,4,205,51,0.8846153846153846,0.21476101875305176
256,4class,fbar_var,47,5,205,51,0.844551282051282,0.2169499397277832
256,C1-C2,fbar,48,1,102,26,0.8076923076923077,0.1946713924407959
256,C1-C2,fbar,48,2,102,26,0.9230769230769231,0.20156598091125488
256,C1-C2,fbar,48,3,102,26,0.9615384615384616,0.20082497596740723
256,C1-C2,fbar,48,4,103,25,0.8782051282051282,0.19492006301879883
256,C1-C2,fbar,48,5,103,25,0.9230769230769231,0.20662212371826172
256,C1-C3,fbar,48,1,102,26,0.8461538461538463,0.20999503135681152
256,C1-C3,fbar,48,2,102,26,0.9230769230769231,0.20191311836242676
256,C1-C3,fbar,48,3,102,26,0.8846153846153846,0.20108771324157715
256,C1-C3,fbar,48,4,103,25,0.8397435897435898,0.20287752151489258
256,C1-C3,fbar,48,5,103,25,0.842948717948718,0.23441863059997559
256,C1-C4,fbar,48,1,102,26,0.9615384615384616,0.19089126586914062
256,C1-C4,fbar,48,2,102,26,1.0,0.20059633255004883
256,C1-C4,fbar,48,3,102,26,0.9615384615384616,0.20218729972839355
256,C1-C4,fbar,48,4,103,25,0.9615384615384616,0.19953203201293945
256,C1-C4,fbar,48,5,103,25,0.9615384615384616,0.1954963207244873
256,C2-C3,fbar,48,1,102,26,0.6153846153846154,0.21070575714111328
256,C2-C3,fbar,48,2,102,26,0.5384615384615384,0.21132469177246094
256,C2-C3,fbar,48,3,102,26,0.5384615384615384,0.212113618850708
256,C2-C3,fbar,48,4,103,25,0.6826923076923077,0.21251630783081055
256,C2-C3,fbar,48,5,103,25,0.5544871794871795,0.19313883781433105
256,C2-C4,fbar,48,1,102,26,1.0,0.19237399101257324
256,C2-C4,fbar,48,2,102,26,1.0,0.19364094734191895
256,C2-C4,fbar,48,3,102,26,1.0,0.19988346099853516
256,C2-C4,fbar,48,4,103,25,1.0,0.1943044662475586
256,C2-C4,fbar,48,5,103,25,1.0,0.1964418888092041
256,C3-C4,fbar,48,1,102,26,1.0,0.20119094848632812
256,C3-C4,fbar,48,2,102,26,1.0,0.19719839096069336
256,C3-C4,fbar,48,3,102,26,1.0,0.20140480995178223
256,C3-C4,fbar,48,4,103,25,1.0,0.19611740112304688
256,C3-C4,fbar,48,5,103,25,1.0,0.20058751106262207
256,C4-rest,fbar,48,1,204,52,1.0,0.20123004913330078
256,C4-rest,fbar,48,2,205,51,1.0,0.2121424674987793
256,C4-rest,fbar,48,3,205,51,0.9615384615384616,0.20444393157958984
256,C4-rest,fbar,48,4,205,51,0.9483805668016194,0.2105698585510254
256,C4-rest,fbar,48,5,205,51,0.986842105263158,0.2041482925415039
256,4class,fbar,48,1,204,52,0.7115384615384616,0.21538233757019043
256,4class,fbar,48,2,205,51,0.7115384615384616,0.21436834335327148
256,4class,fbar,48,3,205,51,0.6826923076923077,0.21654105186462402
256,4class,fbar,48,4,205,51,0.8028846153846154,0.2146008014678955
256,4class,fbar,48,5,205,51,0.6314102564102564,0.21494698524475098
256,C1-C2,fbar_var,48,1,102,26,0.9615384615384616,0.20069313049316406
256,C1-C2,fbar_var,48,2,102,26,0.9615384615384616,0.19983744621276855
256,C1-C2,fbar_var,48,3,102,26,0.9615384615384616,0.19569683074951172
256,C1-C2,fbar_var,48,4,103,25,0.9583333333333333,0.19263339042663574
256,C1-C2,fbar_var,48,5,103,25,0.9615384615384616,0.1943373680114746
256,C1-C3,fbar_var,48,1,102,26,0.8461538461538463,0.2107703685760498
256,C1-C3,fbar_var,48,2,102,26,0.9230769230769231,0.2002410888671875
256,C1-C3,fbar_var,48,3,102,26,0.9230769230769231,0.20514750480651855
256,C1-C3,fbar_var,48,4,103,25,0.8397435897435898,0.1959691047668457
256,C1-C3,fbar_var,48,5,103,25,0.8044871794871795,0.212632417678833
256,C1-C4,fbar_var,48,1,102,26,1.0,0.1955573558807373
256,C1-C4,fbar_var,48,2,102,26,1.0,0.2008044719696045
256,C1-C4,fbar_var,48,3,102,26,0.9615384615384616,0.213181734085083
256,C1-C4,fbar_var,48,4,103,25,0.9615384615384616,0.205916166305542
256,C1-C4,fbar_var,48,5,103,25,0.9615384615384616,0.19554805755615234
256,C2-C3,fbar_var,48,1,102,26,0.8846153846153846,0.2113664150238037
256,C2-C3,fbar_var,48,2,102,26,0.7307692307692308,0.22466182708740234
256,C2-C3,fbar_var,48,3,102,26,0.8846153846153846,0.2025613784790039
256,C2-C3,fbar_var,48,4,103,25,0.8814102564102564,0.2000410556793213
256,C2-C3,fbar_var,48,5,103,25,0.7980769230769231,0.20864367485046387
256,C2-C4,fbar_var,48,1,102,26,1.0,0.19289135932922363
256,C2-C4,fbar_var,48,2,102,26,1.0,0.2012805938720703
256,C2-C4,fbar_var,48,3,102,26,1.0,0.19588160514831543
256,C2-C4,fbar_var,48,4,103,25,1.0,0.19385123252868652
256,C2-C4,fbar_var,48,5,103,25,1.0,0.20150303840637207
256,C3-C4,fbar_var,48,1,102,26,1.0,0.19832777976989746
256,C3-C4,fbar_var,48,2,102,26,1.0,0.20087122917175293
256,C3-C4,fbar_var,48,3,102,26,1.0,0.19553303718566895
256,C3-C4,fbar_var,48,4,103,25,0.9615384615384616,0.20061302185058594
256,C3-C4,fbar_var,48,5,103,25,1.0,0.20294189453125
256,C4-rest,fbar_var,48,1,204,52,1.0,0.20490765571594238
256,C4-rest,fbar_var,48,2,205,51,1.0,0.21297192573547363
256,C4-rest,fbar_var,48,3,205,51,0.9615384615384616,0.20548534393310547
256,C4-rest,fbar_var,48,4,205,51,0.9483805668016194,0.20021605491638184
256,C4-rest,fbar_var,48,5,205,51,1.0,0.2149362564086914
256,4class,fbar_var,48,1,204,52,0.8076923076923077,0.21582627296447754
256,4class,fbar_var,48,2,205,51,0.8269230769230769,0.20775341987609863
256,4class,fbar_var,48,3,205,51,0.8237179487179487,0.21303129196166992
256,4class,fbar_var,48,4,205,51,0.8445512820512822,0.20649242401123047
256,4class,fbar_var,48,5,205,51,0.7676282051282051,0.20985984802246094
256,C1-C2,fbar,49,1,102,26,0.9230769230769231,0.19561171531677246
256,C1-C2,fbar,49,2,102,26,0.9615384615384616,0.19789791107177734
256,C1-C2,fbar,49,3,102,26,0.9615384615384616,0.19955158233642578
256,C1-C2,fbar,49,4,103,25,1.0,0.2006673812866211
256,C1-C2,fbar,49,5,103,25,0.9583333333333333,0.19508886337280273
256,C1-C3,fbar,49,1,102,26,0.9615384615384616,0.2089695930480957
256,C1-C3,fbar,49,2,102,26,0.8461538461538461,0.1960134506225586
256,C1-C3,fbar,49,3,102,26,0.9615384615384616,0.19902825355529785
256,C1-C3,fbar,49,4,103,25,0.9615384615384616,0.19732308387756348
256,C1-C3,fbar,49,5,103,25,0.9615384615384616,0.195512056350708
256,C1-C4,fbar,49,1,102,26,1.0,0.19746184349060059
256,C1-C4,fbar,49,2,102,26,0.9615384615384616,0.1956179141998291
256,C1-C4,fbar,49,3,102,26,1.0,0.1990184783935547
256,C1-C4,fbar,49,4,103,25,1.0,0.2014169692993164
256,C1-C4,fbar,49,5,103,25,1.0,0.20123648643493652
256,C2-C3,fbar,49,1,102,26,0.46153846153846156,0.20317864418029785
256,C2-C3,fbar,49,2,102,26,0.46153846153846156,0.21049118041992188
256,C2-C3,fbar,49,3,102,26,0.34615384615384615,0.2027418613433838
256,C2-C3,fbar,49,4,103,25,0.41025641025641024,0.2152714729309082
256,C2-C3,fbar,49,5,103,25,0.4358974358974359,0.21285676956176758
256,C2-C4,fbar,49,1,102,26,1.0,0.22326278686523438
256,C2-C4,fbar,49,2,102,26,1.0,0.19368982315063477
256,C2-C4,fbar,49,3,102,26,1.0,0.19475126266479492
256,C2-C4,fbar,49,4,103,25,1.0,0.19634318351745605
256,C2-C4,fbar,49,5,103,25,1.0,0.2092444896697998
256,C3-C4,fbar,49,1,102,26,1.0,0.19264507293701172
256,C3-C4,fbar,49,2,102,26,1.0,0.19925189018249512
256,C3-C4,fbar,49,3,102,26,1.0,0.19185233116149902
256,C3-C4,fbar,49,4,103,25,1.0,0.191511869430542
256,C3-C4,fbar,49,5,103,25,1.0,0.20003724098205566
256,C4-rest,fbar,49,1,204,52,1.0,0.19771885871887207
256,C4-rest,fbar,49,2,205,51,1.0,0.19677305221557617
256,C4-rest,fbar,49,3,205,51,0.9615384615384616,0.20161890983581543
256,C4-rest,fbar,49,4,205,51,0.986842105263158,0.20110654830932617
256,C4-rest,fbar,49,5,205,51,1.0,0.19893097877502441
256,4class,fbar,49,1,204,52,0.75,0.2066960334777832
256,4class,fbar,49,2,205,51,0.6538461538461539,0.20860505104064941
256,4class,fbar,49,3,205,51,0.7003205128205128,0.20721769332885742
256,4class,fbar,49,4,205,51,0.6378205128205129,0.2159886360168457
256,4class,fbar,49,5,205,51,0.6907051282051282,0.2142336368560791
256,C1-C2,fbar_var,49,1,102,26,1.0,0.19301724433898926
256,C1-C2,fbar_var,49,2,102,26,0.9615384615384616,0.20129060745239258
256,C1-C2,fbar_var,49,3,102,26,0.9615384615384616,0.2013237476348877
256,C1-C2,fbar_var,49,4,103,25,1.0,0.19510746002197266
256,C1-C2,fbar_var,49,5,103,25,1.0,0.1942300796508789
256,C1-C3,fbar_var,49,1,102,26,0.9615384615384616,0.21086907386779785
256,C1-C3,fbar_var,49,2,102,26,0.8461538461538463,0.1935129165649414
256,C1-C3,fbar_var,49,3,102,26,0.9615384615384616,0.19291138648986816
256,C1-C3,fbar_var,49,4,103,25,0.9583333333333333,0.1999189853668213
256,C1-C3,fbar_var,49,5,103,25,0.9615384615384616,0.1995391845703125
256,C1-C4,fbar_var,49,1,102,26,1.0,0.1971888542175293
256,C1-C4,fbar_var,49,2,102,26,0.9615384615384616,0.20122599601745605
256,C1-C4,fbar_var,49,3,102,26,1.0,0.1937544345855713
256,C1-C4,fbar_var,49,4,103,25,1.0,0.19419312477111816
256,C1-C4,fbar_var,49,5,103,25,1.0,0.2006986141204834
256,C2-C3,fbar_var,49,1,102,26,0.6923076923076923,0.19800519943237305
256,C2-C3,fbar_var,49,2,102,26,0.6538461538461539,0.20952486991882324
256,C2-C3,fbar_var,49,3,102,26,0.8076923076923077,0.20363879203796387
256,C2-C3,fbar_var,49,4,103,25,0.8814102564102564,0.2158982753753662
256,C2-C3,fbar_var,49,5,103,25,0.8814102564102564,0.21238970756530762
256,C2-C4,fbar_var,49,1,102,26,1.0,0.20128917694091797
256,C2-C4,fbar_var,49,2,102,26,0.9615384615384616,0.19649672508239746
256,C2-C4,fbar_var,49,3,102,26,1.0,0.19681286811828613
256,C2-C4,fbar_var,49,4,103,25,1.0,0.22173070907592773
256,C2-C4,fbar_var,49,5,103,25,1.0,0.2046797275543213
256,C3-C4,fbar_var,49,1,102,26,1.0,0.19214653968811035
256,C3-C4,fbar_var,49,2,102,26,1.0,0.20104503631591797
256,C3-C4,fbar_var,49,3,102,26,1.0,0.20164823532104492
256,C3-C4,fbar_var,49,4,103,25,1.0,0.20279192924499512
256,C3-C4,fbar_var,49,5,103,25,1.0,0.19443607330322266
256,C4-rest,fbar_var,49,1,204,52,1.0,0.20886564254760742
256,C4-rest,fbar_var,49,2,205,51,1.0,0.21411395072937012
256,C4-rest,fbar_var,49,3,205,51,0.9615384615384616,0.1959695816040039
256,C4-rest,fbar_var,49,4,205,51,1.0,0.21413207054138184
256,C4-rest,fbar_var,49,5,205,51,1.0,0.19517159461975098
256,4class,fbar_var,49,1,204,52,0.903846153846154,0.21138978004455566
256,4class,fbar_var,49,2,205,51,0.7307692307692307,0.2085893154144287
256,4class,fbar_var,49,3,205,51,0.9006410256410257,0.21236562728881836
256,4class,fbar_var,49,4,205,51,0.8237179487179487,0.21163129806518555
256,4class,fbar_var,49,5,205,51,0.8846153846153846,0.2152996063232422
256,C1-C2,fbar,50,1,102,26,0.9615384615384616,0.19705629348754883
256,C1-C2,fbar,50,2,102,26,0.8846153846153846,0.20028281211853027
256,C1-C2,fbar,50,3,102,26,0.9615384615384616,0.2061159610748291
256,C1-C2,fbar,50,4,103,25,0.9615384615384616,0.19279932975769043
256,C1-C2,fbar,50,5,103,25,0.8814102564102564,0.19257616996765137
256,C1-C3,fbar,50,1,102,26,0.9230769230769231,0.21146154403686523
256,C1-C3,fbar,50,2,102,26,0.8846153846153846,0.21185612678527832
256,C1-C3,fbar,50,3,102,26,0.8461538461538461,0.19582223892211914
256,C1-C3,fbar,50,4,103,25,0.8333333333333333,0.21192073822021484
256,C1-C3,fbar,50,5,103,25,0.8365384615384616,0.20075750350952148
256,C1-C4,fbar,50,1,102,26,0.9615384615384616,0.19402527809143066
256,C1-C4,fbar,50,2,102,26,1.0,0.20060348510742188
256,C1-C4,fbar,50,3,102,26,1.0,0.20053553581237793
256,C1-C4,fbar,50,4,103,25,0.9615384615384616,0.20122122764587402
256,C1-C4,fbar,50,5,103,25,1.0,0.2007138729095459
256,C2-C3,fbar,50,1,102,26,0.5384615384615385,0.20807480812072754
256,C2-C3,fbar,50,2,102,26,0.7307692307692308,0.22538113594055176
256,C2-C3,fbar,50,3,102,26,0.5,0.20889759063720703
256,C2-C3,fbar,50,4,103,25,0.3942307692307692,0.21121740341186523
256,C2-C3,fbar,50,5,103,25,0.5608974358974359,0.210982084274292
256,C2-C4,fbar,50,1,102,26,0.9615384615384616,0.20137715339660645
256,C2-C4,fbar,50,2,102,26,1.0,0.19882965087890625
256,C2-C4,fbar,50,3,102,26,1.0,0.20082664489746094
256,C2-C4,fbar,50,4,103,25,1.0,0.20038318634033203
256,C2-C4,fbar,50,5,103,25,1.0,0.19342827796936035
256,C3-C4,fbar,50,1,102,26,0.9615384615384616,0.19139528274536133
256,C3-C4,fbar,50,2,102,26,1.0,0.1976182460784912
256,C3-C4,fbar,50,3,102,26,1.0,0.1921861171722412
256,C3-C4,fbar,50,4,103,25,0.9615384615384616,0.22134923934936523
256,C3-C4,fbar,50,5,103,25,1.0,0.20005369186401367
256,C4-rest,fbar,50,1,204,52,0.9871794871794872,0.19446754455566406
256,C4-rest,fbar,50,2,205,51,1.0,0.2038123607635498
256,C4-rest,fbar,50,3,205,51,0.9615384615384616,0.19627594947814941
256,C4-rest,fbar,50,4,205,51,1.0,0.1945817470550537
256,C4-rest,fbar,50,5,205,51,0.986842105263158,0.1995546817779541
256,4class,fbar,50,1,204,52,0.7307692307692308,0.22424817085266113
256,4class,fbar,50,2,205,51,0.6923076923076923,0.21492385864257812
256,4class,fbar,50,3,205,51,0.6586538461538461,0.2169036865234375
256,4class,fbar,50,4,205,51,0.7227564102564102,0.2058725357055664
256,4class,fbar,50,5,205,51,0.6314102564102564,0.20653367042541504
256,C1-C2,fbar_var,50,1,102,26,1.0,0.19218182563781738
256,C1-C2,fbar_var,50,2,102,26,0.9230769230769231,0.19840764999389648
256,C1-C2,fbar_var,50,3,102,26,1.0,0.1962132453918457
256,C1-C2,fbar_var,50,4,103,25,0.9615384615384616,0.20113062858581543
256,C1-C2,fbar_var,50,5,103,25,0.8782051282051282,0.2019212245941162
256,C1-C3,fbar_var,50,1,102,26,0.9615384615384616,0.20385956764221191
256,C1-C3,fbar_var,50,2,102,26,0.8846153846153846,0.19739985466003418
256,C1-C3,fbar_var,50,3,102,26,0.8846153846153846,0.20931625366210938
256,C1-C3,fbar_var,50,4,103,25,0.9166666666666667,0.20652031898498535
256,C1-C3,fbar_var,50,5,103,25,0.8365384615384616,0.19878268241882324
256,C1-C4,fbar_var,50,1,102,26,0.9615384615384616,0.19712281227111816
256,C1-C4,fbar_var,50,2,102,26,1.0,0.19233393669128418
256,C1-C4,fbar_var,50,3,102,26,1.0,0.20072579383850098
256,C1-C4,fbar_var,50,4,103,25,1.0,0.2118206024169922
256,C1-C4,fbar_var,50,5,103,25,1.0,0.19321727752685547
256,C2-C3,fbar_var,50,1,102,26,0.6923076923076923,0.2063908576965332
256,C2-C3,fbar_var,50,2,102,26,0.9230769230769231,0.21196389198303223
256,C2-C3,fbar_var,50,3,102,26,0.7307692307692308,0.207625150680542
256,C2-C3,fbar_var,50,4,103,25,0.7211538461538461,0.21354293823242188
256,C2-C3,fbar_var,50,5,103,25,0.7596153846153846,0.21236014366149902
256,C2-C4,fbar_var,50,1,102,26,0.9615384615384616,0.19176864624023438
256,C2-C4,fbar_var,50,2,102,26,1.0,0.19794845581054688
256,C2-C4,fbar_var,50,3,102,26,1.0,0.20049834251403809
256,C2-C4,fbar_var,50,4,103,25,1.0,0.19966530799865723
256,C2-C4,fbar_var,50,5,103,25,1.0,0.20064878463745117
256,C3-C4,fbar_var,50,1,102,26,0.9615384615384616,0.20065689086914062
256,C3-C4,fbar_var,50,2,102,26,1.0,0.2005164623260498
256,C3-C4,fbar_var,50,3,102,26,1.0,0.19726347923278809
256,C3-C4,fbar_var,50,4,103,25,0.9615384615384616,0.20067548751831055
256,C3-C4,fbar_var,50,5,103,25,1.0,0.21101903915405273
256,C4-rest,fbar_var,50,1,204,52,1.0,0.22474431991577148
256,C4-rest,fbar_var,50,2,205,51,1.0,0.2126917839050293
256,C4-rest,fbar_var,50,3,205,51,0.9615384615384616,0.19829440116882324
256,C4-rest,fbar_var,50,4,205,51,1.0,0.1989588737487793
256,C4-rest,fbar_var,50,5,205,51,1.0,0.2075493335723877
256,4class,fbar_var,50,1,204,52,0.8653846153846154,0.21812820434570312
256,4class,fbar_var,50,2,205,51,0.8076923076923077,0.20746421813964844
256,4class,fbar_var,50,3,205,51,0.8637820512820513,0.22097277641296387
256,4class,fbar_var,50,4,205,51,0.9006410256410257,0.21134161949157715
256,4class,fbar_var,50,5,205,51,0.7451923076923077,0.21088838577270508
256,C1-C2,fbar,51,1,102,26,1.0,0.20984673500061035
256,C1-C2,fbar,51,2,102,26,0.8846153846153846,0.20097994804382324
256,C1-C2,fbar,51,3,102,26,0.8076923076923077,0.19838762283325195
256,C1-C2,fbar,51,4,103,25,0.9230769230769231,0.19874238967895508
256,C1-C2,fbar,51,5,103,25,0.9583333333333333,0.19269037246704102
256,C1-C3,fbar,51,1,102,26,0.8461538461538461,0.19193410873413086
256,C1-C3,fbar,51,2,102,26,0.8076923076923077,0.20383119583129883
256,C1-C3,fbar,51,3,102,26,0.8846153846153846,0.21187615394592285
256,C1-C3,fbar,51,4,103,25,0.9615384615384616,0.19196677207946777
256,C1-C3,fbar,51,5,103,25,0.9583333333333333,0.1978287696838379
256,C1-C4,fbar,51,1,102,26,0.9615384615384616,0.1974043846130371
256,C1-C4,fbar,51,2,102,26,0.9615384615384616,0.2014927864074707
256,C1-C4,fbar,51,3,102,26,0.9615384615384616,0.21094703674316406
256,C1-C4,fbar,51,4,103,25,0.9166666666666667,0.19199109077453613
256,C1-C4,fbar,51,5,103,25,0.9198717948717949,0.19829511642456055
256,C2-C3,fbar,51,1,102,26,0.5,0.2120838165283203
256,C2-C3,fbar,51,2,102,26,0.5,0.21112465858459473
256,C2-C3,fbar,51,3,102,26,0.42307692307692313,0.21489667892456055
256,C2-C3,fbar,51,4,103,25,0.5993589743589745,0.2116231918334961
256,C2-C3,fbar,51,5,103,25,0.32371794871794873,0.20679187774658203
256,C2-C4,fbar,51,1,102,26,1.0,0.20036935806274414
256,C2-C4,fbar,51,2,102,26,1.0,0.1970207691192627
256,C2-C4,fbar,51,3,102,26,1.0,0.19373178482055664
256,C2-C4,fbar,51,4,103,25,0.9166666666666667,0.19963502883911133
256,C2-C4,fbar,51,5,103,25,1.0,0.19322633743286133
256,C3-C4,fbar,51,1,102,26,1.0,0.2011563777923584
256,C3-C4,fbar,51,2,102,26,1.0,0.19770503044128418
256,C3-C4,fbar,51,3,102,26,1.0,0.20058822631835938
256,C3-C4,fbar,51,4,103,25,0.9583333333333333,0.19314026832580566
256,C3-C4,fbar,51,5,103,25,1.0,0.2011563777923584
256,C4-rest,fbar,51,1,204,52,0.9487179487179487,0.20378851890563965
256,C4-rest,fbar,51,2,205,51,0.9455128205128205,0.20662569999694824
256,C4-rest,fbar,51,3,205,51,0.9615384615384616,0.19877147674560547
256,C4-rest,fbar,51,4,205,51,1.0,0.19432592391967773
256,C4-rest,fbar,51,5,205,51,0.9352226720647774,0.19898271560668945
256,4class,fbar,51,1,204,52,0.6923076923076923,0.25633931159973145
256,4class,fbar,51,2,205,51,0.6153846153846154,0.20660662651062012
256,4class,fbar,51,3,205,51,0.6666666666666666,0.2199103832244873
256,4class,fbar,51,4,205,51,0.7051282051282051,0.20844197273254395
256,4class,fbar,51,5,205,51,0.6698717948717949,0.2150266170501709
256,C1-C2,fbar_var,51,1,102,26,1.0,0.19998574256896973
256,C1-C2,fbar_var,51,2,102,26,0.9230769230769231,0.19586491584777832
256,C1-C2,fbar_var,51,3,102,26,0.9230769230769231,0.19222140312194824
256,C1-C2,fbar_var,51,4,103,25,1.0,0.20289301872253418
256,C1-C2,fbar_var,51,5,103,25,0.9583333333333333,0.1913597583770752
256,C1-C3,fbar_var,51,1,102,26,0.9615384615384616,0.21154212951660156
256,C1-C3,fbar_var,51,2,102,26,0.8461538461538463,0.20420503616333008
256,C1-C3,fbar_var,51,3,102,26,0.8461538461538461,0.2007918357849121
256,C1-C3,fbar_var,51,4,103,25,1.0,0.21720218658447266
256,C1-C3,fbar_var,51,5,103,25,0.9583333333333333,0.211869478225708
256,C1-C4,fbar_var,51,1,102,26,1.0,0.21120786666870117
256,C1-C4,fbar_var,51,2,102,26,0.9615384615384616,0.2041172981262207
256,C1-C4,fbar_var,51,3,102,26,1.0,0.201416015625
256,C1-C4,fbar_var,51,4,103,25,0.9166666666666667,0.2046515941619873
256,C1-C4,fbar_var,51,5,103,25,1.0,0.19678711891174316
256,C2-C3,fbar_var,51,1,102,26,0.7692307692307692,0.21016454696655273
256,C2-C3,fbar_var,51,2,102,26,0.8461538461538463,0.2187044620513916
256,C2-C3,fbar_var,51,3,102,26,0.5769230769230769,0.20679116249084473
256,C2-C3,fbar_var,51,4,103,25,0.8365384615384616,0.20828723907470703
256,C2-C3,fbar_var,51,5,103,25,0.5993589743589745,0.2053968906402588
256,C2-C4,fbar_var,51,1,102,26,1.0,0.2004528045654297
256,C2-C4,fbar_var,51,2,102,26,1.0,0.20167875289916992
256,C2-C4,fbar_var,51,3,102,26,1.0,0.1961829662322998
256,C2-C4,fbar_var,51,4,103,25,0.9166666666666667,0.19262170791625977
256,C2-C4,fbar_var,51,5,103,25,1.0,0.19188284873962402
256,C3-C4,fbar_var,51,1,102,26,1.0,0.1970527172088623
256,C3-C4,fbar_var,51,2,102,26,1.0,0.1938340663909912
256,C3-C4,fbar_var,51,3,102,26,1.0,0.19340133666992188
256,C3-C4,fbar_var,51,4,103,25,0.9166666666666667,0.1994340419769287
256,C3-C4,fbar_var,51,5,103,25,1.0,0.19968056678771973
256,C4-rest,fbar_var,51,1,204,52,0.9615384615384616,0.2140336036682129
256,C4-rest,fbar_var,51,2,205,51,0.9583333333333333,0.20703887939453125
256,C4-rest,fbar_var,51,3,205,51,0.9615384615384616,0.2134993076324463
256,C4-rest,fbar_var,51,4,205,51,1.0,0.20638632774353027
256,C4-rest,fbar_var,51,5,205,51,1.0,0.21398067474365234
256,4class,fbar_var,51,1,204,52,0.8076923076923077,0.24182677268981934
256,4class,fbar_var,51,2,205,51,0.9038461538461539,0.20913386344909668
256,4class,fbar_var,51,3,205,51,0.8413461538461539,0.21197795867919922
256,4class,fbar_var,51,4,205,51,0.9214743589743589,0.2141714096069336
256,4class,fbar_var,51,5,205,51,0.844551282051282,0.21436214447021484
