regime,M,pair,seed,fold,n_train_groups,n_test_groups,balanced_acc,exploratory_flag,runtime_sec
per_sightline,1,C1-C2,42,1,26214,6554,0.29432407689960327,0,3.907141923904419
per_sightline,1,C1-C2,42,2,26214,6554,0.2851693622215441,0,4.065067768096924
per_sightline,1,C1-C2,42,3,26214,6554,0.28761061946902655,0,3.987687110900879
per_sightline,1,C1-C2,42,4,26215,6553,0.2890221576138573,0,4.027815103530884
per_sightline,1,C1-C2,42,5,26215,6553,0.27972492448385033,0,3.8970322608947754
per_sightline,1,C1-C3,42,1,26214,6554,0.41653951785169363,0,2.92610239982605
per_sightline,1,C1-C3,42,2,26214,6554,0.4180653036313702,0,2.9911561012268066
per_sightline,1,C1-C3,42,3,26214,6554,0.41776014647543486,0,2.972055196762085
per_sightline,1,C1-C3,42,4,26215,6553,0.40759625211868117,0,2.951204299926758
per_sightline,1,C1-C3,42,5,26215,6553,0.414011398867975,0,2.9089112281799316
per_sightline,1,C1-C4,42,1,26214,6554,0.7970704913030211,0,2.366607666015625
per_sightline,1,C1-C4,42,2,26214,6554,0.7908147696063472,0,2.364506721496582
per_sightline,1,C1-C4,42,3,26214,6554,0.804546841623436,0,2.2961902618408203
per_sightline,1,C1-C4,42,4,26215,6553,0.7836061769918956,0,2.3205959796905518
per_sightline,1,C1-C4,42,5,26215,6553,0.7891093453726961,0,2.3428430557250977
per_sightline,1,C2-C3,42,1,26214,6554,0.36191638693927375,0,2.797346830368042
per_sightline,1,C2-C3,42,2,26214,6554,0.362221544095209,0,2.9015352725982666
per_sightline,1,C2-C3,42,3,26214,6554,0.3536771437290205,0,2.8756983280181885
per_sightline,1,C2-C3,42,4,26215,6553,0.34503186265468844,0,2.754570722579956
per_sightline,1,C2-C3,42,5,26215,6553,0.36181802126263524,0,2.810131072998047
per_sightline,1,C2-C4,42,1,26214,6554,0.7873054623130913,0,2.2467803955078125
per_sightline,1,C2-C4,42,2,26214,6554,0.7804394263045469,0,2.245211124420166
per_sightline,1,C2-C4,42,3,26214,6554,0.7964601769911503,0,2.2890126705169678
per_sightline,1,C2-C4,42,4,26215,6553,0.7787218926599457,0,2.288958787918091
per_sightline,1,C2-C4,42,5,26215,6553,0.7761376046392829,0,2.215043783187866
per_sightline,1,C3-C4,42,1,26214,6554,0.7708269758925848,0,2.1953611373901367
per_sightline,1,C3-C4,42,2,26214,6554,0.7638083613060727,0,2.217653512954712
per_sightline,1,C3-C4,42,3,26214,6554,0.7801342691486115,0,2.2275333404541016
per_sightline,1,C3-C4,42,4,26215,6553,0.7657501053518753,0,2.251549482345581
per_sightline,1,C3-C4,42,5,26215,6553,0.7619467256711687,0,2.2578232288360596
per_sightline,1,C4-rest,42,1,52428,13108,0.7478893296714475,0,6.000079393386841
per_sightline,1,C4-rest,42,2,52429,13107,0.7478695354420102,0,5.880124807357788
per_sightline,1,C4-rest,42,3,52429,13107,0.7570419747858855,0,5.8598268032073975
per_sightline,1,C4-rest,42,4,52429,13107,0.7512438646492975,0,6.051325559616089
per_sightline,1,C4-rest,42,5,52429,13107,0.7491586292576485,0,6.12231707572937
per_sightline,1,C1-C2,43,1,26214,6554,0.27677754043332314,0,3.8952858448028564
per_sightline,1,C1-C2,43,2,26214,6554,0.2908147696063473,0,3.695892572402954
per_sightline,1,C1-C2,43,3,26214,6554,0.30042722001830946,0,3.8357489109039307
per_sightline,1,C1-C2,43,4,26215,6553,0.29237865345585823,0,4.082666397094727
per_sightline,1,C1-C2,43,5,26215,6553,0.291321734753227,0,4.115754842758179
per_sightline,1,C1-C3,43,1,26214,6554,0.4237107110161733,0,2.978369951248169
per_sightline,1,C1-C3,43,2,26214,6554,0.42645712541959113,0,2.8961100578308105
per_sightline,1,C1-C3,43,3,26214,6554,0.4142508391821788,0,2.9364209175109863
per_sightline,1,C1-C3,43,4,26215,6553,0.4051549482965412,0,2.9907755851745605
per_sightline,1,C1-C3,43,5,26215,6553,0.4120289019968605,0,2.9815194606781006
per_sightline,1,C1-C4,43,1,26214,6554,0.78608483368935,0,2.413299798965454
per_sightline,1,C1-C4,43,2,26214,6554,0.7941714983216357,0,2.2783477306365967
per_sightline,1,C1-C4,43,3,26214,6554,0.7949343912114739,0,2.3571102619171143
per_sightline,1,C1-C4,43,4,26215,6553,0.8017654496522364,0,2.3682920932769775
per_sightline,1,C1-C4,43,5,26215,6553,0.7865150438006709,0,2.34179949760437
per_sightline,1,C2-C3,43,1,26214,6554,0.35993286542569425,0,2.8187973499298096
per_sightline,1,C2-C3,43,2,26214,6554,0.35978028684772656,0,2.8104634284973145
per_sightline,1,C2-C3,43,3,26214,6554,0.355202929508697,0,2.9096243381500244
per_sightline,1,C2-C3,43,4,26215,6553,0.3615153325635474,0,2.854959726333618
per_sightline,1,C2-C3,43,5,26215,6553,0.3697549483710607,0,2.8001537322998047
per_sightline,1,C2-C4,43,1,26214,6554,0.7831858407079646,0,2.256643772125244
per_sightline,1,C2-C4,43,2,26214,6554,0.7769301190112907,0,2.2372689247131348
per_sightline,1,C2-C4,43,3,26214,6554,0.7889838266707354,0,2.227668046951294
per_sightline,1,C2-C4,43,4,26215,6553,0.7862001991159757,0,2.2572085857391357
per_sightline,1,C2-C4,43,5,26215,6553,0.7808700555877852,0,2.1912460327148438
per_sightline,1,C3-C4,43,1,26214,6554,0.7657918828196522,0,2.2575137615203857
per_sightline,1,C3-C4,43,2,26214,6554,0.763198046994202,0,2.22196888923645
per_sightline,1,C3-C4,43,3,26214,6554,0.7723527616722612,0,2.270263910293579
per_sightline,1,C3-C4,43,4,26215,6553,0.7727710020966048,0,2.237340211868286
per_sightline,1,C3-C4,43,5,26215,6553,0.7680523838213799,0,2.2352728843688965
per_sightline,1,C4-rest,43,1,52428,13108,0.7503814464449191,0,5.991544961929321
per_sightline,1,C4-rest,43,2,52429,13107,0.7511761498258294,0,5.848243236541748
per_sightline,1,C4-rest,43,3,52429,13107,0.747429586460832,0,6.004960298538208
per_sightline,1,C4-rest,43,4,52429,13107,0.7517015382962917,0,6.106307506561279
per_sightline,1,C4-rest,43,5,52429,13107,0.7554143819977767,0,5.811334133148193
per_sightline,1,C1-C2,44,1,26214,6554,0.2863899908452853,0,4.006243705749512
per_sightline,1,C1-C2,44,2,26214,6554,0.2815074763503204,0,3.812652826309204
per_sightline,1,C1-C2,44,3,26214,6554,0.2918828196521208,0,3.8018035888671875
per_sightline,1,C1-C2,44,4,26215,6553,0.2862747651426321,0,3.9855470657348633
per_sightline,1,C1-C2,44,5,26215,6553,0.2904053783669286,0,3.9366958141326904
per_sightline,1,C1-C3,44,1,26214,6554,0.41318278913640527,0,2.962465286254883
per_sightline,1,C1-C3,44,2,26214,6554,0.4162343606957583,0,2.9507343769073486
per_sightline,1,C1-C3,44,3,26214,6554,0.4133353677143729,0,2.942211389541626
per_sightline,1,C1-C3,44,4,26215,6553,0.4124776488218661,0,2.9521138668060303
per_sightline,1,C1-C3,44,5,26215,6553,0.40592557257952433,0,3.0697519779205322
per_sightline,1,C1-C4,44,1,26214,6554,0.7898992981385413,0,2.352506637573242
per_sightline,1,C1-C4,44,2,26214,6554,0.8001220628623741,0,2.2975194454193115
per_sightline,1,C1-C4,44,3,26214,6554,0.789594140982606,0,2.264538526535034
per_sightline,1,C1-C4,44,4,26215,6553,0.7840615374182662,0,2.2985892295837402
per_sightline,1,C1-C4,44,5,26215,6553,0.7920079657568214,0,2.328385591506958
per_sightline,1,C2-C3,44,1,26214,6554,0.35291425083918215,0,2.7191925048828125
per_sightline,1,C2-C3,44,2,26214,6554,0.36451022276472383,0,2.896332025527954
per_sightline,1,C2-C3,44,3,26214,6554,0.36084833689350015,0,2.828672409057617
per_sightline,1,C2-C3,44,4,26215,6553,0.3596824334923206,0,2.9021918773651123
per_sightline,1,C2-C3,44,5,26215,6553,0.3583097851865017,0,2.8617541790008545
per_sightline,1,C2-C4,44,1,26214,6554,0.7766249618553556,0,2.200559616088867
per_sightline,1,C2-C4,44,2,26214,6554,0.7982911199267623,0,2.2868924140930176
per_sightline,1,C2-C4,44,3,26214,6554,0.7798291119926762,0,2.2582602500915527
per_sightline,1,C2-C4,44,4,26215,6553,0.7814674687195285,0,2.207535982131958
per_sightline,1,C2-C4,44,5,26215,6553,0.7862098866447356,0,2.2570998668670654
per_sightline,1,C3-C4,44,1,26214,6554,0.7667073542874581,0,2.2584869861602783
per_sightline,1,C3-C4,44,2,26214,6554,0.7801342691486115,0,2.2875962257385254
per_sightline,1,C3-C4,44,3,26214,6554,0.7651815685077814,0,2.217895746231079
per_sightline,1,C3-C4,44,4,26215,6553,0.7622392145202643,0,2.274433135986328
per_sightline,1,C3-C4,44,5,26215,6553,0.7683553053937553,0,2.2617785930633545
per_sightline,1,C4-rest,44,1,52428,13108,0.7526701251144339,0,5.81953239440918
per_sightline,1,C4-rest,44,2,52429,13107,0.7456314834251971,0,5.854020357131958
per_sightline,1,C4-rest,44,3,52429,13107,0.7567877133733028,0,6.015076160430908
per_sightline,1,C4-rest,44,4,52429,13107,0.7535834235404377,0,6.024811506271362
per_sightline,1,C4-rest,44,5,52429,13107,0.7503793199682984,0,6.1112754344940186
per_sightline,1,C1-C2,45,1,26214,6554,0.29264571254195915,0,4.006627082824707
per_sightline,1,C1-C2,45,2,26214,6554,0.30042722001830946,0,3.924511671066284
per_sightline,1,C1-C2,45,3,26214,6554,0.2989014342386329,0,4.12230920791626
per_sightline,1,C1-C2,45,4,26215,6553,0.2939049515567672,0,3.8879454135894775
per_sightline,1,C1-C2,45,5,26215,6553,0.29452961086314766,0,3.7665891647338867
per_sightline,1,C1-C3,45,1,26214,6554,0.408910588953311,0,2.9411871433258057
per_sightline,1,C1-C3,45,2,26214,6554,0.41440341776014644,0,2.906186819076538
per_sightline,1,C1-C3,45,3,26214,6554,0.423863289594141,0,2.9366164207458496
per_sightline,1,C1-C3,45,4,26215,6553,0.4260600298897522,0,2.9348347187042236
per_sightline,1,C1-C3,45,5,26215,6553,0.4222554858426082,0,2.9081897735595703
per_sightline,1,C1-C4,45,1,26214,6554,0.7935611840097649,0,2.3568646907806396
per_sightline,1,C1-C4,45,2,26214,6554,0.7892889838266708,0,2.325791120529175
per_sightline,1,C1-C4,45,3,26214,6554,0.7970704913030211,0,2.298025131225586
per_sightline,1,C1-C4,45,4,26215,6553,0.7953553795406099,0,2.359604835510254
per_sightline,1,C1-C4,45,5,26215,6553,0.7852949274981622,0,2.3388750553131104
per_sightline,1,C2-C3,45,1,26214,6554,0.3611534940494355,0,2.8302419185638428
per_sightline,1,C2-C3,45,2,26214,6554,0.35398230088495575,0,2.894932985305786
per_sightline,1,C2-C3,45,3,26214,6554,0.35962770826975893,0,2.820666790008545
per_sightline,1,C2-C3,45,4,26215,6553,0.36410786429858755,0,2.880955696105957
per_sightline,1,C2-C3,45,5,26215,6553,0.3740292444137424,0,2.7707276344299316
per_sightline,1,C2-C4,45,1,26214,6554,0.7874580408910589,0,2.235969305038452
per_sightline,1,C2-C4,45,2,26214,6554,0.7784559047909674,0,2.258810520172119
per_sightline,1,C2-C4,45,3,26214,6554,0.7879157766249618,0,2.227637529373169
per_sightline,1,C2-C4,45,4,26215,6553,0.7878770730845799,0,2.2421000003814697
per_sightline,1,C2-C4,45,5,26215,6553,0.7740029017874608,0,2.2270607948303223
per_sightline,1,C3-C4,45,1,26214,6554,0.7709795544705523,0,2.2157232761383057
per_sightline,1,C3-C4,45,2,26214,6554,0.7613671040585901,0,2.256535291671753
per_sightline,1,C3-C4,45,3,26214,6554,0.7696063472688435,0,2.2070765495300293
per_sightline,1,C3-C4,45,4,26215,6553,0.7717014616617912,0,2.2029550075531006
per_sightline,1,C3-C4,45,5,26215,6553,0.7607272148392075,0,2.2141664028167725
per_sightline,1,C4-rest,45,1,52428,13108,0.7467704200996848,0,5.991825103759766
per_sightline,1,C4-rest,45,2,52429,13107,0.7550934976934367,0,6.052234649658203
per_sightline,1,C4-rest,45,3,52429,13107,0.7562280464571502,0,5.9822962284088135
per_sightline,1,C4-rest,45,4,52429,13107,0.749006159331771,0,5.937425851821899
per_sightline,1,C4-rest,45,5,52429,13107,0.7540412368829764,0,6.0835816860198975
per_sightline,1,C1-C2,46,1,26214,6554,0.30042722001830946,0,3.8851890563964844
per_sightline,1,C1-C2,46,2,26214,6554,0.2946292340555386,0,3.968707799911499
per_sightline,1,C1-C2,46,3,26214,6554,0.2903570338724443,0,3.695178270339966
per_sightline,1,C1-C2,46,4,26215,6553,0.2913119075004946,0,3.885267734527588
per_sightline,1,C1-C2,46,5,26215,6553,0.29071104784409635,0,3.9872891902923584
per_sightline,1,C1-C3,46,1,26214,6554,0.4208117180347879,0,2.9514079093933105
per_sightline,1,C1-C3,46,2,26214,6554,0.41577662496185536,0,2.9205188751220703
per_sightline,1,C1-C3,46,3,26214,6554,0.4188281965212084,0,2.8971076011657715
per_sightline,1,C1-C3,46,4,26215,6553,0.41599044921443457,0,2.965864658355713
per_sightline,1,C1-C3,46,5,26215,6553,0.42378099217433973,0,2.981288194656372
per_sightline,1,C1-C4,46,1,26214,6554,0.7880683552029295,0,2.39681339263916
per_sightline,1,C1-C4,46,2,26214,6554,0.7903570338724443,0,2.362574577331543
per_sightline,1,C1-C4,46,3,26214,6554,0.7972230698809888,0,2.2982046604156494
per_sightline,1,C1-C4,46,4,26215,6553,0.7938308512766858,0,2.338182210922241
per_sightline,1,C1-C4,46,5,26215,6553,0.7958241068936828,0,2.3677947521209717
per_sightline,1,C2-C3,46,1,26214,6554,0.35978028684772656,0,2.8763325214385986
per_sightline,1,C2-C3,46,2,26214,6554,0.36176380836130606,0,2.8091063499450684
per_sightline,1,C2-C3,46,3,26214,6554,0.36069575831553247,0,2.7718796730041504
per_sightline,1,C2-C3,46,4,26215,6553,0.3607529985695991,0,2.7944211959838867
per_sightline,1,C2-C3,46,5,26215,6553,0.3712812464719697,0,2.8690619468688965
per_sightline,1,C2-C4,46,1,26214,6554,0.7812023191943851,0,2.286677598953247
per_sightline,1,C2-C4,46,2,26214,6554,0.7830332621299969,0,2.2825350761413574
per_sightline,1,C2-C4,46,3,26214,6554,0.794476655477571,0,2.2471115589141846
per_sightline,1,C2-C4,46,4,26215,6553,0.77551876716509,0,2.237069845199585
per_sightline,1,C2-C4,46,5,26215,6553,0.7901784666355921,0,2.244968891143799
per_sightline,1,C3-C4,46,1,26214,6554,0.770216661580714,0,2.2470686435699463
per_sightline,1,C3-C4,46,2,26214,6554,0.7633506255721696,0,2.1962130069732666
per_sightline,1,C3-C4,46,3,26214,6554,0.7746414403417761,0,2.2214131355285645
per_sightline,1,C3-C4,46,4,26215,6553,0.7678869040632849,0,2.2079010009765625
per_sightline,1,C3-C4,46,5,26215,6553,0.7669826570879363,0,2.255106210708618
per_sightline,1,C4-rest,46,1,52428,13108,0.7502797273929407,0,6.006189823150635
per_sightline,1,C4-rest,46,2,52429,13107,0.7472083150294929,0,6.020576477050781
per_sightline,1,C4-rest,46,3,52429,13107,0.7514983744095147,0,6.023010730743408
per_sightline,1,C4-rest,46,4,52429,13107,0.7506335969026083,0,6.078681707382202
per_sightline,1,C4-rest,46,5,52429,13107,0.7555163131800262,0,5.93388557434082
per_sightline,1,C1-C2,47,1,26214,6554,0.28166005492828805,0,3.8146815299987793
per_sightline,1,C1-C2,47,2,26214,6554,0.29417149832163564,0,3.9571714401245117
per_sightline,1,C1-C2,47,3,26214,6554,0.28928898382667073,0,3.9264636039733887
per_sightline,1,C1-C2,47,4,26215,6553,0.2873454699438831,0,4.028147459030151
per_sightline,1,C1-C2,47,5,26215,6553,0.2957483765005889,0,4.0095884799957275
per_sightline,1,C1-C3,47,1,26214,6554,0.4160817821177907,0,2.8808939456939697
per_sightline,1,C1-C3,47,2,26214,6554,0.41730241074153185,0,2.941159248352051
per_sightline,1,C1-C3,47,3,26214,6554,0.4058590173939579,0,2.8812406063079834
per_sightline,1,C1-C3,47,4,26215,6553,0.4158374048898919,0,3.007769823074341
per_sightline,1,C1-C3,47,5,26215,6553,0.4187458059520922,0,2.9420700073242188
per_sightline,1,C1-C4,47,1,26214,6554,0.7888312480927677,0,2.2772085666656494
per_sightline,1,C1-C4,47,2,26214,6554,0.7923405553860238,0,2.3177332878112793
per_sightline,1,C1-C4,47,3,26214,6554,0.7911199267622826,0,2.3327741622924805
per_sightline,1,C1-C4,47,4,26215,6553,0.7971882320371793,0,2.296731472015381
per_sightline,1,C1-C4,47,5,26215,6553,0.7921616155519116,0,2.3786418437957764
per_sightline,1,C2-C3,47,1,26214,6554,0.3535245651510528,0,2.7562520503997803
per_sightline,1,C2-C3,47,2,26214,6554,0.359169972535856,0,2.865877628326416
per_sightline,1,C2-C3,47,3,26214,6554,0.3623741226731767,0,2.8470959663391113
per_sightline,1,C2-C3,47,4,26215,6553,0.36212592632336305,0,2.820784091949463
per_sightline,1,C2-C3,47,5,26215,6553,0.3577003557931236,0,2.786250352859497
per_sightline,1,C2-C4,47,1,26214,6554,0.7824229478181264,0,2.256622076034546
per_sightline,1,C2-C4,47,2,26214,6554,0.7841013121757705,0,2.204077959060669
per_sightline,1,C2-C4,47,3,26214,6554,0.7851693622215441,0,2.287832736968994
per_sightline,1,C2-C4,47,4,26215,6553,0.7834541107351605,0,2.179877996444702
per_sightline,1,C2-C4,47,5,26215,6553,0.7823958413674617,0,2.256852388381958
per_sightline,1,C3-C4,47,1,26214,6554,0.767165090021361,0,2.2170538902282715
per_sightline,1,C3-C4,47,2,26214,6554,0.7696063472688435,0,2.1915953159332275
per_sightline,1,C3-C4,47,3,26214,6554,0.766249618553555,0,2.2315633296966553
per_sightline,1,C3-C4,47,4,26215,6553,0.7723132663627018,0,2.268061637878418
per_sightline,1,C3-C4,47,5,26215,6553,0.7724767899851819,0,2.2535970211029053
per_sightline,1,C4-rest,47,1,52428,13108,0.7531787203743261,0,6.0141284465789795
per_sightline,1,C4-rest,47,2,52429,13107,0.7546362277061087,0,6.0432448387146
per_sightline,1,C4-rest,47,3,52429,13107,0.7480397145119768,0,5.87215781211853
per_sightline,1,C4-rest,47,4,52429,13107,0.751091410245147,0,5.941188335418701
per_sightline,1,C4-rest,47,5,52429,13107,0.7543463474737302,0,5.9143712520599365
per_sightline,1,C1-C2,48,1,26214,6554,0.29127250534025023,0,3.966447114944458
per_sightline,1,C1-C2,48,2,26214,6554,0.2795239548367409,0,3.8103504180908203
per_sightline,1,C1-C2,48,3,26214,6554,0.29157766249618555,0,4.068304777145386
per_sightline,1,C1-C2,48,4,26215,6553,0.2893282462629426,0,3.896221399307251
per_sightline,1,C1-C2,48,5,26215,6553,0.2957485162245614,0,3.942474365234375
per_sightline,1,C1-C3,48,1,26214,6554,0.4144034177601465,0,2.9505553245544434
per_sightline,1,C1-C3,48,2,26214,6554,0.4156240463838877,0,2.886350393295288
per_sightline,1,C1-C3,48,3,26214,6554,0.4169972535855966,0,2.916517972946167
per_sightline,1,C1-C3,48,4,26215,6553,0.41919338841066034,0,2.9384379386901855
per_sightline,1,C1-C3,48,5,26215,6553,0.42347383230813196,0,2.9137814044952393
per_sightline,1,C1-C4,48,1,26214,6554,0.7961550198352152,0,2.3164150714874268
per_sightline,1,C1-C4,48,2,26214,6554,0.7902044552944767,0,2.358610153198242
per_sightline,1,C1-C4,48,3,26214,6554,0.797528227036924,0,2.340137481689453
per_sightline,1,C1-C4,48,4,26215,6553,0.7977981271771324,0,2.3239634037017822
per_sightline,1,C1-C4,48,5,26215,6553,0.7884988913368529,0,2.3188462257385254
per_sightline,1,C2-C3,48,1,26214,6554,0.3632895941409826,0,2.8355376720428467
per_sightline,1,C2-C3,48,2,26214,6554,0.36100091547146784,0,2.837088108062744
per_sightline,1,C2-C3,48,3,26214,6554,0.36084833689350015,0,2.9050817489624023
per_sightline,1,C2-C3,48,4,26215,6553,0.3619711587364929,0,2.859687566757202
per_sightline,1,C2-C3,48,5,26215,6553,0.3689938718928649,0,2.890850067138672
per_sightline,1,C2-C4,48,1,26214,6554,0.7882209337808972,0,2.207134485244751
per_sightline,1,C2-C4,48,2,26214,6554,0.7828806835520292,0,2.236065149307251
per_sightline,1,C2-C4,48,3,26214,6554,0.785627097955447,0,2.2824935913085938
per_sightline,1,C2-C4,48,4,26215,6553,0.7866577485512487,0,2.2880051136016846
per_sightline,1,C2-C4,48,5,26215,6553,0.7738490191190832,0,2.216313123703003
per_sightline,1,C3-C4,48,1,26214,6554,0.77372596887397,0,2.246088981628418
per_sightline,1,C3-C4,48,2,26214,6554,0.767165090021361,0,2.1968016624450684
per_sightline,1,C3-C4,48,3,26214,6554,0.7642660970399756,0,2.217993974685669
per_sightline,1,C3-C4,48,4,26215,6553,0.7767385108703388,0,2.2422397136688232
per_sightline,1,C3-C4,48,5,26215,6553,0.7622518828271041,0,2.2479097843170166
per_sightline,1,C4-rest,48,1,52428,13108,0.7616722612145255,0,6.033332824707031
per_sightline,1,C4-rest,48,2,52429,13107,0.7464447235197922,0,6.012173175811768
per_sightline,1,C4-rest,48,3,52429,13107,0.7471753405699765,0,6.023723840713501
per_sightline,1,C4-rest,48,4,52429,13107,0.7505319451114476,0,5.811041355133057
per_sightline,1,C4-rest,48,5,52429,13107,0.7525152493208468,0,5.972291946411133
per_sightline,1,C1-C2,49,1,26214,6554,0.2850167836435764,0,4.009884595870972
per_sightline,1,C1-C2,49,2,26214,6554,0.28394873359780287,0,4.118228197097778
per_sightline,1,C1-C2,49,3,26214,6554,0.28852609093683246,0,3.8365166187286377
per_sightline,1,C1-C2,49,4,26215,6553,0.29344842676395927,0,3.7511789798736572
per_sightline,1,C1-C2,49,5,26215,6553,0.2907129108303963,0,4.071839094161987
per_sightline,1,C1-C3,49,1,26214,6554,0.412419896246567,0,2.992072582244873
per_sightline,1,C1-C3,49,2,26214,6554,0.41043637473298744,0,2.9467148780822754
per_sightline,1,C1-C3,49,3,26214,6554,0.4169972535855966,0,2.972048759460449
per_sightline,1,C1-C3,49,4,26215,6553,0.42468728843461834,0,2.898822069168091
per_sightline,1,C1-C3,49,5,26215,6553,0.4137069403319022,0,2.999079704284668
per_sightline,1,C1-C4,49,1,26214,6554,0.7917302410741531,0,2.2873013019561768
per_sightline,1,C1-C4,49,2,26214,6554,0.7808971620384498,0,2.3490169048309326
per_sightline,1,C1-C4,49,3,26214,6554,0.7961550198352152,0,2.3082644939422607
per_sightline,1,C1-C4,49,4,26215,6553,0.7948971780601319,0,2.3397085666656494
per_sightline,1,C1-C4,49,5,26215,6553,0.7978080010045222,0,2.308596611022949
per_sightline,1,C2-C3,49,1,26214,6554,0.3632895941409826,0,2.7999343872070312
per_sightline,1,C2-C3,49,2,26214,6554,0.3606957583155325,0,2.7935571670532227
per_sightline,1,C2-C3,49,3,26214,6554,0.35581324382056756,0,2.774357795715332
per_sightline,1,C2-C3,49,4,26215,6553,0.3573938479721208,0,2.8103039264678955
per_sightline,1,C2-C3,49,5,26215,6553,0.3613601458047598,0,2.8086609840393066
per_sightline,1,C2-C4,49,1,26214,6554,0.7839487335978028,0,2.241248369216919
per_sightline,1,C2-C4,49,2,26214,6554,0.7757094903875497,0,2.224048376083374
per_sightline,1,C2-C4,49,3,26214,6554,0.7866951480012206,0,2.217108964920044
per_sightline,1,C2-C4,49,4,26215,6553,0.787876979935265,0,2.248136520385742
per_sightline,1,C2-C4,49,5,26215,6553,0.786667482654666,0,2.2480111122131348
per_sightline,1,C3-C4,49,1,26214,6554,0.7641135184620079,0,2.2162423133850098
per_sightline,1,C3-C4,49,2,26214,6554,0.759231003967043,0,2.2676784992218018
per_sightline,1,C3-C4,49,3,26214,6554,0.775556911809582,0,2.1977434158325195
per_sightline,1,C3-C4,49,4,26215,6553,0.772463562782452,0,2.193166732788086
per_sightline,1,C3-C4,49,5,26215,6553,0.7662189724289206,0,2.2917325496673584
per_sightline,1,C4-rest,49,1,52428,13108,0.7535347370562506,0,6.042871475219727
per_sightline,1,C4-rest,49,2,52429,13107,0.7485310353024726,0,6.047055006027222
per_sightline,1,C4-rest,49,3,52429,13107,0.7476838944385962,0,6.048447370529175
per_sightline,1,C4-rest,49,4,52429,13107,0.7508367918328397,0,5.963086366653442
per_sightline,1,C4-rest,49,5,52429,13107,0.7578048366322694,0,6.122221231460571
per_sightline,1,C1-C2,50,1,26214,6554,0.2801342691486115,0,4.033155918121338
per_sightline,1,C1-C2,50,2,26214,6554,0.2952395483674092,0,3.806006669998169
per_sightline,1,C1-C2,50,3,26214,6554,0.29050961245041196,0,4.007256984710693
per_sightline,1,C1-C2,50,4,26215,6553,0.29283760013085613,0,3.9469153881073
per_sightline,1,C1-C2,50,5,26215,6553,0.2885758792456992,0,3.732543468475342
per_sightline,1,C1-C3,50,1,26214,6554,0.4116570033567287,0,2.880280017852783
per_sightline,1,C1-C3,50,2,26214,6554,0.4127250534025023,0,3.0307157039642334
per_sightline,1,C1-C3,50,3,26214,6554,0.41837046078730544,0,2.880765199661255
per_sightline,1,C1-C3,50,4,26215,6553,0.4156842208413768,0,2.996986150741577
per_sightline,1,C1-C3,50,5,26215,6553,0.41096029305519693,0,2.9311678409576416
per_sightline,1,C1-C4,50,1,26214,6554,0.7819652120842233,0,2.316809892654419
per_sightline,1,C1-C4,50,2,26214,6554,0.7902044552944767,0,2.3591902256011963
per_sightline,1,C1-C4,50,3,26214,6554,0.7967653341470857,0,2.347827672958374
per_sightline,1,C1-C4,50,4,26215,6553,0.7921513225526042,0,2.3443775177001953
per_sightline,1,C1-C4,50,5,26215,6553,0.7956716680396876,0,2.287461757659912
per_sightline,1,C2-C3,50,1,26214,6554,0.362221544095209,0,2.745321750640869
per_sightline,1,C2-C3,50,2,26214,6554,0.36054317973756483,0,2.8803024291992188
per_sightline,1,C2-C3,50,3,26214,6554,0.3669514800122063,0,2.808983564376831
per_sightline,1,C2-C3,50,4,26215,6553,0.35876696202451464,0,2.885551691055298
per_sightline,1,C2-C3,50,5,26215,6553,0.3638022879707347,0,2.898766040802002
per_sightline,1,C2-C4,50,1,26214,6554,0.7743362831858407,0,2.2970314025878906
per_sightline,1,C2-C4,50,2,26214,6554,0.7847116264876411,0,2.211085557937622
per_sightline,1,C2-C4,50,3,26214,6554,0.7915776624961856,0,2.2267966270446777
per_sightline,1,C2-C4,50,4,26215,6553,0.7842154200866438,0,2.2376437187194824
per_sightline,1,C2-C4,50,5,26215,6553,0.7883460798855977,0,2.2468206882476807
per_sightline,1,C3-C4,50,1,26214,6554,0.7602990540128166,0,2.207575798034668
per_sightline,1,C3-C4,50,2,26214,6554,0.7653341470857491,0,2.2673635482788086
per_sightline,1,C3-C4,50,3,26214,6554,0.7738785474519378,0,2.1971535682678223
per_sightline,1,C3-C4,50,4,26215,6553,0.7678863917420524,0,2.232633590698242
per_sightline,1,C3-C4,50,5,26215,6553,0.7720186350793614,0,2.2476344108581543
per_sightline,1,C4-rest,50,1,52428,13108,0.7589767063370969,0,5.9325034618377686
per_sightline,1,C4-rest,50,2,52429,13107,0.7486831481338652,0,6.093763828277588
per_sightline,1,C4-rest,50,3,52429,13107,0.7483959381502634,0,6.113999128341675
per_sightline,1,C4-rest,50,4,52429,13107,0.7528713487853163,0,6.002214431762695
per_sightline,1,C4-rest,50,5,52429,13107,0.7469206755924875,0,5.928013563156128
per_sightline,1,C1-C2,51,1,26214,6554,0.2917302410741532,0,3.8732800483703613
per_sightline,1,C1-C2,51,2,26214,6554,0.28654256942325296,0,3.8762283325195312
per_sightline,1,C1-C2,51,3,26214,6554,0.2880683552029295,0,3.9252023696899414
per_sightline,1,C1-C2,51,4,26215,6553,0.28459477067197547,0,3.840589761734009
per_sightline,1,C1-C2,51,5,26215,6553,0.2827772878123809,0,4.007278203964233
per_sightline,1,C1-C3,51,1,26214,6554,0.4173024107415319,0,2.9086389541625977
per_sightline,1,C1-C3,51,2,26214,6554,0.4096734818431492,0,2.8718485832214355
per_sightline,1,C1-C3,51,3,26214,6554,0.4140982606042112,0,2.9466655254364014
per_sightline,1,C1-C3,51,4,26215,6553,0.4156833824975418,0,2.905851364135742
per_sightline,1,C1-C3,51,5,26215,6553,0.41355454805256453,0,2.9374735355377197
per_sightline,1,C1-C4,51,1,26214,6554,0.7862374122673177,0,2.277754545211792
per_sightline,1,C1-C4,51,2,26214,6554,0.7949343912114739,0,2.378488540649414
per_sightline,1,C1-C4,51,3,26214,6554,0.790051876716509,0,2.3698360919952393
per_sightline,1,C1-C4,51,4,26215,6553,0.7877268232394872,0,2.3143556118011475
per_sightline,1,C1-C4,51,5,26215,6553,0.79811255268991,0,2.3524346351623535
per_sightline,1,C2-C3,51,1,26214,6554,0.35978028684772656,0,2.8386874198913574
per_sightline,1,C2-C3,51,2,26214,6554,0.3524565151052792,0,2.8011441230773926
per_sightline,1,C2-C3,51,3,26214,6554,0.3573390296002441,0,2.8710007667541504
per_sightline,1,C2-C3,51,4,26215,6553,0.35937802153090526,0,2.8509318828582764
per_sightline,1,C2-C3,51,5,26215,6553,0.3557139932254366,0,2.9315271377563477
per_sightline,1,C2-C4,51,1,26214,6554,0.781660054928288,0,2.2520275115966797
per_sightline,1,C2-C4,51,2,26214,6554,0.782117790662191,0,2.2576961517333984
per_sightline,1,C2-C4,51,3,26214,6554,0.7798291119926762,0,2.237952947616577
per_sightline,1,C2-C4,51,4,26215,6553,0.7799433130528645,0,2.267051935195923
per_sightline,1,C2-C4,51,5,26215,6553,0.7941456959613811,0,2.2884445190429688
per_sightline,1,C3-C4,51,1,26214,6554,0.7619774183704608,0,2.2780051231384277
per_sightline,1,C3-C4,51,2,26214,6554,0.7700640830027464,0,2.207312822341919
per_sightline,1,C3-C4,51,3,26214,6554,0.7705218187366494,0,2.25002121925354
per_sightline,1,C3-C4,51,4,26215,6553,0.7626992789870422,0,2.2343199253082275
per_sightline,1,C3-C4,51,5,26215,6553,0.7735441879857504,0,2.2783517837524414
per_sightline,1,C4-rest,51,1,52428,13108,0.7462109653138033,0,5.942316293716431
per_sightline,1,C4-rest,51,2,52429,13107,0.7464450961170521,0,6.012933731079102
per_sightline,1,C4-rest,51,3,52429,13107,0.7504302777985596,0,6.052645206451416
per_sightline,1,C4-rest,51,4,52429,13107,0.7590762213038189,0,5.941913843154907
per_sightline,1,C4-rest,51,5,52429,13107,0.7528714419156792,0,6.08191442489624
per_sightline,4,C1-C2,42,1,6553,1639,0.41422094165996604,0,0.6652462482452393
per_sightline,4,C1-C2,42,2,6553,1639,0.4246850710265344,0,0.6660335063934326
per_sightline,4,C1-C2,42,3,6554,1638,0.42002442002442003,0,0.6485354900360107
per_sightline,4,C1-C2,42,4,6554,1638,0.44078144078144077,0,0.6735994815826416
per_sightline,4,C1-C2,42,5,6554,1638,0.4267399267399268,0,0.6790313720703125
per_sightline,4,C1-C3,42,1,6553,1639,0.5155186277137497,0,0.614804744720459
per_sightline,4,C1-C3,42,2,6553,1639,0.5186306918014235,0,0.6157610416412354
per_sightline,4,C1-C3,42,3,6554,1638,0.5335775335775336,0,0.6491718292236328
per_sightline,4,C1-C3,42,4,6554,1638,0.5213675213675214,0,0.637523889541626
per_sightline,4,C1-C3,42,5,6554,1638,0.5213675213675213,0,0.6082093715667725
per_sightline,4,C1-C4,42,1,6553,1639,0.8840689121176926,0,0.5556986331939697
per_sightline,4,C1-C4,42,2,6553,1639,0.8810245987075256,0,0.5457017421722412
per_sightline,4,C1-C4,42,3,6554,1638,0.8754578754578755,0,0.5461933612823486
per_sightline,4,C1-C4,42,4,6554,1638,0.8778998778998779,0,0.5457165241241455
per_sightline,4,C1-C4,42,5,6554,1638,0.884004884004884,0,0.5556268692016602
per_sightline,4,C2-C3,42,1,6553,1639,0.439893981357396,0,0.5790069103240967
per_sightline,4,C2-C3,42,2,6553,1639,0.4551579856457905,0,0.6257543563842773
per_sightline,4,C2-C3,42,3,6554,1638,0.4432234432234432,0,0.6158022880554199
per_sightline,4,C2-C3,42,4,6554,1638,0.4438339438339438,0,0.5914502143859863
per_sightline,4,C2-C3,42,5,6554,1638,0.43101343101343104,0,0.6060707569122314
per_sightline,4,C2-C4,42,1,6553,1639,0.8657635724708895,0,0.5039205551147461
per_sightline,4,C2-C4,42,2,6553,1639,0.8584539444295542,0,0.5162816047668457
per_sightline,4,C2-C4,42,3,6554,1638,0.8669108669108669,0,0.5045919418334961
per_sightline,4,C2-C4,42,4,6554,1638,0.847985347985348,0,0.5030016899108887
per_sightline,4,C2-C4,42,5,6554,1638,0.8711843711843712,0,0.5251445770263672
per_sightline,4,C3-C4,42,1,6553,1639,0.8340324309836504,0,0.5430796146392822
per_sightline,4,C3-C4,42,2,6553,1639,0.8419823401530718,0,0.521284818649292
per_sightline,4,C3-C4,42,3,6554,1638,0.8382173382173382,0,0.516045331954956
per_sightline,4,C3-C4,42,4,6554,1638,0.8144078144078144,0,0.5265657901763916
per_sightline,4,C3-C4,42,5,6554,1638,0.8388278388278388,0,0.5142014026641846
per_sightline,4,C4-rest,42,1,13107,3277,0.8394447971339754,0,1.3397502899169922
per_sightline,4,C4-rest,42,2,13107,3277,0.8361903669063961,0,1.331040620803833
per_sightline,4,C4-rest,42,3,13107,3277,0.8339520302498333,0,1.3711779117584229
per_sightline,4,C4-rest,42,4,13107,3277,0.8408328121742756,0,1.3299400806427002
per_sightline,4,C4-rest,42,5,13108,3276,0.8327228327228328,0,1.2875990867614746
per_sightline,4,C1-C2,43,1,6553,1639,0.4435190148604783,0,0.6755836009979248
per_sightline,4,C1-C2,43,2,6553,1639,0.43202299055957594,0,0.665154218673706
per_sightline,4,C1-C2,43,3,6554,1638,0.4261294261294261,0,0.659313440322876
per_sightline,4,C1-C2,43,4,6554,1638,0.4365079365079365,0,0.6749966144561768
per_sightline,4,C1-C2,43,5,6554,1638,0.442002442002442,0,0.6558623313903809
per_sightline,4,C1-C3,43,1,6553,1639,0.49416674111796066,0,0.6168456077575684
per_sightline,4,C1-C3,43,2,6553,1639,0.5046174692516155,0,0.6254901885986328
per_sightline,4,C1-C3,43,3,6554,1638,0.4993894993894994,0,0.625511884689331
per_sightline,4,C1-C3,43,4,6554,1638,0.514041514041514,0,0.6165459156036377
per_sightline,4,C1-C3,43,5,6554,1638,0.5,0,0.6365373134613037
per_sightline,4,C1-C4,43,1,6553,1639,0.8834680901754073,0,0.5557162761688232
per_sightline,4,C1-C4,43,2,6553,1639,0.8804207987134816,0,0.544670581817627
per_sightline,4,C1-C4,43,3,6554,1638,0.8858363858363858,0,0.5555753707885742
per_sightline,4,C1-C4,43,4,6554,1638,0.8778998778998779,0,0.5558700561523438
per_sightline,4,C1-C4,43,5,6554,1638,0.8821733821733821,0,0.5391957759857178
per_sightline,4,C2-C3,43,1,6553,1639,0.4405134161231722,0,0.6050682067871094
per_sightline,4,C2-C3,43,2,6553,1639,0.4301594746716698,0,0.598426103591919
per_sightline,4,C2-C3,43,3,6554,1638,0.43772893772893773,0,0.592667818069458
per_sightline,4,C2-C3,43,4,6554,1638,0.427960927960928,0,0.6300036907196045
per_sightline,4,C2-C3,43,5,6554,1638,0.43101343101343104,0,0.5804698467254639
per_sightline,4,C2-C4,43,1,6553,1639,0.8535669614937907,0,0.49523377418518066
per_sightline,4,C2-C4,43,2,6553,1639,0.8566321212662675,0,0.5458347797393799
per_sightline,4,C2-C4,43,3,6554,1638,0.8614163614163615,0,0.5158674716949463
per_sightline,4,C2-C4,43,4,6554,1638,0.8528693528693528,0,0.5249159336090088
per_sightline,4,C2-C4,43,5,6554,1638,0.8644688644688645,0,0.5148992538452148
per_sightline,4,C3-C4,43,1,6553,1639,0.8395336370946127,0,0.5149679183959961
per_sightline,4,C3-C4,43,2,6553,1639,0.8370998242949462,0,0.5153772830963135
per_sightline,4,C3-C4,43,3,6554,1638,0.8412698412698412,0,0.5148477554321289
per_sightline,4,C3-C4,43,4,6554,1638,0.8327228327228327,0,0.5409698486328125
per_sightline,4,C3-C4,43,5,6554,1638,0.8382173382173381,0,0.5148673057556152
per_sightline,4,C4-rest,43,1,13107,3277,0.8260165158049617,0,1.3298993110656738
per_sightline,4,C4-rest,43,2,13107,3277,0.8164504332120279,0,1.3721158504486084
per_sightline,4,C4-rest,43,3,13107,3277,0.8402614472590062,0,1.3352398872375488
per_sightline,4,C4-rest,43,4,13107,3277,0.8387963211133942,0,1.3305590152740479
per_sightline,4,C4-rest,43,5,13108,3276,0.8361823361823362,0,1.3799686431884766
per_sightline,4,C1-C2,44,1,6553,1639,0.4416927246195539,0,0.6547691822052002
per_sightline,4,C1-C2,44,2,6553,1639,0.4301810655469192,0,0.652867317199707
per_sightline,4,C1-C2,44,3,6554,1638,0.4493284493284493,0,0.6664278507232666
per_sightline,4,C1-C2,44,4,6554,1638,0.4316239316239316,0,0.6955804824829102
per_sightline,4,C1-C2,44,5,6554,1638,0.4291819291819292,0,0.6464824676513672
per_sightline,4,C1-C3,44,1,6553,1639,0.5045526966258673,0,0.6045510768890381
per_sightline,4,C1-C3,44,2,6553,1639,0.4942322582566485,0,0.6068956851959229
per_sightline,4,C1-C3,44,3,6554,1638,0.5262515262515263,0,0.5996711254119873
per_sightline,4,C1-C3,44,4,6554,1638,0.5054945054945055,0,0.6463849544525146
per_sightline,4,C1-C3,44,5,6554,1638,0.5164835164835164,0,0.6056740283966064
per_sightline,4,C1-C4,44,1,6553,1639,0.8688250096786683,0,0.5401706695556641
per_sightline,4,C1-C4,44,2,6553,1639,0.8791908633372048,0,0.5524125099182129
per_sightline,4,C1-C4,44,3,6554,1638,0.8791208791208791,0,0.5454621315002441
per_sightline,4,C1-C4,44,4,6554,1638,0.8785103785103785,0,0.5375857353210449
per_sightline,4,C1-C4,44,5,6554,1638,0.8827838827838828,0,0.5590345859527588
per_sightline,4,C2-C3,44,1,6553,1639,0.4295191935435838,0,0.6049699783325195
per_sightline,4,C2-C3,44,2,6553,1639,0.4246389112242771,0,0.6164493560791016
per_sightline,4,C2-C3,44,3,6554,1638,0.4236874236874237,0,0.5948319435119629
per_sightline,4,C2-C3,44,4,6554,1638,0.4194139194139194,0,0.5993061065673828
per_sightline,4,C2-C3,44,5,6554,1638,0.43345543345543347,0,0.6269223690032959
per_sightline,4,C2-C4,44,1,6553,1639,0.8462416986807231,0,0.5142862796783447
per_sightline,4,C2-C4,44,2,6553,1639,0.8602869352869353,0,0.5355641841888428
per_sightline,4,C2-C4,44,3,6554,1638,0.8595848595848596,0,0.5248191356658936
per_sightline,4,C2-C4,44,4,6554,1638,0.8540903540903542,0,0.5251855850219727
per_sightline,4,C2-C4,44,5,6554,1638,0.8516483516483517,0,0.515906572341919
per_sightline,4,C3-C4,44,1,6553,1639,0.8181705828047292,0,0.527644157409668
per_sightline,4,C3-C4,44,2,6553,1639,0.8432018523481938,0,0.5460376739501953
per_sightline,4,C3-C4,44,3,6554,1638,0.8284493284493285,0,0.5247776508331299
per_sightline,4,C3-C4,44,4,6554,1638,0.8247863247863247,0,0.5152037143707275
per_sightline,4,C3-C4,44,5,6554,1638,0.8351648351648351,0,0.5255446434020996
per_sightline,4,C4-rest,44,1,13107,3277,0.850230887456274,0,1.3609733581542969
per_sightline,4,C4-rest,44,2,13107,3277,0.8321197832996043,0,1.3406424522399902
per_sightline,4,C4-rest,44,3,13107,3277,0.8343591134478034,0,1.3531413078308105
per_sightline,4,C4-rest,44,4,13107,3277,0.8272139333114943,0,1.345076084136963
per_sightline,4,C4-rest,44,5,13108,3276,0.827024827024827,0,1.3510255813598633
per_sightline,4,C1-C2,45,1,6553,1639,0.4459558057119033,0,0.6565794944763184
per_sightline,4,C1-C2,45,2,6553,1639,0.4295884332469698,0,0.6556859016418457
per_sightline,4,C1-C2,45,3,6554,1638,0.43956043956043955,0,0.6883952617645264
per_sightline,4,C1-C2,45,4,6554,1638,0.4151404151404151,0,0.6680500507354736
per_sightline,4,C1-C2,45,5,6554,1638,0.43284493284493286,0,0.6963703632354736
per_sightline,4,C1-C3,45,1,6553,1639,0.511869769796599,0,0.5847208499908447
per_sightline,4,C1-C3,45,2,6553,1639,0.5204666607105631,0,0.5994462966918945
per_sightline,4,C1-C3,45,3,6554,1638,0.503052503052503,0,0.6162118911743164
per_sightline,4,C1-C3,45,4,6554,1638,0.5231990231990232,0,0.6058816909790039
per_sightline,4,C1-C3,45,5,6554,1638,0.5134310134310134,0,0.5947718620300293
per_sightline,4,C1-C4,45,1,6553,1639,0.8785721730843682,0,0.5357906818389893
per_sightline,4,C1-C4,45,2,6553,1639,0.8834599005330712,0,0.5287501811981201
per_sightline,4,C1-C4,45,3,6554,1638,0.8827838827838828,0,0.534778356552124
per_sightline,4,C1-C4,45,4,6554,1638,0.8705738705738706,0,0.5274300575256348
per_sightline,4,C1-C4,45,5,6554,1638,0.8681318681318682,0,0.5564451217651367
per_sightline,4,C2-C3,45,1,6553,1639,0.4343950087852527,0,0.6088922023773193
per_sightline,4,C2-C3,45,2,6553,1639,0.42342982221031,0,0.6259524822235107
per_sightline,4,C2-C3,45,3,6554,1638,0.4273504273504274,0,0.5985779762268066
per_sightline,4,C2-C3,45,4,6554,1638,0.43345543345543347,0,0.5863163471221924
per_sightline,4,C2-C3,45,5,6554,1638,0.4365079365079365,0,0.6055333614349365
per_sightline,4,C2-C4,45,1,6553,1639,0.8572225200273981,0,0.5154027938842773
per_sightline,4,C2-C4,45,2,6553,1639,0.8682189761458055,0,0.5162250995635986
per_sightline,4,C2-C4,45,3,6554,1638,0.8705738705738706,0,0.5025789737701416
per_sightline,4,C2-C4,45,4,6554,1638,0.8522588522588523,0,0.5171222686767578
per_sightline,4,C2-C4,45,5,6554,1638,0.8516483516483516,0,0.5168251991271973
per_sightline,4,C3-C4,45,1,6553,1639,0.8407442151344591,0,0.5357804298400879
per_sightline,4,C3-C4,45,2,6553,1639,0.8395388486851901,0,0.5456175804138184
per_sightline,4,C3-C4,45,3,6554,1638,0.8333333333333333,0,0.5253496170043945
per_sightline,4,C3-C4,45,4,6554,1638,0.8382173382173382,0,0.5181887149810791
per_sightline,4,C3-C4,45,5,6554,1638,0.8253968253968254,0,0.5300006866455078
per_sightline,4,C4-rest,45,1,13107,3277,0.8508426299313199,0,1.3404011726379395
per_sightline,4,C4-rest,45,2,13107,3277,0.8162465190536794,0,1.30863618850708
per_sightline,4,C4-rest,45,3,13107,3277,0.8292704492867227,0,1.3001344203948975
per_sightline,4,C4-rest,45,4,13107,3277,0.8335112719259061,0,1.2698841094970703
per_sightline,4,C4-rest,45,5,13108,3276,0.8343508343508343,0,1.2999112606048584
per_sightline,4,C1-C2,46,1,6553,1639,0.4380289764436106,0,0.6753113269805908
per_sightline,4,C1-C2,46,2,6553,1639,0.44728327228327225,0,0.6688878536224365
per_sightline,4,C1-C2,46,3,6554,1638,0.44017094017094016,0,0.6795544624328613
per_sightline,4,C1-C2,46,4,6554,1638,0.4493284493284493,0,0.6655683517456055
per_sightline,4,C1-C2,46,5,6554,1638,0.4444444444444444,0,0.6565647125244141
per_sightline,4,C1-C3,46,1,6553,1639,0.519198755174365,0,0.5854198932647705
per_sightline,4,C1-C3,46,2,6553,1639,0.5314549271866345,0,0.6385557651519775
per_sightline,4,C1-C3,46,3,6554,1638,0.5262515262515263,0,0.6072392463684082
per_sightline,4,C1-C3,46,4,6554,1638,0.5152625152625152,0,0.6052286624908447
per_sightline,4,C1-C3,46,5,6554,1638,0.5128205128205128,0,0.5944983959197998
per_sightline,4,C1-C4,46,1,6553,1639,0.8761435718752792,0,0.5356638431549072
per_sightline,4,C1-C4,46,2,6553,1639,0.8767555615116591,0,0.5443687438964844
per_sightline,4,C1-C4,46,3,6554,1638,0.8846153846153846,0,0.5552999973297119
per_sightline,4,C1-C4,46,4,6554,1638,0.8669108669108669,0,0.5471067428588867
per_sightline,4,C1-C4,46,5,6554,1638,0.887057387057387,0,0.544410228729248
per_sightline,4,C2-C3,46,1,6553,1639,0.4453847642872033,0,0.5984175205230713
per_sightline,4,C2-C3,46,2,6553,1639,0.454553441138807,0,0.6350712776184082
per_sightline,4,C2-C3,46,3,6554,1638,0.44993894993894995,0,0.6048362255096436
per_sightline,4,C2-C3,46,4,6554,1638,0.45115995115995117,0,0.610344409942627
per_sightline,4,C2-C3,46,5,6554,1638,0.4542124542124542,0,0.571176290512085
per_sightline,4,C2-C4,46,1,6553,1639,0.8608736114833676,0,0.5103821754455566
per_sightline,4,C2-C4,46,2,6553,1639,0.8578493999225707,0,0.5170154571533203
per_sightline,4,C2-C4,46,3,6554,1638,0.8504273504273505,0,0.5248000621795654
per_sightline,4,C2-C4,46,4,6554,1638,0.8553113553113554,0,0.5252223014831543
per_sightline,4,C2-C4,46,5,6554,1638,0.8614163614163615,0,0.4954032897949219
per_sightline,4,C3-C4,46,1,6553,1639,0.83464516513297,0,0.5100066661834717
per_sightline,4,C3-C4,46,2,6553,1639,0.8486956133297596,0,0.534998893737793
per_sightline,4,C3-C4,46,3,6554,1638,0.8205128205128205,0,0.5247025489807129
per_sightline,4,C3-C4,46,4,6554,1638,0.8382173382173382,0,0.5258767604827881
per_sightline,4,C3-C4,46,5,6554,1638,0.8308913308913309,0,0.5197603702545166
per_sightline,4,C4-rest,46,1,13107,3277,0.8315082891974674,0,1.2994847297668457
per_sightline,4,C4-rest,46,2,13107,3277,0.8229637643795495,0,1.2933189868927002
per_sightline,4,C4-rest,46,3,13107,3277,0.8268289435905384,0,1.334610939025879
per_sightline,4,C4-rest,46,4,13107,3277,0.8404206001766977,0,1.3210728168487549
per_sightline,4,C4-rest,46,5,13108,3276,0.8414733414733415,0,1.3202290534973145
per_sightline,4,C1-C2,47,1,6553,1639,0.4313157032669228,0,0.6857399940490723
per_sightline,4,C1-C2,47,2,6553,1639,0.4448427588671491,0,0.6551084518432617
per_sightline,4,C1-C2,47,3,6554,1638,0.4273504273504274,0,0.649672269821167
per_sightline,4,C1-C2,47,4,6554,1638,0.43040293040293043,0,0.6550440788269043
per_sightline,4,C1-C2,47,5,6554,1638,0.4365079365079365,0,0.6759710311889648
per_sightline,4,C1-C3,47,1,6553,1639,0.5307684862562911,0,0.6261332035064697
per_sightline,4,C1-C3,47,2,6553,1639,0.49790866315256554,0,0.616462230682373
per_sightline,4,C1-C3,47,3,6554,1638,0.5018315018315018,0,0.5988266468048096
per_sightline,4,C1-C3,47,4,6554,1638,0.5311355311355311,0,0.618704080581665
per_sightline,4,C1-C3,47,5,6554,1638,0.5183150183150182,0,0.6259210109710693
per_sightline,4,C1-C4,47,1,6553,1639,0.873093302361595,0,0.5371913909912109
per_sightline,4,C1-C4,47,2,6553,1639,0.8883558176241103,0,0.5443665981292725
per_sightline,4,C1-C4,47,3,6554,1638,0.8742368742368742,0,0.5456950664520264
per_sightline,4,C1-C4,47,4,6554,1638,0.8913308913308913,0,0.5381226539611816
per_sightline,4,C1-C4,47,5,6554,1638,0.8913308913308913,0,0.5502269268035889
per_sightline,4,C2-C3,47,1,6553,1639,0.43318666428422525,0,0.599165678024292
per_sightline,4,C2-C3,47,2,6553,1639,0.431982042347896,0,0.610137939453125
per_sightline,4,C2-C3,47,3,6554,1638,0.42063492063492064,0,0.5914697647094727
per_sightline,4,C2-C3,47,4,6554,1638,0.4413919413919414,0,0.615105152130127
per_sightline,4,C2-C3,47,5,6554,1638,0.43162393162393164,0,0.6169426441192627
per_sightline,4,C2-C4,47,1,6553,1639,0.850515947467167,0,0.5231790542602539
per_sightline,4,C2-C4,47,2,6553,1639,0.8633431609041364,0,0.5357606410980225
per_sightline,4,C2-C4,47,3,6554,1638,0.8473748473748475,0,0.531221866607666
per_sightline,4,C2-C4,47,4,6554,1638,0.8778998778998779,0,0.5469598770141602
per_sightline,4,C2-C4,47,5,6554,1638,0.8724053724053724,0,0.5260326862335205
per_sightline,4,C3-C4,47,1,6553,1639,0.8395321480687334,0,0.5144596099853516
per_sightline,4,C3-C4,47,2,6553,1639,0.8419875517436493,0,0.5147233009338379
per_sightline,4,C3-C4,47,3,6554,1638,0.8272283272283272,0,0.5267224311828613
per_sightline,4,C3-C4,47,4,6554,1638,0.8595848595848596,0,0.5160281658172607
per_sightline,4,C3-C4,47,5,6554,1638,0.8431013431013431,0,0.5233297348022461
per_sightline,4,C4-rest,47,1,13107,3277,0.8284575247553279,0,1.3200602531433105
per_sightline,4,C4-rest,47,2,13107,3277,0.8258118565278858,0,1.3260061740875244
per_sightline,4,C4-rest,47,3,13107,3277,0.8538938911192776,0,1.2905206680297852
per_sightline,4,C4-rest,47,4,13107,3277,0.8404243227413959,0,1.3093762397766113
per_sightline,4,C4-rest,47,5,13108,3276,0.8374033374033374,0,1.3306093215942383
per_sightline,4,C1-C2,48,1,6553,1639,0.4398530331457161,0,0.6744427680969238
per_sightline,4,C1-C2,48,2,6553,1639,0.44727657166681556,0,0.6757524013519287
per_sightline,4,C1-C2,48,3,6554,1638,0.43284493284493286,0,0.6656889915466309
per_sightline,4,C1-C2,48,4,6554,1638,0.4413919413919414,0,0.6856300830841064
per_sightline,4,C1-C2,48,5,6554,1638,0.43772893772893773,0,0.6464691162109375
per_sightline,4,C1-C3,48,1,6553,1639,0.4868489234342893,0,0.6354560852050781
per_sightline,4,C1-C3,48,2,6553,1639,0.5308474046278924,0,0.6224749088287354
per_sightline,4,C1-C3,48,3,6554,1638,0.5115995115995116,0,0.6268494129180908
per_sightline,4,C1-C3,48,4,6554,1638,0.5195360195360195,0,0.6353340148925781
per_sightline,4,C1-C3,48,5,6554,1638,0.5091575091575091,0,0.6053190231323242
per_sightline,4,C1-C4,48,1,6553,1639,0.8767488608952023,0,0.5459704399108887
per_sightline,4,C1-C4,48,2,6553,1639,0.8798080645641622,0,0.5555450916290283
per_sightline,4,C1-C4,48,3,6554,1638,0.8821733821733821,0,0.5575385093688965
per_sightline,4,C1-C4,48,4,6554,1638,0.8791208791208791,0,0.5483500957489014
per_sightline,4,C1-C4,48,5,6554,1638,0.8785103785103785,0,0.5276627540588379
per_sightline,4,C2-C3,48,1,6553,1639,0.4307424283034039,0,0.5980696678161621
per_sightline,4,C2-C3,48,2,6553,1639,0.4179442508710801,0,0.6165058612823486
per_sightline,4,C2-C3,48,3,6554,1638,0.42002442002442003,0,0.6164162158966064
per_sightline,4,C2-C3,48,4,6554,1638,0.43772893772893773,0,0.5951275825500488
per_sightline,4,C2-C3,48,5,6554,1638,0.41941391941391937,0,0.6055340766906738
per_sightline,4,C2-C4,48,1,6553,1639,0.8596585663658834,0,0.5158185958862305
per_sightline,4,C2-C4,48,2,6553,1639,0.8584599005330713,0,0.5246057510375977
per_sightline,4,C2-C4,48,3,6554,1638,0.8608058608058609,0,0.5069456100463867
per_sightline,4,C2-C4,48,4,6554,1638,0.8626373626373627,0,0.5160603523254395
per_sightline,4,C2-C4,48,5,6554,1638,0.8516483516483516,0,0.5193469524383545
per_sightline,4,C3-C4,48,1,6553,1639,0.8322046517168469,0,0.5148627758026123
per_sightline,4,C3-C4,48,2,6553,1639,0.8444362548021085,0,0.5197842121124268
per_sightline,4,C3-C4,48,3,6554,1638,0.8376068376068376,0,0.5264086723327637
per_sightline,4,C3-C4,48,4,6554,1638,0.8467643467643468,0,0.5186970233917236
per_sightline,4,C3-C4,48,5,6554,1638,0.8376068376068376,0,0.5357487201690674
per_sightline,4,C4-rest,48,1,13107,3277,0.8306953646660725,0,1.340381145477295
per_sightline,4,C4-rest,48,2,13107,3277,0.8390374655630961,0,1.3116226196289062
per_sightline,4,C4-rest,48,3,13107,3277,0.8353757037646379,0,1.3141980171203613
per_sightline,4,C4-rest,48,4,13107,3277,0.831886248349663,0,1.2867741584777832
per_sightline,4,C4-rest,48,5,13108,3276,0.8508343508343508,0,1.3144190311431885
per_sightline,4,C1-C2,49,1,6553,1639,0.43312933678787335,0,0.685948371887207
per_sightline,4,C1-C2,49,2,6553,1639,0.45765061496768816,0,0.6679286956787109
per_sightline,4,C1-C2,49,3,6554,1638,0.44078144078144077,0,0.6964564323425293
per_sightline,4,C1-C2,49,4,6554,1638,0.4346764346764347,0,0.672959566116333
per_sightline,4,C1-C2,49,5,6554,1638,0.40354090354090355,0,0.6724896430969238
per_sightline,4,C1-C3,49,1,6553,1639,0.510018166115727,0,0.6083595752716064
per_sightline,4,C1-C3,49,2,6553,1639,0.5223056076714614,0,0.6006615161895752
per_sightline,4,C1-C3,49,3,6554,1638,0.5122100122100122,0,0.6428279876708984
per_sightline,4,C1-C3,49,4,6554,1638,0.5164835164835164,0,0.6151304244995117
per_sightline,4,C1-C3,49,5,6554,1638,0.4993894993894994,0,0.6184124946594238
per_sightline,4,C1-C4,49,1,6553,1639,0.8718715566276543,0,0.5340745449066162
per_sightline,4,C1-C4,49,2,6553,1639,0.8804193096876023,0,0.548560380935669
per_sightline,4,C1-C4,49,3,6554,1638,0.8986568986568987,0,0.5561120510101318
per_sightline,4,C1-C4,49,4,6554,1638,0.8791208791208791,0,0.5452709197998047
per_sightline,4,C1-C4,49,5,6554,1638,0.8760683760683761,0,0.5401308536529541
per_sightline,4,C2-C3,49,1,6553,1639,0.41976681854730635,0,0.6063399314880371
per_sightline,4,C2-C3,49,2,6553,1639,0.4472333899163168,0,0.6063671112060547
per_sightline,4,C2-C3,49,3,6554,1638,0.42246642246642246,0,0.6007251739501953
per_sightline,4,C2-C3,49,4,6554,1638,0.44627594627594624,0,0.6054258346557617
per_sightline,4,C2-C3,49,5,6554,1638,0.4267399267399268,0,0.617189884185791
per_sightline,4,C2-C4,49,1,6553,1639,0.8608803120998243,0,0.5299956798553467
per_sightline,4,C2-C4,49,2,6553,1639,0.8511398493105811,0,0.5176198482513428
per_sightline,4,C2-C4,49,3,6554,1638,0.8711843711843712,0,0.5447776317596436
per_sightline,4,C2-C4,49,4,6554,1638,0.8595848595848596,0,0.5273423194885254
per_sightline,4,C2-C4,49,5,6554,1638,0.8601953601953602,0,0.5207302570343018
per_sightline,4,C3-C4,49,1,6553,1639,0.8340331754965902,0,0.5344421863555908
per_sightline,4,C3-C4,49,2,6553,1639,0.8389320706393877,0,0.5265519618988037
per_sightline,4,C3-C4,49,3,6554,1638,0.8528693528693528,0,0.5368540287017822
per_sightline,4,C3-C4,49,4,6554,1638,0.8376068376068376,0,0.5201833248138428
per_sightline,4,C3-C4,49,5,6554,1638,0.8327228327228327,0,0.5466318130493164
per_sightline,4,C4-rest,49,1,13107,3277,0.8288660981907524,0,1.3150317668914795
per_sightline,4,C4-rest,49,2,13107,3277,0.842092949090508,0,1.31475830078125
per_sightline,4,C4-rest,49,3,13107,3277,0.8284557861449644,0,1.3513619899749756
per_sightline,4,C4-rest,49,4,13107,3277,0.83676578615603,0,1.3205583095550537
per_sightline,4,C4-rest,49,5,13108,3276,0.8286528286528286,0,1.3499765396118164
per_sightline,4,C1-C2,50,1,6553,1639,0.4453244587390929,0,0.6656339168548584
per_sightline,4,C1-C2,50,2,6553,1639,0.4289667649423747,0,0.6769094467163086
per_sightline,4,C1-C2,50,3,6554,1638,0.4291819291819292,0,0.6732048988342285
per_sightline,4,C1-C2,50,4,6554,1638,0.42124542124542125,0,0.6765594482421875
per_sightline,4,C1-C2,50,5,6554,1638,0.43284493284493286,0,0.687565803527832
per_sightline,4,C1-C3,50,1,6553,1639,0.5081888978230442,0,0.615077018737793
per_sightline,4,C1-C3,50,2,6553,1639,0.5155826558265583,0,0.5897588729858398
per_sightline,4,C1-C3,50,3,6554,1638,0.4993894993894994,0,0.6066603660583496
per_sightline,4,C1-C3,50,4,6554,1638,0.5012210012210012,0,0.5992658138275146
per_sightline,4,C1-C3,50,5,6554,1638,0.521978021978022,0,0.6149070262908936
per_sightline,4,C1-C4,50,1,6553,1639,0.885287679799875,0,0.5475766658782959
per_sightline,4,C1-C4,50,2,6553,1639,0.8816358438309657,0,0.5405786037445068
per_sightline,4,C1-C4,50,3,6554,1638,0.8864468864468864,0,0.545496940612793
per_sightline,4,C1-C4,50,4,6554,1638,0.8821733821733821,0,0.5660781860351562
per_sightline,4,C1-C4,50,5,6554,1638,0.8797313797313797,0,0.5557031631469727
per_sightline,4,C2-C3,50,1,6553,1639,0.4343972423240716,0,0.5857601165771484
per_sightline,4,C2-C3,50,2,6553,1639,0.4441808868638137,0,0.6370987892150879
per_sightline,4,C2-C3,50,3,6554,1638,0.4297924297924298,0,0.6145064830780029
per_sightline,4,C2-C3,50,4,6554,1638,0.4188034188034188,0,0.584852933883667
per_sightline,4,C2-C3,50,5,6554,1638,0.43345543345543347,0,0.5984597206115723
per_sightline,4,C2-C4,50,1,6553,1639,0.8535580273385152,0,0.5502679347991943
per_sightline,4,C2-C4,50,2,6553,1639,0.8608966913844962,0,0.542656421661377
per_sightline,4,C2-C4,50,3,6554,1638,0.8595848595848596,0,0.5156073570251465
per_sightline,4,C2-C4,50,4,6554,1638,0.8565323565323566,0,0.5354785919189453
per_sightline,4,C2-C4,50,5,6554,1638,0.8644688644688645,0,0.5154955387115479
per_sightline,4,C3-C4,50,1,6553,1639,0.8328166413532267,0,0.545628547668457
per_sightline,4,C3-C4,50,2,6553,1639,0.8444191310044968,0,0.5246100425720215
per_sightline,4,C3-C4,50,3,6554,1638,0.84004884004884,0,0.5253145694732666
per_sightline,4,C3-C4,50,4,6554,1638,0.8394383394383393,0,0.5296854972839355
per_sightline,4,C3-C4,50,5,6554,1638,0.8345543345543345,0,0.5294175148010254
per_sightline,4,C4-rest,50,1,13107,3277,0.845958625047315,0,1.3645472526550293
per_sightline,4,C4-rest,50,2,13107,3277,0.8311029446098608,0,1.3337461948394775
per_sightline,4,C4-rest,50,3,13107,3277,0.8467730398161644,0,1.316920280456543
per_sightline,4,C4-rest,50,4,13107,3277,0.8270126666468129,0,1.3454434871673584
per_sightline,4,C4-rest,50,5,13108,3276,0.8404558404558404,0,1.3405108451843262
per_sightline,4,C1-C2,51,1,6553,1639,0.42215893862235326,0,0.6647915840148926
per_sightline,4,C1-C2,51,2,6553,1639,0.4497237856993955,0,0.6657075881958008
per_sightline,4,C1-C2,51,3,6554,1638,0.4267399267399268,0,0.6754240989685059
per_sightline,4,C1-C2,51,4,6554,1638,0.4133089133089133,0,0.6480660438537598
per_sightline,4,C1-C2,51,5,6554,1638,0.4249084249084249,0,0.6657223701477051
per_sightline,4,C1-C3,51,1,6553,1639,0.5222274338127997,0,0.6189587116241455
per_sightline,4,C1-C3,51,2,6553,1639,0.5088872509604216,0,0.615079402923584
per_sightline,4,C1-C3,51,3,6554,1638,0.514041514041514,0,0.5896224975585938
per_sightline,4,C1-C3,51,4,6554,1638,0.4914529914529915,0,0.6124739646911621
per_sightline,4,C1-C3,51,5,6554,1638,0.5085470085470085,0,0.5918376445770264
per_sightline,4,C1-C4,51,1,6553,1639,0.8743009023496828,0,0.5349743366241455
per_sightline,4,C1-C4,51,2,6553,1639,0.880414098097025,0,0.5560994148254395
per_sightline,4,C1-C4,51,3,6554,1638,0.8846153846153846,0,0.554452657699585
per_sightline,4,C1-C4,51,4,6554,1638,0.8717948717948718,0,0.545712947845459
per_sightline,4,C1-C4,51,5,6554,1638,0.8913308913308913,0,0.5411684513092041
per_sightline,4,C2-C3,51,1,6553,1639,0.4295184490306442,0,0.614898681640625
per_sightline,4,C2-C3,51,2,6553,1639,0.4136819142916704,0,0.6354515552520752
per_sightline,4,C2-C3,51,3,6554,1638,0.43162393162393164,0,0.6164944171905518
per_sightline,4,C2-C3,51,4,6554,1638,0.43040293040293043,0,0.6099708080291748
per_sightline,4,C2-C3,51,5,6554,1638,0.42551892551892556,0,0.5923326015472412
per_sightline,4,C2-C4,51,1,6553,1639,0.8535468596444207,0,0.5141482353210449
per_sightline,4,C2-C4,51,2,6553,1639,0.8596749456505555,0,0.5349347591400146
per_sightline,4,C2-C4,51,3,6554,1638,0.8540903540903542,0,0.503835916519165
per_sightline,4,C2-C4,51,4,6554,1638,0.8608058608058609,0,0.5362296104431152
per_sightline,4,C2-C4,51,5,6554,1638,0.8675213675213675,0,0.5358600616455078
per_sightline,4,C3-C4,51,1,6553,1639,0.8346310193871169,0,0.5250468254089355
per_sightline,4,C3-C4,51,2,6553,1639,0.8450296316149974,0,0.5708918571472168
per_sightline,4,C3-C4,51,3,6554,1638,0.8223443223443223,0,0.5180761814117432
per_sightline,4,C3-C4,51,4,6554,1638,0.8308913308913308,0,0.5165643692016602
per_sightline,4,C3-C4,51,5,6554,1638,0.8473748473748474,0,0.5146036148071289
per_sightline,4,C4-rest,51,1,13107,3277,0.8152296803639358,0,1.3122875690460205
per_sightline,4,C4-rest,51,2,13107,3277,0.8245896134423392,0,1.3206346035003662
per_sightline,4,C4-rest,51,3,13107,3277,0.8335432084414998,0,1.2847120761871338
per_sightline,4,C4-rest,51,4,13107,3277,0.8349327952986489,0,1.3415067195892334
per_sightline,4,C4-rest,51,5,13108,3276,0.836996336996337,0,1.3315811157226562
per_sightline,16,C1-C2,42,1,1638,410,0.6804878048780487,0,0.27966737747192383
per_sightline,16,C1-C2,42,2,1638,410,0.6439024390243903,0,0.2802703380584717
per_sightline,16,C1-C2,42,3,1638,410,0.6682926829268293,0,0.28510475158691406
per_sightline,16,C1-C2,42,4,1639,409,0.6770205643232903,0,0.293196439743042
per_sightline,16,C1-C2,42,5,1639,409,0.6749880439980871,0,0.2795290946960449
per_sightline,16,C1-C3,42,1,1638,410,0.651219512195122,0,0.27852320671081543
per_sightline,16,C1-C3,42,2,1638,410,0.6365853658536585,0,0.27774715423583984
per_sightline,16,C1-C3,42,3,1638,410,0.6268292682926829,0,0.28592753410339355
per_sightline,16,C1-C3,42,4,1639,409,0.61837637494022,0,0.28467893600463867
per_sightline,16,C1-C3,42,5,1639,409,0.6676948828311813,0,0.2814786434173584
per_sightline,16,C1-C4,42,1,1638,410,0.9585365853658536,0,0.27538275718688965
per_sightline,16,C1-C4,42,2,1638,410,0.9585365853658536,0,0.27375054359436035
per_sightline,16,C1-C4,42,3,1638,410,0.9365853658536585,0,0.27346110343933105
per_sightline,16,C1-C4,42,4,1639,409,0.9193806791009087,0,0.2721426486968994
per_sightline,16,C1-C4,42,5,1639,409,0.9560138689622191,0,0.27780842781066895
per_sightline,16,C2-C3,42,1,1638,410,0.5097560975609756,0,0.2779383659362793
per_sightline,16,C2-C3,42,2,1638,410,0.4853658536585366,0,0.28382325172424316
per_sightline,16,C2-C3,42,3,1638,410,0.4902439024390244,0,0.28479838371276855
per_sightline,16,C2-C3,42,4,1639,409,0.4889406982305117,0,0.28577518463134766
per_sightline,16,C2-C3,42,5,1639,409,0.5256456241032998,0,0.2834632396697998
per_sightline,16,C2-C4,42,1,1638,410,0.9292682926829269,0,0.27593088150024414
per_sightline,16,C2-C4,42,2,1638,410,0.9097560975609756,0,0.29587292671203613
per_sightline,16,C2-C4,42,3,1638,410,0.9195121951219511,0,0.26967883110046387
per_sightline,16,C2-C4,42,4,1639,409,0.8948230511716881,0,0.28583335876464844
per_sightline,16,C2-C4,42,5,1639,409,0.9316116690578671,0,0.2743496894836426
per_sightline,16,C3-C4,42,1,1638,410,0.9146341463414633,0,0.27090978622436523
per_sightline,16,C3-C4,42,2,1638,410,0.8902439024390244,0,0.2745668888092041
per_sightline,16,C3-C4,42,3,1638,410,0.8999999999999999,0,0.2747526168823242
per_sightline,16,C3-C4,42,4,1639,409,0.8655188904830224,0,0.27475690841674805
per_sightline,16,C3-C4,42,5,1639,409,0.8826637972262076,0,0.27118492126464844
per_sightline,16,C4-rest,42,1,3276,820,0.8934959349593496,0,0.3417692184448242
per_sightline,16,C4-rest,42,2,3277,819,0.9020086083213773,0,0.35089969635009766
per_sightline,16,C4-rest,42,3,3277,819,0.9040478271232224,0,0.3417975902557373
per_sightline,16,C4-rest,42,4,3277,819,0.9105545403988242,0,0.3279764652252197
per_sightline,16,C4-rest,42,5,3277,819,0.879645666163502,0,0.34879040718078613
per_sightline,16,C1-C2,43,1,1638,410,0.7268292682926829,0,0.2817697525024414
per_sightline,16,C1-C2,43,2,1638,410,0.6536585365853659,0,0.27866363525390625
per_sightline,16,C1-C2,43,3,1638,410,0.6536585365853659,0,0.2765069007873535
per_sightline,16,C1-C2,43,4,1639,409,0.6648015303682449,0,0.28183770179748535
per_sightline,16,C1-C2,43,5,1639,409,0.7118125298900048,0,0.28319478034973145
per_sightline,16,C1-C3,43,1,1638,410,0.6609756097560975,0,0.27992725372314453
per_sightline,16,C1-C3,43,2,1638,410,0.6341463414634146,0,0.27503037452697754
per_sightline,16,C1-C3,43,3,1638,410,0.624390243902439,0,0.2819993495941162
per_sightline,16,C1-C3,43,4,1639,409,0.6428263988522238,0,0.275524377822876
per_sightline,16,C1-C3,43,5,1639,409,0.6677427068388331,0,0.28311800956726074
per_sightline,16,C1-C4,43,1,1638,410,0.948780487804878,0,0.27931809425354004
per_sightline,16,C1-C4,43,2,1638,410,0.9390243902439024,0,0.27260398864746094
per_sightline,16,C1-C4,43,3,1638,410,0.9585365853658536,0,0.2733497619628906
per_sightline,16,C1-C4,43,4,1639,409,0.9412840746054519,0,0.2755129337310791
per_sightline,16,C1-C4,43,5,1639,409,0.9364060258249641,0,0.2721679210662842
per_sightline,16,C2-C3,43,1,1638,410,0.4609756097560975,0,0.2843012809753418
per_sightline,16,C2-C3,43,2,1638,410,0.4853658536585366,0,0.28388285636901855
per_sightline,16,C2-C3,43,3,1638,410,0.4853658536585366,0,0.2883620262145996
per_sightline,16,C2-C3,43,4,1639,409,0.5377570540411286,0,0.2836177349090576
per_sightline,16,C2-C3,43,5,1639,409,0.5135700621712099,0,0.28301453590393066
per_sightline,16,C2-C4,43,1,1638,410,0.9097560975609756,0,0.2721517086029053
per_sightline,16,C2-C4,43,2,1638,410,0.9243902439024391,0,0.2735168933868408
per_sightline,16,C2-C4,43,3,1638,410,0.9463414634146341,0,0.28445887565612793
per_sightline,16,C2-C4,43,4,1639,409,0.919273075083692,0,0.2735750675201416
per_sightline,16,C2-C4,43,5,1639,409,0.897285987565758,0,0.27683377265930176
per_sightline,16,C3-C4,43,1,1638,410,0.9048780487804878,0,0.27347493171691895
per_sightline,16,C3-C4,43,2,1638,410,0.9,0,0.27819132804870605
per_sightline,16,C3-C4,43,3,1638,410,0.921951219512195,0,0.2691967487335205
per_sightline,16,C3-C4,43,4,1639,409,0.9217001434720229,0,0.26982998847961426
per_sightline,16,C3-C4,43,5,1639,409,0.8949067431850789,0,0.27656126022338867
per_sightline,16,C4-rest,43,1,3276,820,0.8983739837398375,0,0.3190162181854248
per_sightline,16,C4-rest,43,2,3277,819,0.912637494021999,0,0.3502347469329834
per_sightline,16,C4-rest,43,3,3277,819,0.9251847143878604,0,0.31990718841552734
per_sightline,16,C4-rest,43,4,3277,819,0.8991658059903074,0,0.3322606086730957
per_sightline,16,C4-rest,43,5,3277,819,0.9056764916183364,0,0.3201174736022949
per_sightline,16,C1-C2,44,1,1638,410,0.673170731707317,0,0.2736213207244873
per_sightline,16,C1-C2,44,2,1638,410,0.6804878048780488,0,0.2812342643737793
per_sightline,16,C1-C2,44,3,1638,410,0.6414634146341464,0,0.28673672676086426
per_sightline,16,C1-C2,44,4,1639,409,0.6744141559062649,0,0.27667999267578125
per_sightline,16,C1-C2,44,5,1639,409,0.6847680535628886,0,0.274155855178833
per_sightline,16,C1-C3,44,1,1638,410,0.6463414634146342,0,0.2738330364227295
per_sightline,16,C1-C3,44,2,1638,410,0.6756097560975609,0,0.28289175033569336
per_sightline,16,C1-C3,44,3,1638,410,0.6439024390243903,0,0.2924199104309082
per_sightline,16,C1-C3,44,4,1639,409,0.5987087517934002,0,0.2809877395629883
per_sightline,16,C1-C3,44,5,1639,409,0.6236848397895745,0,0.28327155113220215
per_sightline,16,C1-C4,44,1,1638,410,0.9390243902439024,0,0.2796008586883545
per_sightline,16,C1-C4,44,2,1638,410,0.9341463414634146,0,0.2789278030395508
per_sightline,16,C1-C4,44,3,1638,410,0.9585365853658536,0,0.2729063034057617
per_sightline,16,C1-C4,44,4,1639,409,0.9583931133428981,0,0.274367094039917
per_sightline,16,C1-C4,44,5,1639,409,0.9632831181252989,0,0.26995849609375
per_sightline,16,C2-C3,44,1,1638,410,0.47560975609756095,0,0.2841651439666748
per_sightline,16,C2-C3,44,2,1638,410,0.5048780487804878,0,0.2831606864929199
per_sightline,16,C2-C3,44,3,1638,410,0.5365853658536586,0,0.29472875595092773
per_sightline,16,C2-C3,44,4,1639,409,0.5035628885700622,0,0.29076242446899414
per_sightline,16,C2-C3,44,5,1639,409,0.4767814442850311,0,0.28035402297973633
per_sightline,16,C2-C4,44,1,1638,410,0.8926829268292683,0,0.2831413745880127
per_sightline,16,C2-C4,44,2,1638,410,0.8731707317073171,0,0.2704622745513916
per_sightline,16,C2-C4,44,3,1638,410,0.9292682926829269,0,0.2733011245727539
per_sightline,16,C2-C4,44,4,1639,409,0.9461979913916786,0,0.27234792709350586
per_sightline,16,C2-C4,44,5,1639,409,0.9291009086561455,0,0.2748088836669922
per_sightline,16,C3-C4,44,1,1638,410,0.875609756097561,0,0.27089834213256836
per_sightline,16,C3-C4,44,2,1638,410,0.8560975609756097,0,0.27744269371032715
per_sightline,16,C3-C4,44,3,1638,410,0.9048780487804878,0,0.2764170169830322
per_sightline,16,C3-C4,44,4,1639,409,0.9241869918699187,0,0.27606630325317383
per_sightline,16,C3-C4,44,5,1639,409,0.9144069823051172,0,0.2724003791809082
per_sightline,16,C4-rest,44,1,3276,820,0.9040650406504065,0,0.33063435554504395
per_sightline,16,C4-rest,44,2,3277,819,0.8987565758010521,0,0.3311479091644287
per_sightline,16,C4-rest,44,3,3277,819,0.8845356320012712,0,0.33404016494750977
per_sightline,16,C4-rest,44,4,3277,819,0.8926630650671328,0,0.3419036865234375
per_sightline,16,C4-rest,44,5,3277,819,0.9105545403988242,0,0.354358434677124
per_sightline,16,C1-C2,45,1,1638,410,0.6804878048780487,0,0.2818310260772705
per_sightline,16,C1-C2,45,2,1638,410,0.6902439024390243,0,0.2802457809448242
per_sightline,16,C1-C2,45,3,1638,410,0.6951219512195121,0,0.28230834007263184
per_sightline,16,C1-C2,45,4,1639,409,0.6696795791487327,0,0.27753424644470215
per_sightline,16,C1-C2,45,5,1639,409,0.6775824964131995,0,0.2773926258087158
per_sightline,16,C1-C3,45,1,1638,410,0.651219512195122,0,0.2742006778717041
per_sightline,16,C1-C3,45,2,1638,410,0.6682926829268292,0,0.2791910171508789
per_sightline,16,C1-C3,45,3,1638,410,0.6292682926829268,0,0.28223085403442383
per_sightline,16,C1-C3,45,4,1639,409,0.6598995695839311,0,0.2835853099822998
per_sightline,16,C1-C3,45,5,1639,409,0.6799019607843138,0,0.2737700939178467
per_sightline,16,C1-C4,45,1,1638,410,0.9707317073170731,0,0.2742340564727783
per_sightline,16,C1-C4,45,2,1638,410,0.9512195121951219,0,0.2818126678466797
per_sightline,16,C1-C4,45,3,1638,410,0.9439024390243902,0,0.27278947830200195
per_sightline,16,C1-C4,45,4,1639,409,0.9364299378287901,0,0.2752954959869385
per_sightline,16,C1-C4,45,5,1639,409,0.9389167862266858,0,0.27352142333984375
per_sightline,16,C2-C3,45,1,1638,410,0.5097560975609756,0,0.2817089557647705
per_sightline,16,C2-C3,45,2,1638,410,0.5219512195121951,0,0.2834937572479248
per_sightline,16,C2-C3,45,3,1638,410,0.5121951219512195,0,0.2746901512145996
per_sightline,16,C2-C3,45,4,1639,409,0.49628168340506934,0,0.2903270721435547
per_sightline,16,C2-C3,45,5,1639,409,0.4743424198947872,0,0.2746415138244629
per_sightline,16,C2-C4,45,1,1638,410,0.9341463414634147,0,0.27747011184692383
per_sightline,16,C2-C4,45,2,1638,410,0.9439024390243902,0,0.27394795417785645
per_sightline,16,C2-C4,45,3,1638,410,0.9195121951219513,0,0.2739696502685547
per_sightline,16,C2-C4,45,4,1639,409,0.9143591582974653,0,0.27608656883239746
per_sightline,16,C2-C4,45,5,1639,409,0.914490674318508,0,0.27388882637023926
per_sightline,16,C3-C4,45,1,1638,410,0.9243902439024391,0,0.27204442024230957
per_sightline,16,C3-C4,45,2,1638,410,0.9,0,0.28760361671447754
per_sightline,16,C3-C4,45,3,1638,410,0.9097560975609756,0,0.26906728744506836
per_sightline,16,C3-C4,45,4,1639,409,0.9045671927307508,0,0.2746868133544922
per_sightline,16,C3-C4,45,5,1639,409,0.8900286944045911,0,0.2762446403503418
per_sightline,16,C4-rest,45,1,3276,820,0.9276422764227643,0,0.31624937057495117
per_sightline,16,C4-rest,45,2,3277,819,0.8832257293161168,0,0.349088191986084
per_sightline,16,C4-rest,45,3,3277,819,0.9121673154842298,0,0.32745981216430664
per_sightline,16,C4-rest,45,4,3277,819,0.9007984428378486,0,0.3303673267364502
per_sightline,16,C4-rest,45,5,3277,819,0.9097402081512671,0,0.3394503593444824
per_sightline,16,C1-C2,46,1,1638,410,0.6756097560975609,0,0.2896087169647217
per_sightline,16,C1-C2,46,2,1638,410,0.6560975609756098,0,0.28032565116882324
per_sightline,16,C1-C2,46,3,1638,410,0.6926829268292682,0,0.29470229148864746
per_sightline,16,C1-C2,46,4,1639,409,0.6818388330942133,0,0.28242945671081543
per_sightline,16,C1-C2,46,5,1639,409,0.6897895743663318,0,0.27674341201782227
per_sightline,16,C1-C3,46,1,1638,410,0.6439024390243903,0,0.29468393325805664
per_sightline,16,C1-C3,46,2,1638,410,0.6585365853658536,0,0.27329206466674805
per_sightline,16,C1-C3,46,3,1638,410,0.6292682926829268,0,0.28035783767700195
per_sightline,16,C1-C3,46,4,1639,409,0.625609756097561,0,0.2951242923736572
per_sightline,16,C1-C3,46,5,1639,409,0.6480870396939263,0,0.2786891460418701
per_sightline,16,C1-C4,46,1,1638,410,0.9463414634146341,0,0.26975035667419434
per_sightline,16,C1-C4,46,2,1638,410,0.9341463414634146,0,0.2731313705444336
per_sightline,16,C1-C4,46,3,1638,410,0.9341463414634146,0,0.27506113052368164
per_sightline,16,C1-C4,46,4,1639,409,0.9462338593974176,0,0.2698390483856201
per_sightline,16,C1-C4,46,5,1639,409,0.9462099473935915,0,0.28870201110839844
per_sightline,16,C2-C3,46,1,1638,410,0.4902439024390244,0,0.27291154861450195
per_sightline,16,C2-C3,46,2,1638,410,0.5121951219512195,0,0.275907039642334
per_sightline,16,C2-C3,46,3,1638,410,0.4853658536585366,0,0.27936267852783203
per_sightline,16,C2-C3,46,4,1639,409,0.4987087517934003,0,0.27743101119995117
per_sightline,16,C2-C3,46,5,1639,409,0.5257293161166906,0,0.2742900848388672
per_sightline,16,C2-C4,46,1,1638,410,0.9097560975609756,0,0.2653026580810547
per_sightline,16,C2-C4,46,2,1638,410,0.9048780487804878,0,0.27686452865600586
per_sightline,16,C2-C4,46,3,1638,410,0.9121951219512195,0,0.27271604537963867
per_sightline,16,C2-C4,46,4,1639,409,0.9217838354854138,0,0.28673529624938965
per_sightline,16,C2-C4,46,5,1639,409,0.9389167862266858,0,0.2704770565032959
per_sightline,16,C3-C4,46,1,1638,410,0.8902439024390244,0,0.2770223617553711
per_sightline,16,C3-C4,46,2,1638,410,0.8853658536585366,0,0.26917123794555664
per_sightline,16,C3-C4,46,3,1638,410,0.8926829268292683,0,0.2853870391845703
per_sightline,16,C3-C4,46,4,1639,409,0.9168340506934481,0,0.27216267585754395
per_sightline,16,C3-C4,46,5,1639,409,0.9193926351028217,0,0.2716970443725586
per_sightline,16,C4-rest,46,1,3276,820,0.8983739837398375,0,0.339968204498291
per_sightline,16,C4-rest,46,2,3277,819,0.9248684839789574,0,0.3383972644805908
per_sightline,16,C4-rest,46,3,3277,819,0.9007944704854214,0,0.33542418479919434
per_sightline,16,C4-rest,46,4,3277,819,0.8959124493525066,0,0.33832383155822754
per_sightline,16,C4-rest,46,5,3277,819,0.8991618336378804,0,0.3278977870941162
per_sightline,16,C1-C2,47,1,1638,410,0.6951219512195121,0,0.2813606262207031
per_sightline,16,C1-C2,47,2,1638,410,0.6634146341463414,0,0.28534460067749023
per_sightline,16,C1-C2,47,3,1638,410,0.6780487804878048,0,0.292494535446167
per_sightline,16,C1-C2,47,4,1639,409,0.6696556671449068,0,0.2779219150543213
per_sightline,16,C1-C2,47,5,1639,409,0.6507293161166906,0,0.2840406894683838
per_sightline,16,C1-C3,47,1,1638,410,0.6365853658536585,0,0.2799532413482666
per_sightline,16,C1-C3,47,2,1638,410,0.6780487804878048,0,0.2906036376953125
per_sightline,16,C1-C3,47,3,1638,410,0.6365853658536585,0,0.2741861343383789
per_sightline,16,C1-C3,47,4,1639,409,0.6428383548541368,0,0.2730565071105957
per_sightline,16,C1-C3,47,5,1639,409,0.6041487326637972,0,0.2740612030029297
per_sightline,16,C1-C4,47,1,1638,410,0.948780487804878,0,0.29189610481262207
per_sightline,16,C1-C4,47,2,1638,410,0.9414634146341463,0,0.2680668830871582
per_sightline,16,C1-C4,47,3,1638,410,0.9682926829268292,0,0.27143144607543945
per_sightline,16,C1-C4,47,4,1639,409,0.936453849832616,0,0.272538423538208
per_sightline,16,C1-C4,47,5,1639,409,0.9339670014347202,0,0.273592472076416
per_sightline,16,C2-C3,47,1,1638,410,0.5024390243902439,0,0.2803223133087158
per_sightline,16,C2-C3,47,2,1638,410,0.4975609756097561,0,0.2831075191497803
per_sightline,16,C2-C3,47,3,1638,410,0.5,0,0.2926616668701172
per_sightline,16,C2-C3,47,4,1639,409,0.5452773792443807,0,0.2804698944091797
per_sightline,16,C2-C3,47,5,1639,409,0.5306193208990914,0,0.2874722480773926
per_sightline,16,C2-C4,47,1,1638,410,0.924390243902439,0,0.2729635238647461
per_sightline,16,C2-C4,47,2,1638,410,0.9170731707317072,0,0.2711672782897949
per_sightline,16,C2-C4,47,3,1638,410,0.9317073170731707,0,0.2698488235473633
per_sightline,16,C2-C4,47,4,1639,409,0.9046269727403157,0,0.268585205078125
per_sightline,16,C2-C4,47,5,1639,409,0.9120038259206121,0,0.27912306785583496
per_sightline,16,C3-C4,47,1,1638,410,0.8878048780487805,0,0.2743072509765625
per_sightline,16,C3-C4,47,2,1638,410,0.8951219512195121,0,0.27593445777893066
per_sightline,16,C3-C4,47,3,1638,410,0.921951219512195,0,0.26902079582214355
per_sightline,16,C3-C4,47,4,1639,409,0.8826040172166427,0,0.28434228897094727
per_sightline,16,C3-C4,47,5,1639,409,0.8997847919655667,0,0.2744736671447754
per_sightline,16,C4-rest,47,1,3276,820,0.8894308943089431,0,0.34059929847717285
per_sightline,16,C4-rest,47,2,3277,819,0.9060975609756098,0,0.33092761039733887
per_sightline,16,C4-rest,47,3,3277,819,0.886156351791531,0,0.34333205223083496
per_sightline,16,C4-rest,47,4,3277,819,0.8821005799634544,0,0.3484771251678467
per_sightline,16,C4-rest,47,5,3277,819,0.9105545403988242,0,0.35320425033569336
per_sightline,16,C1-C2,48,1,1638,410,0.6804878048780487,0,0.2799971103668213
per_sightline,16,C1-C2,48,2,1638,410,0.6536585365853659,0,0.27511000633239746
per_sightline,16,C1-C2,48,3,1638,410,0.6487804878048781,0,0.27411842346191406
per_sightline,16,C1-C2,48,4,1639,409,0.7037780966044955,0,0.28767895698547363
per_sightline,16,C1-C2,48,5,1639,409,0.6776064084170254,0,0.27991604804992676
per_sightline,16,C1-C3,48,1,1638,410,0.6439024390243901,0,0.27684640884399414
per_sightline,16,C1-C3,48,2,1638,410,0.6073170731707318,0,0.27361631393432617
per_sightline,16,C1-C3,48,3,1638,410,0.6268292682926829,0,0.2759983539581299
per_sightline,16,C1-C3,48,4,1639,409,0.647584887613582,0,0.28383708000183105
per_sightline,16,C1-C3,48,5,1639,409,0.6578670492587279,0,0.2810790538787842
per_sightline,16,C1-C4,48,1,1638,410,0.9463414634146341,0,0.27378225326538086
per_sightline,16,C1-C4,48,2,1638,410,0.9317073170731707,0,0.27455806732177734
per_sightline,16,C1-C4,48,3,1638,410,0.9390243902439024,0,0.2889218330383301
per_sightline,16,C1-C4,48,4,1639,409,0.9584289813486371,0,0.29441380500793457
per_sightline,16,C1-C4,48,5,1639,409,0.9413438546150168,0,0.27196240425109863
per_sightline,16,C2-C3,48,1,1638,410,0.46585365853658534,0,0.2815968990325928
per_sightline,16,C2-C3,48,2,1638,410,0.5121951219512195,0,0.2738666534423828
per_sightline,16,C2-C3,48,3,1638,410,0.5341463414634147,0,0.27941298484802246
per_sightline,16,C2-C3,48,4,1639,409,0.4863821138211383,0,0.2830336093902588
per_sightline,16,C2-C3,48,5,1639,409,0.48411047345767577,0,0.2819209098815918
per_sightline,16,C2-C4,48,1,1638,410,0.8902439024390244,0,0.2714719772338867
per_sightline,16,C2-C4,48,2,1638,410,0.926829268292683,0,0.26754117012023926
per_sightline,16,C2-C4,48,3,1638,410,0.9341463414634146,0,0.27194881439208984
per_sightline,16,C2-C4,48,4,1639,409,0.9266499282639886,0,0.27578091621398926
per_sightline,16,C2-C4,48,5,1639,409,0.9315997130559541,0,0.26691365242004395
per_sightline,16,C3-C4,48,1,1638,410,0.8829268292682927,0,0.26778531074523926
per_sightline,16,C3-C4,48,2,1638,410,0.9073170731707317,0,0.27550554275512695
per_sightline,16,C3-C4,48,3,1638,410,0.9243902439024391,0,0.28243231773376465
per_sightline,16,C3-C4,48,4,1639,409,0.8777618364418938,0,0.27414393424987793
per_sightline,16,C3-C4,48,5,1639,409,0.8826518412242945,0,0.27442240715026855
per_sightline,16,C4-rest,48,1,3276,820,0.8943089430894309,0,0.31995248794555664
per_sightline,16,C4-rest,48,2,3277,819,0.8971066475370636,0,0.341292142868042
per_sightline,16,C4-rest,48,3,3277,819,0.8894057360769048,0,0.32869863510131836
per_sightline,16,C4-rest,48,4,3277,819,0.8902200683244618,0,0.3390157222747803
per_sightline,16,C4-rest,48,5,3277,819,0.9032295225232383,0,0.3180398941040039
per_sightline,16,C1-C2,49,1,1638,410,0.6707317073170731,0,0.2824535369873047
per_sightline,16,C1-C2,49,2,1638,410,0.6609756097560976,0,0.27396392822265625
per_sightline,16,C1-C2,49,3,1638,410,0.6878048780487804,0,0.2742576599121094
per_sightline,16,C1-C2,49,4,1639,409,0.6867766618842659,0,0.29344654083251953
per_sightline,16,C1-C2,49,5,1639,409,0.6481109516977522,0,0.28206968307495117
per_sightline,16,C1-C3,49,1,1638,410,0.6268292682926829,0,0.2858250141143799
per_sightline,16,C1-C3,49,2,1638,410,0.6439024390243901,0,0.2761383056640625
per_sightline,16,C1-C3,49,3,1638,410,0.6195121951219512,0,0.27439188957214355
per_sightline,16,C1-C3,49,4,1639,409,0.6599115255858441,0,0.281984806060791
per_sightline,16,C1-C3,49,5,1639,409,0.5943089430894308,0,0.2816617488861084
per_sightline,16,C1-C4,49,1,1638,410,0.9439024390243902,0,0.27138328552246094
per_sightline,16,C1-C4,49,2,1638,410,0.9463414634146341,0,0.2745234966278076
per_sightline,16,C1-C4,49,3,1638,410,0.9341463414634147,0,0.2780578136444092
per_sightline,16,C1-C4,49,4,1639,409,0.9535509325681493,0,0.27307629585266113
per_sightline,16,C1-C4,49,5,1639,409,0.9437230989956958,0,0.27103114128112793
per_sightline,16,C2-C3,49,1,1638,410,0.5048780487804878,0,0.28559136390686035
per_sightline,16,C2-C3,49,2,1638,410,0.5146341463414634,0,0.2744767665863037
per_sightline,16,C2-C3,49,3,1638,410,0.5170731707317073,0,0.2855215072631836
per_sightline,16,C2-C3,49,4,1639,409,0.4645863223338116,0,0.28267359733581543
per_sightline,16,C2-C3,49,5,1639,409,0.4864179818268771,0,0.28739142417907715
per_sightline,16,C2-C4,49,1,1638,410,0.8804878048780488,0,0.26938319206237793
per_sightline,16,C2-C4,49,2,1638,410,0.9195121951219513,0,0.2708127498626709
per_sightline,16,C2-C4,49,3,1638,410,0.9341463414634147,0,0.2734065055847168
per_sightline,16,C2-C4,49,4,1639,409,0.9095289335246294,0,0.2749965190887451
per_sightline,16,C2-C4,49,5,1639,409,0.9193208990913438,0,0.2758495807647705
per_sightline,16,C3-C4,49,1,1638,410,0.848780487804878,0,0.272139310836792
per_sightline,16,C3-C4,49,2,1638,410,0.8853658536585366,0,0.28542661666870117
per_sightline,16,C3-C4,49,3,1638,410,0.9024390243902439,0,0.2850372791290283
per_sightline,16,C3-C4,49,4,1639,409,0.8753108560497369,0,0.27018213272094727
per_sightline,16,C3-C4,49,5,1639,409,0.9021999043519847,0,0.27687621116638184
per_sightline,16,C4-rest,49,1,3276,820,0.8894308943089431,0,0.3291299343109131
per_sightline,16,C4-rest,49,2,3277,819,0.9020444763271163,0,0.3227372169494629
per_sightline,16,C4-rest,49,3,3277,819,0.907293239056169,0,0.3619980812072754
per_sightline,16,C4-rest,49,4,3277,819,0.8837212997537142,0,0.32263922691345215
per_sightline,16,C4-rest,49,5,3277,819,0.9024231349805354,0,0.3248884677886963
per_sightline,16,C1-C2,50,1,1638,410,0.6463414634146342,0,0.2806727886199951
per_sightline,16,C1-C2,50,2,1638,410,0.7,0,0.28667497634887695
per_sightline,16,C1-C2,50,3,1638,410,0.7024390243902439,0,0.2770078182220459
per_sightline,16,C1-C2,50,4,1639,409,0.6671688187470111,0,0.2830085754394531
per_sightline,16,C1-C2,50,5,1639,409,0.7018651362984218,0,0.27428698539733887
per_sightline,16,C1-C3,50,1,1638,410,0.6121951219512195,0,0.2801980972290039
per_sightline,16,C1-C3,50,2,1638,410,0.6487804878048781,0,0.2793118953704834
per_sightline,16,C1-C3,50,3,1638,410,0.7024390243902439,0,0.28418612480163574
per_sightline,16,C1-C3,50,4,1639,409,0.6233142037302726,0,0.28459739685058594
per_sightline,16,C1-C3,50,5,1639,409,0.6383428981348638,0,0.28008198738098145
per_sightline,16,C1-C4,50,1,1638,410,0.9146341463414634,0,0.26683807373046875
per_sightline,16,C1-C4,50,2,1638,410,0.9585365853658536,0,0.2697913646697998
per_sightline,16,C1-C4,50,3,1638,410,0.9658536585365853,0,0.27289509773254395
per_sightline,16,C1-C4,50,4,1639,409,0.9389167862266858,0,0.26964402198791504
per_sightline,16,C1-C4,50,5,1639,409,0.9437111429937828,0,0.276263952255249
per_sightline,16,C2-C3,50,1,1638,410,0.47317073170731705,0,0.29437947273254395
per_sightline,16,C2-C3,50,2,1638,410,0.47073170731707314,0,0.28543853759765625
per_sightline,16,C2-C3,50,3,1638,410,0.5024390243902439,0,0.2847738265991211
per_sightline,16,C2-C3,50,4,1639,409,0.4938904830224773,0,0.2797541618347168
per_sightline,16,C2-C3,50,5,1639,409,0.5037900526064084,0,0.27494144439697266
per_sightline,16,C2-C4,50,1,1638,410,0.8682926829268293,0,0.27529215812683105
per_sightline,16,C2-C4,50,2,1638,410,0.9024390243902439,0,0.2682228088378906
per_sightline,16,C2-C4,50,3,1638,410,0.9317073170731707,0,0.2737863063812256
per_sightline,16,C2-C4,50,4,1639,409,0.9291487326637973,0,0.27555036544799805
per_sightline,16,C2-C4,50,5,1639,409,0.9071496891439503,0,0.27106571197509766
per_sightline,16,C3-C4,50,1,1638,410,0.8731707317073171,0,0.27376723289489746
per_sightline,16,C3-C4,50,2,1638,410,0.8951219512195122,0,0.27404332160949707
per_sightline,16,C3-C4,50,3,1638,410,0.9048780487804878,0,0.2704331874847412
per_sightline,16,C3-C4,50,4,1639,409,0.9095408895265423,0,0.26993227005004883
per_sightline,16,C3-C4,50,5,1639,409,0.8973218555714969,0,0.27863168716430664
per_sightline,16,C4-rest,50,1,3276,820,0.9097560975609755,0,0.3384554386138916
per_sightline,16,C4-rest,50,2,3277,819,0.9028096604495457,0,0.33304929733276367
per_sightline,16,C4-rest,50,3,3277,819,0.9016088027329785,0,0.3257443904876709
per_sightline,16,C4-rest,50,4,3277,819,0.8877889886390721,0,0.3205294609069824
per_sightline,16,C4-rest,50,5,3277,819,0.8934694526098355,0,0.34853696823120117
per_sightline,16,C1-C2,51,1,1638,410,0.6341463414634146,0,0.28231263160705566
per_sightline,16,C1-C2,51,2,1638,410,0.6878048780487804,0,0.27481603622436523
per_sightline,16,C1-C2,51,3,1638,410,0.6487804878048781,0,0.3024005889892578
per_sightline,16,C1-C2,51,4,1639,409,0.6818149210903873,0,0.2762265205383301
per_sightline,16,C1-C2,51,5,1639,409,0.6970946915351506,0,0.2836191654205322
per_sightline,16,C1-C3,51,1,1638,410,0.6341463414634146,0,0.2710425853729248
per_sightline,16,C1-C3,51,2,1638,410,0.6902439024390243,0,0.28113818168640137
per_sightline,16,C1-C3,51,3,1638,410,0.6439024390243901,0,0.27497196197509766
per_sightline,16,C1-C3,51,4,1639,409,0.6549258727881397,0,0.2931509017944336
per_sightline,16,C1-C3,51,5,1639,409,0.6774509803921569,0,0.28293919563293457
per_sightline,16,C1-C4,51,1,1638,410,0.9536585365853658,0,0.2717854976654053
per_sightline,16,C1-C4,51,2,1638,410,0.9390243902439024,0,0.2864551544189453
per_sightline,16,C1-C4,51,3,1638,410,0.9292682926829269,0,0.27002525329589844
per_sightline,16,C1-C4,51,4,1639,409,0.9291606886657102,0,0.27352309226989746
per_sightline,16,C1-C4,51,5,1639,409,0.9413199426111908,0,0.2718369960784912
per_sightline,16,C2-C3,51,1,1638,410,0.5317073170731708,0,0.2834904193878174
per_sightline,16,C2-C3,51,2,1638,410,0.5121951219512195,0,0.2750062942504883
per_sightline,16,C2-C3,51,3,1638,410,0.5146341463414634,0,0.27655959129333496
per_sightline,16,C2-C3,51,4,1639,409,0.5182568149210904,0,0.28142523765563965
per_sightline,16,C2-C3,51,5,1639,409,0.4866929698708752,0,0.2817976474761963
per_sightline,16,C2-C4,51,1,1638,410,0.9268292682926829,0,0.2712249755859375
per_sightline,16,C2-C4,51,2,1638,410,0.9219512195121952,0,0.2867121696472168
per_sightline,16,C2-C4,51,3,1638,410,0.9048780487804878,0,0.2754979133605957
per_sightline,16,C2-C4,51,4,1639,409,0.8948589191774271,0,0.2846229076385498
per_sightline,16,C2-C4,51,5,1639,409,0.9315518890483023,0,0.27501964569091797
per_sightline,16,C3-C4,51,1,1638,410,0.9024390243902439,0,0.2730226516723633
per_sightline,16,C3-C4,51,2,1638,410,0.875609756097561,0,0.2798330783843994
per_sightline,16,C3-C4,51,3,1638,410,0.8878048780487805,0,0.2691307067871094
per_sightline,16,C3-C4,51,4,1639,409,0.8875059780009564,0,0.2730257511138916
per_sightline,16,C3-C4,51,5,1639,409,0.912051649928264,0,0.275188684463501
per_sightline,16,C4-rest,51,1,3276,820,0.8926829268292683,0,0.33643388748168945
per_sightline,16,C4-rest,51,2,3277,819,0.8970946915351506,0,0.32749128341674805
per_sightline,16,C4-rest,51,3,3277,819,0.8991618336378804,0,0.33227992057800293
per_sightline,16,C4-rest,51,4,3277,819,0.8942877572098196,0,0.3376936912536621
per_sightline,16,C4-rest,51,5,3277,819,0.9170533089695718,0,0.33982324600219727
per_sightline,32,C1-C2,42,1,819,205,0.8191033695031411,0,0.2602212429046631
per_sightline,32,C1-C2,42,2,819,205,0.7802684180468304,0,0.2632133960723877
per_sightline,32,C1-C2,42,3,819,205,0.7806967447173043,0,0.25670480728149414
per_sightline,32,C1-C2,42,4,819,205,0.8345231296402056,0,0.2655045986175537
per_sightline,32,C1-C2,42,5,820,204,0.7696078431372549,0,0.2562880516052246
per_sightline,32,C1-C3,42,1,819,205,0.6973634113839711,0,0.26570916175842285
per_sightline,32,C1-C3,42,2,819,205,0.7018846373500857,0,0.2686176300048828
per_sightline,32,C1-C3,42,3,819,205,0.7175423567485246,0,0.2572743892669678
per_sightline,32,C1-C3,42,4,819,205,0.7565676756139349,0,0.25524115562438965
per_sightline,32,C1-C3,42,5,820,204,0.7205882352941176,0,0.27117109298706055
per_sightline,32,C1-C4,42,1,819,205,0.9512183514182372,0,0.25627589225769043
per_sightline,32,C1-C4,42,2,819,205,0.9415096135541595,0,0.2552614212036133
per_sightline,32,C1-C4,42,3,819,205,0.9609270892823149,0,0.25660133361816406
per_sightline,32,C1-C4,42,4,819,205,0.9659242337711784,0,0.24504590034484863
per_sightline,32,C1-C4,42,5,820,204,0.9705882352941176,0,0.2595970630645752
per_sightline,32,C2-C3,42,1,819,205,0.4874833428517038,0,0.2595789432525635
per_sightline,32,C2-C3,42,2,819,205,0.5073291452503331,0,0.2681405544281006
per_sightline,32,C2-C3,42,3,819,205,0.5171330668189607,0,0.2688736915588379
per_sightline,32,C2-C3,42,4,819,205,0.5026651437273939,0,0.2661473751068115
per_sightline,32,C2-C3,42,5,820,204,0.5441176470588236,0,0.26352739334106445
per_sightline,32,C2-C4,42,1,819,205,0.9366552446221207,0,0.2581627368927002
per_sightline,32,C2-C4,42,2,819,205,0.9365600609175709,0,0.2465662956237793
per_sightline,32,C2-C4,42,3,819,205,0.9512659432705122,0,0.26668787002563477
per_sightline,32,C2-C4,42,4,819,205,0.9318008756900819,0,0.27229738235473633
per_sightline,32,C2-C4,42,5,820,204,0.9558823529411764,0,0.26541709899902344
per_sightline,32,C3-C4,42,1,819,205,0.9121930325528269,0,0.2605774402618408
per_sightline,32,C3-C4,42,2,819,205,0.9268037312012183,0,0.25743651390075684
per_sightline,32,C3-C4,42,3,819,205,0.9366076527698458,0,0.24578404426574707
per_sightline,32,C3-C4,42,4,819,205,0.9024367028364744,0,0.2677338123321533
per_sightline,32,C3-C4,42,5,820,204,0.9362745098039216,0,0.2515418529510498
per_sightline,32,C4-rest,42,1,1638,410,0.926502419149478,0,0.27299022674560547
per_sightline,32,C4-rest,42,2,1638,410,0.9530533506214225,0,0.2752685546875
per_sightline,32,C4-rest,42,3,1638,410,0.9141551500585055,0,0.27118897438049316
per_sightline,32,C4-rest,42,4,1639,409,0.9199559302548381,0,0.2777740955352783
per_sightline,32,C4-rest,42,5,1639,409,0.9477390304656064,0,0.2736177444458008
per_sightline,32,C1-C2,43,1,819,205,0.7505235103750239,0,0.2557220458984375
per_sightline,32,C1-C2,43,2,819,205,0.7415286502950695,0,0.2676680088043213
per_sightline,32,C1-C2,43,3,819,205,0.7955929944793452,0,0.26454782485961914
per_sightline,32,C1-C2,43,4,819,205,0.8246240243670284,0,0.26601457595825195
per_sightline,32,C1-C2,43,5,820,204,0.7990196078431373,0,0.26339292526245117
per_sightline,32,C1-C3,43,1,819,205,0.696982676565772,0,0.257915735244751
per_sightline,32,C1-C3,43,2,819,205,0.6728536074624024,0,0.26103758811950684
per_sightline,32,C1-C3,43,3,819,205,0.7469065296021322,0,0.2668614387512207
per_sightline,32,C1-C3,43,4,819,205,0.7368170569198553,0,0.26111769676208496
per_sightline,32,C1-C3,43,5,820,204,0.7794117647058824,0,0.2591993808746338
per_sightline,32,C1-C4,43,1,819,205,0.98043974871502,0,0.2590334415435791
per_sightline,32,C1-C4,43,2,819,205,0.9462687987816486,0,0.263472318649292
per_sightline,32,C1-C4,43,3,819,205,0.9706834189986675,0,0.2600553035736084
per_sightline,32,C1-C4,43,4,819,205,0.956120312202551,0,0.24605202674865723
per_sightline,32,C1-C4,43,5,820,204,0.9705882352941176,0,0.2645595073699951
per_sightline,32,C2-C3,43,1,819,205,0.5072815533980582,0,0.26694202423095703
per_sightline,32,C2-C3,43,2,819,205,0.4973348562726061,0,0.258148193359375
per_sightline,32,C2-C3,43,3,819,205,0.5074719208071579,0,0.2695329189300537
per_sightline,32,C2-C3,43,4,819,205,0.4782029316581001,0,0.26026129722595215
per_sightline,32,C2-C3,43,5,820,204,0.4950980392156863,0,0.254608154296875
per_sightline,32,C2-C4,43,1,819,205,0.9610698648391396,0,0.26729846000671387
per_sightline,32,C2-C4,43,2,819,205,0.9414144298496098,0,0.2591269016265869
per_sightline,32,C2-C4,43,3,819,205,0.9512659432705122,0,0.24923443794250488
per_sightline,32,C2-C4,43,4,819,205,0.936512469065296,0,0.24301934242248535
per_sightline,32,C2-C4,43,5,820,204,0.9313725490196079,0,0.2639803886413574
per_sightline,32,C3-C4,43,1,819,205,0.9464115743384733,0,0.24853992462158203
per_sightline,32,C3-C4,43,2,819,205,0.9316105082809822,0,0.2650120258331299
per_sightline,32,C3-C4,43,3,819,205,0.9366076527698458,0,0.24582719802856445
per_sightline,32,C3-C4,43,4,819,205,0.9415096135541595,0,0.26271677017211914
per_sightline,32,C3-C4,43,5,820,204,0.9313725490196079,0,0.2546257972717285
per_sightline,32,C4-rest,43,1,1638,410,0.9510440539852305,0,0.2856574058532715
per_sightline,32,C4-rest,43,2,1638,410,0.9417159482622308,0,0.27272677421569824
per_sightline,32,C4-rest,43,3,1638,410,0.933604250339964,0,0.2754533290863037
per_sightline,32,C4-rest,43,4,1639,409,0.9183432330586958,0,0.27121496200561523
per_sightline,32,C4-rest,43,5,1639,409,0.9281152200293799,0,0.27156543731689453
per_sightline,32,C1-C2,44,1,819,205,0.7945935655815725,0,0.25535082817077637
per_sightline,32,C1-C2,44,2,819,205,0.7899771559109081,0,0.2597160339355469
per_sightline,32,C1-C2,44,3,819,205,0.7758899676375405,0,0.2645242214202881
per_sightline,32,C1-C2,44,4,819,205,0.8247192080715782,0,0.2565748691558838
per_sightline,32,C1-C2,44,5,820,204,0.7745098039215685,0,0.2677145004272461
per_sightline,32,C1-C3,44,1,819,205,0.7262992575671046,0,0.2544105052947998
per_sightline,32,C1-C3,44,2,819,205,0.7459546925566343,0,0.2575342655181885
per_sightline,32,C1-C3,44,3,819,205,0.7128783552255853,0,0.26514697074890137
per_sightline,32,C1-C3,44,4,819,205,0.7466209784884827,0,0.2631111145019531
per_sightline,32,C1-C3,44,5,820,204,0.7352941176470589,0,0.26004457473754883
per_sightline,32,C1-C4,44,1,819,205,0.9560251284980011,0,0.2643241882324219
per_sightline,32,C1-C4,44,2,819,205,0.9657814582143537,0,0.258481502532959
per_sightline,32,C1-C4,44,3,819,205,0.9658766419189035,0,0.25563836097717285
per_sightline,32,C1-C4,44,4,819,205,0.9706834189986675,0,0.2551271915435791
per_sightline,32,C1-C4,44,5,820,204,0.9656862745098039,0,0.2593648433685303
per_sightline,32,C2-C3,44,1,819,205,0.50214163335237,0,0.2673454284667969
per_sightline,32,C2-C3,44,2,819,205,0.5024271844660194,0,0.2672605514526367
per_sightline,32,C2-C3,44,3,819,205,0.5370264610698648,0,0.2606370449066162
per_sightline,32,C2-C3,44,4,819,205,0.5120407386255473,0,0.2558741569519043
per_sightline,32,C2-C3,44,5,820,204,0.5,0,0.26607799530029297
per_sightline,32,C2-C4,44,1,819,205,0.9364648772130211,0,0.24263286590576172
per_sightline,32,C2-C4,44,2,819,205,0.9658290500666287,0,0.251070499420166
per_sightline,32,C2-C4,44,3,819,205,0.9562154959071008,0,0.26712918281555176
per_sightline,32,C2-C4,44,4,819,205,0.9414620217018846,0,0.2563455104827881
per_sightline,32,C2-C4,44,5,820,204,0.9362745098039216,0,0.2571876049041748
per_sightline,32,C3-C4,44,1,819,205,0.9169998096325909,0,0.24412918090820312
per_sightline,32,C3-C4,44,2,819,205,0.96087949743004,0,0.26062726974487305
per_sightline,32,C3-C4,44,3,819,205,0.9317056919855321,0,0.24602365493774414
per_sightline,32,C3-C4,44,4,819,205,0.9073386636207881,0,0.2617044448852539
per_sightline,32,C3-C4,44,5,820,204,0.9264705882352942,0,0.26210522651672363
per_sightline,32,C4-rest,44,1,1638,410,0.9102686529157118,0,0.2682530879974365
per_sightline,32,C4-rest,44,2,1638,410,0.9336358748932672,0,0.27909398078918457
per_sightline,32,C4-rest,44,3,1638,410,0.928718256854622,0,0.2714498043060303
per_sightline,32,C4-rest,44,4,1639,409,0.9281471546273232,0,0.275022029876709
per_sightline,32,C4-rest,44,5,1639,409,0.9183112984607524,0,0.27197957038879395
per_sightline,32,C1-C2,45,1,819,205,0.7608509423186751,0,0.25241804122924805
per_sightline,32,C1-C2,45,2,819,205,0.7803160098991053,0,0.2673015594482422
per_sightline,32,C1-C2,45,3,819,205,0.7808395202741291,0,0.2564868927001953
per_sightline,32,C1-C2,45,4,819,205,0.766514372739387,0,0.2623298168182373
per_sightline,32,C1-C2,45,5,820,204,0.7794117647058824,0,0.2672584056854248
per_sightline,32,C1-C3,45,1,819,205,0.6779459356558157,0,0.2672605514526367
per_sightline,32,C1-C3,45,2,819,205,0.7561393489434609,0,0.26592040061950684
per_sightline,32,C1-C3,45,3,819,205,0.7418617932609937,0,0.2714099884033203
per_sightline,32,C1-C3,45,4,819,205,0.6933181039406053,0,0.26218366622924805
per_sightline,32,C1-C3,45,5,820,204,0.7156862745098039,0,0.2683112621307373
per_sightline,32,C1-C4,45,1,819,205,0.956072720350276,0,0.2782132625579834
per_sightline,32,C1-C4,45,2,819,205,0.9463639824861984,0,0.26238560676574707
per_sightline,32,C1-C4,45,3,819,205,0.9803921568627452,0,0.2595798969268799
per_sightline,32,C1-C4,45,4,819,205,0.9609270892823149,0,0.24947118759155273
per_sightline,32,C1-C4,45,5,820,204,0.9705882352941176,0,0.25554919242858887
per_sightline,32,C2-C3,45,1,819,205,0.5654863887302494,0,0.2636678218841553
per_sightline,32,C2-C3,45,2,819,205,0.4876737102608033,0,0.2637622356414795
per_sightline,32,C2-C3,45,3,819,205,0.5561583856843708,0,0.26871633529663086
per_sightline,32,C2-C3,45,4,819,205,0.5026651437273939,0,0.2558431625366211
per_sightline,32,C2-C3,45,5,820,204,0.5,0,0.26650500297546387
per_sightline,32,C2-C4,45,1,819,205,0.9510755758614124,0,0.25815415382385254
per_sightline,32,C2-C4,45,2,819,205,0.9071482962116886,0,0.24741029739379883
per_sightline,32,C2-C4,45,3,819,205,0.9511231677136874,0,0.2580556869506836
per_sightline,32,C2-C4,45,4,819,205,0.9463163906339235,0,0.26149988174438477
per_sightline,32,C2-C4,45,5,820,204,0.9607843137254901,0,0.25781893730163574
per_sightline,32,C3-C4,45,1,819,205,0.9363696935084713,0,0.25159454345703125
per_sightline,32,C3-C4,45,2,819,205,0.8974871501998858,0,0.25490498542785645
per_sightline,32,C3-C4,45,3,819,205,0.9170474014848657,0,0.25255799293518066
per_sightline,32,C3-C4,45,4,819,205,0.9415572054064345,0,0.2683145999908447
per_sightline,32,C3-C4,45,5,820,204,0.9215686274509804,0,0.26576924324035645
per_sightline,32,C4-rest,45,1,1638,410,0.8840399796282149,0,0.27161264419555664
per_sightline,32,C4-rest,45,2,1638,410,0.9432813636507384,0,0.2720668315887451
per_sightline,32,C4-rest,45,3,1638,410,0.9497960216311945,0,0.2723243236541748
per_sightline,32,C4-rest,45,4,1639,409,0.9265025228332375,0,0.27277684211730957
per_sightline,32,C4-rest,45,5,1639,409,0.936306444401865,0,0.2702479362487793
per_sightline,32,C1-C2,46,1,819,205,0.7407195888063964,0,0.26699209213256836
per_sightline,32,C1-C2,46,2,819,205,0.7655149438416142,0,0.2637453079223633
per_sightline,32,C1-C2,46,3,819,205,0.8539406053683609,0,0.257526159286499
per_sightline,32,C1-C2,46,4,819,205,0.8000666285931848,0,0.25467848777770996
per_sightline,32,C1-C2,46,5,820,204,0.7941176470588236,0,0.26596808433532715
per_sightline,32,C1-C3,46,1,819,205,0.7163525604416523,0,0.26537060737609863
per_sightline,32,C1-C3,46,2,819,205,0.7460022844089091,0,0.25838541984558105
per_sightline,32,C1-C3,46,3,819,205,0.7809347039786789,0,0.2626371383666992
per_sightline,32,C1-C3,46,4,819,205,0.7123072529982868,0,0.2591211795806885
per_sightline,32,C1-C3,46,5,820,204,0.7401960784313726,0,0.2558631896972656
per_sightline,32,C1-C4,46,1,819,205,0.9707786027032173,0,0.2513408660888672
per_sightline,32,C1-C4,46,2,819,205,0.9610222729868647,0,0.25794434547424316
per_sightline,32,C1-C4,46,3,819,205,0.9659242337711784,0,0.24096322059631348
per_sightline,32,C1-C4,46,4,819,205,0.9366076527698458,0,0.2674431800842285
per_sightline,32,C1-C4,46,5,820,204,0.9705882352941176,0,0.2565913200378418
per_sightline,32,C2-C3,46,1,819,205,0.5268893965353132,0,0.2617058753967285
per_sightline,32,C2-C3,46,2,819,205,0.5364553588425661,0,0.26177334785461426
per_sightline,32,C2-C3,46,3,819,205,0.4830097087378641,0,0.2695808410644531
per_sightline,32,C2-C3,46,4,819,205,0.5028079192842185,0,0.26037073135375977
per_sightline,32,C2-C3,46,5,820,204,0.5147058823529411,0,0.27183103561401367
per_sightline,32,C2-C4,46,1,819,205,0.9562154959071008,0,0.2590632438659668
per_sightline,32,C2-C4,46,2,819,205,0.9219017704169046,0,0.24870944023132324
per_sightline,32,C2-C4,46,3,819,205,0.956120312202551,0,0.2592465877532959
per_sightline,32,C2-C4,46,4,819,205,0.9512183514182372,0,0.2653055191040039
per_sightline,32,C2-C4,46,5,820,204,0.946078431372549,0,0.2546412944793701
per_sightline,32,C3-C4,46,1,819,205,0.9221873215305539,0,0.24439573287963867
per_sightline,32,C3-C4,46,2,819,205,0.9219493622691795,0,0.2540779113769531
per_sightline,32,C3-C4,46,3,819,205,0.9268037312012183,0,0.2694566249847412
per_sightline,32,C3-C4,46,4,819,205,0.9219017704169046,0,0.2641928195953369
per_sightline,32,C3-C4,46,5,820,204,0.9068627450980392,0,0.2581510543823242
per_sightline,32,C4-rest,46,1,1638,410,0.9117965367965368,0,0.2692551612854004
per_sightline,32,C4-rest,46,2,1638,410,0.9221719743208627,0,0.26952552795410156
per_sightline,32,C4-rest,46,3,1638,410,0.9222984725340755,0,0.27196216583251953
per_sightline,32,C4-rest,46,4,1639,409,0.9722328670882033,0,0.2727386951446533
per_sightline,32,C4-rest,46,5,1639,409,0.9330171808136936,0,0.2753763198852539
per_sightline,32,C1-C2,47,1,819,205,0.7556634304207119,0,0.25652170181274414
per_sightline,32,C1-C2,47,2,819,205,0.7704644964782029,0,0.26427340507507324
per_sightline,32,C1-C2,47,3,819,205,0.8053969160479726,0,0.2562129497528076
per_sightline,32,C1-C2,47,4,819,205,0.8148201027984009,0,0.258162260055542
per_sightline,32,C1-C2,47,5,820,204,0.8088235294117647,0,0.26396751403808594
per_sightline,32,C1-C3,47,1,819,205,0.7068341899866742,0,0.2560701370239258
per_sightline,32,C1-C3,47,2,819,205,0.7510470207500476,0,0.253842830657959
per_sightline,32,C1-C3,47,3,819,205,0.771321149819151,0,0.267409086227417
per_sightline,32,C1-C3,47,4,819,205,0.6881781838949171,0,0.265378475189209
per_sightline,32,C1-C3,47,5,820,204,0.7549019607843137,0,0.2604219913482666
per_sightline,32,C1-C4,47,1,819,205,0.9511707595659623,0,0.26299190521240234
per_sightline,32,C1-C4,47,2,819,205,0.9707310108509424,0,0.23982667922973633
per_sightline,32,C1-C4,47,3,819,205,0.9707310108509424,0,0.2547011375427246
per_sightline,32,C1-C4,47,4,819,205,0.9902912621359223,0,0.26484227180480957
per_sightline,32,C1-C4,47,5,820,204,0.9656862745098039,0,0.2566964626312256
per_sightline,32,C2-C3,47,1,819,205,0.4880544450790024,0,0.26499366760253906
per_sightline,32,C2-C3,47,2,819,205,0.5414049114791548,0,0.2630302906036377
per_sightline,32,C2-C3,47,3,819,205,0.492623262897392,0,0.26885128021240234
per_sightline,32,C2-C3,47,4,819,205,0.5269845802398629,0,0.26636290550231934
per_sightline,32,C2-C3,47,5,820,204,0.5147058823529411,0,0.26167845726013184
per_sightline,32,C2-C4,47,1,819,205,0.9463163906339235,0,0.2607543468475342
per_sightline,32,C2-C4,47,2,819,205,0.9317056919855321,0,0.26111602783203125
per_sightline,32,C2-C4,47,3,819,205,0.951313535122787,0,0.2592127323150635
per_sightline,32,C2-C4,47,4,819,205,0.9658766419189035,0,0.26908135414123535
per_sightline,32,C2-C4,47,5,820,204,0.9509803921568627,0,0.2655031681060791
per_sightline,32,C3-C4,47,1,819,205,0.9315153245764325,0,0.2583808898925781
per_sightline,32,C3-C4,47,2,819,205,0.9218541785646297,0,0.2725796699523926
per_sightline,32,C3-C4,47,3,819,205,0.9268989149057681,0,0.263885498046875
per_sightline,32,C3-C4,47,4,819,205,0.9414620217018846,0,0.257922887802124
per_sightline,32,C3-C4,47,5,820,204,0.9313725490196079,0,0.26903247833251953
per_sightline,32,C4-rest,47,1,1638,410,0.9330914183855361,0,0.27683353424072266
per_sightline,32,C4-rest,47,2,1638,410,0.9336358748932672,0,0.27343320846557617
per_sightline,32,C4-rest,47,3,1638,410,0.9190095189905443,0,0.27590417861938477
per_sightline,32,C4-rest,47,4,1639,409,0.9215845947499521,0,0.27149295806884766
per_sightline,32,C4-rest,47,5,1639,409,0.9477390304656064,0,0.2749648094177246
per_sightline,32,C1-C2,48,1,819,205,0.819531696173615,0,0.2633209228515625
per_sightline,32,C1-C2,48,2,819,205,0.7849800114220445,0,0.2568800449371338
per_sightline,32,C1-C2,48,3,819,205,0.8146297353893013,0,0.25434112548828125
per_sightline,32,C1-C2,48,4,819,205,0.7615648201027985,0,0.26833534240722656
per_sightline,32,C1-C2,48,5,820,204,0.803921568627451,0,0.27593374252319336
per_sightline,32,C1-C3,48,1,819,205,0.7607557586141253,0,0.2598555088043213
per_sightline,32,C1-C3,48,2,819,205,0.7311060346468684,0,0.2598402500152588
per_sightline,32,C1-C3,48,3,819,205,0.7709880068532267,0,0.2647359371185303
per_sightline,32,C1-C3,48,4,819,205,0.7372453835903293,0,0.26813507080078125
per_sightline,32,C1-C3,48,5,820,204,0.7107843137254901,0,0.25620508193969727
per_sightline,32,C1-C4,48,1,819,205,0.9511707595659623,0,0.2514317035675049
per_sightline,32,C1-C4,48,2,819,205,0.98043974871502,0,0.26072120666503906
per_sightline,32,C1-C4,48,3,819,205,0.9608319055777651,0,0.25520753860473633
per_sightline,32,C1-C4,48,4,819,205,0.9805349324195698,0,0.24446487426757812
per_sightline,32,C1-C4,48,5,820,204,0.9607843137254902,0,0.25727272033691406
per_sightline,32,C2-C3,48,1,819,205,0.5221302113078241,0,0.25467848777770996
per_sightline,32,C2-C3,48,2,819,205,0.5560632019798211,0,0.2637753486633301
per_sightline,32,C2-C3,48,3,819,205,0.48329525985151345,0,0.254772424697876
per_sightline,32,C2-C3,48,4,819,205,0.5562059775366457,0,0.26263880729675293
per_sightline,32,C2-C3,48,5,820,204,0.5098039215686274,0,0.26493000984191895
per_sightline,32,C2-C4,48,1,819,205,0.9365600609175709,0,0.25421857833862305
per_sightline,32,C2-C4,48,2,819,205,0.9218541785646297,0,0.2480466365814209
per_sightline,32,C2-C4,48,3,819,205,0.9414620217018846,0,0.25800395011901855
per_sightline,32,C2-C4,48,4,819,205,0.98043974871502,0,0.26955747604370117
per_sightline,32,C2-C4,48,5,820,204,0.9705882352941176,0,0.2592601776123047
per_sightline,32,C3-C4,48,1,819,205,0.9268037312012183,0,0.25716495513916016
per_sightline,32,C3-C4,48,2,819,205,0.8780220826194556,0,0.26258373260498047
per_sightline,32,C3-C4,48,3,819,205,0.8928231486769465,0,0.26303577423095703
per_sightline,32,C3-C4,48,4,819,205,0.956120312202551,0,0.25559186935424805
per_sightline,32,C3-C4,48,5,820,204,0.9166666666666667,0,0.2549872398376465
per_sightline,32,C4-rest,48,1,1638,410,0.9380252100840336,0,0.27388620376586914
per_sightline,32,C4-rest,48,2,1638,410,0.9125581101166946,0,0.29631900787353516
per_sightline,32,C4-rest,48,3,1638,410,0.9481673571360805,0,0.2699544429779053
per_sightline,32,C4-rest,48,4,1639,409,0.936306444401865,0,0.2763857841491699
per_sightline,32,C4-rest,48,5,1639,409,0.9248578910391518,0,0.27509450912475586
per_sightline,32,C1-C2,49,1,819,205,0.7459546925566343,0,0.25760579109191895
per_sightline,32,C1-C2,49,2,819,205,0.7800780506377307,0,0.26574134826660156
per_sightline,32,C1-C2,49,3,819,205,0.7564249000571102,0,0.26189374923706055
per_sightline,32,C1-C2,49,4,819,205,0.8005901389682086,0,0.2599151134490967
per_sightline,32,C1-C2,49,5,820,204,0.7745098039215685,0,0.2655370235443115
per_sightline,32,C1-C3,49,1,819,205,0.6824671616219303,0,0.2634131908416748
per_sightline,32,C1-C3,49,2,819,205,0.7461926518180088,0,0.2686796188354492
per_sightline,32,C1-C3,49,3,819,205,0.7173995811917,0,0.258622407913208
per_sightline,32,C1-C3,49,4,819,205,0.7667523320007614,0,0.26457643508911133
per_sightline,32,C1-C3,49,5,820,204,0.7450980392156863,0,0.2536005973815918
per_sightline,32,C1-C4,49,1,819,205,0.931753283837807,0,0.29282355308532715
per_sightline,32,C1-C4,49,2,819,205,0.9755853797829812,0,0.237623929977417
per_sightline,32,C1-C4,49,3,819,205,0.9609270892823149,0,0.2666339874267578
per_sightline,32,C1-C4,49,4,819,205,0.98043974871502,0,0.2506065368652344
per_sightline,32,C1-C4,49,5,820,204,0.9705882352941176,0,0.25615572929382324
per_sightline,32,C2-C3,49,1,819,205,0.5511136493432325,0,0.26599931716918945
per_sightline,32,C2-C3,49,2,819,205,0.48781648581762804,0,0.264401912689209
per_sightline,32,C2-C3,49,3,819,205,0.512183514182372,0,0.26428699493408203
per_sightline,32,C2-C3,49,4,819,205,0.5368360936607652,0,0.2661280632019043
per_sightline,32,C2-C3,49,5,820,204,0.4950980392156863,0,0.2605323791503906
per_sightline,32,C2-C4,49,1,819,205,0.9511707595659623,0,0.2559804916381836
per_sightline,32,C2-C4,49,2,819,205,0.9657338663620788,0,0.2577488422393799
per_sightline,32,C2-C4,49,3,819,205,0.956072720350276,0,0.25306200981140137
per_sightline,32,C2-C4,49,4,819,205,0.9706358271463925,0,0.26706504821777344
per_sightline,32,C2-C4,49,5,820,204,0.9558823529411764,0,0.26420021057128906
per_sightline,32,C3-C4,49,1,819,205,0.9316581001332571,0,0.24871253967285156
per_sightline,32,C3-C4,49,2,819,205,0.9218065867123548,0,0.2583789825439453
per_sightline,32,C3-C4,49,3,819,205,0.9512183514182372,0,0.25730013847351074
per_sightline,32,C3-C4,49,4,819,205,0.9462687987816486,0,0.2604537010192871
per_sightline,32,C3-C4,49,5,820,204,0.946078431372549,0,0.26564764976501465
per_sightline,32,C4-rest,49,1,1638,410,0.9346829640947287,0,0.27036142349243164
per_sightline,32,C4-rest,49,2,1638,410,0.9595047594952721,0,0.2688777446746826
per_sightline,32,C4-rest,49,3,1638,410,0.9416843237089276,0,0.2723979949951172
per_sightline,32,C4-rest,49,4,1639,409,0.942869004279236,0,0.27249741554260254
per_sightline,32,C4-rest,49,5,1639,409,0.9215845947499521,0,0.27243614196777344
per_sightline,32,C1-C2,50,1,819,205,0.7750333142965924,0,0.256732702255249
per_sightline,32,C1-C2,50,2,819,205,0.7214924804873406,0,0.2578706741333008
per_sightline,32,C1-C2,50,3,819,205,0.7321054635446411,0,0.26222944259643555
per_sightline,32,C1-C2,50,4,819,205,0.8151056539120503,0,0.26256561279296875
per_sightline,32,C1-C2,50,5,820,204,0.803921568627451,0,0.25865650177001953
per_sightline,32,C1-C3,50,1,819,205,0.7215876641918904,0,0.2614126205444336
per_sightline,32,C1-C3,50,2,819,205,0.7068817818389492,0,0.2582817077636719
per_sightline,32,C1-C3,50,3,819,205,0.732200647249191,0,0.2577073574066162
per_sightline,32,C1-C3,50,4,819,205,0.7419569769655435,0,0.2647538185119629
per_sightline,32,C1-C3,50,5,820,204,0.7843137254901961,0,0.26698756217956543
per_sightline,32,C1-C4,50,1,819,205,0.9512183514182372,0,0.24576926231384277
per_sightline,32,C1-C4,50,2,819,205,0.9610222729868647,0,0.2604837417602539
per_sightline,32,C1-C4,50,3,819,205,0.931753283837807,0,0.26009202003479004
per_sightline,32,C1-C4,50,4,819,205,0.9462687987816486,0,0.25960588455200195
per_sightline,32,C1-C4,50,5,820,204,0.9705882352941176,0,0.2615070343017578
per_sightline,32,C2-C3,50,1,819,205,0.5414049114791548,0,0.2679290771484375
per_sightline,32,C2-C3,50,2,819,205,0.5171330668189607,0,0.27004051208496094
per_sightline,32,C2-C3,50,3,819,205,0.5418332381496288,0,0.2715144157409668
per_sightline,32,C2-C3,50,4,819,205,0.492623262897392,0,0.2675461769104004
per_sightline,32,C2-C3,50,5,820,204,0.5441176470588236,0,0.2683274745941162
per_sightline,32,C2-C4,50,1,819,205,0.9315629164287074,0,0.25225329399108887
per_sightline,32,C2-C4,50,2,819,205,0.9464115743384733,0,0.2510807514190674
per_sightline,32,C2-C4,50,3,819,205,0.9562630877593756,0,0.2675471305847168
per_sightline,32,C2-C4,50,4,819,205,0.8974395583476109,0,0.2634105682373047
per_sightline,32,C2-C4,50,5,820,204,0.9558823529411764,0,0.2548248767852783
per_sightline,32,C3-C4,50,1,819,205,0.9120026651437274,0,0.25577688217163086
per_sightline,32,C3-C4,50,2,819,205,0.9463163906339235,0,0.24119305610656738
per_sightline,32,C3-C4,50,3,819,205,0.926946506758043,0,0.2506139278411865
per_sightline,32,C3-C4,50,4,819,205,0.9072434799162383,0,0.24852347373962402
per_sightline,32,C3-C4,50,5,820,204,0.9558823529411764,0,0.2547755241394043
per_sightline,32,C4-rest,50,1,1638,410,0.9314362108479756,0,0.2740340232849121
per_sightline,32,C4-rest,50,2,1638,410,0.9238955124758863,0,0.2768070697784424
per_sightline,32,C4-rest,50,3,1638,410,0.9109610701748838,0,0.2741994857788086
per_sightline,32,C4-rest,50,4,1639,409,0.8905761001468991,0,0.27595996856689453
per_sightline,32,C4-rest,50,5,1639,409,0.9265025228332375,0,0.2747011184692383
per_sightline,32,C1-C2,51,1,819,205,0.775176089853417,0,0.2628481388092041
per_sightline,32,C1-C2,51,2,819,205,0.7946887492861223,0,0.2582361698150635
per_sightline,32,C1-C2,51,3,819,205,0.7859318484675424,0,0.26096391677856445
per_sightline,32,C1-C2,51,4,819,205,0.8149152865029508,0,0.2669515609741211
per_sightline,32,C1-C2,51,5,820,204,0.7843137254901961,0,0.25382089614868164
per_sightline,32,C1-C3,51,1,819,205,0.7506662859318485,0,0.25226283073425293
per_sightline,32,C1-C3,51,2,819,205,0.7216352560441652,0,0.266585111618042
per_sightline,32,C1-C3,51,3,819,205,0.7274414620217018,0,0.2663569450378418
per_sightline,32,C1-C3,51,4,819,205,0.7563773082048353,0,0.254589319229126
per_sightline,32,C1-C3,51,5,820,204,0.7254901960784313,0,0.2683837413787842
per_sightline,32,C1-C4,51,1,819,205,0.9706358271463925,0,0.2564563751220703
per_sightline,32,C1-C4,51,2,819,205,0.9465067580430231,0,0.26386332511901855
per_sightline,32,C1-C4,51,3,819,205,0.956072720350276,0,0.256026029586792
per_sightline,32,C1-C4,51,4,819,205,0.9609270892823149,0,0.26210713386535645
per_sightline,32,C1-C4,51,5,820,204,0.9558823529411764,0,0.2569432258605957
per_sightline,32,C2-C3,51,1,819,205,0.5605844279459357,0,0.25858354568481445
per_sightline,32,C2-C3,51,2,819,205,0.5220826194555492,0,0.2604823112487793
per_sightline,32,C2-C3,51,3,819,205,0.5705311250713878,0,0.262343168258667
per_sightline,32,C2-C3,51,4,819,205,0.5126594327051208,0,0.2651996612548828
per_sightline,32,C2-C3,51,5,820,204,0.553921568627451,0,0.2692899703979492
per_sightline,32,C2-C4,51,1,819,205,0.9756329716352561,0,0.2668344974517822
per_sightline,32,C2-C4,51,2,819,205,0.9317056919855321,0,0.252164363861084
per_sightline,32,C2-C4,51,3,819,205,0.9268989149057681,0,0.2688572406768799
per_sightline,32,C2-C4,51,4,819,205,0.9512659432705122,0,0.26105666160583496
per_sightline,32,C2-C4,51,5,820,204,0.9558823529411764,0,0.2653014659881592
per_sightline,32,C3-C4,51,1,819,205,0.9366076527698458,0,0.24875736236572266
per_sightline,32,C3-C4,51,2,819,205,0.9267561393489434,0,0.26517796516418457
per_sightline,32,C3-C4,51,3,819,205,0.8975823339044355,0,0.24239110946655273
per_sightline,32,C3-C4,51,4,819,205,0.9170949933371406,0,0.25383734703063965
per_sightline,32,C3-C4,51,5,820,204,0.9362745098039216,0,0.2640860080718994
per_sightline,32,C4-rest,51,1,1638,410,0.9477654698242933,0,0.27257418632507324
per_sightline,32,C4-rest,51,2,1638,410,0.9206698080389615,0,0.2760317325592041
per_sightline,32,C4-rest,51,3,1638,410,0.9336358748932672,0,0.2731807231903076
per_sightline,32,C4-rest,51,4,1639,409,0.9493676949607204,0,0.2771923542022705
per_sightline,32,C4-rest,51,5,1639,409,0.9118126077792681,0,0.27149343490600586
per_sightline,64,C1-C2,42,1,409,103,0.8729260935143288,0,0.22696447372436523
per_sightline,64,C1-C2,42,2,409,103,0.8740573152337858,0,0.22046875953674316
per_sightline,64,C1-C2,42,3,410,102,0.8725490196078431,0,0.23098969459533691
per_sightline,64,C1-C2,42,4,410,102,0.9117647058823529,0,0.22188687324523926
per_sightline,64,C1-C2,42,5,410,102,0.892156862745098,0,0.22535133361816406
per_sightline,64,C1-C3,42,1,409,103,0.8535067873303167,0,0.22948551177978516
per_sightline,64,C1-C3,42,2,409,103,0.7867647058823529,0,0.22788429260253906
per_sightline,64,C1-C3,42,3,410,102,0.8431372549019608,0,0.22342562675476074
per_sightline,64,C1-C3,42,4,410,102,0.8529411764705882,0,0.21794605255126953
per_sightline,64,C1-C3,42,5,410,102,0.8431372549019608,0,0.24584007263183594
per_sightline,64,C1-C4,42,1,409,103,1.0,0,0.22247648239135742
per_sightline,64,C1-C4,42,2,409,103,0.9709653092006033,0,0.2238466739654541
per_sightline,64,C1-C4,42,3,410,102,0.9901960784313726,0,0.2228541374206543
per_sightline,64,C1-C4,42,4,410,102,0.9803921568627452,0,0.22272372245788574
per_sightline,64,C1-C4,42,5,410,102,1.0,0,0.22201919555664062
per_sightline,64,C2-C3,42,1,409,103,0.5727752639517345,0,0.2196362018585205
per_sightline,64,C2-C3,42,2,409,103,0.5533559577677225,0,0.2233867645263672
per_sightline,64,C2-C3,42,3,410,102,0.5588235294117647,0,0.23120355606079102
per_sightline,64,C2-C3,42,4,410,102,0.5882352941176471,0,0.23745322227478027
per_sightline,64,C2-C3,42,5,410,102,0.607843137254902,0,0.22674202919006348
per_sightline,64,C2-C4,42,1,409,103,0.9901960784313726,0,0.22440695762634277
per_sightline,64,C2-C4,42,2,409,103,0.9707767722473605,0,0.21645545959472656
per_sightline,64,C2-C4,42,3,410,102,0.9901960784313726,0,0.23113679885864258
per_sightline,64,C2-C4,42,4,410,102,0.9705882352941176,0,0.22985625267028809
per_sightline,64,C2-C4,42,5,410,102,0.9803921568627452,0,0.22282719612121582
per_sightline,64,C3-C4,42,1,409,103,0.9513574660633484,0,0.2202906608581543
per_sightline,64,C3-C4,42,2,409,103,0.9513574660633484,0,0.241624116897583
per_sightline,64,C3-C4,42,3,410,102,0.9803921568627451,0,0.23217058181762695
per_sightline,64,C3-C4,42,4,410,102,0.9705882352941176,0,0.23138117790222168
per_sightline,64,C3-C4,42,5,410,102,0.9607843137254901,0,0.23258686065673828
per_sightline,64,C4-rest,42,1,819,205,0.9803921568627452,0,0.2535414695739746
per_sightline,64,C4-rest,42,2,819,205,0.957537560478737,0,0.2554020881652832
per_sightline,64,C4-rest,42,3,819,205,0.9542908072319837,0,0.257901668548584
per_sightline,64,C4-rest,42,4,819,205,0.9901960784313726,0,0.25382447242736816
per_sightline,64,C4-rest,42,5,820,204,0.9607843137254901,0,0.26847410202026367
per_sightline,64,C1-C2,43,1,409,103,0.8834841628959276,0,0.22447752952575684
per_sightline,64,C1-C2,43,2,409,103,0.8740573152337858,0,0.2188098430633545
per_sightline,64,C1-C2,43,3,410,102,0.8431372549019608,0,0.22449564933776855
per_sightline,64,C1-C2,43,4,410,102,0.892156862745098,0,0.23860859870910645
per_sightline,64,C1-C2,43,5,410,102,0.9705882352941176,0,0.23802423477172852
per_sightline,64,C1-C3,43,1,409,103,0.8538838612368025,0,0.23230457305908203
per_sightline,64,C1-C3,43,2,409,103,0.7969457013574661,0,0.23561525344848633
per_sightline,64,C1-C3,43,3,410,102,0.8823529411764706,0,0.2263658046722412
per_sightline,64,C1-C3,43,4,410,102,0.8137254901960784,0,0.22728681564331055
per_sightline,64,C1-C3,43,5,410,102,0.9117647058823529,0,0.23810625076293945
per_sightline,64,C1-C4,43,1,409,103,0.9803921568627452,0,0.20658659934997559
per_sightline,64,C1-C4,43,2,409,103,0.9903846153846154,0,0.21109533309936523
per_sightline,64,C1-C4,43,3,410,102,0.9803921568627451,0,0.2205212116241455
per_sightline,64,C1-C4,43,4,410,102,0.9509803921568627,0,0.2382049560546875
per_sightline,64,C1-C4,43,5,410,102,0.9901960784313726,0,0.2238912582397461
per_sightline,64,C2-C3,43,1,409,103,0.6110482654600302,0,0.22932195663452148
per_sightline,64,C2-C3,43,2,409,103,0.6116138763197587,0,0.22224950790405273
per_sightline,64,C2-C3,43,3,410,102,0.5784313725490196,0,0.22664833068847656
per_sightline,64,C2-C3,43,4,410,102,0.5098039215686274,0,0.23160886764526367
per_sightline,64,C2-C3,43,5,410,102,0.5196078431372549,0,0.2263484001159668
per_sightline,64,C2-C4,43,1,409,103,0.9901960784313726,0,0.22608065605163574
per_sightline,64,C2-C4,43,2,409,103,0.9807692307692308,0,0.22028732299804688
per_sightline,64,C2-C4,43,3,410,102,0.9803921568627452,0,0.2399744987487793
per_sightline,64,C2-C4,43,4,410,102,0.9607843137254902,0,0.23283672332763672
per_sightline,64,C2-C4,43,5,410,102,0.9607843137254901,0,0.22571992874145508
per_sightline,64,C3-C4,43,1,409,103,0.9707767722473605,0,0.23971986770629883
per_sightline,64,C3-C4,43,2,409,103,0.9807692307692308,0,0.2248241901397705
per_sightline,64,C3-C4,43,3,410,102,0.9803921568627452,0,0.22452759742736816
per_sightline,64,C3-C4,43,4,410,102,0.9607843137254902,0,0.22532033920288086
per_sightline,64,C3-C4,43,5,410,102,0.9607843137254901,0,0.2292485237121582
per_sightline,64,C4-rest,43,1,819,205,0.9673414820473645,0,0.2631661891937256
per_sightline,64,C4-rest,43,2,819,205,0.9771454036159919,0,0.26821351051330566
per_sightline,64,C4-rest,43,3,819,205,0.9411764705882353,0,0.25682806968688965
per_sightline,64,C4-rest,43,4,819,205,0.9807692307692308,0,0.2657792568206787
per_sightline,64,C4-rest,43,5,820,204,0.9673202614379085,0,0.2446298599243164
per_sightline,64,C1-C2,44,1,409,103,0.8930995475113122,0,0.23532795906066895
per_sightline,64,C1-C2,44,2,409,103,0.893288084464555,0,0.22980618476867676
per_sightline,64,C1-C2,44,3,410,102,0.911764705882353,0,0.22660565376281738
per_sightline,64,C1-C2,44,4,410,102,0.9019607843137255,0,0.2407536506652832
per_sightline,64,C1-C2,44,5,410,102,0.9117647058823529,0,0.23578786849975586
per_sightline,64,C1-C3,44,1,409,103,0.8930995475113122,0,0.23773980140686035
per_sightline,64,C1-C3,44,2,409,103,0.8736802413273002,0,0.22264933586120605
per_sightline,64,C1-C3,44,3,410,102,0.8529411764705883,0,0.2258148193359375
per_sightline,64,C1-C3,44,4,410,102,0.8431372549019608,0,0.2324514389038086
per_sightline,64,C1-C3,44,5,410,102,0.8529411764705883,0,0.23610782623291016
per_sightline,64,C1-C4,44,1,409,103,0.9803921568627452,0,0.23453974723815918
per_sightline,64,C1-C4,44,2,409,103,0.9711538461538461,0,0.22185969352722168
per_sightline,64,C1-C4,44,3,410,102,1.0,0,0.22501230239868164
per_sightline,64,C1-C4,44,4,410,102,1.0,0,0.22616362571716309
per_sightline,64,C1-C4,44,5,410,102,0.9901960784313726,0,0.22505950927734375
per_sightline,64,C2-C3,44,1,409,103,0.552790346907994,0,0.2355358600616455
per_sightline,64,C2-C3,44,2,409,103,0.5823906485671191,0,0.23932671546936035
per_sightline,64,C2-C3,44,3,410,102,0.588235294117647,0,0.24065446853637695
per_sightline,64,C2-C3,44,4,410,102,0.5294117647058824,0,0.21912145614624023
per_sightline,64,C2-C3,44,5,410,102,0.5294117647058824,0,0.23441386222839355
per_sightline,64,C2-C4,44,1,409,103,0.9805806938159879,0,0.23235726356506348
per_sightline,64,C2-C4,44,2,409,103,0.9613499245852186,0,0.21560931205749512
per_sightline,64,C2-C4,44,3,410,102,0.9803921568627451,0,0.2247774600982666
per_sightline,64,C2-C4,44,4,410,102,0.9901960784313726,0,0.21491026878356934
per_sightline,64,C2-C4,44,5,410,102,0.9705882352941176,0,0.23822999000549316
per_sightline,64,C3-C4,44,1,409,103,0.9707767722473605,0,0.22858357429504395
per_sightline,64,C3-C4,44,2,409,103,0.9421191553544495,0,0.231003999710083
per_sightline,64,C3-C4,44,3,410,102,0.9509803921568627,0,0.22066473960876465
per_sightline,64,C3-C4,44,4,410,102,0.9705882352941176,0,0.2188858985900879
per_sightline,64,C3-C4,44,5,410,102,0.9803921568627452,0,0.2319486141204834
per_sightline,64,C4-rest,44,1,819,205,0.9706518971224853,0,0.2386472225189209
per_sightline,64,C4-rest,44,2,819,205,1.0,0,0.24350714683532715
per_sightline,64,C4-rest,44,3,819,205,0.9542908072319837,0,0.25752854347229004
per_sightline,64,C4-rest,44,4,819,205,0.9903846153846154,0,0.2611353397369385
per_sightline,64,C4-rest,44,5,820,204,0.9150326797385622,0,0.24652624130249023
per_sightline,64,C1-C2,45,1,409,103,0.8536953242835597,0,0.22866320610046387
per_sightline,64,C1-C2,45,2,409,103,0.9128959276018099,0,0.2364513874053955
per_sightline,64,C1-C2,45,3,410,102,0.8823529411764706,0,0.23166179656982422
per_sightline,64,C1-C2,45,4,410,102,0.8627450980392157,0,0.21910643577575684
per_sightline,64,C1-C2,45,5,410,102,0.8725490196078431,0,0.23624134063720703
per_sightline,64,C1-C3,45,1,409,103,0.785633484162896,0,0.22216367721557617
per_sightline,64,C1-C3,45,2,409,103,0.8259803921568627,0,0.22652029991149902
per_sightline,64,C1-C3,45,3,410,102,0.8235294117647058,0,0.2455439567565918
per_sightline,64,C1-C3,45,4,410,102,0.8333333333333333,0,0.224074125289917
per_sightline,64,C1-C3,45,5,410,102,0.8137254901960784,0,0.22513937950134277
per_sightline,64,C1-C4,45,1,409,103,0.9807692307692308,0,0.2218945026397705
per_sightline,64,C1-C4,45,2,409,103,0.9805806938159879,0,0.2313213348388672
per_sightline,64,C1-C4,45,3,410,102,1.0,0,0.23012375831604004
per_sightline,64,C1-C4,45,4,410,102,1.0,0,0.21860432624816895
per_sightline,64,C1-C4,45,5,410,102,0.9803921568627451,0,0.22320246696472168
per_sightline,64,C2-C3,45,1,409,103,0.5627828054298643,0,0.2245008945465088
per_sightline,64,C2-C3,45,2,409,103,0.513763197586727,0,0.21603703498840332
per_sightline,64,C2-C3,45,3,410,102,0.5588235294117647,0,0.2296285629272461
per_sightline,64,C2-C3,45,4,410,102,0.5196078431372549,0,0.2206435203552246
per_sightline,64,C2-C3,45,5,410,102,0.6470588235294118,0,0.23467063903808594
per_sightline,64,C2-C4,45,1,409,103,0.9613499245852186,0,0.22866010665893555
per_sightline,64,C2-C4,45,2,409,103,0.9709653092006033,0,0.22279977798461914
per_sightline,64,C2-C4,45,3,410,102,0.9803921568627452,0,0.22148942947387695
per_sightline,64,C2-C4,45,4,410,102,0.9803921568627452,0,0.23316240310668945
per_sightline,64,C2-C4,45,5,410,102,0.9607843137254901,0,0.23134827613830566
per_sightline,64,C3-C4,45,1,409,103,0.9613499245852186,0,0.22486138343811035
per_sightline,64,C3-C4,45,2,409,103,0.9711538461538461,0,0.22919869422912598
per_sightline,64,C3-C4,45,3,410,102,0.9705882352941176,0,0.22418618202209473
per_sightline,64,C3-C4,45,4,410,102,0.9705882352941176,0,0.23194360733032227
per_sightline,64,C3-C4,45,5,410,102,0.9607843137254901,0,0.2571425437927246
per_sightline,64,C4-rest,45,1,819,205,0.9607843137254901,0,0.2527272701263428
per_sightline,64,C4-rest,45,2,819,205,0.9444868856633563,0,0.25397181510925293
per_sightline,64,C4-rest,45,3,819,205,0.983702571937866,0,0.2689170837402344
per_sightline,64,C4-rest,45,4,819,205,0.9646178984414279,0,0.26132965087890625
per_sightline,64,C4-rest,45,5,820,204,0.9640522875816994,0,0.24719667434692383
per_sightline,64,C1-C2,46,1,409,103,0.8829185520361991,0,0.23436522483825684
per_sightline,64,C1-C2,46,2,409,103,0.8834841628959276,0,0.22483205795288086
per_sightline,64,C1-C2,46,3,410,102,0.892156862745098,0,0.2347395420074463
per_sightline,64,C1-C2,46,4,410,102,0.8725490196078431,0,0.22488641738891602
per_sightline,64,C1-C2,46,5,410,102,0.8529411764705882,0,0.24127531051635742
per_sightline,64,C1-C3,46,1,409,103,0.82447209653092,0,0.24123668670654297
per_sightline,64,C1-C3,46,2,409,103,0.8059954751131222,0,0.24006032943725586
per_sightline,64,C1-C3,46,3,410,102,0.8333333333333333,0,0.2400968074798584
per_sightline,64,C1-C3,46,4,410,102,0.7941176470588236,0,0.23082900047302246
per_sightline,64,C1-C3,46,5,410,102,0.8235294117647058,0,0.22469282150268555
per_sightline,64,C1-C4,46,1,409,103,0.9903846153846154,0,0.2309863567352295
per_sightline,64,C1-C4,46,2,409,103,0.9707767722473605,0,0.2462143898010254
per_sightline,64,C1-C4,46,3,410,102,1.0,0,0.22290802001953125
per_sightline,64,C1-C4,46,4,410,102,0.9901960784313726,0,0.22307944297790527
per_sightline,64,C1-C4,46,5,410,102,0.9803921568627452,0,0.2220170497894287
per_sightline,64,C2-C3,46,1,409,103,0.5729638009049773,0,0.23521733283996582
per_sightline,64,C2-C3,46,2,409,103,0.6125565610859729,0,0.23863482475280762
per_sightline,64,C2-C3,46,3,410,102,0.6372549019607843,0,0.2419905662536621
per_sightline,64,C2-C3,46,4,410,102,0.5490196078431373,0,0.2239372730255127
per_sightline,64,C2-C3,46,5,410,102,0.588235294117647,0,0.21952390670776367
per_sightline,64,C2-C4,46,1,409,103,0.9515460030165912,0,0.229292631149292
per_sightline,64,C2-C4,46,2,409,103,0.9707767722473605,0,0.22677946090698242
per_sightline,64,C2-C4,46,3,410,102,0.9803921568627451,0,0.2205641269683838
per_sightline,64,C2-C4,46,4,410,102,0.9803921568627451,0,0.2165064811706543
per_sightline,64,C2-C4,46,5,410,102,0.9803921568627451,0,0.21873736381530762
per_sightline,64,C3-C4,46,1,409,103,0.9419306184012066,0,0.2241201400756836
per_sightline,64,C3-C4,46,2,409,103,0.9805806938159879,0,0.2168281078338623
per_sightline,64,C3-C4,46,3,410,102,0.9705882352941176,0,0.21661615371704102
per_sightline,64,C3-C4,46,4,410,102,0.9803921568627452,0,0.23165011405944824
per_sightline,64,C3-C4,46,5,410,102,0.9607843137254901,0,0.22462916374206543
per_sightline,64,C4-rest,46,1,819,205,0.9804558186911128,0,0.25650691986083984
per_sightline,64,C4-rest,46,2,819,205,0.9902597402597403,0,0.25838661193847656
per_sightline,64,C4-rest,46,3,819,205,0.9705882352941176,0,0.2577636241912842
per_sightline,64,C4-rest,46,4,819,205,0.9615384615384616,0,0.2565908432006836
per_sightline,64,C4-rest,46,5,820,204,0.9477124183006536,0,0.2503337860107422
per_sightline,64,C1-C2,47,1,409,103,0.8734917043740573,0,0.23411273956298828
per_sightline,64,C1-C2,47,2,409,103,0.8248491704374057,0,0.22876310348510742
per_sightline,64,C1-C2,47,3,410,102,0.8431372549019608,0,0.23014378547668457
per_sightline,64,C1-C2,47,4,410,102,0.8823529411764706,0,0.23539042472839355
per_sightline,64,C1-C2,47,5,410,102,0.8725490196078431,0,0.22266364097595215
per_sightline,64,C1-C3,47,1,409,103,0.8437028657616893,0,0.22452712059020996
per_sightline,64,C1-C3,47,2,409,103,0.8442684766214178,0,0.23931217193603516
per_sightline,64,C1-C3,47,3,410,102,0.8431372549019608,0,0.22922539710998535
per_sightline,64,C1-C3,47,4,410,102,0.8431372549019608,0,0.24137091636657715
per_sightline,64,C1-C3,47,5,410,102,0.8431372549019608,0,0.23067736625671387
per_sightline,64,C1-C4,47,1,409,103,0.9903846153846154,0,0.2167983055114746
per_sightline,64,C1-C4,47,2,409,103,0.9805806938159879,0,0.2385399341583252
per_sightline,64,C1-C4,47,3,410,102,1.0,0,0.21959519386291504
per_sightline,64,C1-C4,47,4,410,102,0.9901960784313726,0,0.22393083572387695
per_sightline,64,C1-C4,47,5,410,102,0.9901960784313726,0,0.23088574409484863
per_sightline,64,C2-C3,47,1,409,103,0.6412141779788838,0,0.2397458553314209
per_sightline,64,C2-C3,47,2,409,103,0.5827677224736048,0,0.22476816177368164
per_sightline,64,C2-C3,47,3,410,102,0.607843137254902,0,0.22808361053466797
per_sightline,64,C2-C3,47,4,410,102,0.6764705882352942,0,0.222334623336792
per_sightline,64,C2-C3,47,5,410,102,0.5098039215686274,0,0.23581743240356445
per_sightline,64,C2-C4,47,1,409,103,1.0,0,0.22253179550170898
per_sightline,64,C2-C4,47,2,409,103,0.9803921568627452,0,0.21495628356933594
per_sightline,64,C2-C4,47,3,410,102,0.9705882352941176,0,0.22640681266784668
per_sightline,64,C2-C4,47,4,410,102,0.9509803921568627,0,0.22187185287475586
per_sightline,64,C2-C4,47,5,410,102,0.9803921568627451,0,0.23359107971191406
per_sightline,64,C3-C4,47,1,409,103,0.9805806938159879,0,0.21920275688171387
per_sightline,64,C3-C4,47,2,409,103,0.9709653092006033,0,0.22366046905517578
per_sightline,64,C3-C4,47,3,410,102,0.9607843137254901,0,0.2242720127105713
per_sightline,64,C3-C4,47,4,410,102,0.9215686274509803,0,0.22231841087341309
per_sightline,64,C3-C4,47,5,410,102,0.9411764705882353,0,0.21528291702270508
per_sightline,64,C4-rest,47,1,819,205,0.9444868856633563,0,0.2494370937347412
per_sightline,64,C4-rest,47,2,819,205,0.9705882352941176,0,0.26262879371643066
per_sightline,64,C4-rest,47,3,819,205,0.9673414820473645,0,0.26566386222839355
per_sightline,64,C4-rest,47,4,819,205,0.967885872297637,0,0.2563817501068115
per_sightline,64,C4-rest,47,5,820,204,0.9901960784313726,0,0.2509946823120117
per_sightline,64,C1-C2,48,1,409,103,0.9223227752639518,0,0.22547411918640137
per_sightline,64,C1-C2,48,2,409,103,0.8840497737556561,0,0.2222139835357666
per_sightline,64,C1-C2,48,3,410,102,0.8725490196078431,0,0.23918390274047852
per_sightline,64,C1-C2,48,4,410,102,0.9215686274509803,0,0.2237708568572998
per_sightline,64,C1-C2,48,5,410,102,0.8431372549019608,0,0.23047161102294922
per_sightline,64,C1-C3,48,1,409,103,0.8438914027149321,0,0.23520278930664062
per_sightline,64,C1-C3,48,2,409,103,0.8646304675716441,0,0.2294905185699463
per_sightline,64,C1-C3,48,3,410,102,0.8627450980392157,0,0.2212979793548584
per_sightline,64,C1-C3,48,4,410,102,0.8725490196078431,0,0.2151627540588379
per_sightline,64,C1-C3,48,5,410,102,0.8137254901960784,0,0.22638273239135742
per_sightline,64,C1-C4,48,1,409,103,1.0,0,0.24021649360656738
per_sightline,64,C1-C4,48,2,409,103,0.9803921568627452,0,0.23617887496948242
per_sightline,64,C1-C4,48,3,410,102,0.9901960784313726,0,0.2382040023803711
per_sightline,64,C1-C4,48,4,410,102,0.9705882352941176,0,0.2205207347869873
per_sightline,64,C1-C4,48,5,410,102,0.9705882352941176,0,0.22016167640686035
per_sightline,64,C2-C3,48,1,409,103,0.5437405731523379,0,0.2281947135925293
per_sightline,64,C2-C3,48,2,409,103,0.5537330316742082,0,0.21876072883605957
per_sightline,64,C2-C3,48,3,410,102,0.47058823529411764,0,0.2395172119140625
per_sightline,64,C2-C3,48,4,410,102,0.43137254901960786,0,0.23427534103393555
per_sightline,64,C2-C3,48,5,410,102,0.5,0,0.22069501876831055
per_sightline,64,C2-C4,48,1,409,103,0.9807692307692308,0,0.23000741004943848
per_sightline,64,C2-C4,48,2,409,103,0.9707767722473605,0,0.23001742362976074
per_sightline,64,C2-C4,48,3,410,102,0.9803921568627451,0,0.22752952575683594
per_sightline,64,C2-C4,48,4,410,102,0.9607843137254901,0,0.2313244342803955
per_sightline,64,C2-C4,48,5,410,102,0.9803921568627451,0,0.23725080490112305
per_sightline,64,C3-C4,48,1,409,103,0.951734539969834,0,0.2323896884918213
per_sightline,64,C3-C4,48,2,409,103,0.941553544494721,0,0.23290181159973145
per_sightline,64,C3-C4,48,3,410,102,0.9509803921568627,0,0.22344326972961426
per_sightline,64,C3-C4,48,4,410,102,0.9509803921568627,0,0.2339460849761963
per_sightline,64,C3-C4,48,5,410,102,0.9607843137254901,0,0.2267608642578125
per_sightline,64,C4-rest,48,1,819,205,0.983702571937866,0,0.26186656951904297
per_sightline,64,C4-rest,48,2,819,205,0.9542908072319837,0,0.2594881057739258
per_sightline,64,C4-rest,48,3,819,205,0.9869493251846193,0,0.2552475929260254
per_sightline,64,C4-rest,48,4,819,205,0.9196204122674712,0,0.24598407745361328
per_sightline,64,C4-rest,48,5,820,204,0.9705882352941176,0,0.26386499404907227
per_sightline,64,C1-C2,49,1,409,103,0.8246606334841629,0,0.2237997055053711
per_sightline,64,C1-C2,49,2,409,103,0.8450226244343891,0,0.23092174530029297
per_sightline,64,C1-C2,49,3,410,102,0.9705882352941176,0,0.2278602123260498
per_sightline,64,C1-C2,49,4,410,102,0.8823529411764706,0,0.2333841323852539
per_sightline,64,C1-C2,49,5,410,102,0.8823529411764706,0,0.22297334671020508
per_sightline,64,C1-C3,49,1,409,103,0.8342760180995474,0,0.2278273105621338
per_sightline,64,C1-C3,49,2,409,103,0.8354072398190044,0,0.22900962829589844
per_sightline,64,C1-C3,49,3,410,102,0.8529411764705882,0,0.24073052406311035
per_sightline,64,C1-C3,49,4,410,102,0.8627450980392157,0,0.21772480010986328
per_sightline,64,C1-C3,49,5,410,102,0.803921568627451,0,0.23340272903442383
per_sightline,64,C1-C4,49,1,409,103,0.9903846153846154,0,0.23132610321044922
per_sightline,64,C1-C4,49,2,409,103,0.9903846153846154,0,0.23706293106079102
per_sightline,64,C1-C4,49,3,410,102,0.9705882352941176,0,0.22461152076721191
per_sightline,64,C1-C4,49,4,410,102,0.9803921568627452,0,0.23909354209899902
per_sightline,64,C1-C4,49,5,410,102,1.0,0,0.2345743179321289
per_sightline,64,C2-C3,49,1,409,103,0.6119909502262444,0,0.23399043083190918
per_sightline,64,C2-C3,49,2,409,103,0.6210407239819005,0,0.23792099952697754
per_sightline,64,C2-C3,49,3,410,102,0.5784313725490196,0,0.2260282039642334
per_sightline,64,C2-C3,49,4,410,102,0.5980392156862746,0,0.23781943321228027
per_sightline,64,C2-C3,49,5,410,102,0.5882352941176471,0,0.23555731773376465
per_sightline,64,C2-C4,49,1,409,103,0.9607843137254901,0,0.22885370254516602
per_sightline,64,C2-C4,49,2,409,103,0.9903846153846154,0,0.2340526580810547
per_sightline,64,C2-C4,49,3,410,102,0.9803921568627451,0,0.22539806365966797
per_sightline,64,C2-C4,49,4,410,102,0.9803921568627452,0,0.21627569198608398
per_sightline,64,C2-C4,49,5,410,102,0.9803921568627451,0,0.22399044036865234
per_sightline,64,C3-C4,49,1,409,103,0.9513574660633484,0,0.23138999938964844
per_sightline,64,C3-C4,49,2,409,103,0.9903846153846154,0,0.21707868576049805
per_sightline,64,C3-C4,49,3,410,102,0.9803921568627451,0,0.2178332805633545
per_sightline,64,C3-C4,49,4,410,102,0.9607843137254901,0,0.22225308418273926
per_sightline,64,C3-C4,49,5,410,102,0.9705882352941176,0,0.23688364028930664
per_sightline,64,C4-rest,49,1,819,205,0.9706518971224853,0,0.24697041511535645
per_sightline,64,C4-rest,49,2,819,205,0.9771454036159919,0,0.2554590702056885
per_sightline,64,C4-rest,49,3,819,205,0.9542908072319837,0,0.2604353427886963
per_sightline,64,C4-rest,49,4,819,205,0.9805806938159879,0,0.24782681465148926
per_sightline,64,C4-rest,49,5,820,204,0.977124183006536,0,0.2491309642791748
per_sightline,64,C1-C2,50,1,409,103,0.8736802413273002,0,0.2227344512939453
per_sightline,64,C1-C2,50,2,409,103,0.8744343891402715,0,0.22826218605041504
per_sightline,64,C1-C2,50,3,410,102,0.8627450980392157,0,0.23265981674194336
per_sightline,64,C1-C2,50,4,410,102,0.8529411764705883,0,0.22826242446899414
per_sightline,64,C1-C2,50,5,410,102,0.9117647058823529,0,0.2268509864807129
per_sightline,64,C1-C3,50,1,409,103,0.7956259426847663,0,0.24063944816589355
per_sightline,64,C1-C3,50,2,409,103,0.8354072398190044,0,0.23221802711486816
per_sightline,64,C1-C3,50,3,410,102,0.8529411764705882,0,0.2245018482208252
per_sightline,64,C1-C3,50,4,410,102,0.8627450980392157,0,0.23553180694580078
per_sightline,64,C1-C3,50,5,410,102,0.8431372549019608,0,0.2305285930633545
per_sightline,64,C1-C4,50,1,409,103,0.9805806938159879,0,0.21682238578796387
per_sightline,64,C1-C4,50,2,409,103,1.0,0,0.2568807601928711
per_sightline,64,C1-C4,50,3,410,102,0.9705882352941176,0,0.22766590118408203
per_sightline,64,C1-C4,50,4,410,102,0.9803921568627451,0,0.23891806602478027
per_sightline,64,C1-C4,50,5,410,102,0.9705882352941176,0,0.22266173362731934
per_sightline,64,C2-C3,50,1,409,103,0.5439291101055808,0,0.23716497421264648
per_sightline,64,C2-C3,50,2,409,103,0.5337481146304676,0,0.23573684692382812
per_sightline,64,C2-C3,50,3,410,102,0.5392156862745099,0,0.22842907905578613
per_sightline,64,C2-C3,50,4,410,102,0.5588235294117647,0,0.22886252403259277
per_sightline,64,C2-C3,50,5,410,102,0.5784313725490196,0,0.23167824745178223
per_sightline,64,C2-C4,50,1,409,103,0.9707767722473605,0,0.22208929061889648
per_sightline,64,C2-C4,50,2,409,103,0.9903846153846154,0,0.22510075569152832
per_sightline,64,C2-C4,50,3,410,102,0.9607843137254901,0,0.23338603973388672
per_sightline,64,C2-C4,50,4,410,102,0.9705882352941176,0,0.22987008094787598
per_sightline,64,C2-C4,50,5,410,102,0.9607843137254902,0,0.22097349166870117
per_sightline,64,C3-C4,50,1,409,103,0.9707767722473605,0,0.21558761596679688
per_sightline,64,C3-C4,50,2,409,103,0.9805806938159879,0,0.22425365447998047
per_sightline,64,C3-C4,50,3,410,102,0.9411764705882353,0,0.2256166934967041
per_sightline,64,C3-C4,50,4,410,102,0.9509803921568627,0,0.23391485214233398
per_sightline,64,C3-C4,50,5,410,102,0.9509803921568627,0,0.2178175449371338
per_sightline,64,C4-rest,50,1,819,205,0.9803921568627452,0,0.2502560615539551
per_sightline,64,C4-rest,50,2,819,205,0.9607843137254901,0,0.2559013366699219
per_sightline,64,C4-rest,50,3,819,205,0.9608479755538579,0,0.25669050216674805
per_sightline,64,C4-rest,50,4,819,205,0.9388511814982403,0,0.2594025135040283
per_sightline,64,C4-rest,50,5,820,204,0.9705882352941176,0,0.2528495788574219
per_sightline,64,C1-C2,51,1,409,103,0.873868778280543,0,0.2202315330505371
per_sightline,64,C1-C2,51,2,409,103,0.8646304675716441,0,0.22838187217712402
per_sightline,64,C1-C2,51,3,410,102,0.892156862745098,0,0.2271585464477539
per_sightline,64,C1-C2,51,4,410,102,0.9019607843137254,0,0.22427821159362793
per_sightline,64,C1-C2,51,5,410,102,0.9019607843137255,0,0.22040319442749023
per_sightline,64,C1-C3,51,1,409,103,0.8350301659125188,0,0.22302007675170898
per_sightline,64,C1-C3,51,2,409,103,0.8642533936651584,0,0.2199561595916748
per_sightline,64,C1-C3,51,3,410,102,0.8823529411764706,0,0.22628045082092285
per_sightline,64,C1-C3,51,4,410,102,0.8235294117647058,0,0.22496509552001953
per_sightline,64,C1-C3,51,5,410,102,0.8137254901960784,0,0.2498469352722168
per_sightline,64,C1-C4,51,1,409,103,1.0,0,0.23245477676391602
per_sightline,64,C1-C4,51,2,409,103,0.9901960784313726,0,0.22736525535583496
per_sightline,64,C1-C4,51,3,410,102,0.9901960784313726,0,0.20411944389343262
per_sightline,64,C1-C4,51,4,410,102,0.9803921568627451,0,0.22398900985717773
per_sightline,64,C1-C4,51,5,410,102,0.9901960784313726,0,0.22187376022338867
per_sightline,64,C2-C3,51,1,409,103,0.6891025641025641,0,0.2341930866241455
per_sightline,64,C2-C3,51,2,409,103,0.5147058823529411,0,0.2299818992614746
per_sightline,64,C2-C3,51,3,410,102,0.5686274509803921,0,0.23943138122558594
per_sightline,64,C2-C3,51,4,410,102,0.5392156862745099,0,0.22626090049743652
per_sightline,64,C2-C3,51,5,410,102,0.5392156862745098,0,0.21743440628051758
per_sightline,64,C2-C4,51,1,409,103,0.9903846153846154,0,0.23709869384765625
per_sightline,64,C2-C4,51,2,409,103,0.9901960784313726,0,0.22324514389038086
per_sightline,64,C2-C4,51,3,410,102,0.9901960784313726,0,0.23830342292785645
per_sightline,64,C2-C4,51,4,410,102,0.9509803921568627,0,0.22258329391479492
per_sightline,64,C2-C4,51,5,410,102,0.9901960784313726,0,0.22926068305969238
per_sightline,64,C3-C4,51,1,409,103,0.9807692307692308,0,0.22522187232971191
per_sightline,64,C3-C4,51,2,409,103,0.9613499245852186,0,0.23208403587341309
per_sightline,64,C3-C4,51,3,410,102,0.9901960784313726,0,0.22171831130981445
per_sightline,64,C3-C4,51,4,410,102,0.9509803921568627,0,0.2318112850189209
per_sightline,64,C3-C4,51,5,410,102,0.9901960784313726,0,0.23606443405151367
per_sightline,64,C4-rest,51,1,819,205,0.957537560478737,0,0.25783801078796387
per_sightline,64,C4-rest,51,2,819,205,0.9771454036159919,0,0.24497246742248535
per_sightline,64,C4-rest,51,3,819,205,0.9803921568627452,0,0.24283504486083984
per_sightline,64,C4-rest,51,4,819,205,0.9709653092006033,0,0.24945855140686035
per_sightline,64,C4-rest,51,5,820,204,0.9869281045751634,0,0.24299883842468262
per_sightline,128,C1-C2,42,1,204,52,0.9615384615384616,0,0.23052477836608887
per_sightline,128,C1-C2,42,2,205,51,0.8807692307692307,0,0.21204042434692383
per_sightline,128,C1-C2,42,3,205,51,0.9807692307692308,0,0.2189953327178955
per_sightline,128,C1-C2,42,4,205,51,0.9807692307692308,0,0.21869230270385742
per_sightline,128,C1-C2,42,5,205,51,0.9615384615384616,0,0.2097606658935547
per_sightline,128,C1-C3,42,1,204,52,0.9230769230769231,0,0.21596980094909668
per_sightline,128,C1-C3,42,2,205,51,0.9215384615384616,0,0.21227788925170898
per_sightline,128,C1-C3,42,3,205,51,0.9407692307692308,0,0.2094569206237793
per_sightline,128,C1-C3,42,4,205,51,0.9038461538461539,0,0.20848679542541504
per_sightline,128,C1-C3,42,5,205,51,0.9615384615384616,0,0.2188887596130371
per_sightline,128,C1-C4,42,1,204,52,1.0,0,0.22019433975219727
per_sightline,128,C1-C4,42,2,205,51,1.0,0,0.20943474769592285
per_sightline,128,C1-C4,42,3,205,51,1.0,0,0.20574617385864258
per_sightline,128,C1-C4,42,4,205,51,1.0,0,0.21885037422180176
per_sightline,128,C1-C4,42,5,205,51,1.0,0,0.2218620777130127
per_sightline,128,C2-C3,42,1,204,52,0.5769230769230769,0,0.2112417221069336
per_sightline,128,C2-C3,42,2,205,51,0.6861538461538461,0,0.21527433395385742
per_sightline,128,C2-C3,42,3,205,51,0.783076923076923,0,0.21725249290466309
per_sightline,128,C2-C3,42,4,205,51,0.6276923076923078,0,0.21915650367736816
per_sightline,128,C2-C3,42,5,205,51,0.5484615384615384,0,0.22306466102600098
per_sightline,128,C2-C4,42,1,204,52,1.0,0,0.21546483039855957
per_sightline,128,C2-C4,42,2,205,51,1.0,0,0.20164251327514648
per_sightline,128,C2-C4,42,3,205,51,1.0,0,0.20742464065551758
per_sightline,128,C2-C4,42,4,205,51,1.0,0,0.23381328582763672
per_sightline,128,C2-C4,42,5,205,51,0.9807692307692308,0,0.2044680118560791
per_sightline,128,C3-C4,42,1,204,52,1.0,0,0.1998462677001953
per_sightline,128,C3-C4,42,2,205,51,0.9807692307692308,0,0.2271137237548828
per_sightline,128,C3-C4,42,3,205,51,1.0,0,0.19821405410766602
per_sightline,128,C3-C4,42,4,205,51,1.0,0,0.22368955612182617
per_sightline,128,C3-C4,42,5,205,51,0.9607692307692308,0,0.20680880546569824
per_sightline,128,C4-rest,42,1,409,103,1.0,0,0.23436641693115234
per_sightline,128,C4-rest,42,2,409,103,0.9935064935064934,0,0.21544575691223145
per_sightline,128,C4-rest,42,3,410,102,0.98,0,0.21506929397583008
per_sightline,128,C4-rest,42,4,410,102,1.0,0,0.21991300582885742
per_sightline,128,C4-rest,42,5,410,102,0.993421052631579,0,0.22156429290771484
per_sightline,128,C1-C2,43,1,204,52,0.9230769230769231,0,0.21459674835205078
per_sightline,128,C1-C2,43,2,205,51,0.9015384615384616,0,0.21139240264892578
per_sightline,128,C1-C2,43,3,205,51,0.9215384615384616,0,0.21087360382080078
per_sightline,128,C1-C2,43,4,205,51,0.9223076923076923,0,0.22461771965026855
per_sightline,128,C1-C2,43,5,205,51,0.94,0,0.21077299118041992
per_sightline,128,C1-C3,43,1,204,52,0.9038461538461539,0,0.2172558307647705
per_sightline,128,C1-C3,43,2,205,51,0.8815384615384616,0,0.22104263305664062
per_sightline,128,C1-C3,43,3,205,51,0.823076923076923,0,0.21644139289855957
per_sightline,128,C1-C3,43,4,205,51,0.9223076923076923,0,0.21849608421325684
per_sightline,128,C1-C3,43,5,205,51,0.8815384615384616,0,0.21207976341247559
per_sightline,128,C1-C4,43,1,204,52,1.0,0,0.19999122619628906
per_sightline,128,C1-C4,43,2,205,51,1.0,0,0.20628809928894043
per_sightline,128,C1-C4,43,3,205,51,1.0,0,0.202592134475708
per_sightline,128,C1-C4,43,4,205,51,0.9607692307692308,0,0.19768142700195312
per_sightline,128,C1-C4,43,5,205,51,0.9807692307692308,0,0.20724773406982422
per_sightline,128,C2-C3,43,1,204,52,0.5576923076923077,0,0.21860146522521973
per_sightline,128,C2-C3,43,2,205,51,0.6076923076923078,0,0.2142963409423828
per_sightline,128,C2-C3,43,3,205,51,0.7046153846153846,0,0.2113807201385498
per_sightline,128,C2-C3,43,4,205,51,0.6653846153846154,0,0.21540260314941406
per_sightline,128,C2-C3,43,5,205,51,0.7461538461538462,0,0.21296238899230957
per_sightline,128,C2-C4,43,1,204,52,1.0,0,0.21648597717285156
per_sightline,128,C2-C4,43,2,205,51,0.98,0,0.20302748680114746
per_sightline,128,C2-C4,43,3,205,51,1.0,0,0.20175504684448242
per_sightline,128,C2-C4,43,4,205,51,0.98,0,0.20090484619140625
per_sightline,128,C2-C4,43,5,205,51,1.0,0,0.21890902519226074
per_sightline,128,C3-C4,43,1,204,52,1.0,0,0.20264792442321777
per_sightline,128,C3-C4,43,2,205,51,0.9607692307692308,0,0.20861554145812988
per_sightline,128,C3-C4,43,3,205,51,1.0,0,0.20714044570922852
per_sightline,128,C3-C4,43,4,205,51,0.9607692307692308,0,0.2163376808166504
per_sightline,128,C3-C4,43,5,205,51,0.96,0,0.19950532913208008
per_sightline,128,C4-rest,43,1,409,103,1.0,0,0.22580671310424805
per_sightline,128,C4-rest,43,2,409,103,1.0,0,0.22319936752319336
per_sightline,128,C4-rest,43,3,410,102,0.98,0,0.2149503231048584
per_sightline,128,C4-rest,43,4,410,102,1.0,0,0.2339944839477539
per_sightline,128,C4-rest,43,5,410,102,0.9741902834008097,0,0.24509835243225098
per_sightline,128,C1-C2,44,1,204,52,0.9230769230769231,0,0.22412848472595215
per_sightline,128,C1-C2,44,2,205,51,0.9615384615384616,0,0.2088623046875
per_sightline,128,C1-C2,44,3,205,51,0.94,0,0.21841645240783691
per_sightline,128,C1-C2,44,4,205,51,0.9607692307692308,0,0.21848702430725098
per_sightline,128,C1-C2,44,5,205,51,0.9023076923076923,0,0.2238917350769043
per_sightline,128,C1-C3,44,1,204,52,0.8461538461538461,0,0.21052241325378418
per_sightline,128,C1-C3,44,2,205,51,0.9407692307692308,0,0.2225182056427002
per_sightline,128,C1-C3,44,3,205,51,0.9207692307692308,0,0.2115628719329834
per_sightline,128,C1-C3,44,4,205,51,0.9223076923076923,0,0.2188112735748291
per_sightline,128,C1-C3,44,5,205,51,0.9407692307692308,0,0.21288156509399414
per_sightline,128,C1-C4,44,1,204,52,1.0,0,0.19767212867736816
per_sightline,128,C1-C4,44,2,205,51,1.0,0,0.20262479782104492
per_sightline,128,C1-C4,44,3,205,51,1.0,0,0.2049105167388916
per_sightline,128,C1-C4,44,4,205,51,1.0,0,0.2057037353515625
per_sightline,128,C1-C4,44,5,205,51,1.0,0,0.20366144180297852
per_sightline,128,C2-C3,44,1,204,52,0.5961538461538461,0,0.21406197547912598
per_sightline,128,C2-C3,44,2,205,51,0.6238461538461538,0,0.21363520622253418
per_sightline,128,C2-C3,44,3,205,51,0.6307692307692307,0,0.21529221534729004
per_sightline,128,C2-C3,44,4,205,51,0.546923076923077,0,0.2181394100189209
per_sightline,128,C2-C3,44,5,205,51,0.4346153846153846,0,0.2156076431274414
per_sightline,128,C2-C4,44,1,204,52,1.0,0,0.21244001388549805
per_sightline,128,C2-C4,44,2,205,51,1.0,0,0.20200252532958984
per_sightline,128,C2-C4,44,3,205,51,1.0,0,0.2102348804473877
per_sightline,128,C2-C4,44,4,205,51,1.0,0,0.20198464393615723
per_sightline,128,C2-C4,44,5,205,51,0.9807692307692308,0,0.2048633098602295
per_sightline,128,C3-C4,44,1,204,52,1.0,0,0.23011064529418945
per_sightline,128,C3-C4,44,2,205,51,1.0,0,0.2113046646118164
per_sightline,128,C3-C4,44,3,205,51,0.9807692307692308,0,0.20670628547668457
per_sightline,128,C3-C4,44,4,205,51,1.0,0,0.21199321746826172
per_sightline,128,C3-C4,44,5,205,51,0.9807692307692308,0,0.20947957038879395
per_sightline,128,C4-rest,44,1,409,103,0.9742757242757243,0,0.22962713241577148
per_sightline,128,C4-rest,44,2,409,103,1.0,0,0.2252826690673828
per_sightline,128,C4-rest,44,3,410,102,0.98,0,0.22357392311096191
per_sightline,128,C4-rest,44,4,410,102,1.0,0,0.23752474784851074
per_sightline,128,C4-rest,44,5,410,102,1.0,0,0.23227548599243164
per_sightline,128,C1-C2,45,1,204,52,0.9423076923076923,0,0.21814346313476562
per_sightline,128,C1-C2,45,2,205,51,0.9407692307692308,0,0.21416687965393066
per_sightline,128,C1-C2,45,3,205,51,0.9215384615384616,0,0.20825910568237305
per_sightline,128,C1-C2,45,4,205,51,0.9615384615384616,0,0.21443438529968262
per_sightline,128,C1-C2,45,5,205,51,1.0,0,0.21571087837219238
per_sightline,128,C1-C3,45,1,204,52,0.9230769230769231,0,0.21156930923461914
per_sightline,128,C1-C3,45,2,205,51,0.96,0,0.20980477333068848
per_sightline,128,C1-C3,45,3,205,51,0.8430769230769231,0,0.21931958198547363
per_sightline,128,C1-C3,45,4,205,51,0.8846153846153846,0,0.21642327308654785
per_sightline,128,C1-C3,45,5,205,51,0.9415384615384615,0,0.22159671783447266
per_sightline,128,C1-C4,45,1,204,52,0.9615384615384616,0,0.20555853843688965
per_sightline,128,C1-C4,45,2,205,51,1.0,0,0.1992325782775879
per_sightline,128,C1-C4,45,3,205,51,1.0,0,0.21330881118774414
per_sightline,128,C1-C4,45,4,205,51,1.0,0,0.2152721881866455
per_sightline,128,C1-C4,45,5,205,51,1.0,0,0.20923590660095215
per_sightline,128,C2-C3,45,1,204,52,0.6153846153846154,0,0.21649789810180664
per_sightline,128,C2-C3,45,2,205,51,0.5669230769230769,0,0.21669864654541016
per_sightline,128,C2-C3,45,3,205,51,0.7438461538461538,0,0.21579957008361816
per_sightline,128,C2-C3,45,4,205,51,0.6284615384615384,0,0.21349310874938965
per_sightline,128,C2-C3,45,5,205,51,0.5684615384615385,0,0.2198934555053711
per_sightline,128,C2-C4,45,1,204,52,0.9615384615384616,0,0.20220375061035156
per_sightline,128,C2-C4,45,2,205,51,1.0,0,0.19784283638000488
per_sightline,128,C2-C4,45,3,205,51,1.0,0,0.2140204906463623
per_sightline,128,C2-C4,45,4,205,51,1.0,0,0.20772552490234375
per_sightline,128,C2-C4,45,5,205,51,1.0,0,0.20450234413146973
per_sightline,128,C3-C4,45,1,204,52,0.9615384615384616,0,0.20227432250976562
per_sightline,128,C3-C4,45,2,205,51,1.0,0,0.21511006355285645
per_sightline,128,C3-C4,45,3,205,51,0.9807692307692308,0,0.21246051788330078
per_sightline,128,C3-C4,45,4,205,51,1.0,0,0.21442675590515137
per_sightline,128,C3-C4,45,5,205,51,1.0,0,0.2054448127746582
per_sightline,128,C4-rest,45,1,409,103,1.0,0,0.21454763412475586
per_sightline,128,C4-rest,45,2,409,103,1.0,0,0.2251451015472412
per_sightline,128,C4-rest,45,3,410,102,0.98,0,0.23532700538635254
per_sightline,128,C4-rest,45,4,410,102,1.0,0,0.2272953987121582
per_sightline,128,C4-rest,45,5,410,102,0.9741902834008097,0,0.22284650802612305
per_sightline,128,C1-C2,46,1,204,52,0.9807692307692308,0,0.20944666862487793
per_sightline,128,C1-C2,46,2,205,51,0.98,0,0.21694302558898926
per_sightline,128,C1-C2,46,3,205,51,0.9199999999999999,0,0.2125704288482666
per_sightline,128,C1-C2,46,4,205,51,0.9415384615384615,0,0.21321940422058105
per_sightline,128,C1-C2,46,5,205,51,0.9007692307692308,0,0.2278435230255127
per_sightline,128,C1-C3,46,1,204,52,0.9230769230769231,0,0.211716890335083
per_sightline,128,C1-C3,46,2,205,51,0.9215384615384616,0,0.21120023727416992
per_sightline,128,C1-C3,46,3,205,51,0.94,0,0.21814894676208496
per_sightline,128,C1-C3,46,4,205,51,0.8638461538461539,0,0.21860504150390625
per_sightline,128,C1-C3,46,5,205,51,0.8430769230769231,0,0.2174546718597412
per_sightline,128,C1-C4,46,1,204,52,1.0,0,0.21658635139465332
per_sightline,128,C1-C4,46,2,205,51,0.9807692307692308,0,0.19891762733459473
per_sightline,128,C1-C4,46,3,205,51,1.0,0,0.22620248794555664
per_sightline,128,C1-C4,46,4,205,51,1.0,0,0.20629072189331055
per_sightline,128,C1-C4,46,5,205,51,1.0,0,0.21357202529907227
per_sightline,128,C2-C3,46,1,204,52,0.5192307692307692,0,0.21744894981384277
per_sightline,128,C2-C3,46,2,205,51,0.46846153846153843,0,0.2181699275970459
per_sightline,128,C2-C3,46,3,205,51,0.6676923076923077,0,0.2300705909729004
per_sightline,128,C2-C3,46,4,205,51,0.6069230769230769,0,0.21429038047790527
per_sightline,128,C2-C3,46,5,205,51,0.6269230769230769,0,0.21810436248779297
per_sightline,128,C2-C4,46,1,204,52,1.0,0,0.21744823455810547
per_sightline,128,C2-C4,46,2,205,51,1.0,0,0.20813751220703125
per_sightline,128,C2-C4,46,3,205,51,1.0,0,0.2002546787261963
per_sightline,128,C2-C4,46,4,205,51,1.0,0,0.20285272598266602
per_sightline,128,C2-C4,46,5,205,51,1.0,0,0.2077949047088623
per_sightline,128,C3-C4,46,1,204,52,1.0,0,0.21367549896240234
per_sightline,128,C3-C4,46,2,205,51,1.0,0,0.22716450691223145
per_sightline,128,C3-C4,46,3,205,51,0.96,0,0.22043204307556152
per_sightline,128,C3-C4,46,4,205,51,1.0,0,0.22030353546142578
per_sightline,128,C3-C4,46,5,205,51,1.0,0,0.22713184356689453
per_sightline,128,C4-rest,46,1,409,103,0.9807692307692308,0,0.2231593132019043
per_sightline,128,C4-rest,46,2,409,103,0.9807692307692308,0,0.22806072235107422
per_sightline,128,C4-rest,46,3,410,102,0.9935064935064934,0,0.21936798095703125
per_sightline,128,C4-rest,46,4,410,102,1.0,0,0.21938323974609375
per_sightline,128,C4-rest,46,5,410,102,0.9807692307692308,0,0.2312617301940918
per_sightline,128,C1-C2,47,1,204,52,0.9423076923076923,0,0.2137594223022461
per_sightline,128,C1-C2,47,2,205,51,0.88,0,0.21767187118530273
per_sightline,128,C1-C2,47,3,205,51,0.96,0,0.23465371131896973
per_sightline,128,C1-C2,47,4,205,51,0.98,0,0.2054433822631836
per_sightline,128,C1-C2,47,5,205,51,0.96,0,0.22542548179626465
per_sightline,128,C1-C3,47,1,204,52,0.9038461538461539,0,0.21815872192382812
per_sightline,128,C1-C3,47,2,205,51,0.98,0,0.2185366153717041
per_sightline,128,C1-C3,47,3,205,51,0.98,0,0.20807552337646484
per_sightline,128,C1-C3,47,4,205,51,0.9415384615384615,0,0.21701812744140625
per_sightline,128,C1-C3,47,5,205,51,0.9015384615384616,0,0.20137572288513184
per_sightline,128,C1-C4,47,1,204,52,1.0,0,0.20644140243530273
per_sightline,128,C1-C4,47,2,205,51,1.0,0,0.22579145431518555
per_sightline,128,C1-C4,47,3,205,51,1.0,0,0.21655583381652832
per_sightline,128,C1-C4,47,4,205,51,1.0,0,0.230513334274292
per_sightline,128,C1-C4,47,5,205,51,1.0,0,0.23044180870056152
per_sightline,128,C2-C3,47,1,204,52,0.5961538461538461,0,0.21909093856811523
per_sightline,128,C2-C3,47,2,205,51,0.5907692307692307,0,0.21651673316955566
per_sightline,128,C2-C3,47,3,205,51,0.6092307692307692,0,0.21289920806884766
per_sightline,128,C2-C3,47,4,205,51,0.5684615384615385,0,0.2193148136138916
per_sightline,128,C2-C3,47,5,205,51,0.6661538461538461,0,0.2161252498626709
per_sightline,128,C2-C4,47,1,204,52,1.0,0,0.20111322402954102
per_sightline,128,C2-C4,47,2,205,51,1.0,0,0.20973753929138184
per_sightline,128,C2-C4,47,3,205,51,0.98,0,0.20208096504211426
per_sightline,128,C2-C4,47,4,205,51,1.0,0,0.20844030380249023
per_sightline,128,C2-C4,47,5,205,51,1.0,0,0.21701979637145996
per_sightline,128,C3-C4,47,1,204,52,1.0,0,0.20269775390625
per_sightline,128,C3-C4,47,2,205,51,0.9807692307692308,0,0.21124529838562012
per_sightline,128,C3-C4,47,3,205,51,0.96,0,0.21660232543945312
per_sightline,128,C3-C4,47,4,205,51,0.98,0,0.22135400772094727
per_sightline,128,C3-C4,47,5,205,51,0.9807692307692308,0,0.22271370887756348
per_sightline,128,C4-rest,47,1,409,103,0.9615384615384616,0,0.21648311614990234
per_sightline,128,C4-rest,47,2,409,103,1.0,0,0.22481679916381836
per_sightline,128,C4-rest,47,3,410,102,1.0,0,0.2295975685119629
per_sightline,128,C4-rest,47,4,410,102,1.0,0,0.22855401039123535
per_sightline,128,C4-rest,47,5,410,102,1.0,0,0.21533727645874023
per_sightline,128,C1-C2,48,1,204,52,0.9807692307692308,0,0.2330620288848877
per_sightline,128,C1-C2,48,2,205,51,0.98,0,0.21646451950073242
per_sightline,128,C1-C2,48,3,205,51,0.9607692307692308,0,0.21462726593017578
per_sightline,128,C1-C2,48,4,205,51,0.9807692307692308,0,0.2135763168334961
per_sightline,128,C1-C2,48,5,205,51,0.9030769230769231,0,0.2186124324798584
per_sightline,128,C1-C3,48,1,204,52,0.9038461538461539,0,0.21830534934997559
per_sightline,128,C1-C3,48,2,205,51,0.9207692307692308,0,0.2274625301361084
per_sightline,128,C1-C3,48,3,205,51,0.8830769230769231,0,0.20976853370666504
per_sightline,128,C1-C3,48,4,205,51,0.9215384615384616,0,0.21372103691101074
per_sightline,128,C1-C3,48,5,205,51,0.8453846153846154,0,0.21808695793151855
per_sightline,128,C1-C4,48,1,204,52,1.0,0,0.21166729927062988
per_sightline,128,C1-C4,48,2,205,51,1.0,0,0.21384382247924805
per_sightline,128,C1-C4,48,3,205,51,1.0,0,0.21273159980773926
per_sightline,128,C1-C4,48,4,205,51,1.0,0,0.223358154296875
per_sightline,128,C1-C4,48,5,205,51,0.96,0,0.2000582218170166
per_sightline,128,C2-C3,48,1,204,52,0.6538461538461539,0,0.2154858112335205
per_sightline,128,C2-C3,48,2,205,51,0.4123076923076923,0,0.21805572509765625
per_sightline,128,C2-C3,48,3,205,51,0.6107692307692307,0,0.21224164962768555
per_sightline,128,C2-C3,48,4,205,51,0.49,0,0.21924376487731934
per_sightline,128,C2-C3,48,5,205,51,0.5876923076923077,0,0.22147417068481445
per_sightline,128,C2-C4,48,1,204,52,1.0,0,0.19943499565124512
per_sightline,128,C2-C4,48,2,205,51,1.0,0,0.20525407791137695
per_sightline,128,C2-C4,48,3,205,51,1.0,0,0.19951581954956055
per_sightline,128,C2-C4,48,4,205,51,1.0,0,0.2165055274963379
per_sightline,128,C2-C4,48,5,205,51,0.96,0,0.2160661220550537
per_sightline,128,C3-C4,48,1,204,52,1.0,0,0.234266996383667
per_sightline,128,C3-C4,48,2,205,51,0.98,0,0.23382282257080078
per_sightline,128,C3-C4,48,3,205,51,0.9807692307692308,0,0.21663784980773926
per_sightline,128,C3-C4,48,4,205,51,1.0,0,0.21965646743774414
per_sightline,128,C3-C4,48,5,205,51,0.9607692307692308,0,0.21886134147644043
per_sightline,128,C4-rest,48,1,409,103,1.0,0,0.23774290084838867
per_sightline,128,C4-rest,48,2,409,103,0.9935064935064934,0,0.22170448303222656
per_sightline,128,C4-rest,48,3,410,102,1.0,0,0.22145318984985352
per_sightline,128,C4-rest,48,4,410,102,0.9735064935064934,0,0.2225196361541748
per_sightline,128,C4-rest,48,5,410,102,0.9741902834008097,0,0.22021198272705078
per_sightline,128,C1-C2,49,1,204,52,0.9423076923076923,0,0.21476006507873535
per_sightline,128,C1-C2,49,2,205,51,0.94,0,0.2228260040283203
per_sightline,128,C1-C2,49,3,205,51,0.98,0,0.2182612419128418
per_sightline,128,C1-C2,49,4,205,51,0.8630769230769231,0,0.21875429153442383
per_sightline,128,C1-C2,49,5,205,51,0.9615384615384616,0,0.21002483367919922
per_sightline,128,C1-C3,49,1,204,52,0.9038461538461539,0,0.21483397483825684
per_sightline,128,C1-C3,49,2,205,51,0.96,0,0.210404634475708
per_sightline,128,C1-C3,49,3,205,51,0.94,0,0.21825218200683594
per_sightline,128,C1-C3,49,4,205,51,0.8638461538461539,0,0.20949101448059082
per_sightline,128,C1-C3,49,5,205,51,0.9607692307692308,0,0.20918655395507812
per_sightline,128,C1-C4,49,1,204,52,0.9807692307692308,0,0.21691584587097168
per_sightline,128,C1-C4,49,2,205,51,1.0,0,0.20626139640808105
per_sightline,128,C1-C4,49,3,205,51,1.0,0,0.20346665382385254
per_sightline,128,C1-C4,49,4,205,51,1.0,0,0.21001291275024414
per_sightline,128,C1-C4,49,5,205,51,1.0,0,0.2054891586303711
per_sightline,128,C2-C3,49,1,204,52,0.6346153846153846,0,0.21200108528137207
per_sightline,128,C2-C3,49,2,205,51,0.6861538461538461,0,0.212111234664917
per_sightline,128,C2-C3,49,3,205,51,0.7084615384615385,0,0.22303223609924316
per_sightline,128,C2-C3,49,4,205,51,0.6861538461538461,0,0.21155118942260742
per_sightline,128,C2-C3,49,5,205,51,0.5700000000000001,0,0.22645139694213867
per_sightline,128,C2-C4,49,1,204,52,0.9807692307692308,0,0.20523905754089355
per_sightline,128,C2-C4,49,2,205,51,1.0,0,0.20755267143249512
per_sightline,128,C2-C4,49,3,205,51,1.0,0,0.2004685401916504
per_sightline,128,C2-C4,49,4,205,51,1.0,0,0.21689724922180176
per_sightline,128,C2-C4,49,5,205,51,1.0,0,0.19907355308532715
per_sightline,128,C3-C4,49,1,204,52,0.9807692307692308,0,0.2135026454925537
per_sightline,128,C3-C4,49,2,205,51,1.0,0,0.21334409713745117
per_sightline,128,C3-C4,49,3,205,51,1.0,0,0.19938015937805176
per_sightline,128,C3-C4,49,4,205,51,1.0,0,0.2099003791809082
per_sightline,128,C3-C4,49,5,205,51,1.0,0,0.20172357559204102
per_sightline,128,C4-rest,49,1,409,103,0.9807692307692308,0,0.23072409629821777
per_sightline,128,C4-rest,49,2,409,103,0.9935064935064934,0,0.21264219284057617
per_sightline,128,C4-rest,49,3,410,102,1.0,0,0.23431825637817383
per_sightline,128,C4-rest,49,4,410,102,1.0,0,0.21104979515075684
per_sightline,128,C4-rest,49,5,410,102,1.0,0,0.21608233451843262
per_sightline,128,C1-C2,50,1,204,52,0.9807692307692308,0,0.21074366569519043
per_sightline,128,C1-C2,50,2,205,51,0.9415384615384615,0,0.22539210319519043
per_sightline,128,C1-C2,50,3,205,51,0.8207692307692308,0,0.2343752384185791
per_sightline,128,C1-C2,50,4,205,51,0.9207692307692308,0,0.21474623680114746
per_sightline,128,C1-C2,50,5,205,51,0.96,0,0.21930623054504395
per_sightline,128,C1-C3,50,1,204,52,0.9230769230769231,0,0.20577120780944824
per_sightline,128,C1-C3,50,2,205,51,0.8815384615384616,0,0.21030688285827637
per_sightline,128,C1-C3,50,3,205,51,0.9407692307692308,0,0.21445631980895996
per_sightline,128,C1-C3,50,4,205,51,0.9023076923076923,0,0.22367501258850098
per_sightline,128,C1-C3,50,5,205,51,0.9215384615384616,0,0.21865081787109375
per_sightline,128,C1-C4,50,1,204,52,1.0,0,0.2066028118133545
per_sightline,128,C1-C4,50,2,205,51,1.0,0,0.21346092224121094
per_sightline,128,C1-C4,50,3,205,51,1.0,0,0.22213172912597656
per_sightline,128,C1-C4,50,4,205,51,1.0,0,0.21218204498291016
per_sightline,128,C1-C4,50,5,205,51,1.0,0,0.20270228385925293
per_sightline,128,C2-C3,50,1,204,52,0.6923076923076923,0,0.21896839141845703
per_sightline,128,C2-C3,50,2,205,51,0.6276923076923078,0,0.2117919921875
per_sightline,128,C2-C3,50,3,205,51,0.5884615384615384,0,0.20629072189331055
per_sightline,128,C2-C3,50,4,205,51,0.6092307692307692,0,0.21916556358337402
per_sightline,128,C2-C3,50,5,205,51,0.6084615384615384,0,0.21599221229553223
per_sightline,128,C2-C4,50,1,204,52,0.9807692307692308,0,0.20624637603759766
per_sightline,128,C2-C4,50,2,205,51,1.0,0,0.20360803604125977
per_sightline,128,C2-C4,50,3,205,51,1.0,0,0.20209360122680664
per_sightline,128,C2-C4,50,4,205,51,0.98,0,0.2071852684020996
per_sightline,128,C2-C4,50,5,205,51,1.0,0,0.21596646308898926
per_sightline,128,C3-C4,50,1,204,52,0.9807692307692308,0,0.2173316478729248
per_sightline,128,C3-C4,50,2,205,51,0.96,0,0.2257227897644043
per_sightline,128,C3-C4,50,3,205,51,1.0,0,0.21698427200317383
per_sightline,128,C3-C4,50,4,205,51,0.98,0,0.2067089080810547
per_sightline,128,C3-C4,50,5,205,51,1.0,0,0.20977091789245605
per_sightline,128,C4-rest,50,1,409,103,0.9935064935064934,0,0.2164456844329834
per_sightline,128,C4-rest,50,2,409,103,1.0,0,0.22815465927124023
per_sightline,128,C4-rest,50,3,410,102,0.98,0,0.22202801704406738
per_sightline,128,C4-rest,50,4,410,102,1.0,0,0.22390079498291016
per_sightline,128,C4-rest,50,5,410,102,0.9807692307692308,0,0.22223639488220215
per_sightline,128,C1-C2,51,1,204,52,0.9423076923076923,0,0.22277021408081055
per_sightline,128,C1-C2,51,2,205,51,0.96,0,0.21629071235656738
per_sightline,128,C1-C2,51,3,205,51,0.9407692307692308,0,0.20982599258422852
per_sightline,128,C1-C2,51,4,205,51,0.9607692307692308,0,0.21178913116455078
per_sightline,128,C1-C2,51,5,205,51,0.8630769230769231,0,0.21640920639038086
per_sightline,128,C1-C3,51,1,204,52,0.8846153846153846,0,0.21533656120300293
per_sightline,128,C1-C3,51,2,205,51,0.9807692307692308,0,0.22384142875671387
per_sightline,128,C1-C3,51,3,205,51,0.9407692307692308,0,0.2270975112915039
per_sightline,128,C1-C3,51,4,205,51,0.9607692307692308,0,0.2109358310699463
per_sightline,128,C1-C3,51,5,205,51,0.8638461538461539,0,0.21825838088989258
per_sightline,128,C1-C4,51,1,204,52,1.0,0,0.2147226333618164
per_sightline,128,C1-C4,51,2,205,51,1.0,0,0.21580839157104492
per_sightline,128,C1-C4,51,3,205,51,1.0,0,0.20122742652893066
per_sightline,128,C1-C4,51,4,205,51,1.0,0,0.21634984016418457
per_sightline,128,C1-C4,51,5,205,51,1.0,0,0.21605157852172852
per_sightline,128,C2-C3,51,1,204,52,0.6538461538461539,0,0.2147679328918457
per_sightline,128,C2-C3,51,2,205,51,0.5907692307692307,0,0.2345433235168457
per_sightline,128,C2-C3,51,3,205,51,0.6276923076923078,0,0.2169811725616455
per_sightline,128,C2-C3,51,4,205,51,0.5315384615384615,0,0.21793818473815918
per_sightline,128,C2-C3,51,5,205,51,0.5507692307692308,0,0.21748566627502441
per_sightline,128,C2-C4,51,1,204,52,1.0,0,0.20777225494384766
per_sightline,128,C2-C4,51,2,205,51,1.0,0,0.20373868942260742
per_sightline,128,C2-C4,51,3,205,51,1.0,0,0.20078444480895996
per_sightline,128,C2-C4,51,4,205,51,1.0,0,0.21118521690368652
per_sightline,128,C2-C4,51,5,205,51,1.0,0,0.2005767822265625
per_sightline,128,C3-C4,51,1,204,52,1.0,0,0.21020102500915527
per_sightline,128,C3-C4,51,2,205,51,1.0,0,0.2028675079345703
per_sightline,128,C3-C4,51,3,205,51,1.0,0,0.21259331703186035
per_sightline,128,C3-C4,51,4,205,51,1.0,0,0.21320819854736328
per_sightline,128,C3-C4,51,5,205,51,1.0,0,0.23105096817016602
per_sightline,128,C4-rest,51,1,409,103,1.0,0,0.22737479209899902
per_sightline,128,C4-rest,51,2,409,103,1.0,0,0.23368406295776367
per_sightline,128,C4-rest,51,3,410,102,0.98,0,0.21588420867919922
per_sightline,128,C4-rest,51,4,410,102,1.0,0,0.228271484375
per_sightline,128,C4-rest,51,5,410,102,1.0,0,0.23265767097473145
per_sightline,256,C1-C2,42,1,102,26,0.9615384615384616,0,0.20188355445861816
per_sightline,256,C1-C2,42,2,102,26,1.0,0,0.19870853424072266
per_sightline,256,C1-C2,42,3,102,26,1.0,0,0.20273089408874512
per_sightline,256,C1-C2,42,4,103,25,1.0,0,0.21359491348266602
per_sightline,256,C1-C2,42,5,103,25,1.0,0,0.20557188987731934
per_sightline,256,C1-C3,42,1,102,26,0.9615384615384616,0,0.20241928100585938
per_sightline,256,C1-C3,42,2,102,26,0.9615384615384616,0,0.19510245323181152
per_sightline,256,C1-C3,42,3,102,26,0.9615384615384616,0,0.2007441520690918
per_sightline,256,C1-C3,42,4,103,25,1.0,0,0.19616127014160156
per_sightline,256,C1-C3,42,5,103,25,0.9615384615384616,0,0.19511771202087402
per_sightline,256,C1-C4,42,1,102,26,1.0,0,0.1935279369354248
per_sightline,256,C1-C4,42,2,102,26,1.0,0,0.20195627212524414
per_sightline,256,C1-C4,42,3,102,26,1.0,0,0.2005140781402588
per_sightline,256,C1-C4,42,4,103,25,1.0,0,0.1944117546081543
per_sightline,256,C1-C4,42,5,103,25,1.0,0,0.1969127655029297
per_sightline,256,C2-C3,42,1,102,26,0.7692307692307693,0,0.20980501174926758
per_sightline,256,C2-C3,42,2,102,26,0.5769230769230769,0,0.21596264839172363
per_sightline,256,C2-C3,42,3,102,26,0.8846153846153846,0,0.21222448348999023
per_sightline,256,C2-C3,42,4,103,25,0.7243589743589745,0,0.2154374122619629
per_sightline,256,C2-C3,42,5,103,25,0.7596153846153846,0,0.20741033554077148
per_sightline,256,C2-C4,42,1,102,26,1.0,0,0.19927406311035156
per_sightline,256,C2-C4,42,2,102,26,1.0,0,0.2027742862701416
per_sightline,256,C2-C4,42,3,102,26,1.0,0,0.20798134803771973
per_sightline,256,C2-C4,42,4,103,25,1.0,0,0.20453310012817383
per_sightline,256,C2-C4,42,5,103,25,1.0,0,0.20459961891174316
per_sightline,256,C3-C4,42,1,102,26,1.0,0,0.2036452293395996
per_sightline,256,C3-C4,42,2,102,26,1.0,0,0.20033478736877441
per_sightline,256,C3-C4,42,3,102,26,1.0,0,0.1967165470123291
per_sightline,256,C3-C4,42,4,103,25,1.0,0,0.1979081630706787
per_sightline,256,C3-C4,42,5,103,25,0.9615384615384616,0,0.20258831977844238
per_sightline,256,C4-rest,42,1,204,52,1.0,0,0.21089744567871094
per_sightline,256,C4-rest,42,2,205,51,1.0,0,0.21268844604492188
per_sightline,256,C4-rest,42,3,205,51,1.0,0,0.21337461471557617
per_sightline,256,C4-rest,42,4,205,51,1.0,0,0.21019458770751953
per_sightline,256,C4-rest,42,5,205,51,0.9615384615384616,0,0.20867657661437988
per_sightline,256,C1-C2,43,1,102,26,1.0,0,0.20279479026794434
per_sightline,256,C1-C2,43,2,102,26,1.0,0,0.195936918258667
per_sightline,256,C1-C2,43,3,102,26,0.9615384615384616,0,0.20331454277038574
per_sightline,256,C1-C2,43,4,103,25,1.0,0,0.20003151893615723
per_sightline,256,C1-C2,43,5,103,25,1.0,0,0.19918274879455566
per_sightline,256,C1-C3,43,1,102,26,0.9615384615384616,0,0.20220661163330078
per_sightline,256,C1-C3,43,2,102,26,0.9230769230769231,0,0.20245051383972168
per_sightline,256,C1-C3,43,3,102,26,1.0,0,0.20447993278503418
per_sightline,256,C1-C3,43,4,103,25,1.0,0,0.19562101364135742
per_sightline,256,C1-C3,43,5,103,25,1.0,0,0.2150707244873047
per_sightline,256,C1-C4,43,1,102,26,1.0,0,0.2035810947418213
per_sightline,256,C1-C4,43,2,102,26,1.0,0,0.19991016387939453
per_sightline,256,C1-C4,43,3,102,26,1.0,0,0.19971537590026855
per_sightline,256,C1-C4,43,4,103,25,1.0,0,0.2100515365600586
per_sightline,256,C1-C4,43,5,103,25,1.0,0,0.1969618797302246
per_sightline,256,C2-C3,43,1,102,26,0.6923076923076923,0,0.21844172477722168
per_sightline,256,C2-C3,43,2,102,26,0.6923076923076923,0,0.2083122730255127
per_sightline,256,C2-C3,43,3,102,26,0.6153846153846154,0,0.21564197540283203
per_sightline,256,C2-C3,43,4,103,25,0.7596153846153846,0,0.20609807968139648
per_sightline,256,C2-C3,43,5,103,25,0.47756410256410253,0,0.22201776504516602
per_sightline,256,C2-C4,43,1,102,26,1.0,0,0.19783568382263184
per_sightline,256,C2-C4,43,2,102,26,1.0,0,0.19607973098754883
per_sightline,256,C2-C4,43,3,102,26,1.0,0,0.20087242126464844
per_sightline,256,C2-C4,43,4,103,25,1.0,0,0.20061612129211426
per_sightline,256,C2-C4,43,5,103,25,1.0,0,0.20413541793823242
per_sightline,256,C3-C4,43,1,102,26,1.0,0,0.20280742645263672
per_sightline,256,C3-C4,43,2,102,26,1.0,0,0.20066308975219727
per_sightline,256,C3-C4,43,3,102,26,1.0,0,0.1949155330657959
per_sightline,256,C3-C4,43,4,103,25,1.0,0,0.2033710479736328
per_sightline,256,C3-C4,43,5,103,25,1.0,0,0.19774937629699707
per_sightline,256,C4-rest,43,1,204,52,1.0,0,0.20676755905151367
per_sightline,256,C4-rest,43,2,205,51,1.0,0,0.20724177360534668
per_sightline,256,C4-rest,43,3,205,51,1.0,0,0.1981041431427002
per_sightline,256,C4-rest,43,4,205,51,1.0,0,0.20299696922302246
per_sightline,256,C4-rest,43,5,205,51,1.0,0,0.22055411338806152
per_sightline,256,C1-C2,44,1,102,26,1.0,0,0.20667266845703125
per_sightline,256,C1-C2,44,2,102,26,1.0,0,0.1992509365081787
per_sightline,256,C1-C2,44,3,102,26,1.0,0,0.19398260116577148
per_sightline,256,C1-C2,44,4,103,25,1.0,0,0.20625948905944824
per_sightline,256,C1-C2,44,5,103,25,1.0,0,0.20319843292236328
per_sightline,256,C1-C3,44,1,102,26,1.0,0,0.2020399570465088
per_sightline,256,C1-C3,44,2,102,26,0.9615384615384616,0,0.20086932182312012
per_sightline,256,C1-C3,44,3,102,26,1.0,0,0.20340538024902344
per_sightline,256,C1-C3,44,4,103,25,0.9583333333333333,0,0.2032771110534668
per_sightline,256,C1-C3,44,5,103,25,0.9583333333333333,0,0.20344161987304688
per_sightline,256,C1-C4,44,1,102,26,1.0,0,0.20486068725585938
per_sightline,256,C1-C4,44,2,102,26,1.0,0,0.20401668548583984
per_sightline,256,C1-C4,44,3,102,26,1.0,0,0.2034604549407959
per_sightline,256,C1-C4,44,4,103,25,1.0,0,0.19496893882751465
per_sightline,256,C1-C4,44,5,103,25,1.0,0,0.19708561897277832
per_sightline,256,C2-C3,44,1,102,26,0.6538461538461539,0,0.20553135871887207
per_sightline,256,C2-C3,44,2,102,26,0.7307692307692308,0,0.21216416358947754
per_sightline,256,C2-C3,44,3,102,26,0.6538461538461539,0,0.20971393585205078
per_sightline,256,C2-C3,44,4,103,25,0.6474358974358975,0,0.20823001861572266
per_sightline,256,C2-C3,44,5,103,25,0.5641025641025641,0,0.2130870819091797
per_sightline,256,C2-C4,44,1,102,26,1.0,0,0.1984395980834961
per_sightline,256,C2-C4,44,2,102,26,1.0,0,0.19570684432983398
per_sightline,256,C2-C4,44,3,102,26,1.0,0,0.19442510604858398
per_sightline,256,C2-C4,44,4,103,25,1.0,0,0.20414066314697266
per_sightline,256,C2-C4,44,5,103,25,1.0,0,0.19439911842346191
per_sightline,256,C3-C4,44,1,102,26,1.0,0,0.21689319610595703
per_sightline,256,C3-C4,44,2,102,26,1.0,0,0.20281124114990234
per_sightline,256,C3-C4,44,3,102,26,1.0,0,0.19724082946777344
per_sightline,256,C3-C4,44,4,103,25,1.0,0,0.19954204559326172
per_sightline,256,C3-C4,44,5,103,25,1.0,0,0.19977402687072754
per_sightline,256,C4-rest,44,1,204,52,1.0,0,0.20936059951782227
per_sightline,256,C4-rest,44,2,205,51,1.0,0,0.20752620697021484
per_sightline,256,C4-rest,44,3,205,51,1.0,0,0.20821166038513184
per_sightline,256,C4-rest,44,4,205,51,1.0,0,0.19727325439453125
per_sightline,256,C4-rest,44,5,205,51,0.9615384615384616,0,0.21124529838562012
per_sightline,256,C1-C2,45,1,102,26,1.0,0,0.2034153938293457
per_sightline,256,C1-C2,45,2,102,26,1.0,0,0.20654654502868652
per_sightline,256,C1-C2,45,3,102,26,0.9615384615384616,0,0.2004702091217041
per_sightline,256,C1-C2,45,4,103,25,0.9583333333333333,0,0.20313072204589844
per_sightline,256,C1-C2,45,5,103,25,1.0,0,0.2023622989654541
per_sightline,256,C1-C3,45,1,102,26,0.9615384615384616,0,0.20119786262512207
per_sightline,256,C1-C3,45,2,102,26,0.9615384615384616,0,0.20335674285888672
per_sightline,256,C1-C3,45,3,102,26,0.9615384615384616,0,0.19426822662353516
per_sightline,256,C1-C3,45,4,103,25,0.9166666666666667,0,0.1929771900177002
per_sightline,256,C1-C3,45,5,103,25,0.9198717948717949,0,0.2010958194732666
per_sightline,256,C1-C4,45,1,102,26,1.0,0,0.2028512954711914
per_sightline,256,C1-C4,45,2,102,26,1.0,0,0.20110273361206055
per_sightline,256,C1-C4,45,3,102,26,1.0,0,0.2027876377105713
per_sightline,256,C1-C4,45,4,103,25,1.0,0,0.20451831817626953
per_sightline,256,C1-C4,45,5,103,25,1.0,0,0.19515132904052734
per_sightline,256,C2-C3,45,1,102,26,0.6538461538461539,0,0.20663928985595703
per_sightline,256,C2-C3,45,2,102,26,0.7307692307692308,0,0.21550893783569336
per_sightline,256,C2-C3,45,3,102,26,0.6153846153846154,0,0.21342706680297852
per_sightline,256,C2-C3,45,4,103,25,0.6025641025641025,0,0.21127057075500488
per_sightline,256,C2-C3,45,5,103,25,0.641025641025641,0,0.21213817596435547
per_sightline,256,C2-C4,45,1,102,26,1.0,0,0.1958014965057373
per_sightline,256,C2-C4,45,2,102,26,1.0,0,0.19754457473754883
per_sightline,256,C2-C4,45,3,102,26,1.0,0,0.2028350830078125
per_sightline,256,C2-C4,45,4,103,25,1.0,0,0.1955726146697998
per_sightline,256,C2-C4,45,5,103,25,1.0,0,0.2071855068206787
per_sightline,256,C3-C4,45,1,102,26,1.0,0,0.19942712783813477
per_sightline,256,C3-C4,45,2,102,26,1.0,0,0.20353007316589355
per_sightline,256,C3-C4,45,3,102,26,1.0,0,0.20025348663330078
per_sightline,256,C3-C4,45,4,103,25,1.0,0,0.193098783493042
per_sightline,256,C3-C4,45,5,103,25,1.0,0,0.19524288177490234
per_sightline,256,C4-rest,45,1,204,52,0.9615384615384616,0,0.2088158130645752
per_sightline,256,C4-rest,45,2,205,51,1.0,0,0.19820904731750488
per_sightline,256,C4-rest,45,3,205,51,1.0,0,0.20226597785949707
per_sightline,256,C4-rest,45,4,205,51,1.0,0,0.20284223556518555
per_sightline,256,C4-rest,45,5,205,51,1.0,0,0.20716428756713867
per_sightline,256,C1-C2,46,1,102,26,1.0,0,0.1941390037536621
per_sightline,256,C1-C2,46,2,102,26,0.9615384615384616,0,0.2278149127960205
per_sightline,256,C1-C2,46,3,102,26,1.0,0,0.2028491497039795
per_sightline,256,C1-C2,46,4,103,25,1.0,0,0.1945044994354248
per_sightline,256,C1-C2,46,5,103,25,1.0,0,0.21115827560424805
per_sightline,256,C1-C3,46,1,102,26,1.0,0,0.19506478309631348
per_sightline,256,C1-C3,46,2,102,26,1.0,0,0.2003345489501953
per_sightline,256,C1-C3,46,3,102,26,1.0,0,0.19624638557434082
per_sightline,256,C1-C3,46,4,103,25,1.0,0,0.2041029930114746
per_sightline,256,C1-C3,46,5,103,25,0.9615384615384616,0,0.19815850257873535
per_sightline,256,C1-C4,46,1,102,26,1.0,0,0.19362735748291016
per_sightline,256,C1-C4,46,2,102,26,1.0,0,0.20615053176879883
per_sightline,256,C1-C4,46,3,102,26,1.0,0,0.20424652099609375
per_sightline,256,C1-C4,46,4,103,25,1.0,0,0.20206928253173828
per_sightline,256,C1-C4,46,5,103,25,1.0,0,0.2034895420074463
per_sightline,256,C2-C3,46,1,102,26,0.6923076923076923,0,0.21088886260986328
per_sightline,256,C2-C3,46,2,102,26,0.6538461538461539,0,0.20739364624023438
per_sightline,256,C2-C3,46,3,102,26,0.7692307692307693,0,0.23312592506408691
per_sightline,256,C2-C3,46,4,103,25,0.717948717948718,0,0.22943854331970215
per_sightline,256,C2-C3,46,5,103,25,0.5993589743589745,0,0.21384763717651367
per_sightline,256,C2-C4,46,1,102,26,1.0,0,0.21967792510986328
per_sightline,256,C2-C4,46,2,102,26,1.0,0,0.2055363655090332
per_sightline,256,C2-C4,46,3,102,26,1.0,0,0.19987058639526367
per_sightline,256,C2-C4,46,4,103,25,1.0,0,0.21331286430358887
per_sightline,256,C2-C4,46,5,103,25,1.0,0,0.19968461990356445
per_sightline,256,C3-C4,46,1,102,26,1.0,0,0.19624876976013184
per_sightline,256,C3-C4,46,2,102,26,1.0,0,0.20103788375854492
per_sightline,256,C3-C4,46,3,102,26,1.0,0,0.19960784912109375
per_sightline,256,C3-C4,46,4,103,25,1.0,0,0.20460200309753418
per_sightline,256,C3-C4,46,5,103,25,1.0,0,0.20284652709960938
per_sightline,256,C4-rest,46,1,204,52,1.0,0,0.2065901756286621
per_sightline,256,C4-rest,46,2,205,51,1.0,0,0.20644140243530273
per_sightline,256,C4-rest,46,3,205,51,1.0,0,0.19937682151794434
per_sightline,256,C4-rest,46,4,205,51,1.0,0,0.23238825798034668
per_sightline,256,C4-rest,46,5,205,51,1.0,0,0.2080554962158203
per_sightline,256,C1-C2,47,1,102,26,1.0,0,0.1954212188720703
per_sightline,256,C1-C2,47,2,102,26,1.0,0,0.20200657844543457
per_sightline,256,C1-C2,47,3,102,26,1.0,0,0.22189903259277344
per_sightline,256,C1-C2,47,4,103,25,1.0,0,0.20471644401550293
per_sightline,256,C1-C2,47,5,103,25,1.0,0,0.19613409042358398
per_sightline,256,C1-C3,47,1,102,26,0.9615384615384616,0,0.2034311294555664
per_sightline,256,C1-C3,47,2,102,26,0.9615384615384616,0,0.19619965553283691
per_sightline,256,C1-C3,47,3,102,26,1.0,0,0.20261883735656738
per_sightline,256,C1-C3,47,4,103,25,1.0,0,0.204742431640625
per_sightline,256,C1-C3,47,5,103,25,0.9615384615384616,0,0.2032163143157959
per_sightline,256,C1-C4,47,1,102,26,1.0,0,0.2014009952545166
per_sightline,256,C1-C4,47,2,102,26,1.0,0,0.20029020309448242
per_sightline,256,C1-C4,47,3,102,26,1.0,0,0.21143603324890137
per_sightline,256,C1-C4,47,4,103,25,1.0,0,0.21094751358032227
per_sightline,256,C1-C4,47,5,103,25,1.0,0,0.2022407054901123
per_sightline,256,C2-C3,47,1,102,26,0.5769230769230769,0,0.2160046100616455
per_sightline,256,C2-C3,47,2,102,26,0.7307692307692308,0,0.21679902076721191
per_sightline,256,C2-C3,47,3,102,26,0.6923076923076923,0,0.2136392593383789
per_sightline,256,C2-C3,47,4,103,25,0.7596153846153846,0,0.22924470901489258
per_sightline,256,C2-C3,47,5,103,25,0.641025641025641,0,0.21267461776733398
per_sightline,256,C2-C4,47,1,102,26,1.0,0,0.22058796882629395
per_sightline,256,C2-C4,47,2,102,26,1.0,0,0.20847749710083008
per_sightline,256,C2-C4,47,3,102,26,1.0,0,0.20703673362731934
per_sightline,256,C2-C4,47,4,103,25,1.0,0,0.20896553993225098
per_sightline,256,C2-C4,47,5,103,25,1.0,0,0.19340276718139648
per_sightline,256,C3-C4,47,1,102,26,1.0,0,0.1944131851196289
per_sightline,256,C3-C4,47,2,102,26,1.0,0,0.19538402557373047
per_sightline,256,C3-C4,47,3,102,26,1.0,0,0.2102677822113037
per_sightline,256,C3-C4,47,4,103,25,1.0,0,0.20078349113464355
per_sightline,256,C3-C4,47,5,103,25,1.0,0,0.19922947883605957
per_sightline,256,C4-rest,47,1,204,52,1.0,0,0.2064220905303955
per_sightline,256,C4-rest,47,2,205,51,1.0,0,0.1998744010925293
per_sightline,256,C4-rest,47,3,205,51,1.0,0,0.22187542915344238
per_sightline,256,C4-rest,47,4,205,51,1.0,0,0.21932530403137207
per_sightline,256,C4-rest,47,5,205,51,1.0,0,0.1984541416168213
per_sightline,256,C1-C2,48,1,102,26,0.9615384615384616,0,0.20062875747680664
per_sightline,256,C1-C2,48,2,102,26,1.0,0,0.2127981185913086
per_sightline,256,C1-C2,48,3,102,26,1.0,0,0.19941139221191406
per_sightline,256,C1-C2,48,4,103,25,0.9615384615384616,0,0.19620299339294434
per_sightline,256,C1-C2,48,5,103,25,0.9615384615384616,0,0.2019810676574707
per_sightline,256,C1-C3,48,1,102,26,0.8846153846153846,0,0.20979595184326172
per_sightline,256,C1-C3,48,2,102,26,0.9615384615384616,0,0.21439361572265625
per_sightline,256,C1-C3,48,3,102,26,1.0,0,0.19456076622009277
per_sightline,256,C1-C3,48,4,103,25,0.9615384615384616,0,0.20001935958862305
per_sightline,256,C1-C3,48,5,103,25,0.9615384615384616,0,0.1989145278930664
per_sightline,256,C1-C4,48,1,102,26,1.0,0,0.19868850708007812
per_sightline,256,C1-C4,48,2,102,26,1.0,0,0.20352745056152344
per_sightline,256,C1-C4,48,3,102,26,1.0,0,0.20339369773864746
per_sightline,256,C1-C4,48,4,103,25,1.0,0,0.20340609550476074
per_sightline,256,C1-C4,48,5,103,25,1.0,0,0.19494390487670898
per_sightline,256,C2-C3,48,1,102,26,0.6153846153846154,0,0.2070631980895996
per_sightline,256,C2-C3,48,2,102,26,0.6923076923076923,0,0.21582365036010742
per_sightline,256,C2-C3,48,3,102,26,0.7692307692307692,0,0.21126008033752441
per_sightline,256,C2-C3,48,4,103,25,0.6025641025641025,0,0.2073812484741211
per_sightline,256,C2-C3,48,5,103,25,0.5993589743589745,0,0.20681238174438477
per_sightline,256,C2-C4,48,1,102,26,1.0,0,0.19971466064453125
per_sightline,256,C2-C4,48,2,102,26,1.0,0,0.19702911376953125
per_sightline,256,C2-C4,48,3,102,26,1.0,0,0.1992349624633789
per_sightline,256,C2-C4,48,4,103,25,1.0,0,0.19559431076049805
per_sightline,256,C2-C4,48,5,103,25,1.0,0,0.20077252388000488
per_sightline,256,C3-C4,48,1,102,26,1.0,0,0.19726276397705078
per_sightline,256,C3-C4,48,2,102,26,1.0,0,0.20316767692565918
per_sightline,256,C3-C4,48,3,102,26,1.0,0,0.19470810890197754
per_sightline,256,C3-C4,48,4,103,25,1.0,0,0.19769573211669922
per_sightline,256,C3-C4,48,5,103,25,1.0,0,0.20900607109069824
per_sightline,256,C4-rest,48,1,204,52,1.0,0,0.20605897903442383
per_sightline,256,C4-rest,48,2,205,51,1.0,0,0.2065720558166504
per_sightline,256,C4-rest,48,3,205,51,1.0,0,0.20432376861572266
per_sightline,256,C4-rest,48,4,205,51,1.0,0,0.2177126407623291
per_sightline,256,C4-rest,48,5,205,51,1.0,0,0.20248961448669434
per_sightline,256,C1-C2,49,1,102,26,1.0,0,0.210923433303833
per_sightline,256,C1-C2,49,2,102,26,1.0,0,0.20789098739624023
per_sightline,256,C1-C2,49,3,102,26,0.9615384615384616,0,0.19817543029785156
per_sightline,256,C1-C2,49,4,103,25,0.9615384615384616,0,0.1968679428100586
per_sightline,256,C1-C2,49,5,103,25,1.0,0,0.20142030715942383
per_sightline,256,C1-C3,49,1,102,26,1.0,0,0.2012925148010254
per_sightline,256,C1-C3,49,2,102,26,0.9230769230769231,0,0.1997063159942627
per_sightline,256,C1-C3,49,3,102,26,1.0,0,0.19876599311828613
per_sightline,256,C1-C3,49,4,103,25,0.9583333333333333,0,0.19780945777893066
per_sightline,256,C1-C3,49,5,103,25,1.0,0,0.2032918930053711
per_sightline,256,C1-C4,49,1,102,26,1.0,0,0.1937103271484375
per_sightline,256,C1-C4,49,2,102,26,1.0,0,0.19435358047485352
per_sightline,256,C1-C4,49,3,102,26,1.0,0,0.20076727867126465
per_sightline,256,C1-C4,49,4,103,25,1.0,0,0.1992177963256836
per_sightline,256,C1-C4,49,5,103,25,1.0,0,0.1998310089111328
per_sightline,256,C2-C3,49,1,102,26,0.6538461538461539,0,0.20902276039123535
per_sightline,256,C2-C3,49,2,102,26,0.8461538461538463,0,0.20869708061218262
per_sightline,256,C2-C3,49,3,102,26,0.6923076923076923,0,0.20892834663391113
per_sightline,256,C2-C3,49,4,103,25,0.6826923076923077,0,0.21548032760620117
per_sightline,256,C2-C3,49,5,103,25,0.7211538461538461,0,0.20957612991333008
per_sightline,256,C2-C4,49,1,102,26,1.0,0,0.19573283195495605
per_sightline,256,C2-C4,49,2,102,26,1.0,0,0.20594024658203125
per_sightline,256,C2-C4,49,3,102,26,1.0,0,0.20461726188659668
per_sightline,256,C2-C4,49,4,103,25,1.0,0,0.198838472366333
per_sightline,256,C2-C4,49,5,103,25,1.0,0,0.19370603561401367
per_sightline,256,C3-C4,49,1,102,26,1.0,0,0.2027144432067871
per_sightline,256,C3-C4,49,2,102,26,1.0,0,0.20257782936096191
per_sightline,256,C3-C4,49,3,102,26,1.0,0,0.20067048072814941
per_sightline,256,C3-C4,49,4,103,25,1.0,0,0.19891905784606934
per_sightline,256,C3-C4,49,5,103,25,1.0,0,0.19771456718444824
per_sightline,256,C4-rest,49,1,204,52,1.0,0,0.19855237007141113
per_sightline,256,C4-rest,49,2,205,51,1.0,0,0.19858479499816895
per_sightline,256,C4-rest,49,3,205,51,1.0,0,0.20122194290161133
per_sightline,256,C4-rest,49,4,205,51,1.0,0,0.20225262641906738
per_sightline,256,C4-rest,49,5,205,51,1.0,0,0.20983123779296875
per_sightline,256,C1-C2,50,1,102,26,1.0,0,0.19688749313354492
per_sightline,256,C1-C2,50,2,102,26,0.9615384615384616,0,0.20822525024414062
per_sightline,256,C1-C2,50,3,102,26,0.9615384615384616,0,0.20232439041137695
per_sightline,256,C1-C2,50,4,103,25,1.0,0,0.2015528678894043
per_sightline,256,C1-C2,50,5,103,25,1.0,0,0.19415736198425293
per_sightline,256,C1-C3,50,1,102,26,1.0,0,0.21835541725158691
per_sightline,256,C1-C3,50,2,102,26,1.0,0,0.20200371742248535
per_sightline,256,C1-C3,50,3,102,26,0.9615384615384616,0,0.19492459297180176
per_sightline,256,C1-C3,50,4,103,25,0.9166666666666667,0,0.20311498641967773
per_sightline,256,C1-C3,50,5,103,25,1.0,0,0.20292282104492188
per_sightline,256,C1-C4,50,1,102,26,1.0,0,0.19729185104370117
per_sightline,256,C1-C4,50,2,102,26,1.0,0,0.2046215534210205
per_sightline,256,C1-C4,50,3,102,26,1.0,0,0.21357512474060059
per_sightline,256,C1-C4,50,4,103,25,1.0,0,0.2013089656829834
per_sightline,256,C1-C4,50,5,103,25,1.0,0,0.2035984992980957
per_sightline,256,C2-C3,50,1,102,26,0.6153846153846154,0,0.21036958694458008
per_sightline,256,C2-C3,50,2,102,26,0.6923076923076923,0,0.2063140869140625
per_sightline,256,C2-C3,50,3,102,26,0.8076923076923077,0,0.2107858657836914
per_sightline,256,C2-C3,50,4,103,25,0.6025641025641025,0,0.2259979248046875
per_sightline,256,C2-C3,50,5,103,25,0.6858974358974359,0,0.21103644371032715
per_sightline,256,C2-C4,50,1,102,26,1.0,0,0.19721412658691406
per_sightline,256,C2-C4,50,2,102,26,1.0,0,0.20441555976867676
per_sightline,256,C2-C4,50,3,102,26,1.0,0,0.20350909233093262
per_sightline,256,C2-C4,50,4,103,25,1.0,0,0.20017671585083008
per_sightline,256,C2-C4,50,5,103,25,0.9615384615384616,0,0.20286202430725098
per_sightline,256,C3-C4,50,1,102,26,1.0,0,0.20339703559875488
per_sightline,256,C3-C4,50,2,102,26,1.0,0,0.1998004913330078
per_sightline,256,C3-C4,50,3,102,26,1.0,0,0.2037968635559082
per_sightline,256,C3-C4,50,4,103,25,0.9615384615384616,0,0.19430804252624512
per_sightline,256,C3-C4,50,5,103,25,0.9615384615384616,0,0.19574785232543945
per_sightline,256,C4-rest,50,1,204,52,1.0,0,0.20440077781677246
per_sightline,256,C4-rest,50,2,205,51,1.0,0,0.21592950820922852
per_sightline,256,C4-rest,50,3,205,51,1.0,0,0.1981639862060547
per_sightline,256,C4-rest,50,4,205,51,0.9615384615384616,0,0.19942474365234375
per_sightline,256,C4-rest,50,5,205,51,1.0,0,0.20687127113342285
per_sightline,256,C1-C2,51,1,102,26,1.0,0,0.194288969039917
per_sightline,256,C1-C2,51,2,102,26,1.0,0,0.20359516143798828
per_sightline,256,C1-C2,51,3,102,26,0.9615384615384616,0,0.19908595085144043
per_sightline,256,C1-C2,51,4,103,25,1.0,0,0.20575237274169922
per_sightline,256,C1-C2,51,5,103,25,1.0,0,0.20779132843017578
per_sightline,256,C1-C3,51,1,102,26,0.9615384615384616,0,0.19979262351989746
per_sightline,256,C1-C3,51,2,102,26,1.0,0,0.20275306701660156
per_sightline,256,C1-C3,51,3,102,26,1.0,0,0.19915437698364258
per_sightline,256,C1-C3,51,4,103,25,1.0,0,0.20186281204223633
per_sightline,256,C1-C3,51,5,103,25,1.0,0,0.1963191032409668
per_sightline,256,C1-C4,51,1,102,26,1.0,0,0.20254969596862793
per_sightline,256,C1-C4,51,2,102,26,1.0,0,0.20656800270080566
per_sightline,256,C1-C4,51,3,102,26,1.0,0,0.19480204582214355
per_sightline,256,C1-C4,51,4,103,25,1.0,0,0.2023327350616455
per_sightline,256,C1-C4,51,5,103,25,1.0,0,0.20122241973876953
per_sightline,256,C2-C3,51,1,102,26,0.7692307692307693,0,0.2133769989013672
per_sightline,256,C2-C3,51,2,102,26,0.8846153846153846,0,0.208296537399292
per_sightline,256,C2-C3,51,3,102,26,0.576923076923077,0,0.20611143112182617
per_sightline,256,C2-C3,51,4,103,25,0.641025641025641,0,0.2092437744140625
per_sightline,256,C2-C3,51,5,103,25,0.6858974358974359,0,0.20916032791137695
per_sightline,256,C2-C4,51,1,102,26,1.0,0,0.21056890487670898
per_sightline,256,C2-C4,51,2,102,26,1.0,0,0.2027435302734375
per_sightline,256,C2-C4,51,3,102,26,1.0,0,0.2029411792755127
per_sightline,256,C2-C4,51,4,103,25,1.0,0,0.19460129737854004
per_sightline,256,C2-C4,51,5,103,25,1.0,0,0.195573091506958
per_sightline,256,C3-C4,51,1,102,26,1.0,0,0.1972789764404297
per_sightline,256,C3-C4,51,2,102,26,1.0,0,0.1946549415588379
per_sightline,256,C3-C4,51,3,102,26,1.0,0,0.20290327072143555
per_sightline,256,C3-C4,51,4,103,25,1.0,0,0.194716215133667
per_sightline,256,C3-C4,51,5,103,25,1.0,0,0.1934354305267334
per_sightline,256,C4-rest,51,1,204,52,1.0,0,0.21044135093688965
per_sightline,256,C4-rest,51,2,205,51,1.0,0,0.2063462734222412
per_sightline,256,C4-rest,51,3,205,51,1.0,0,0.20191454887390137
per_sightline,256,C4-rest,51,4,205,51,1.0,0,0.20619487762451172
per_sightline,256,C4-rest,51,5,205,51,1.0,0,0.2063736915588379
global,1,C1-C2,42,1,26214,6554,0.2992065913945682,0,3.9010493755340576
global,1,C1-C2,42,2,26214,6554,0.2947818126335062,0,4.034792900085449
global,1,C1-C2,42,3,26214,6554,0.2898992981385413,0,3.966186761856079
global,1,C1-C2,42,4,26215,6553,0.29115909604923945,0,4.127730131149292
global,1,C1-C2,42,5,26215,6553,0.28827090838839386,0,3.8424453735351562
global,1,C1-C3,42,1,26214,6554,0.41745498931949954,0,2.9214582443237305
global,1,C1-C3,42,2,26214,6554,0.41058895331095513,0,3.0174124240875244
global,1,C1-C3,42,3,26214,6554,0.419896246566982,0,2.9926037788391113
global,1,C1-C3,42,4,26215,6553,0.4143109204903529,0,3.0224175453186035
global,1,C1-C3,42,5,26215,6553,0.4146228309716256,0,3.0774168968200684
global,1,C1-C4,42,1,26214,6554,0.7932560268538297,0,2.300431728363037
global,1,C1-C4,42,2,26214,6554,0.7894415624046384,0,2.3682327270507812
global,1,C1-C4,42,3,26214,6554,0.8018004272200183,0,2.296292543411255
global,1,C1-C4,42,4,26215,6553,0.7860477602619806,0,2.3275837898254395
global,1,C1-C4,42,5,26215,6553,0.7886510041682455,0,2.2659826278686523
global,1,C2-C3,42,1,26214,6554,0.36542569423252974,0,2.799933671951294
global,1,C2-C3,42,2,26214,6554,0.3602380225816295,0,2.8883166313171387
global,1,C2-C3,42,3,26214,6554,0.36161122978333843,0,2.921496629714966
global,1,C2-C3,42,4,26215,6553,0.3613605649766773,0,2.804192304611206
global,1,C2-C3,42,5,26215,6553,0.36776961044583867,0,2.894536018371582
global,1,C2-C4,42,1,26214,6554,0.7868477265791882,0,2.2272567749023438
global,1,C2-C4,42,2,26214,6554,0.7834909978639,0,2.2834994792938232
global,1,C2-C4,42,3,26214,6554,0.7975282270369239,0,2.2831311225891113
global,1,C2-C4,42,4,26215,6553,0.7791796283938488,0,2.292996883392334
global,1,C2-C4,42,5,26215,6553,0.7735438153884904,0,2.267730236053467
global,1,C3-C4,42,1,26214,6554,0.7683857186451022,0,2.262181282043457
global,1,C3-C4,42,2,26214,6554,0.7584681110772047,0,2.2081222534179688
global,1,C3-C4,42,3,26214,6554,0.7802868477265792,0,2.2544331550598145
global,1,C3-C4,42,4,26215,6553,0.7672759842808667,0,2.2604410648345947
global,1,C3-C4,42,5,26215,6553,0.7588941760440082,0,2.20711612701416
global,1,C4-rest,42,1,52428,13108,0.7474315939375445,0,6.0635130405426025
global,1,C4-rest,42,2,52429,13107,0.7461909382110785,0,5.836402654647827
global,1,C4-rest,42,3,52429,13107,0.7580082178232268,0,5.901066303253174
global,1,C4-rest,42,4,52429,13107,0.7502774819164117,0,5.861281871795654
global,1,C4-rest,42,5,52429,13107,0.751498110540153,0,5.922054052352905
global,1,C1-C2,43,1,26214,6554,0.2911199267622826,0,4.007463216781616
global,1,C1-C2,43,2,26214,6554,0.29768080561489163,0,3.8570926189422607
global,1,C1-C2,43,3,26214,6554,0.2929508696978944,0,3.8149654865264893
global,1,C1-C2,43,4,26215,6553,0.3059603824785393,0,4.10223126411438
global,1,C1-C2,43,5,26215,6553,0.2946797209842678,0,4.1676411628723145
global,1,C1-C3,43,1,26214,6554,0.4249313396399146,0,2.9196321964263916
global,1,C1-C3,43,2,26214,6554,0.4208117180347879,0,3.0012378692626953
global,1,C1-C3,43,3,26214,6554,0.41486115349404945,0,3.006121873855591
global,1,C1-C3,43,4,26215,6553,0.41171750383682026,0,2.9951260089874268
global,1,C1-C3,43,5,26215,6553,0.42347439120402197,0,3.040588617324829
global,1,C1-C4,43,1,26214,6554,0.7876106194690266,0,2.3375346660614014
global,1,C1-C4,43,2,26214,6554,0.7902044552944767,0,2.286940097808838
global,1,C1-C4,43,3,26214,6554,0.7902044552944767,0,2.3052139282226562
global,1,C1-C4,43,4,26215,6553,0.7973406708911744,0,2.3500452041625977
global,1,C1-C4,43,5,26215,6553,0.7866679484012411,0,2.3685145378112793
global,1,C2-C3,43,1,26214,6554,0.3707659444613976,0,2.7899560928344727
global,1,C2-C3,43,2,26214,6554,0.36969789441562406,0,2.76086688041687
global,1,C2-C3,43,3,26214,6554,0.35993286542569425,0,2.8468308448791504
global,1,C2-C3,43,4,26215,6553,0.3657868807014367,0,2.8511955738067627
global,1,C2-C3,43,5,26215,6553,0.3789122246552823,0,2.90049147605896
global,1,C2-C4,43,1,26214,6554,0.7850167836435764,0,2.265897274017334
global,1,C2-C4,43,2,26214,6554,0.7815074763503204,0,2.2379679679870605
global,1,C2-C4,43,3,26214,6554,0.7886786695148,0,2.277834892272949
global,1,C2-C4,43,4,26215,6553,0.7883364389314953,0,2.348761796951294
global,1,C2-C4,43,5,26215,6553,0.7781228028405325,0,2.2491862773895264
global,1,C3-C4,43,1,26214,6554,0.7685382972230699,0,2.216644525527954
global,1,C3-C4,43,2,26214,6554,0.7610619469026548,0,2.2076919078826904
global,1,C3-C4,43,3,26214,6554,0.7691486115349405,0,2.1805310249328613
global,1,C3-C4,43,4,26215,6553,0.769107812134971,0,2.2655410766601562
global,1,C3-C4,43,5,26215,6553,0.7656111265738974,0,2.2134909629821777
global,1,C4-rest,43,1,52428,13108,0.7506866036008544,0,5.8751208782196045
global,1,C4-rest,43,2,52429,13107,0.751074523923166,0,6.0330376625061035
global,1,C4-rest,43,3,52429,13107,0.7479889895076228,0,5.8393003940582275
global,1,C4-rest,43,4,52429,13107,0.7483447009289133,0,5.962631940841675
global,1,C4-rest,43,5,52429,13107,0.7565840993564381,0,5.820028066635132
global,1,C1-C2,44,1,26214,6554,0.2902044552944767,0,4.107668399810791
global,1,C1-C2,44,2,26214,6554,0.29218797680805614,0,3.876033306121826
global,1,C1-C2,44,3,26214,6554,0.30698809887091855,0,3.8731772899627686
global,1,C1-C2,44,4,26215,6553,0.29680557465116514,0,4.097460746765137
global,1,C1-C2,44,5,26215,6553,0.2977311062449909,0,3.967238426208496
global,1,C1-C3,44,1,26214,6554,0.4116570033567287,0,2.941296339035034
global,1,C1-C3,44,2,26214,6554,0.4200488251449497,0,2.969489336013794
global,1,C1-C3,44,3,26214,6554,0.41867561794324076,0,2.978023052215576
global,1,C1-C3,44,4,26215,6553,0.4135465837861322,0,3.042116165161133
global,1,C1-C3,44,5,26215,6553,0.41416504866306514,0,3.077850580215454
global,1,C1-C4,44,1,26214,6554,0.787458040891059,0,2.2689459323883057
global,1,C1-C4,44,2,26214,6554,0.7984436985047298,0,2.317716121673584
global,1,C1-C4,44,3,26214,6554,0.787458040891059,0,2.301135301589966
global,1,C1-C4,44,4,26215,6553,0.7832987376777429,0,2.328699827194214
global,1,C1-C4,44,5,26215,6553,0.7920080589061365,0,2.2879300117492676
global,1,C2-C3,44,1,26214,6554,0.3602380225816295,0,2.730447769165039
global,1,C2-C3,44,2,26214,6554,0.36862984436985047,0,2.905425548553467
global,1,C2-C3,44,3,26214,6554,0.36359475129691793,0,2.8903677463531494
global,1,C2-C3,44,4,26215,6553,0.3520522005035279,0,2.8366410732269287
global,1,C2-C3,44,5,26215,6553,0.35357849860443696,0,2.841221809387207
global,1,C2-C4,44,1,26214,6554,0.7783033262129997,0,2.246797800064087
global,1,C2-C4,44,2,26214,6554,0.7978333841928593,0,2.2979087829589844
global,1,C2-C4,44,3,26214,6554,0.7798291119926761,0,2.2631359100341797
global,1,C2-C4,44,4,26215,6553,0.7803995583977275,0,2.237271785736084
global,1,C2-C4,44,5,26215,6553,0.787583047271787,0,2.2575390338897705
global,1,C3-C4,44,1,26214,6554,0.7647238327738786,0,2.273214101791382
global,1,C3-C4,44,2,26214,6554,0.7834909978638999,0,2.250761032104492
global,1,C3-C4,44,3,26214,6554,0.7618248397924932,0,2.1993749141693115
global,1,C3-C4,44,4,26215,6553,0.762392445143437,0,2.238474130630493
global,1,C3-C4,44,5,26215,6553,0.7654562192630547,0,2.2683119773864746
global,1,C4-rest,44,1,52428,13108,0.7510426202827789,0,5.73870062828064
global,1,C4-rest,44,2,52429,13107,0.7461404978570069,0,6.0225303173065186
global,1,C4-rest,44,3,52429,13107,0.7572961896332868,0,6.062634468078613
global,1,C4-rest,44,4,52429,13107,0.7521593361171034,0,6.053032159805298
global,1,C4-rest,44,5,52429,13107,0.7494129527571398,0,6.052786111831665
global,1,C1-C2,45,1,26214,6554,0.29325602685382973,0,4.05375599861145
global,1,C1-C2,45,2,26214,6554,0.3072932560268538,0,3.9523308277130127
global,1,C1-C2,45,3,26214,6554,0.29966432712847113,0,4.127265930175781
global,1,C1-C2,45,4,26215,6553,0.3059605687771693,0,4.030623197555542
global,1,C1-C2,45,5,26215,6553,0.29651299265275466,0,3.933607339859009
global,1,C1-C3,45,1,26214,6554,0.4180653036313702,0,2.9995453357696533
global,1,C1-C3,45,2,26214,6554,0.4249313396399146,0,2.9266767501831055
global,1,C1-C3,45,3,26214,6554,0.4276777540433323,0,3.0535945892333984
global,1,C1-C3,45,4,26215,6553,0.42468556517229084,0,3.0463714599609375
global,1,C1-C3,45,5,26215,6553,0.41584504313372184,0,2.9526312351226807
global,1,C1-C4,45,1,26214,6554,0.7927982911199267,0,2.3775548934936523
global,1,C1-C4,45,2,26214,6554,0.7888312480927677,0,2.3583436012268066
global,1,C1-C4,45,3,26214,6554,0.796612755569118,0,2.337451934814453
global,1,C1-C4,45,4,26215,6553,0.7953551466673224,0,2.3515737056732178
global,1,C1-C4,45,5,26215,6553,0.782701277971342,0,2.338606357574463
global,1,C2-C3,45,1,26214,6554,0.3669514800122063,0,2.8131022453308105
global,1,C2-C3,45,2,26214,6554,0.3663411657003357,0,2.811383008956909
global,1,C2-C3,45,3,26214,6554,0.3669514800122063,0,2.9006686210632324
global,1,C2-C3,45,4,26215,6553,0.3656335103542916,0,2.860044002532959
global,1,C2-C3,45,5,26215,6553,0.37540249819010885,0,2.779447078704834
global,1,C2-C4,45,1,26214,6554,0.7885260909368325,0,2.245197296142578
global,1,C2-C4,45,2,26214,6554,0.7804394263045469,0,2.2655839920043945
global,1,C2-C4,45,3,26214,6554,0.78608483368935,0,2.3181488513946533
global,1,C2-C4,45,4,26215,6553,0.7848257809731719,0,2.24692702293396
global,1,C2-C4,45,5,26215,6553,0.7755287807164524,0,2.217041254043579
global,1,C3-C4,45,1,26214,6554,0.7740311260299054,0,2.2419943809509277
global,1,C3-C4,45,2,26214,6554,0.7638083613060727,0,2.206719160079956
global,1,C3-C4,45,3,26214,6554,0.7720476045163259,0,2.232856512069702
global,1,C3-C4,45,4,26215,6553,0.7674288888814369,0,2.2179646492004395
global,1,C3-C4,45,5,26215,6553,0.765152785369447,0,2.2649459838867188
global,1,C4-rest,45,1,52428,13108,0.7471264367816092,0,5.947350263595581
global,1,C4-rest,45,2,52429,13107,0.7532111363359456,0,5.9096879959106445
global,1,C4-rest,45,3,52429,13107,0.7536850598098712,0,5.804110050201416
global,1,C4-rest,45,4,52429,13107,0.7506845081676881,0,5.953533411026001
global,1,C4-rest,45,5,52429,13107,0.7558720866882254,0,5.906867027282715
global,1,C1-C2,46,1,26214,6554,0.29646017699115046,0,3.9365177154541016
global,1,C1-C2,46,2,26214,6554,0.2909673481843149,0,4.087582349777222
global,1,C1-C2,46,3,26214,6554,0.29630759841318277,0,3.866739273071289
global,1,C1-C2,46,4,26215,6553,0.2929905513060838,0,4.0115647315979
global,1,C1-C2,46,5,26215,6553,0.3052098318729384,0,3.9456002712249756
global,1,C1-C3,46,1,26214,6554,0.41638693927372594,0,2.97332501411438
global,1,C1-C3,46,2,26214,6554,0.4229478181263351,0,3.0009961128234863
global,1,C1-C3,46,3,26214,6554,0.419896246566982,0,3.0104827880859375
global,1,C1-C3,46,4,26215,6553,0.4234671721321096,0,2.9770822525024414
global,1,C1-C3,46,5,26215,6553,0.43110527623801964,0,3.143622875213623
global,1,C1-C4,46,1,26214,6554,0.7917302410741531,0,2.3270769119262695
global,1,C1-C4,46,2,26214,6554,0.7870003051571559,0,2.337231159210205
global,1,C1-C4,46,3,26214,6554,0.7953921269453769,0,2.2869558334350586
global,1,C1-C4,46,4,26215,6553,0.7892521898472462,0,2.319037675857544
global,1,C1-C4,46,5,26215,6553,0.7942985539872938,0,2.296475887298584
global,1,C2-C3,46,1,26214,6554,0.3649679584986268,0,2.8782384395599365
global,1,C2-C3,46,2,26214,6554,0.3671040585901739,0,2.8708386421203613
global,1,C2-C3,46,3,26214,6554,0.36267927982911197,0,2.7507777214050293
global,1,C2-C3,46,4,26215,6553,0.3683819740426393,0,2.819939613342285
global,1,C2-C3,46,5,26215,6553,0.37158705567311,0,2.871094226837158
global,1,C2-C4,46,1,26214,6554,0.7819652120842233,0,2.317800998687744
global,1,C2-C4,46,2,26214,6554,0.7833384192859323,0,2.2171854972839355
global,1,C2-C4,46,3,26214,6554,0.7912725053402503,0,2.1815335750579834
global,1,C2-C4,46,4,26215,6553,0.7764341454835809,0,2.2472832202911377
global,1,C2-C4,46,5,26215,6553,0.7904836703661848,0,2.2439379692077637
global,1,C3-C4,46,1,26214,6554,0.7683857186451022,0,2.2128844261169434
global,1,C3-C4,46,2,26214,6554,0.7679279829111992,0,2.2665295600891113
global,1,C3-C4,46,3,26214,6554,0.7711321330485199,0,2.2579128742218018
global,1,C3-C4,46,4,26215,6553,0.7659031031017605,0,2.246770143508911
global,1,C3-C4,46,5,26215,6553,0.7659140947209302,0,2.215867519378662
global,1,C4-rest,46,1,52428,13108,0.7479910487234259,0,5.842931032180786
global,1,C4-rest,46,2,52429,13107,0.7454279055972678,0,5.895516633987427
global,1,C4-rest,46,3,52429,13107,0.7488027005321779,0,5.915976524353027
global,1,C4-rest,46,4,52429,13107,0.753023849754648,0,5.9884397983551025
global,1,C4-rest,46,5,52429,13107,0.7568895359034623,0,6.01244592666626
global,1,C1-C2,47,1,26214,6554,0.29722306988098873,0,4.025341987609863
global,1,C1-C2,47,2,26214,6554,0.2950869697894416,0,3.879196882247925
global,1,C1-C2,47,3,26214,6554,0.3011901129081477,0,3.9759442806243896
global,1,C1-C2,47,4,26215,6553,0.2955862035431764,0,4.148465394973755
global,1,C1-C2,47,5,26215,6553,0.2995623752032052,0,3.8668808937072754
global,1,C1-C3,47,1,26214,6554,0.4188281965212084,0,2.9532551765441895
global,1,C1-C3,47,2,26214,6554,0.4168446750076289,0,2.9674556255340576
global,1,C1-C3,47,3,26214,6554,0.4107415318889228,0,2.9227676391601562
global,1,C1-C3,47,4,26215,6553,0.41583787063646693,0,2.990168571472168
global,1,C1-C3,47,5,26215,6553,0.4150821968185411,0,2.970463514328003
global,1,C1-C4,47,1,26214,6554,0.7921879768080562,0,2.3166146278381348
global,1,C1-C4,47,2,26214,6554,0.789594140982606,0,2.317570209503174
global,1,C1-C4,47,3,26214,6554,0.792645712541959,0,2.307058811187744
global,1,C1-C4,47,4,26215,6553,0.7945939304651541,0,2.3087525367736816
global,1,C1-C4,47,5,26215,6553,0.7915510683667535,0,2.337409019470215
global,1,C2-C3,47,1,26214,6554,0.3620689655172414,0,2.754035234451294
global,1,C2-C3,47,2,26214,6554,0.3672566371681416,0,2.9115078449249268
global,1,C2-C3,47,3,26214,6554,0.3727494659749771,0,2.890972137451172
global,1,C2-C3,47,4,26215,6553,0.36670402885691256,0,2.840245246887207
global,1,C2-C3,47,5,26215,6553,0.35815716003387654,0,2.8600428104400635
global,1,C2-C4,47,1,26214,6554,0.7830332621299969,0,2.2589950561523438
global,1,C2-C4,47,2,26214,6554,0.7873054623130913,0,2.2868332862854004
global,1,C2-C4,47,3,26214,6554,0.7836435764418676,0,2.243032455444336
global,1,C2-C4,47,4,26215,6553,0.7851324750928046,0,2.2253222465515137
global,1,C2-C4,47,5,26215,6553,0.7830056433580999,0,2.2670443058013916
global,1,C3-C4,47,1,26214,6554,0.7648764113518463,0,2.2135589122772217
global,1,C3-C4,47,2,26214,6554,0.7685382972230699,0,2.2529921531677246
global,1,C3-C4,47,3,26214,6554,0.7648764113518463,0,2.210573196411133
global,1,C3-C4,47,4,26215,6553,0.7727712815445498,0,2.226792335510254
global,1,C3-C4,47,5,26215,6553,0.7711041882540204,0,2.237823247909546
global,1,C4-rest,47,1,52428,13108,0.7503814464449192,0,5.791127681732178
global,1,C4-rest,47,2,52429,13107,0.7545852750308044,0,6.095573902130127
global,1,C4-rest,47,3,52429,13107,0.7500231584169204,0,5.9303297996521
global,1,C4-rest,47,4,52429,13107,0.7489043988885202,0,6.142064571380615
global,1,C4-rest,47,5,52429,13107,0.7529730160982041,0,6.000763416290283
global,1,C1-C2,48,1,26214,6554,0.30164784864205063,0,3.999260902404785
global,1,C1-C2,48,2,26214,6554,0.28364357644186755,0,3.8962209224700928
global,1,C1-C2,48,3,26214,6554,0.2992065913945682,0,4.0877275466918945
global,1,C1-C2,48,4,26215,6553,0.29222849676008056,0,3.977774143218994
global,1,C1-C2,48,5,26215,6553,0.3023097676744305,0,4.15816330909729
global,1,C1-C3,48,1,26214,6554,0.4116570033567287,0,2.970409393310547
global,1,C1-C3,48,2,26214,6554,0.4180653036313702,0,2.9813344478607178
global,1,C1-C3,48,3,26214,6554,0.41730241074153185,0,2.9762015342712402
global,1,C1-C3,48,4,26215,6553,0.4136993020880723,0,2.9758453369140625
global,1,C1-C3,48,5,26215,6553,0.4207276507780017,0,3.0115630626678467
global,1,C1-C4,48,1,26214,6554,0.7932560268538298,0,2.3269481658935547
global,1,C1-C4,48,2,26214,6554,0.7903570338724443,0,2.3670952320098877
global,1,C1-C4,48,3,26214,6554,0.7934086054317975,0,2.337857484817505
global,1,C1-C4,48,4,26215,6553,0.7965772656801037,0,2.341923236846924
global,1,C1-C4,48,5,26215,6553,0.7863625583720182,0,2.3669650554656982
global,1,C2-C3,48,1,26214,6554,0.3660360085444003,0,2.8765552043914795
global,1,C2-C3,48,2,26214,6554,0.36389990845285325,0,2.868825674057007
global,1,C2-C3,48,3,26214,6554,0.3700030515715593,0,2.8756022453308105
global,1,C2-C3,48,4,26215,6553,0.3618200239729077,0,2.8208227157592773
global,1,C2-C3,48,5,26215,6553,0.36456755616810543,0,2.7913599014282227
global,1,C2-C4,48,1,26214,6554,0.7857796765334146,0,2.221330165863037
global,1,C2-C4,48,2,26214,6554,0.7859322551113823,0,2.2518227100372314
global,1,C2-C4,48,3,26214,6554,0.7836435764418676,0,2.287118434906006
global,1,C2-C4,48,4,26215,6553,0.7884894832560381,0,2.2466883659362793
global,1,C2-C4,48,5,26215,6553,0.7769014755969288,0,2.208470344543457
global,1,C3-C4,48,1,26214,6554,0.7740311260299054,0,2.189666271209717
global,1,C3-C4,48,2,26214,6554,0.7653341470857491,0,2.1872622966766357
global,1,C3-C4,48,3,26214,6554,0.7641135184620079,0,2.2382729053497314
global,1,C3-C4,48,4,26215,6553,0.7776537494648572,0,2.2965176105499268
global,1,C3-C4,48,5,26215,6553,0.7604209864661498,0,2.2497336864471436
global,1,C4-rest,48,1,52428,13108,0.7593327230190214,0,5.9760284423828125
global,1,C4-rest,48,2,52429,13107,0.7444607828342952,0,5.983027219772339
global,1,C4-rest,48,3,52429,13107,0.7511931862101251,0,5.844061613082886
global,1,C4-rest,48,4,52429,13107,0.7485991951674034,0,6.04793119430542
global,1,C4-rest,48,5,52429,13107,0.7521591188129231,0,5.9731667041778564
global,1,C1-C2,49,1,26214,6554,0.2911199267622826,0,4.06571364402771
global,1,C1-C2,49,2,26214,6554,0.2949343912114739,0,4.093882322311401
global,1,C1-C2,49,3,26214,6554,0.30195300579798595,0,3.9727916717529297
global,1,C1-C2,49,4,26215,6553,0.2965009298164623,0,3.800122022628784
global,1,C1-C2,49,5,26215,6553,0.29651206115960466,0,4.221550703048706
global,1,C1-C3,49,1,26214,6554,0.4116570033567287,0,2.991016387939453
global,1,C1-C3,49,2,26214,6554,0.41058895331095513,0,2.9967739582061768
global,1,C1-C3,49,3,26214,6554,0.4250839182178822,0,2.962325096130371
global,1,C1-C3,49,4,26215,6553,0.4208710075737845,0,2.982391834259033
global,1,C1-C3,49,5,26215,6553,0.4251519172178312,0,2.9348256587982178
global,1,C1-C4,49,1,26214,6554,0.7903570338724444,0,2.2682900428771973
global,1,C1-C4,49,2,26214,6554,0.7857796765334147,0,2.307028293609619
global,1,C1-C4,49,3,26214,6554,0.7976808056148916,0,2.3324882984161377
global,1,C1-C4,49,4,26215,6553,0.7936764097124183,0,2.33685302734375
global,1,C1-C4,49,5,26215,6553,0.7968926226860313,0,2.3524935245513916
global,1,C2-C3,49,1,26214,6554,0.37076594446139766,0,2.8387742042541504
global,1,C2-C3,49,2,26214,6554,0.35230393652731157,0,2.865734577178955
global,1,C2-C3,49,3,26214,6554,0.3613060726274031,0,2.792898416519165
global,1,C2-C3,49,4,26215,6553,0.3624300588368333,0,2.8614184856414795
global,1,C2-C3,49,5,26215,6553,0.36715910983533806,0,2.837468147277832
global,1,C2-C4,49,1,26214,6554,0.7834909978638999,0,2.2612123489379883
global,1,C2-C4,49,2,26214,6554,0.7779981690570644,0,2.2880122661590576
global,1,C2-C4,49,3,26214,6554,0.7844064693317059,0,2.2693045139312744
global,1,C2-C4,49,4,26215,6553,0.7884873408217931,0,2.2367947101593018
global,1,C2-C4,49,5,26215,6553,0.7878888564729272,0,2.246476650238037
global,1,C3-C4,49,1,26214,6554,0.7680805614891669,0,2.236732244491577
global,1,C3-C4,49,2,26214,6554,0.7599938968568813,0,2.2672312259674072
global,1,C3-C4,49,3,26214,6554,0.7749465974977113,0,2.1948490142822266
global,1,C3-C4,49,4,26215,6553,0.772006199645809,0,2.20267915725708
global,1,C3-C4,49,5,26215,6553,0.7666767081628235,0,2.2116310596466064
global,1,C4-rest,49,1,52428,13108,0.7523141084325093,0,6.002655267715454
global,1,C4-rest,49,2,52429,13107,0.75097313089379,0,6.028179168701172
global,1,C4-rest,49,3,52429,13107,0.7497691453519723,0,6.020277500152588
global,1,C4-rest,49,4,52429,13107,0.7515996692009508,0,5.905400276184082
global,1,C4-rest,49,5,52429,13107,0.7539902790527152,0,5.931561231613159
global,1,C1-C2,50,1,26214,6554,0.29234055538602377,0,4.117752552032471
global,1,C1-C2,50,2,26214,6554,0.2978333841928593,0,3.795597553253174
global,1,C1-C2,50,3,26214,6554,0.30164784864205063,0,4.142077684402466
global,1,C1-C2,50,4,26215,6553,0.30351982385091936,0,4.097558975219727
global,1,C1-C2,50,5,26215,6553,0.2907129108303963,0,3.8164281845092773
global,1,C1-C3,50,1,26214,6554,0.4227952395483674,0,3.020404577255249
global,1,C1-C3,50,2,26214,6554,0.41318278913640527,0,2.876387596130371
global,1,C1-C3,50,3,26214,6554,0.4247787610619469,0,2.9826643466949463
global,1,C1-C3,50,4,26215,6553,0.415377806169689,0,3.0062179565429688
global,1,C1-C3,50,5,26215,6553,0.4153861430333814,0,3.0170111656188965
global,1,C1-C4,50,1,26214,6554,0.7784559047909674,0,2.4072892665863037
global,1,C1-C4,50,2,26214,6554,0.7941714983216357,0,2.326673746109009
global,1,C1-C4,50,3,26214,6554,0.7950869697894416,0,2.347182512283325
global,1,C1-C4,50,4,26215,6553,0.7895566018086616,0,2.292720079421997
global,1,C1-C4,50,5,26215,6553,0.791551114941411,0,2.337193250656128
global,1,C2-C3,50,1,26214,6554,0.3643576441867562,0,2.870124340057373
global,1,C2-C3,50,2,26214,6554,0.35962770826975893,0,2.7902626991271973
global,1,C2-C3,50,3,26214,6554,0.3709185230393653,0,2.7704050540924072
global,1,C2-C3,50,4,26215,6553,0.36822823109823416,0,2.798518180847168
global,1,C2-C3,50,5,26215,6553,0.3663959840722123,0,2.9105005264282227
global,1,C2-C4,50,1,26214,6554,0.7783033262129997,0,2.256474733352661
global,1,C2-C4,50,2,26214,6554,0.7845590479096736,0,2.2179956436157227
global,1,C2-C4,50,3,26214,6554,0.790509612450412,0,2.1969263553619385
global,1,C2-C4,50,4,26215,6553,0.7828424923328798,0,2.247892141342163
global,1,C2-C4,50,5,26215,6553,0.7854469471802399,0,2.288001775741577
global,1,C3-C4,50,1,26214,6554,0.7651815685077814,0,2.240875005722046
global,1,C3-C4,50,2,26214,6554,0.7653341470857491,0,2.2764017581939697
global,1,C3-C4,50,3,26214,6554,0.7722001830942935,0,2.227006673812866
global,1,C3-C4,50,4,26215,6553,0.7648347270333844,0,2.208693027496338
global,1,C3-C4,50,5,26215,6553,0.7685086291662429,0,2.2163636684417725
global,1,C4-rest,50,1,52428,13108,0.7567897467195606,0,5.864252805709839
global,1,C4-rest,50,2,52429,13107,0.7466993937469982,0,5.85183048248291
global,1,C4-rest,50,3,52429,13107,0.7491588155183745,0,5.932310342788696
global,1,C4-rest,50,4,52429,13107,0.7554143354325952,0,6.047701597213745
global,1,C4-rest,50,5,52429,13107,0.7464628932934032,0,5.924433469772339
global,1,C1-C2,51,1,26214,6554,0.3021055843759536,0,3.9358034133911133
global,1,C1-C2,51,2,26214,6554,0.2937137625877327,0,3.9766767024993896
global,1,C1-C2,51,3,26214,6554,0.3005797985962771,0,4.021478176116943
global,1,C1-C2,51,4,26215,6553,0.2995500329189679,0,3.9682414531707764
global,1,C1-C2,51,5,26215,6553,0.2926964789186333,0,3.93375301361084
global,1,C1-C3,51,1,26214,6554,0.411962160512664,0,3.0621352195739746
global,1,C1-C3,51,2,26214,6554,0.41577662496185536,0,2.941709518432617
global,1,C1-C3,51,3,26214,6554,0.41119926762282577,0,3.1222424507141113
global,1,C1-C3,51,4,26215,6553,0.41949821954399313,0,2.9463136196136475
global,1,C1-C3,51,5,26215,6553,0.4175224294235585,0,2.989157199859619
global,1,C1-C4,51,1,26214,6554,0.7866951480012206,0,2.328420877456665
global,1,C1-C4,51,2,26214,6554,0.794018919743668,0,2.3214077949523926
global,1,C1-C4,51,3,26214,6554,0.7918828196521208,0,2.319549083709717
global,1,C1-C4,51,4,26215,6553,0.788489855853298,0,2.274094343185425
global,1,C1-C4,51,5,26215,6553,0.7949080765299867,0,2.3181371688842773
global,1,C2-C3,51,1,26214,6554,0.3643576441867562,0,2.8630223274230957
global,1,C2-C3,51,2,26214,6554,0.3683246872139152,0,2.799576997756958
global,1,C2-C3,51,3,26214,6554,0.362221544095209,0,2.8708603382110596
global,1,C2-C3,51,4,26215,6553,0.35891856253467486,0,2.8810291290283203
global,1,C2-C3,51,5,26215,6553,0.370516630319804,0,2.840632915496826
global,1,C2-C4,51,1,26214,6554,0.7792187976808056,0,2.246246814727783
global,1,C2-C4,51,2,26214,6554,0.7845590479096735,0,2.2276506423950195
global,1,C2-C4,51,3,26214,6554,0.7802868477265792,0,2.2669873237609863
global,1,C2-C4,51,4,26215,6553,0.7782647158219328,0,2.22306227684021
global,1,C2-C4,51,5,26215,6553,0.7904834840675549,0,2.287919044494629
global,1,C3-C4,51,1,26214,6554,0.7635032041501373,0,2.246910810470581
global,1,C3-C4,51,2,26214,6554,0.7693011901129081,0,2.242464065551758
global,1,C3-C4,51,3,26214,6554,0.7682331400671345,0,2.2966511249542236
global,1,C3-C4,51,4,26215,6553,0.7619355943280264,0,2.2221670150756836
global,1,C3-C4,51,5,26215,6553,0.7720178433101839,0,2.21757173538208
global,1,C4-rest,51,1,52428,13108,0.748245346353372,0,5.8867027759552
global,1,C4-rest,51,2,52429,13107,0.747106269954912,0,5.9748618602752686
global,1,C4-rest,51,3,52429,13107,0.7516000882875841,0,5.9935033321380615
global,1,C4-rest,51,4,52429,13107,0.7547020588950206,0,5.871198415756226
global,1,C4-rest,51,5,52429,13107,0.7517016469483819,0,5.892112970352173
global,4,C1-C2,42,1,6553,1639,0.41482920873164775,0,0.6447784900665283
global,4,C1-C2,42,2,6553,1639,0.4387258405551088,0,0.674994707107544
global,4,C1-C2,42,3,6554,1638,0.4139194139194139,0,0.6682946681976318
global,4,C1-C2,42,4,6554,1638,0.44505494505494503,0,0.6760315895080566
global,4,C1-C2,42,5,6554,1638,0.427960927960928,0,0.6872217655181885
global,4,C1-C3,42,1,6553,1639,0.5179598856428125,0,0.5887331962585449
global,4,C1-C3,42,2,6553,1639,0.5290084576669942,0,0.6184613704681396
global,4,C1-C3,42,3,6554,1638,0.5225885225885225,0,0.6115536689758301
global,4,C1-C3,42,4,6554,1638,0.5311355311355311,0,0.6264004707336426
global,4,C1-C3,42,5,6554,1638,0.5219780219780219,0,0.6153731346130371
global,4,C1-C4,42,1,6553,1639,0.8834569224813127,0,0.5698177814483643
global,4,C1-C4,42,2,6553,1639,0.8840733791953304,0,0.5358185768127441
global,4,C1-C4,42,3,6554,1638,0.8797313797313797,0,0.555396556854248
global,4,C1-C4,42,4,6554,1638,0.8778998778998779,0,0.5256006717681885
global,4,C1-C4,42,5,6554,1638,0.8882783882783882,0,0.5445692539215088
global,4,C2-C3,42,1,6553,1639,0.45270034843205575,0,0.5829689502716064
global,4,C2-C3,42,2,6553,1639,0.44052086125256856,0,0.5879247188568115
global,4,C2-C3,42,3,6554,1638,0.4517704517704518,0,0.585127592086792
global,4,C2-C3,42,4,6554,1638,0.45054945054945056,0,0.5901954174041748
global,4,C2-C3,42,5,6554,1638,0.42857142857142855,0,0.5816903114318848
global,4,C2-C4,42,1,6553,1639,0.8645448047887072,0,0.518315315246582
global,4,C2-C4,42,2,6553,1639,0.8590644450400549,0,0.49930453300476074
global,4,C2-C4,42,3,6554,1638,0.8693528693528694,0,0.5113828182220459
global,4,C2-C4,42,4,6554,1638,0.8479853479853481,0,0.5114209651947021
global,4,C2-C4,42,5,6554,1638,0.8711843711843712,0,0.5172152519226074
global,4,C3-C4,42,1,6553,1639,0.8395269364781559,0,0.5156795978546143
global,4,C3-C4,42,2,6553,1639,0.8364878346585664,0,0.524606466293335
global,4,C3-C4,42,3,6554,1638,0.8357753357753358,0,0.5149006843566895
global,4,C3-C4,42,4,6554,1638,0.8174603174603174,0,0.5417985916137695
global,4,C3-C4,42,5,6554,1638,0.8369963369963369,0,0.5261859893798828
global,4,C4-rest,42,1,13107,3277,0.8386306307380351,0,1.3301925659179688
global,4,C4-rest,42,2,13107,3277,0.8319168626328919,0,1.310654878616333
global,4,C4-rest,42,3,13107,3277,0.8380226138566252,0,1.2999231815338135
global,4,C4-rest,42,4,13107,3277,0.8416460684753367,0,1.3051903247833252
global,4,C4-rest,42,5,13108,3276,0.8363858363858364,0,1.2738642692565918
global,4,C1-C2,43,1,6553,1639,0.4447348044909021,0,0.6879823207855225
global,4,C1-C2,43,2,6553,1639,0.4222616814080229,0,0.6925556659698486
global,4,C1-C2,43,3,6554,1638,0.43223443223443225,0,0.6750087738037109
global,4,C1-C2,43,4,6554,1638,0.4273504273504274,0,0.6668431758880615
global,4,C1-C2,43,5,6554,1638,0.4542124542124542,0,0.6812403202056885
global,4,C1-C3,43,1,6553,1639,0.491729205753596,0,0.6451961994171143
global,4,C1-C3,43,2,6553,1639,0.4991281753476875,0,0.6261682510375977
global,4,C1-C3,43,3,6554,1638,0.4981684981684982,0,0.6052975654602051
global,4,C1-C3,43,4,6554,1638,0.5134310134310134,0,0.6266977787017822
global,4,C1-C3,43,5,6554,1638,0.5061050061050061,0,0.6056089401245117
global,4,C1-C4,43,1,6553,1639,0.8804193096876023,0,0.5451750755310059
global,4,C1-C4,43,2,6553,1639,0.8822508115191042,0,0.5351357460021973
global,4,C1-C4,43,3,6554,1638,0.8876678876678876,0,0.5572867393493652
global,4,C1-C4,43,4,6554,1638,0.8724053724053724,0,0.5562009811401367
global,4,C1-C4,43,5,6554,1638,0.8821733821733821,0,0.5257341861724854
global,4,C2-C3,43,1,6553,1639,0.43563015575210695,0,0.5899918079376221
global,4,C2-C3,43,2,6553,1639,0.4356584472438131,0,0.6055102348327637
global,4,C2-C3,43,3,6554,1638,0.42857142857142855,0,0.6035919189453125
global,4,C2-C3,43,4,6554,1638,0.4242979242979243,0,0.6150350570678711
global,4,C2-C3,43,5,6554,1638,0.4456654456654457,0,0.6057043075561523
global,4,C2-C4,43,1,6553,1639,0.8584487328389767,0,0.5362298488616943
global,4,C2-C4,43,2,6553,1639,0.8645649066380774,0,0.5127928256988525
global,4,C2-C4,43,3,6554,1638,0.8632478632478633,0,0.5250375270843506
global,4,C2-C4,43,4,6554,1638,0.8577533577533578,0,0.5260288715362549
global,4,C2-C4,43,5,6554,1638,0.8693528693528694,0,0.5156877040863037
global,4,C3-C4,43,1,6553,1639,0.840142648679234,0,0.5244619846343994
global,4,C3-C4,43,2,6553,1639,0.8401560499121474,0,0.5358970165252686
global,4,C3-C4,43,3,6554,1638,0.8357753357753357,0,0.5344192981719971
global,4,C3-C4,43,4,6554,1638,0.8272283272283272,0,0.5248963832855225
global,4,C3-C4,43,5,6554,1638,0.8388278388278388,0,0.5204174518585205
global,4,C4-rest,43,1,13107,3277,0.8288656014449343,0,1.3126590251922607
global,4,C4-rest,43,2,13107,3277,0.8239798579505658,0,1.3228602409362793
global,4,C4-rest,43,3,13107,3277,0.8416856175196289,0,1.3308594226837158
global,4,C4-rest,43,4,13107,3277,0.8430675918480797,0,1.283052682876587
global,4,C4-rest,43,5,13108,3276,0.8386243386243386,0,1.3344099521636963
global,4,C1-C2,44,1,6553,1639,0.44535349474373864,0,0.6449007987976074
global,4,C1-C2,44,2,6553,1639,0.4210228118764704,0,0.6514523029327393
global,4,C1-C2,44,3,6554,1638,0.4267399267399268,0,0.6760118007659912
global,4,C1-C2,44,4,6554,1638,0.43101343101343104,0,0.6762697696685791
global,4,C1-C2,44,5,6554,1638,0.43284493284493286,0,0.6549124717712402
global,4,C1-C3,44,1,6553,1639,0.5002851484558801,0,0.6149559020996094
global,4,C1-C3,44,2,6553,1639,0.5027651210578039,0,0.6024777889251709
global,4,C1-C3,44,3,6554,1638,0.5201465201465201,0,0.5985422134399414
global,4,C1-C3,44,4,6554,1638,0.5,0,0.6288421154022217
global,4,C1-C3,44,5,6554,1638,0.5079365079365079,0,0.6068665981292725
global,4,C1-C4,44,1,6553,1639,0.8663822627237261,0,0.5396568775177002
global,4,C1-C4,44,2,6553,1639,0.8791908633372048,0,0.5396308898925781
global,4,C1-C4,44,3,6554,1638,0.884004884004884,0,0.5577497482299805
global,4,C1-C4,44,4,6554,1638,0.8778998778998779,0,0.5459766387939453
global,4,C1-C4,44,5,6554,1638,0.884004884004884,0,0.5560464859008789
global,4,C2-C3,44,1,6553,1639,0.42159757586586855,0,0.5773990154266357
global,4,C2-C3,44,2,6553,1639,0.4209855862294887,0,0.5971951484680176
global,4,C2-C3,44,3,6554,1638,0.4249084249084249,0,0.6063830852508545
global,4,C2-C3,44,4,6554,1638,0.4249084249084249,0,0.5860404968261719
global,4,C2-C3,44,5,6554,1638,0.4346764346764347,0,0.6081578731536865
global,4,C2-C4,44,1,6553,1639,0.8401404151404152,0,0.5363879203796387
global,4,C2-C4,44,2,6553,1639,0.8627244706513,0,0.5582089424133301
global,4,C2-C4,44,3,6554,1638,0.8620268620268621,0,0.5345280170440674
global,4,C2-C4,44,4,6554,1638,0.851037851037851,0,0.5227820873260498
global,4,C2-C4,44,5,6554,1638,0.852869352869353,0,0.516042947769165
global,4,C3-C4,44,1,6553,1639,0.8236613657345364,0,0.5248184204101562
global,4,C3-C4,44,2,6553,1639,0.8419815956401322,0,0.5449044704437256
global,4,C3-C4,44,3,6554,1638,0.8345543345543346,0,0.5259060859680176
global,4,C3-C4,44,4,6554,1638,0.8186813186813187,0,0.5572483539581299
global,4,C3-C4,44,5,6554,1638,0.8357753357753357,0,0.5475411415100098
global,4,C4-rest,44,1,13107,3277,0.8530799730962465,0,1.3103878498077393
global,4,C4-rest,44,2,13107,3277,0.8329339496955446,0,1.3573269844055176
global,4,C4-rest,44,3,13107,3277,0.8365972017314572,0,1.3304216861724854
global,4,C4-rest,44,4,13107,3277,0.8308732144097998,0,1.32008695602417
global,4,C4-rest,44,5,13108,3276,0.8308913308913308,0,1.3600375652313232
global,4,C1-C2,45,1,6553,1639,0.4386394770541112,0,0.636693000793457
global,4,C1-C2,45,2,6553,1639,0.4228744155573424,0,0.6760470867156982
global,4,C1-C2,45,3,6554,1638,0.43284493284493286,0,0.6757073402404785
global,4,C1-C2,45,4,6554,1638,0.42918192918192916,0,0.6751887798309326
global,4,C1-C2,45,5,6554,1638,0.4255189255189255,0,0.6797206401824951
global,4,C1-C3,45,1,6553,1639,0.50880907710176,0,0.6250729560852051
global,4,C1-C3,45,2,6553,1639,0.5143728222996515,0,0.60542893409729
global,4,C1-C3,45,3,6554,1638,0.5042735042735043,0,0.6461844444274902
global,4,C1-C3,45,4,6554,1638,0.5128205128205128,0,0.6058087348937988
global,4,C1-C3,45,5,6554,1638,0.5085470085470085,0,0.6386971473693848
global,4,C1-C4,45,1,6553,1639,0.8761353822329432,0,0.5355007648468018
global,4,C1-C4,45,2,6553,1639,0.8840689121176926,0,0.5288910865783691
global,4,C1-C4,45,3,6554,1638,0.8864468864468864,0,0.5566558837890625
global,4,C1-C4,45,4,6554,1638,0.8711843711843712,0,0.5367648601531982
global,4,C1-C4,45,5,6554,1638,0.8644688644688645,0,0.5457804203033447
global,4,C2-C3,45,1,6553,1639,0.4411172161172161,0,0.6048719882965088
global,4,C2-C3,45,2,6553,1639,0.43075880758807583,0,0.6185753345489502
global,4,C2-C3,45,3,6554,1638,0.44017094017094016,0,0.5949535369873047
global,4,C2-C3,45,4,6554,1638,0.44017094017094016,0,0.6054630279541016
global,4,C2-C3,45,5,6554,1638,0.4487179487179487,0,0.5813908576965332
global,4,C2-C4,45,1,6553,1639,0.8596637779564609,0,0.508913516998291
global,4,C2-C4,45,2,6553,1639,0.8737075255367939,0,0.515465259552002
global,4,C2-C4,45,3,6554,1638,0.873015873015873,0,0.543879508972168
global,4,C2-C4,45,4,6554,1638,0.8540903540903542,0,0.5368413925170898
global,4,C2-C4,45,5,6554,1638,0.8534798534798534,0,0.5070617198944092
global,4,C3-C4,45,1,6553,1639,0.8431854730635218,0,0.5141043663024902
global,4,C3-C4,45,2,6553,1639,0.8431988742964353,0,0.5247094631195068
global,4,C3-C4,45,3,6554,1638,0.8449328449328449,0,0.5371489524841309
global,4,C3-C4,45,4,6554,1638,0.8382173382173381,0,0.5264883041381836
global,4,C3-C4,45,5,6554,1638,0.8211233211233211,0,0.5276949405670166
global,4,C4-rest,45,1,13107,3277,0.851249216383472,0,1.3061797618865967
global,4,C4-rest,45,2,13107,3277,0.8162465190536794,0,1.2900054454803467
global,4,C4-rest,45,3,13107,3277,0.8235727747525958,0,1.3299126625061035
global,4,C4-rest,45,4,13107,3277,0.8361537965196502,0,1.2383370399475098
global,4,C4-rest,45,5,13108,3276,0.8363858363858364,0,1.3088760375976562
global,4,C1-C2,46,1,6553,1639,0.4221641502129307,0,0.6561398506164551
global,4,C1-C2,46,2,6553,1639,0.4405692545936448,0,0.6702699661254883
global,4,C1-C2,46,3,6554,1638,0.44810744810744807,0,0.675797700881958
global,4,C1-C2,46,4,6554,1638,0.4285714285714286,0,0.66507887840271
global,4,C1-C2,46,5,6554,1638,0.4444444444444444,0,0.6672840118408203
global,4,C1-C3,46,1,6553,1639,0.5161499746865601,0,0.6056509017944336
global,4,C1-C3,46,2,6553,1639,0.5259633997438875,0,0.6148116588592529
global,4,C1-C3,46,3,6554,1638,0.525030525030525,0,0.6347901821136475
global,4,C1-C3,46,4,6554,1638,0.5067155067155067,0,0.6124238967895508
global,4,C1-C3,46,5,6554,1638,0.5207570207570208,0,0.6054050922393799
global,4,C1-C4,46,1,6553,1639,0.8749188480895798,0,0.5356423854827881
global,4,C1-C4,46,2,6553,1639,0.8749240596801573,0,0.5399937629699707
global,4,C1-C4,46,3,6554,1638,0.8833943833943834,0,0.5468540191650391
global,4,C1-C4,46,4,6554,1638,0.8669108669108669,0,0.5558607578277588
global,4,C1-C4,46,5,6554,1638,0.8846153846153846,0,0.5386562347412109
global,4,C2-C3,46,1,6553,1639,0.45209208136037404,0,0.5884923934936523
global,4,C2-C3,46,2,6553,1639,0.4588224783346735,0,0.5970461368560791
global,4,C2-C3,46,3,6554,1638,0.4487179487179487,0,0.6204488277435303
global,4,C2-C3,46,4,6554,1638,0.4536019536019536,0,0.5952105522155762
global,4,C2-C3,46,5,6554,1638,0.4554334554334554,0,0.5853147506713867
global,4,C2-C4,46,1,6553,1639,0.8602653444116859,0,0.5251281261444092
global,4,C2-C4,46,2,6553,1639,0.8578456773578724,0,0.5265300273895264
global,4,C2-C4,46,3,6554,1638,0.844932844932845,0,0.5264511108398438
global,4,C2-C4,46,4,6554,1638,0.855921855921856,0,0.50246262550354
global,4,C2-C4,46,5,6554,1638,0.8656898656898657,0,0.515977144241333
global,4,C3-C4,46,1,6553,1639,0.8309851395217249,0,0.5158290863037109
global,4,C3-C4,46,2,6553,1639,0.845642365764317,0,0.5212171077728271
global,4,C3-C4,46,3,6554,1638,0.829059829059829,0,0.544945240020752
global,4,C3-C4,46,4,6554,1638,0.8376068376068375,0,0.5161123275756836
global,4,C3-C4,46,5,6554,1638,0.8272283272283272,0,0.514824628829956
global,4,C4-rest,46,1,13107,3277,0.8323227039663166,0,1.3104419708251953
global,4,C4-rest,46,2,13107,3277,0.8258130983924312,0,1.3315269947052002
global,4,C4-rest,46,3,13107,3277,0.8313058652765731,0,1.3303956985473633
global,4,C4-rest,46,4,13107,3277,0.8422506129823203,0,1.310347557067871
global,4,C4-rest,46,5,13108,3276,0.8384208384208385,0,1.3106353282928467
global,4,C1-C2,47,1,6553,1639,0.4355869740016082,0,0.6596801280975342
global,4,C1-C2,47,2,6553,1639,0.449108818011257,0,0.6549317836761475
global,4,C1-C2,47,3,6554,1638,0.43101343101343104,0,0.6653523445129395
global,4,C1-C2,47,4,6554,1638,0.4365079365079365,0,0.6678488254547119
global,4,C1-C2,47,5,6554,1638,0.45115995115995117,0,0.6585850715637207
global,4,C1-C3,47,1,6553,1639,0.5332127222371125,0,0.6344530582427979
global,4,C1-C3,47,2,6553,1639,0.5058414485243754,0,0.6265320777893066
global,4,C1-C3,47,3,6554,1638,0.5091575091575091,0,0.596494197845459
global,4,C1-C3,47,4,6554,1638,0.5305250305250305,0,0.6141290664672852
global,4,C1-C3,47,5,6554,1638,0.5225885225885225,0,0.6158573627471924
global,4,C1-C4,47,1,6553,1639,0.8785818517525834,0,0.5351028442382812
global,4,C1-C4,47,2,6553,1639,0.8877460615265493,0,0.5585711002349854
global,4,C1-C4,47,3,6554,1638,0.8742368742368742,0,0.5556926727294922
global,4,C1-C4,47,4,6554,1638,0.8925518925518925,0,0.5659971237182617
global,4,C1-C4,47,5,6554,1638,0.8888888888888888,0,0.5460913181304932
global,4,C2-C3,47,1,6553,1639,0.43805726793531674,0,0.594332218170166
global,4,C2-C3,47,2,6553,1639,0.4356398344203222,0,0.59897780418396
global,4,C2-C3,47,3,6554,1638,0.42551892551892556,0,0.6051945686340332
global,4,C2-C3,47,4,6554,1638,0.4444444444444444,0,0.6157448291778564
global,4,C2-C3,47,5,6554,1638,0.4358974358974359,0,0.6353163719177246
global,4,C2-C4,47,1,6553,1639,0.8572284761309151,0,0.5148341655731201
global,4,C2-C4,47,2,6553,1639,0.8706691682301438,0,0.5236878395080566
global,4,C2-C4,47,3,6554,1638,0.8504273504273505,0,0.5357146263122559
global,4,C2-C4,47,4,6554,1638,0.8778998778998779,0,0.5247037410736084
global,4,C2-C4,47,5,6554,1638,0.8766788766788767,0,0.5255837440490723
global,4,C3-C4,47,1,6553,1639,0.834653354775306,0,0.5245599746704102
global,4,C3-C4,47,2,6553,1639,0.8511413383364603,0,0.5255050659179688
global,4,C3-C4,47,3,6554,1638,0.8284493284493284,0,0.5249655246734619
global,4,C3-C4,47,4,6554,1638,0.858974358974359,0,0.5149569511413574
global,4,C3-C4,47,5,6554,1638,0.8431013431013431,0,0.5261807441711426
global,4,C4-rest,47,1,13107,3277,0.8274404376926753,0,1.3596270084381104
global,4,C4-rest,47,2,13107,3277,0.8286604454220402,0,1.361083745956421
global,4,C4-rest,47,3,13107,3277,0.8534868079213076,0,1.313812494277954
global,4,C4-rest,47,4,13107,3277,0.8438801036362011,0,1.3080480098724365
global,4,C4-rest,47,5,13108,3276,0.833943833943834,0,1.3304142951965332
global,4,C1-C2,48,1,6553,1639,0.413011852645999,0,0.6746137142181396
global,4,C1-C2,48,2,6553,1639,0.42835551981893444,0,0.664794921875
global,4,C1-C2,48,3,6554,1638,0.43772893772893773,0,0.676347017288208
global,4,C1-C2,48,4,6554,1638,0.4358974358974359,0,0.6856138706207275
global,4,C1-C2,48,5,6554,1638,0.442002442002442,0,0.6642444133758545
global,4,C1-C3,48,1,6553,1639,0.4911097709878198,0,0.5994272232055664
global,4,C1-C3,48,2,6553,1639,0.5253603442627833,0,0.6132931709289551
global,4,C1-C3,48,3,6554,1638,0.5103785103785103,0,0.6220402717590332
global,4,C1-C3,48,4,6554,1638,0.5085470085470085,0,0.644942045211792
global,4,C1-C3,48,5,6554,1638,0.5189255189255189,0,0.6256165504455566
global,4,C1-C4,48,1,6553,1639,0.8773601060186427,0,0.5269575119018555
global,4,C1-C4,48,2,6553,1639,0.8859108371303493,0,0.5551729202270508
global,4,C1-C4,48,3,6554,1638,0.8821733821733821,0,0.5470542907714844
global,4,C1-C4,48,4,6554,1638,0.8803418803418803,0,0.5456192493438721
global,4,C1-C4,48,5,6554,1638,0.8791208791208791,0,0.5670926570892334
global,4,C2-C3,48,1,6553,1639,0.41976235146966856,0,0.5962057113647461
global,4,C2-C3,48,2,6553,1639,0.4338127996664582,0,0.605224609375
global,4,C2-C3,48,3,6554,1638,0.41941391941391937,0,0.59507155418396
global,4,C2-C3,48,4,6554,1638,0.43284493284493286,0,0.5859713554382324
global,4,C2-C3,48,5,6554,1638,0.43345543345543347,0,0.6455323696136475
global,4,C2-C4,48,1,6553,1639,0.8645455493016468,0,0.5052444934844971
global,4,C2-C4,48,2,6553,1639,0.8590704011435719,0,0.5175650119781494
global,4,C2-C4,48,3,6554,1638,0.8650793650793651,0,0.5258336067199707
global,4,C2-C4,48,4,6554,1638,0.8632478632478633,0,0.5250675678253174
global,4,C2-C4,48,5,6554,1638,0.8601953601953602,0,0.4880244731903076
global,4,C3-C4,48,1,6553,1639,0.838307424283034,0,0.5147922039031982
global,4,C3-C4,48,2,6553,1639,0.8395529944310433,0,0.5350916385650635
global,4,C3-C4,48,3,6554,1638,0.8351648351648352,0,0.5280940532684326
global,4,C3-C4,48,4,6554,1638,0.8467643467643468,0,0.5254244804382324
global,4,C3-C4,48,5,6554,1638,0.8412698412698413,0,0.5091636180877686
global,4,C4-rest,48,1,13107,3277,0.832730283910105,0,1.334887981414795
global,4,C4-rest,48,2,13107,3277,0.8382240442858833,0,1.2928767204284668
global,4,C4-rest,48,3,13107,3277,0.8376140404212007,0,1.2915427684783936
global,4,C4-rest,48,4,13107,3277,0.8316827481461628,0,1.2996883392333984
global,4,C4-rest,48,5,13108,3276,0.855921855921856,0,1.3311865329742432
global,4,C1-C2,49,1,6553,1639,0.42216042764823253,0,0.6865313053131104
global,4,C1-C2,49,2,6553,1639,0.46313469728103873,0,0.669501781463623
global,4,C1-C2,49,3,6554,1638,0.4432234432234432,0,0.6687972545623779
global,4,C1-C2,49,4,6554,1638,0.4261294261294261,0,0.68621826171875
global,4,C1-C2,49,5,6554,1638,0.4188034188034188,0,0.6864943504333496
global,4,C1-C3,49,1,6553,1639,0.5039250722177551,0,0.639143705368042
global,4,C1-C3,49,2,6553,1639,0.522306352184401,0,0.6166303157806396
global,4,C1-C3,49,3,6554,1638,0.49694749694749696,0,0.6157448291778564
global,4,C1-C3,49,4,6554,1638,0.5238095238095238,0,0.6463346481323242
global,4,C1-C3,49,5,6554,1638,0.4932844932844933,0,0.608910322189331
global,4,C1-C4,49,1,6553,1639,0.86882128711397,0,0.528144359588623
global,4,C1-C4,49,2,6553,1639,0.880417820661723,0,0.5451109409332275
global,4,C1-C4,49,3,6554,1638,0.8986568986568987,0,0.5764813423156738
global,4,C1-C4,49,4,6554,1638,0.8785103785103785,0,0.5264770984649658
global,4,C1-C4,49,5,6554,1638,0.8717948717948718,0,0.5648214817047119
global,4,C2-C3,49,1,6553,1639,0.42098707525536794,0,0.5994386672973633
global,4,C2-C3,49,2,6553,1639,0.4563856874832485,0,0.5955493450164795
global,4,C2-C3,49,3,6554,1638,0.42490842490842495,0,0.5863854885101318
global,4,C2-C3,49,4,6554,1638,0.44993894993894995,0,0.5955250263214111
global,4,C2-C3,49,5,6554,1638,0.43284493284493286,0,0.6108732223510742
global,4,C2-C4,49,1,6553,1639,0.8645388486851902,0,0.5145349502563477
global,4,C2-C4,49,2,6553,1639,0.848087346258078,0,0.5361313819885254
global,4,C2-C4,49,3,6554,1638,0.86996336996337,0,0.5152719020843506
global,4,C2-C4,49,4,6554,1638,0.8669108669108669,0,0.5042088031768799
global,4,C2-C4,49,5,6554,1638,0.8595848595848596,0,0.5460810661315918
global,4,C3-C4,49,1,6553,1639,0.8279311474433426,0,0.5434000492095947
global,4,C3-C4,49,2,6553,1639,0.8346593108788231,0,0.5272624492645264
global,4,C3-C4,49,3,6554,1638,0.8522588522588523,0,0.5176136493682861
global,4,C3-C4,49,4,6554,1638,0.8400488400488401,0,0.5150883197784424
global,4,C3-C4,49,5,6554,1638,0.8339438339438339,0,0.5152914524078369
global,4,C4-rest,49,1,13107,3277,0.8243886797588995,0,1.339799404144287
global,4,C4-rest,49,2,13107,3277,0.8449417863575714,0,1.3098790645599365
global,4,C4-rest,49,3,13107,3277,0.8319156207683465,0,1.3250458240509033
global,4,C4-rest,49,4,13107,3277,0.8412360900165778,0,1.315093755722046
global,4,C4-rest,49,5,13108,3276,0.8315018315018314,0,1.3263366222381592
global,4,C1-C2,50,1,6553,1639,0.43800664105542153,0,0.6762385368347168
global,4,C1-C2,50,2,6553,1639,0.4338597039816552,0,0.6660456657409668
global,4,C1-C2,50,3,6554,1638,0.4346764346764347,0,0.6555633544921875
global,4,C1-C2,50,4,6554,1638,0.4206349206349206,0,0.6648876667022705
global,4,C1-C2,50,5,6554,1638,0.46153846153846156,0,0.6558282375335693
global,4,C1-C3,50,1,6553,1639,0.5118556240507459,0,0.6258211135864258
global,4,C1-C3,50,2,6553,1639,0.5119107180082789,0,0.6266276836395264
global,4,C1-C3,50,3,6554,1638,0.4981684981684982,0,0.6157677173614502
global,4,C1-C3,50,4,6554,1638,0.49511599511599513,0,0.6248514652252197
global,4,C1-C3,50,5,6554,1638,0.5091575091575091,0,0.6058628559112549
global,4,C1-C4,50,1,6553,1639,0.8865101700467555,0,0.5556430816650391
global,4,C1-C4,50,2,6553,1639,0.88468611334465,0,0.5548317432403564
global,4,C1-C4,50,3,6554,1638,0.8882783882783882,0,0.5535433292388916
global,4,C1-C4,50,4,6554,1638,0.8815628815628815,0,0.5454730987548828
global,4,C1-C4,50,5,6554,1638,0.8791208791208791,0,0.545518159866333
global,4,C2-C3,50,1,6553,1639,0.4411060484231216,0,0.605093240737915
global,4,C2-C3,50,2,6553,1639,0.45516915333988506,0,0.6395673751831055
global,4,C2-C3,50,3,6554,1638,0.4340659340659341,0,0.592686653137207
global,4,C2-C3,50,4,6554,1638,0.4285714285714286,0,0.5966155529022217
global,4,C2-C3,50,5,6554,1638,0.4291819291819292,0,0.5965471267700195
global,4,C2-C4,50,1,6553,1639,0.8633200810030078,0,0.5247676372528076
global,4,C2-C4,50,2,6553,1639,0.8657784627296823,0,0.5288829803466797
global,4,C2-C4,50,3,6554,1638,0.8620268620268621,0,0.5191330909729004
global,4,C2-C4,50,4,6554,1638,0.8632478632478633,0,0.5204594135284424
global,4,C2-C4,50,5,6554,1638,0.8547008547008548,0,0.5355618000030518
global,4,C3-C4,50,1,6553,1639,0.8358669108669108,0,0.5411300659179688
global,4,C3-C4,50,2,6553,1639,0.841370350516692,0,0.5253527164459229
global,4,C3-C4,50,3,6554,1638,0.8522588522588523,0,0.5252482891082764
global,4,C3-C4,50,4,6554,1638,0.8431013431013431,0,0.5252282619476318
global,4,C3-C4,50,5,6554,1638,0.8345543345543346,0,0.5354621410369873
global,4,C4-rest,50,1,13107,3277,0.8475867094662863,0,1.337270736694336
global,4,C4-rest,50,2,13107,3277,0.8315100278078309,0,1.3149199485778809
global,4,C4-rest,50,3,13107,3277,0.8402626891235516,0,1.3603205680847168
global,4,C4-rest,50,4,13107,3277,0.8278244339219949,0,1.3607702255249023
global,4,C4-rest,50,5,13108,3276,0.8422873422873423,0,1.3305621147155762
global,4,C1-C2,51,1,6553,1639,0.4374058191131362,0,0.6679565906524658
global,4,C1-C2,51,2,6553,1639,0.43447392715685396,0,0.6912360191345215
global,4,C1-C2,51,3,6554,1638,0.4255189255189255,0,0.6696853637695312
global,4,C1-C2,51,4,6554,1638,0.42368742368742374,0,0.6499202251434326
global,4,C1-C2,51,5,6554,1638,0.42490842490842495,0,0.6602797508239746
global,4,C1-C3,51,1,6553,1639,0.5319857649125942,0,0.6188805103302002
global,4,C1-C3,51,2,6553,1639,0.499117007653593,0,0.6252655982971191
global,4,C1-C3,51,3,6554,1638,0.5061050061050061,0,0.606008768081665
global,4,C1-C3,51,4,6554,1638,0.4786324786324786,0,0.6073243618011475
global,4,C1-C3,51,5,6554,1638,0.5134310134310134,0,0.5979013442993164
global,4,C1-C4,51,1,6553,1639,0.8779594389350487,0,0.5457136631011963
global,4,C1-C4,51,2,6553,1639,0.8773593615057029,0,0.5598561763763428
global,4,C1-C4,51,3,6554,1638,0.8803418803418803,0,0.5355832576751709
global,4,C1-C4,51,4,6554,1638,0.8693528693528694,0,0.5440733432769775
global,4,C1-C4,51,5,6554,1638,0.8907203907203907,0,0.5355715751647949
global,4,C2-C3,51,1,6553,1639,0.4350069984216326,0,0.5947990417480469
global,4,C2-C3,51,2,6553,1639,0.42160725453408376,0,0.60532546043396
global,4,C2-C3,51,3,6554,1638,0.43345543345543347,0,0.5872707366943359
global,4,C2-C3,51,4,6554,1638,0.43345543345543347,0,0.6030683517456055
global,4,C2-C3,51,5,6554,1638,0.4285714285714286,0,0.5963554382324219
global,4,C2-C4,51,1,6553,1639,0.8559866285476041,0,0.5249087810516357
global,4,C2-C4,51,2,6553,1639,0.8590614669882963,0,0.5192112922668457
global,4,C2-C4,51,3,6554,1638,0.8577533577533578,0,0.5317308902740479
global,4,C2-C4,51,4,6554,1638,0.8614163614163615,0,0.5202279090881348
global,4,C2-C4,51,5,6554,1638,0.8736263736263736,0,0.49555253982543945
global,4,C3-C4,51,1,6553,1639,0.8328010065814944,0,0.5116653442382812
global,4,C3-C4,51,2,6553,1639,0.8395366151463712,0,0.527573823928833
global,4,C3-C4,51,3,6554,1638,0.8315018315018314,0,0.5273957252502441
global,4,C3-C4,51,4,6554,1638,0.8308913308913308,0,0.5155379772186279
global,4,C3-C4,51,5,6554,1638,0.8369963369963369,0,0.5323688983917236
global,4,C4-rest,51,1,13107,3277,0.8174685137663169,0,1.2988953590393066
global,4,C4-rest,51,2,13107,3277,0.8280499448115396,0,1.3099031448364258
global,4,C4-rest,51,3,13107,3277,0.8345607922499705,0,1.2901904582977295
global,4,C4-rest,51,4,13107,3277,0.8365578188748921,0,1.3020527362823486
global,4,C4-rest,51,5,13108,3276,0.8329263329263329,0,1.2930576801300049
global,16,C1-C2,42,1,1638,410,0.6780487804878048,0,0.28126072883605957
global,16,C1-C2,42,2,1638,410,0.6390243902439025,0,0.2764699459075928
global,16,C1-C2,42,3,1638,410,0.6414634146341464,0,0.28294849395751953
global,16,C1-C2,42,4,1639,409,0.6648373983739837,0,0.2835581302642822
global,16,C1-C2,42,5,1639,409,0.6896341463414635,0,0.273468017578125
global,16,C1-C3,42,1,1638,410,0.6463414634146342,0,0.2737090587615967
global,16,C1-C3,42,2,1638,410,0.6195121951219512,0,0.28102636337280273
global,16,C1-C3,42,3,1638,410,0.6097560975609756,0,0.27539539337158203
global,16,C1-C3,42,4,1639,409,0.5963534194165471,0,0.2752974033355713
global,16,C1-C3,42,5,1639,409,0.6627570540411286,0,0.28121066093444824
global,16,C1-C4,42,1,1638,410,0.9658536585365853,0,0.2687184810638428
global,16,C1-C4,42,2,1638,410,0.9512195121951219,0,0.2751600742340088
global,16,C1-C4,42,3,1638,410,0.9439024390243902,0,0.2748262882232666
global,16,C1-C4,42,4,1639,409,0.9193926351028217,0,0.2704758644104004
global,16,C1-C4,42,5,1639,409,0.958452893352463,0,0.2746610641479492
global,16,C2-C3,42,1,1638,410,0.5195121951219512,0,0.2838149070739746
global,16,C2-C3,42,2,1638,410,0.5024390243902439,0,0.2787296772003174
global,16,C2-C3,42,3,1638,410,0.4804878048780488,0,0.2845573425292969
global,16,C2-C3,42,4,1639,409,0.5035389765662363,0,0.2955958843231201
global,16,C2-C3,42,5,1639,409,0.503622668579627,0,0.28856992721557617
global,16,C2-C4,42,1,1638,410,0.9365853658536585,0,0.26978111267089844
global,16,C2-C4,42,2,1638,410,0.9170731707317074,0,0.28426313400268555
global,16,C2-C4,42,3,1638,410,0.9146341463414634,0,0.276963472366333
global,16,C2-C4,42,4,1639,409,0.8948230511716881,0,0.28592610359191895
global,16,C2-C4,42,5,1639,409,0.9291606886657102,0,0.2866339683532715
global,16,C3-C4,42,1,1638,410,0.9195121951219511,0,0.27602100372314453
global,16,C3-C4,42,2,1638,410,0.9,0,0.2683854103088379
global,16,C3-C4,42,3,1638,410,0.8975609756097561,0,0.27614283561706543
global,16,C3-C4,42,4,1639,409,0.8630559540889526,0,0.2871077060699463
global,16,C3-C4,42,5,1639,409,0.8802128168340506,0,0.27254319190979004
global,16,C4-rest,42,1,3276,820,0.8959349593495936,0,0.3303651809692383
global,16,C4-rest,42,2,3277,819,0.901195600191296,0,0.3184468746185303
global,16,C4-rest,42,3,3277,819,0.912179232541511,0,0.3361072540283203
global,16,C4-rest,42,4,3277,819,0.9032334948756653,0,0.32844972610473633
global,16,C4-rest,42,5,3277,819,0.8861484070866767,0,0.3740084171295166
global,16,C1-C2,43,1,1638,410,0.6951219512195121,0,0.27819108963012695
global,16,C1-C2,43,2,1638,410,0.6463414634146342,0,0.2743251323699951
global,16,C1-C2,43,3,1638,410,0.6560975609756098,0,0.2788374423980713
global,16,C1-C2,43,4,1639,409,0.6476685796269728,0,0.27439451217651367
global,16,C1-C2,43,5,1639,409,0.6922525107604017,0,0.28695011138916016
global,16,C1-C3,43,1,1638,410,0.6439024390243903,0,0.2803032398223877
global,16,C1-C3,43,2,1638,410,0.6121951219512195,0,0.2764890193939209
global,16,C1-C3,43,3,1638,410,0.6219512195121951,0,0.2876770496368408
global,16,C1-C3,43,4,1639,409,0.6085604973696795,0,0.2735252380371094
global,16,C1-C3,43,5,1639,409,0.6555714968914395,0,0.2769484519958496
global,16,C1-C4,43,1,1638,410,0.948780487804878,0,0.27249598503112793
global,16,C1-C4,43,2,1638,410,0.9390243902439024,0,0.2695152759552002
global,16,C1-C4,43,3,1638,410,0.9585365853658536,0,0.2722182273864746
global,16,C1-C4,43,4,1639,409,0.9462099473935915,0,0.27135324478149414
global,16,C1-C4,43,5,1639,409,0.9364060258249641,0,0.27028560638427734
global,16,C2-C3,43,1,1638,410,0.46829268292682924,0,0.2763493061065674
global,16,C2-C3,43,2,1638,410,0.4853658536585366,0,0.28275561332702637
global,16,C2-C3,43,3,1638,410,0.48048780487804876,0,0.27716588973999023
global,16,C2-C3,43,4,1639,409,0.5328670492587279,0,0.28407907485961914
global,16,C2-C3,43,5,1639,409,0.47686513629842175,0,0.2813262939453125
global,16,C2-C4,43,1,1638,410,0.9243902439024391,0,0.26827454566955566
global,16,C2-C4,43,2,1638,410,0.926829268292683,0,0.26838064193725586
global,16,C2-C4,43,3,1638,410,0.9463414634146341,0,0.27663755416870117
global,16,C2-C4,43,4,1639,409,0.9339550454328072,0,0.272235631942749
global,16,C2-C4,43,5,1639,409,0.8997369679579149,0,0.2674877643585205
global,16,C3-C4,43,1,1638,410,0.9121951219512195,0,0.26953649520874023
global,16,C3-C4,43,2,1638,410,0.9097560975609756,0,0.27581310272216797
global,16,C3-C4,43,3,1638,410,0.9170731707317074,0,0.2737913131713867
global,16,C3-C4,43,4,1639,409,0.919249163079866,0,0.2731189727783203
global,16,C3-C4,43,5,1639,409,0.9022238163558106,0,0.27167725563049316
global,16,C4-rest,43,1,3276,820,0.8967479674796748,0,0.3351173400878906
global,16,C4-rest,43,2,3277,819,0.9150884744141559,0,0.32858824729919434
global,16,C4-rest,43,3,3277,819,0.9186780011122586,0,0.3060286045074463
global,16,C4-rest,43,4,3277,819,0.9048581870183523,0,0.3304414749145508
global,16,C4-rest,43,5,3277,819,0.9113649002939541,0,0.331712007522583
global,16,C1-C2,44,1,1638,410,0.6609756097560976,0,0.2764146327972412
global,16,C1-C2,44,2,1638,410,0.6902439024390243,0,0.27832961082458496
global,16,C1-C2,44,3,1638,410,0.646341463414634,0,0.272904634475708
global,16,C1-C2,44,4,1639,409,0.6744500239120038,0,0.2770256996154785
global,16,C1-C2,44,5,1639,409,0.6847202295552368,0,0.27863264083862305
global,16,C1-C3,44,1,1638,410,0.6390243902439025,0,0.27776122093200684
global,16,C1-C3,44,2,1638,410,0.6536585365853659,0,0.2787282466888428
global,16,C1-C3,44,3,1638,410,0.6487804878048781,0,0.2830839157104492
global,16,C1-C3,44,4,1639,409,0.5889526542324246,0,0.2720644474029541
global,16,C1-C3,44,5,1639,409,0.613857006217121,0,0.2782883644104004
global,16,C1-C4,44,1,1638,410,0.9341463414634146,0,0.2765359878540039
global,16,C1-C4,44,2,1638,410,0.9365853658536585,0,0.2695343494415283
global,16,C1-C4,44,3,1638,410,0.9585365853658536,0,0.2740330696105957
global,16,C1-C4,44,4,1639,409,0.9534911525585844,0,0.26918578147888184
global,16,C1-C4,44,5,1639,409,0.960844093735055,0,0.2712116241455078
global,16,C2-C3,44,1,1638,410,0.47804878048780486,0,0.279125452041626
global,16,C2-C3,44,2,1638,410,0.475609756097561,0,0.29185056686401367
global,16,C2-C3,44,3,1638,410,0.5487804878048781,0,0.2794063091278076
global,16,C2-C3,44,4,1639,409,0.4962338593974175,0,0.2853846549987793
global,16,C2-C3,44,5,1639,409,0.5036585365853659,0,0.28293943405151367
global,16,C2-C4,44,1,1638,410,0.8878048780487805,0,0.2685573101043701
global,16,C2-C4,44,2,1638,410,0.875609756097561,0,0.267132043838501
global,16,C2-C4,44,3,1638,410,0.9317073170731707,0,0.27234506607055664
global,16,C2-C4,44,4,1639,409,0.9461979913916786,0,0.2703685760498047
global,16,C2-C4,44,5,1639,409,0.9291009086561455,0,0.2706868648529053
global,16,C3-C4,44,1,1638,410,0.8853658536585366,0,0.2724626064300537
global,16,C3-C4,44,2,1638,410,0.8682926829268293,0,0.2692728042602539
global,16,C3-C4,44,3,1638,410,0.9219512195121952,0,0.2751786708831787
global,16,C3-C4,44,4,1639,409,0.938857006217121,0,0.27316927909851074
global,16,C3-C4,44,5,1639,409,0.9046150167384027,0,0.2854146957397461
global,16,C4-rest,44,1,3276,820,0.9113821138211382,0,0.32665419578552246
global,16,C4-rest,44,2,3277,819,0.8979555236728838,0,0.32288646697998047
global,16,C4-rest,44,3,3277,819,0.891042345276873,0,0.3217504024505615
global,16,C4-rest,44,4,3277,819,0.8894097084293319,0,0.34166574478149414
global,16,C4-rest,44,5,3277,819,0.913803924684198,0,0.3490753173828125
global,16,C1-C2,45,1,1638,410,0.6853658536585365,0,0.272629976272583
global,16,C1-C2,45,2,1638,410,0.6829268292682926,0,0.27553582191467285
global,16,C1-C2,45,3,1638,410,0.6853658536585365,0,0.2716202735900879
global,16,C1-C2,45,4,1639,409,0.6550334768053563,0,0.27846240997314453
global,16,C1-C2,45,5,1639,409,0.6530846484935438,0,0.2786691188812256
global,16,C1-C3,45,1,1638,410,0.6634146341463414,0,0.276355504989624
global,16,C1-C3,45,2,1638,410,0.6658536585365853,0,0.27673840522766113
global,16,C1-C3,45,3,1638,410,0.6414634146341464,0,0.28494858741760254
global,16,C1-C3,45,4,1639,409,0.6550454328072692,0,0.27527832984924316
global,16,C1-C3,45,5,1639,409,0.6676470588235295,0,0.28117895126342773
global,16,C1-C4,45,1,1638,410,0.9634146341463414,0,0.27292633056640625
global,16,C1-C4,45,2,1638,410,0.9512195121951219,0,0.27217626571655273
global,16,C1-C4,45,3,1638,410,0.9414634146341463,0,0.2697408199310303
global,16,C1-C4,45,4,1639,409,0.9364299378287901,0,0.2752864360809326
global,16,C1-C4,45,5,1639,409,0.9438067910090866,0,0.2678701877593994
global,16,C2-C3,45,1,1638,410,0.5536585365853659,0,0.28973841667175293
global,16,C2-C3,45,2,1638,410,0.5317073170731708,0,0.2763969898223877
global,16,C2-C3,45,3,1638,410,0.5317073170731708,0,0.2806551456451416
global,16,C2-C3,45,4,1639,409,0.5109038737446199,0,0.2769346237182617
global,16,C2-C3,45,5,1639,409,0.4939383070301291,0,0.2715754508972168
global,16,C2-C4,45,1,1638,410,0.9317073170731707,0,0.27524375915527344
global,16,C2-C4,45,2,1638,410,0.9463414634146341,0,0.2763047218322754
global,16,C2-C4,45,3,1638,410,0.9317073170731707,0,0.26939988136291504
global,16,C2-C4,45,4,1639,409,0.9143472022955523,0,0.28495168685913086
global,16,C2-C4,45,5,1639,409,0.912051649928264,0,0.27495765686035156
global,16,C3-C4,45,1,1638,410,0.9195121951219513,0,0.26922035217285156
global,16,C3-C4,45,2,1638,410,0.9048780487804878,0,0.2805607318878174
global,16,C3-C4,45,3,1638,410,0.8975609756097561,0,0.27083897590637207
global,16,C3-C4,45,4,1639,409,0.902116212338594,0,0.27583813667297363
global,16,C3-C4,45,5,1639,409,0.8900167384026781,0,0.2698986530303955
global,16,C4-rest,45,1,3276,820,0.9284552845528455,0,0.3478055000305176
global,16,C4-rest,45,2,3277,819,0.884038737446198,0,0.32266688346862793
global,16,C4-rest,45,3,3277,819,0.9235520775403194,0,0.32990360260009766
global,16,C4-rest,45,4,3277,819,0.9016127750854055,0,0.32831525802612305
global,16,C4-rest,45,5,3277,819,0.9178716135695559,0,0.31790757179260254
global,16,C1-C2,46,1,1638,410,0.6609756097560975,0,0.27440810203552246
global,16,C1-C2,46,2,1638,410,0.6439024390243903,0,0.2831990718841553
global,16,C1-C2,46,3,1638,410,0.6829268292682926,0,0.28992152214050293
global,16,C1-C2,46,4,1639,409,0.6769488283118126,0,0.29271602630615234
global,16,C1-C2,46,5,1639,409,0.6604734576757532,0,0.27396321296691895
global,16,C1-C3,46,1,1638,410,0.624390243902439,0,0.2863783836364746
global,16,C1-C3,46,2,1638,410,0.6414634146341464,0,0.27304792404174805
global,16,C1-C3,46,3,1638,410,0.6195121951219512,0,0.2755720615386963
global,16,C1-C3,46,4,1639,409,0.6353778096604495,0,0.28224992752075195
global,16,C1-C3,46,5,1639,409,0.6554878048780488,0,0.27539730072021484
global,16,C1-C4,46,1,1638,410,0.9439024390243902,0,0.27294445037841797
global,16,C1-C4,46,2,1638,410,0.9341463414634146,0,0.26978111267089844
global,16,C1-C4,46,3,1638,410,0.9292682926829269,0,0.2709839344024658
global,16,C1-C4,46,4,1639,409,0.9560019129603061,0,0.2784402370452881
global,16,C1-C4,46,5,1639,409,0.9413438546150168,0,0.27767014503479004
global,16,C2-C3,46,1,1638,410,0.5,0,0.27542734146118164
global,16,C2-C3,46,2,1638,410,0.5195121951219512,0,0.2925431728363037
global,16,C2-C3,46,3,1638,410,0.5073170731707317,0,0.280193567276001
global,16,C2-C3,46,4,1639,409,0.5036107125777141,0,0.28017282485961914
global,16,C2-C3,46,5,1639,409,0.5305595408895265,0,0.278789758682251
global,16,C2-C4,46,1,1638,410,0.9170731707317074,0,0.27295994758605957
global,16,C2-C4,46,2,1638,410,0.9170731707317074,0,0.274111270904541
global,16,C2-C4,46,3,1638,410,0.9170731707317074,0,0.2868208885192871
global,16,C2-C4,46,4,1639,409,0.9291009086561455,0,0.26926279067993164
global,16,C2-C4,46,5,1639,409,0.938880918220947,0,0.2729179859161377
global,16,C3-C4,46,1,1638,410,0.8902439024390244,0,0.2731442451477051
global,16,C3-C4,46,2,1638,410,0.8780487804878049,0,0.27454209327697754
global,16,C3-C4,46,3,1638,410,0.8902439024390244,0,0.27977895736694336
global,16,C3-C4,46,4,1639,409,0.9217240554758489,0,0.27849245071411133
global,16,C3-C4,46,5,1639,409,0.9266857962697275,0,0.2752094268798828
global,16,C4-rest,46,1,3276,820,0.9065040650406504,0,0.3284034729003906
global,16,C4-rest,46,2,3277,819,0.9224175035868005,0,0.34108400344848633
global,16,C4-rest,46,3,3277,819,0.9089258759037102,0,0.34293341636657715
global,16,C4-rest,46,4,3277,819,0.9024151902756812,0,0.33030009269714355
global,16,C4-rest,46,5,3277,819,0.9040438547707952,0,0.33086538314819336
global,16,C1-C2,47,1,1638,410,0.6829268292682927,0,0.27477288246154785
global,16,C1-C2,47,2,1638,410,0.6731707317073171,0,0.27982354164123535
global,16,C1-C2,47,3,1638,410,0.6829268292682926,0,0.273052453994751
global,16,C1-C2,47,4,1639,409,0.6794476327116212,0,0.2799808979034424
global,16,C1-C2,47,5,1639,409,0.6580344332855093,0,0.277005672454834
global,16,C1-C3,47,1,1638,410,0.6390243902439025,0,0.2758309841156006
global,16,C1-C3,47,2,1638,410,0.697560975609756,0,0.28253746032714844
global,16,C1-C3,47,3,1638,410,0.624390243902439,0,0.28229761123657227
global,16,C1-C3,47,4,1639,409,0.6135102821616452,0,0.2755143642425537
global,16,C1-C3,47,5,1639,409,0.5992706838833094,0,0.2778937816619873
global,16,C1-C4,47,1,1638,410,0.9463414634146341,0,0.2738466262817383
global,16,C1-C4,47,2,1638,410,0.9439024390243902,0,0.2745487689971924
global,16,C1-C4,47,3,1638,410,0.9585365853658536,0,0.27899646759033203
global,16,C1-C4,47,4,1639,409,0.936453849832616,0,0.2729353904724121
global,16,C1-C4,47,5,1639,409,0.9364179818268771,0,0.2760345935821533
global,16,C2-C3,47,1,1638,410,0.5073170731707317,0,0.290574312210083
global,16,C2-C3,47,2,1638,410,0.48292682926829267,0,0.27814292907714844
global,16,C2-C3,47,3,1638,410,0.4682926829268293,0,0.28561973571777344
global,16,C2-C3,47,4,1639,409,0.5134983261597321,0,0.27719998359680176
global,16,C2-C3,47,5,1639,409,0.5208034433285509,0,0.2830941677093506
global,16,C2-C4,47,1,1638,410,0.9146341463414634,0,0.2705655097961426
global,16,C2-C4,47,2,1638,410,0.9121951219512194,0,0.2718517780303955
global,16,C2-C4,47,3,1638,410,0.9341463414634146,0,0.2726874351501465
global,16,C2-C4,47,4,1639,409,0.9144189383070301,0,0.2712695598602295
global,16,C2-C4,47,5,1639,409,0.9046389287422286,0,0.2777116298675537
global,16,C3-C4,47,1,1638,410,0.8853658536585366,0,0.269150972366333
global,16,C3-C4,47,2,1638,410,0.8804878048780488,0,0.26896119117736816
global,16,C3-C4,47,3,1638,410,0.921951219512195,0,0.27388596534729004
global,16,C3-C4,47,4,1639,409,0.8899689143950262,0,0.2759823799133301
global,16,C3-C4,47,5,1639,409,0.894894787183166,0,0.2727069854736328
global,16,C4-rest,47,1,3276,820,0.8991869918699187,0,0.33008766174316406
global,16,C4-rest,47,2,3277,819,0.9044595887135343,0,0.34863972663879395
global,16,C4-rest,47,3,3277,819,0.8885953761817749,0,0.3323335647583008
global,16,C4-rest,47,4,3277,819,0.8812862477158974,0,0.328449010848999
global,16,C4-rest,47,5,3277,819,0.910550568046397,0,0.32052111625671387
global,16,C1-C2,48,1,1638,410,0.6707317073170731,0,0.29555177688598633
global,16,C1-C2,48,2,1638,410,0.6439024390243903,0,0.2751007080078125
global,16,C1-C2,48,3,1638,410,0.6487804878048781,0,0.27462100982666016
global,16,C1-C2,48,4,1639,409,0.6744978479196557,0,0.2757914066314697
global,16,C1-C2,48,5,1639,409,0.6897895743663318,0,0.2720515727996826
global,16,C1-C3,48,1,1638,410,0.6439024390243901,0,0.31011176109313965
global,16,C1-C3,48,2,1638,410,0.5975609756097562,0,0.2737271785736084
global,16,C1-C3,48,3,1638,410,0.6195121951219512,0,0.28013086318969727
global,16,C1-C3,48,4,1639,409,0.6549139167862267,0,0.28092026710510254
global,16,C1-C3,48,5,1639,409,0.6407938785270206,0,0.2784998416900635
global,16,C1-C4,48,1,1638,410,0.9463414634146341,0,0.27486228942871094
global,16,C1-C4,48,2,1638,410,0.9365853658536585,0,0.27411365509033203
global,16,C1-C4,48,3,1638,410,0.9414634146341463,0,0.26967859268188477
global,16,C1-C4,48,4,1639,409,0.9511238641798183,0,0.2693216800689697
global,16,C1-C4,48,5,1639,409,0.9388928742228599,0,0.2710886001586914
global,16,C2-C3,48,1,1638,410,0.4536585365853658,0,0.2837836742401123
global,16,C2-C3,48,2,1638,410,0.5073170731707317,0,0.280259370803833
global,16,C2-C3,48,3,1638,410,0.5341463414634147,0,0.2816762924194336
global,16,C2-C3,48,4,1639,409,0.506001912960306,0,0.28447866439819336
global,16,C2-C3,48,5,1639,409,0.4742706838833094,0,0.28728246688842773
global,16,C2-C4,48,1,1638,410,0.9024390243902439,0,0.2739372253417969
global,16,C2-C4,48,2,1638,410,0.926829268292683,0,0.27640700340270996
global,16,C2-C4,48,3,1638,410,0.9146341463414634,0,0.27530646324157715
global,16,C2-C4,48,4,1639,409,0.9290889526542325,0,0.2765696048736572
global,16,C2-C4,48,5,1639,409,0.9242826398852224,0,0.2727675437927246
global,16,C3-C4,48,1,1638,410,0.8902439024390244,0,0.2733500003814697
global,16,C3-C4,48,2,1638,410,0.9073170731707317,0,0.27454590797424316
global,16,C3-C4,48,3,1638,410,0.926829268292683,0,0.27445077896118164
global,16,C3-C4,48,4,1639,409,0.8850789096126255,0,0.2682950496673584
global,16,C3-C4,48,5,1639,409,0.8826518412242945,0,0.2714054584503174
global,16,C4-rest,48,1,3276,820,0.8951219512195122,0,0.33763813972473145
global,16,C4-rest,48,2,3277,819,0.8987446197991391,0,0.33849191665649414
global,16,C4-rest,48,3,3277,819,0.9048542146659251,0,0.32895517349243164
global,16,C4-rest,48,4,3277,819,0.8926590927147056,0,0.3400745391845703
global,16,C4-rest,48,5,3277,819,0.9121673154842298,0,0.3087458610534668
global,16,C1-C2,49,1,1638,410,0.6463414634146342,0,0.2858619689941406
global,16,C1-C2,49,2,1638,410,0.6658536585365853,0,0.27814197540283203
global,16,C1-C2,49,3,1638,410,0.673170731707317,0,0.276627779006958
global,16,C1-C2,49,4,1639,409,0.681910569105691,0,0.2880120277404785
global,16,C1-C2,49,5,1639,409,0.6309182209469153,0,0.2751483917236328
global,16,C1-C3,49,1,1638,410,0.6292682926829268,0,0.27996063232421875
global,16,C1-C3,49,2,1638,410,0.6317073170731706,0,0.29276204109191895
global,16,C1-C3,49,3,1638,410,0.6121951219512195,0,0.29094386100769043
global,16,C1-C3,49,4,1639,409,0.647620755619321,0,0.27343058586120605
global,16,C1-C3,49,5,1639,409,0.5844811095169775,0,0.2758674621582031
global,16,C1-C4,49,1,1638,410,0.9414634146341463,0,0.2764925956726074
global,16,C1-C4,49,2,1638,410,0.948780487804878,0,0.2761995792388916
global,16,C1-C4,49,3,1638,410,0.9243902439024391,0,0.2733609676361084
global,16,C1-C4,49,4,1639,409,0.9486489717838354,0,0.2687087059020996
global,16,C1-C4,49,5,1639,409,0.9510521281683405,0,0.2750253677368164
global,16,C2-C3,49,1,1638,410,0.4878048780487805,0,0.2786903381347656
global,16,C2-C3,49,2,1638,410,0.48048780487804876,0,0.28257083892822266
global,16,C2-C3,49,3,1638,410,0.526829268292683,0,0.2801945209503174
global,16,C2-C3,49,4,1639,409,0.4865973218555715,0,0.2819526195526123
global,16,C2-C3,49,5,1639,409,0.5035987565758011,0,0.27562975883483887
global,16,C2-C4,49,1,1638,410,0.8853658536585366,0,0.2741537094116211
global,16,C2-C4,49,2,1638,410,0.9219512195121952,0,0.27643442153930664
global,16,C2-C4,49,3,1638,410,0.9365853658536585,0,0.2776501178741455
global,16,C2-C4,49,4,1639,409,0.9193328550932569,0,0.2686576843261719
global,16,C2-C4,49,5,1639,409,0.916869918699187,0,0.2672760486602783
global,16,C3-C4,49,1,1638,410,0.8560975609756097,0,0.27280211448669434
global,16,C3-C4,49,2,1638,410,0.8902439024390244,0,0.2727165222167969
global,16,C3-C4,49,3,1638,410,0.9,0,0.28008580207824707
global,16,C3-C4,49,4,1639,409,0.894882831181253,0,0.272475004196167
global,16,C3-C4,49,5,1639,409,0.8997250119560019,0,0.276508092880249
global,16,C4-rest,49,1,3276,820,0.8902439024390244,0,0.3420586585998535
global,16,C4-rest,49,2,3277,819,0.8979674796747967,0,0.32287025451660156
global,16,C4-rest,49,3,3277,819,0.908917931198856,0,0.3338351249694824
global,16,C4-rest,49,4,3277,819,0.891042345276873,0,0.33852267265319824
global,16,C4-rest,49,5,3277,819,0.8934813696671169,0,0.30805277824401855
global,16,C1-C2,50,1,1638,410,0.6512195121951219,0,0.3076205253601074
global,16,C1-C2,50,2,1638,410,0.6682926829268293,0,0.2827935218811035
global,16,C1-C2,50,3,1638,410,0.6731707317073171,0,0.2822723388671875
global,16,C1-C2,50,4,1639,409,0.6500597800095649,0,0.29239416122436523
global,16,C1-C2,50,5,1639,409,0.6797824007651841,0,0.2838249206542969
global,16,C1-C3,50,1,1638,410,0.6121951219512196,0,0.27648115158081055
global,16,C1-C3,50,2,1638,410,0.6365853658536585,0,0.2752556800842285
global,16,C1-C3,50,3,1638,410,0.6878048780487804,0,0.28253936767578125
global,16,C1-C3,50,4,1639,409,0.6160090865614538,0,0.2748849391937256
global,16,C1-C3,50,5,1639,409,0.6285748445719752,0,0.282909631729126
global,16,C1-C4,50,1,1638,410,0.9170731707317074,0,0.2729952335357666
global,16,C1-C4,50,2,1638,410,0.9609756097560975,0,0.2795841693878174
global,16,C1-C4,50,3,1638,410,0.9658536585365853,0,0.27368974685668945
global,16,C1-C4,50,4,1639,409,0.9315758010521282,0,0.2720913887023926
global,16,C1-C4,50,5,1639,409,0.9461621233859397,0,0.27394676208496094
global,16,C2-C3,50,1,1638,410,0.46829268292682924,0,0.278247594833374
global,16,C2-C3,50,2,1638,410,0.47560975609756095,0,0.2793843746185303
global,16,C2-C3,50,3,1638,410,0.5048780487804878,0,0.27425479888916016
global,16,C2-C3,50,4,1639,409,0.4644906743185079,0,0.2859222888946533
global,16,C2-C3,50,5,1639,409,0.48909612625538024,0,0.2819952964782715
global,16,C2-C4,50,1,1638,410,0.8658536585365854,0,0.27819252014160156
global,16,C2-C4,50,2,1638,410,0.9024390243902439,0,0.2723653316497803
global,16,C2-C4,50,3,1638,410,0.924390243902439,0,0.26821374893188477
global,16,C2-C4,50,4,1639,409,0.9291367766618843,0,0.2726614475250244
global,16,C2-C4,50,5,1639,409,0.916905786704926,0,0.2716715335845947
global,16,C3-C4,50,1,1638,410,0.8780487804878049,0,0.28107428550720215
global,16,C3-C4,50,2,1638,410,0.8878048780487805,0,0.2777135372161865
global,16,C3-C4,50,3,1638,410,0.8951219512195122,0,0.2773282527923584
global,16,C3-C4,50,4,1639,409,0.9193089430894309,0,0.2758903503417969
global,16,C3-C4,50,5,1639,409,0.8997728359636538,0,0.2726924419403076
global,16,C4-rest,50,1,3276,820,0.9121951219512194,0,0.32735347747802734
global,16,C4-rest,50,2,3277,819,0.9232424677187949,0,0.32995176315307617
global,16,C4-rest,50,3,3277,819,0.8991697783427346,0,0.33409690856933594
global,16,C4-rest,50,4,3277,819,0.8967307539524907,0,0.3116786479949951
global,16,C4-rest,50,5,3277,819,0.8893977913720506,0,0.3336198329925537
global,16,C1-C2,51,1,1638,410,0.6219512195121951,0,0.27791380882263184
global,16,C1-C2,51,2,1638,410,0.6829268292682926,0,0.2979741096496582
global,16,C1-C2,51,3,1638,410,0.6390243902439025,0,0.2808058261871338
global,16,C1-C2,51,4,1639,409,0.6940459110473458,0,0.2776024341583252
global,16,C1-C2,51,5,1639,409,0.6848637015781922,0,0.28418564796447754
global,16,C1-C3,51,1,1638,410,0.6292682926829268,0,0.2719452381134033
global,16,C1-C3,51,2,1638,410,0.6878048780487804,0,0.2816133499145508
global,16,C1-C3,51,3,1638,410,0.6536585365853658,0,0.27560925483703613
global,16,C1-C3,51,4,1639,409,0.6524509803921569,0,0.27715277671813965
global,16,C1-C3,51,5,1639,409,0.6505499760879961,0,0.2799797058105469
global,16,C1-C4,51,1,1638,410,0.948780487804878,0,0.2719144821166992
global,16,C1-C4,51,2,1638,410,0.9390243902439024,0,0.27723264694213867
global,16,C1-C4,51,3,1638,410,0.9292682926829269,0,0.2760038375854492
global,16,C1-C4,51,4,1639,409,0.9266977522716404,0,0.2731633186340332
global,16,C1-C4,51,5,1639,409,0.9413318986131038,0,0.2711353302001953
global,16,C2-C3,51,1,1638,410,0.5365853658536586,0,0.28255677223205566
global,16,C2-C3,51,2,1638,410,0.4902439024390244,0,0.27469325065612793
global,16,C2-C3,51,3,1638,410,0.4804878048780488,0,0.2764298915863037
global,16,C2-C3,51,4,1639,409,0.5256456241032998,0,0.27553224563598633
global,16,C2-C3,51,5,1639,409,0.5062171209947394,0,0.286088228225708
global,16,C2-C4,51,1,1638,410,0.9341463414634146,0,0.2715435028076172
global,16,C2-C4,51,2,1638,410,0.9243902439024391,0,0.27562808990478516
global,16,C2-C4,51,3,1638,410,0.9048780487804878,0,0.27509117126464844
global,16,C2-C4,51,4,1639,409,0.9046508847441416,0,0.28603649139404297
global,16,C2-C4,51,5,1639,409,0.9388928742228599,0,0.27524328231811523
global,16,C3-C4,51,1,1638,410,0.9195121951219513,0,0.27768635749816895
global,16,C3-C4,51,2,1638,410,0.8902439024390244,0,0.2824282646179199
global,16,C3-C4,51,3,1638,410,0.8853658536585366,0,0.27579808235168457
global,16,C3-C4,51,4,1639,409,0.8826159732185557,0,0.2728996276855469
global,16,C3-C4,51,5,1639,409,0.9071736011477762,0,0.2746405601501465
global,16,C4-rest,51,1,3276,820,0.8951219512195121,0,0.3424689769744873
global,16,C4-rest,51,2,3277,819,0.8962936394069823,0,0.3295116424560547
global,16,C4-rest,51,3,3277,819,0.9048542146659251,0,0.33325743675231934
global,16,C4-rest,51,4,3277,819,0.8975371414951934,0,0.3483297824859619
global,16,C4-rest,51,5,3277,819,0.9137999523317708,0,0.32915496826171875
global,32,C1-C2,42,1,819,205,0.8240053302874548,0,0.2585897445678711
global,32,C1-C2,42,2,819,205,0.790024747763183,0,0.2637908458709717
global,32,C1-C2,42,3,819,205,0.790405482581382,0,0.2587890625
global,32,C1-C2,42,4,819,205,0.8297163525604416,0,0.25647664070129395
global,32,C1-C2,42,5,820,204,0.7598039215686274,0,0.2677605152130127
global,32,C1-C3,42,1,819,205,0.7654197601370645,0,0.26193737983703613
global,32,C1-C3,42,2,819,205,0.7166381115553018,0,0.2834053039550781
global,32,C1-C3,42,3,819,205,0.6783742623262897,0,0.2626364231109619
global,32,C1-C3,42,4,819,205,0.73695983247668,0,0.2651951313018799
global,32,C1-C3,42,5,820,204,0.7156862745098039,0,0.26552891731262207
global,32,C1-C4,42,1,819,205,0.9658290500666287,0,0.25879907608032227
global,32,C1-C4,42,2,819,205,0.951313535122787,0,0.24350547790527344
global,32,C1-C4,42,3,819,205,0.9560251284980011,0,0.2589561939239502
global,32,C1-C4,42,4,819,205,0.9659242337711784,0,0.24502897262573242
global,32,C1-C4,42,5,820,204,0.9705882352941176,0,0.25666308403015137
global,32,C2-C3,42,1,819,205,0.4972872644203312,0,0.2550818920135498
global,32,C2-C3,42,2,819,205,0.5416428707405292,0,0.25593113899230957
global,32,C2-C3,42,3,819,205,0.522177803160099,0,0.2632126808166504
global,32,C2-C3,42,4,819,205,0.4831524842946887,0,0.2644975185394287
global,32,C2-C3,42,5,820,204,0.5343137254901961,0,0.27064990997314453
global,32,C2-C4,42,1,819,205,0.9318008756900819,0,0.261502742767334
global,32,C2-C4,42,2,819,205,0.9414620217018846,0,0.24882817268371582
global,32,C2-C4,42,3,819,205,0.9463639824861984,0,0.2637362480163574
global,32,C2-C4,42,4,819,205,0.9366552446221207,0,0.2423872947692871
global,32,C2-C4,42,5,820,204,0.9607843137254901,0,0.24893808364868164
global,32,C3-C4,42,1,819,205,0.9170949933371406,0,0.2520930767059326
global,32,C3-C4,42,2,819,205,0.9267561393489434,0,0.2528657913208008
global,32,C3-C4,42,3,819,205,0.9366076527698458,0,0.26438117027282715
global,32,C3-C4,42,4,819,205,0.9122406244051018,0,0.2551591396331787
global,32,C3-C4,42,5,820,204,0.946078431372549,0,0.24143052101135254
global,32,C4-rest,42,1,1638,410,0.926502419149478,0,0.27159690856933594
global,32,C4-rest,42,2,1638,410,0.9481989816893837,0,0.26883363723754883
global,32,C4-rest,42,3,1638,410,0.9270895923595079,0,0.27825188636779785
global,32,C4-rest,42,4,1639,409,0.9150539694705244,0,0.27183055877685547
global,32,C4-rest,42,5,1639,409,0.9558983202401481,0,0.2867569923400879
global,32,C1-C2,43,1,819,205,0.7505235103750239,0,0.2633211612701416
global,32,C1-C2,43,2,819,205,0.7464782029316581,0,0.26133108139038086
global,32,C1-C2,43,3,819,205,0.7954978107747954,0,0.2652456760406494
global,32,C1-C2,43,4,819,205,0.8149152865029508,0,0.25623393058776855
global,32,C1-C2,43,5,820,204,0.8088235294117647,0,0.2699098587036133
global,32,C1-C3,43,1,819,205,0.7067390062821245,0,0.25199460983276367
global,32,C1-C3,43,2,819,205,0.6777079763944412,0,0.2635939121246338
global,32,C1-C3,43,3,819,205,0.7518560822387207,0,0.2685983180999756
global,32,C1-C3,43,4,819,205,0.7465733866362079,0,0.26731181144714355
global,32,C1-C3,43,5,820,204,0.7794117647058824,0,0.25858497619628906
global,32,C1-C4,43,1,819,205,0.98043974871502,0,0.2520003318786621
global,32,C1-C4,43,2,819,205,0.9462687987816486,0,0.2503547668457031
global,32,C1-C4,43,3,819,205,0.9706358271463925,0,0.25468897819519043
global,32,C1-C4,43,4,819,205,0.9609746811345898,0,0.24795007705688477
global,32,C1-C4,43,5,820,204,0.9656862745098039,0,0.25898098945617676
global,32,C2-C3,43,1,819,205,0.5023320007614697,0,0.2652144432067871
global,32,C2-C3,43,2,819,205,0.5216542927850751,0,0.26175618171691895
global,32,C2-C3,43,3,819,205,0.45859508852084524,0,0.2639882564544678
global,32,C2-C3,43,4,819,205,0.46835141823719784,0,0.26613593101501465
global,32,C2-C3,43,5,820,204,0.4950980392156863,0,0.2629563808441162
global,32,C2-C4,43,1,819,205,0.9707786027032173,0,0.24591994285583496
global,32,C2-C4,43,2,819,205,0.9609746811345898,0,0.2552661895751953
global,32,C2-C4,43,3,819,205,0.9463163906339235,0,0.2451310157775879
global,32,C2-C4,43,4,819,205,0.9413668379973348,0,0.26168084144592285
global,32,C2-C4,43,5,820,204,0.9362745098039216,0,0.25496864318847656
global,32,C3-C4,43,1,819,205,0.9464115743384733,0,0.24363946914672852
global,32,C3-C4,43,2,819,205,0.936512469065296,0,0.25432515144348145
global,32,C3-C4,43,3,819,205,0.9317056919855321,0,0.2594614028930664
global,32,C3-C4,43,4,819,205,0.9268513230534933,0,0.2566499710083008
global,32,C3-C4,43,5,820,204,0.9264705882352942,0,0.2526998519897461
global,32,C4-rest,43,1,1638,410,0.952667430608607,0,0.2668135166168213
global,32,C4-rest,43,2,1638,410,0.9417159482622308,0,0.27562522888183594
global,32,C4-rest,43,3,1638,410,0.9433129882040416,0,0.2804288864135742
global,32,C4-rest,43,4,1639,409,0.9248738583381235,0,0.28362107276916504
global,32,C4-rest,43,5,1639,409,0.9232292265440378,0,0.2682974338531494
global,32,C1-C2,44,1,819,205,0.8092994479345137,0,0.2564122676849365
global,32,C1-C2,44,2,819,205,0.8047306301161241,0,0.263962984085083
global,32,C1-C2,44,3,819,205,0.7807919284218542,0,0.2611677646636963
global,32,C1-C2,44,4,819,205,0.8002094041500095,0,0.2560567855834961
global,32,C1-C2,44,5,820,204,0.7450980392156863,0,0.26893019676208496
global,32,C1-C3,44,1,819,205,0.7067390062821245,0,0.26068806648254395
global,32,C1-C3,44,2,819,205,0.7411479154768703,0,0.2588362693786621
global,32,C1-C3,44,3,819,205,0.6885113268608414,0,0.2574172019958496
global,32,C1-C3,44,4,819,205,0.7418142014087188,0,0.25957512855529785
global,32,C1-C3,44,5,820,204,0.7254901960784313,0,0.2626829147338867
global,32,C1-C4,44,1,819,205,0.9706834189986675,0,0.2550983428955078
global,32,C1-C4,44,2,819,205,0.9657814582143537,0,0.2546710968017578
global,32,C1-C4,44,3,819,205,0.9658766419189035,0,0.2580127716064453
global,32,C1-C4,44,4,819,205,0.9609270892823149,0,0.2558295726776123
global,32,C1-C4,44,5,820,204,0.9656862745098039,0,0.26593899726867676
global,32,C2-C3,44,1,819,205,0.5266514372739387,0,0.26662325859069824
global,32,C2-C3,44,2,819,205,0.5267466209784885,0,0.2632303237915039
global,32,C2-C3,44,3,819,205,0.5659623072529982,0,0.25760769844055176
global,32,C2-C3,44,4,819,205,0.48291452503331433,0,0.25963830947875977
global,32,C2-C3,44,5,820,204,0.5049019607843137,0,0.2602713108062744
global,32,C2-C4,44,1,819,205,0.9413668379973348,0,0.2626011371612549
global,32,C2-C4,44,2,819,205,0.9707310108509424,0,0.25689029693603516
global,32,C2-C4,44,3,819,205,0.9708261945554921,0,0.25728344917297363
global,32,C2-C4,44,4,819,205,0.9560251284980011,0,0.257565975189209
global,32,C2-C4,44,5,820,204,0.9313725490196079,0,0.24489498138427734
global,32,C3-C4,44,1,819,205,0.9267561393489434,0,0.26686692237854004
global,32,C3-C4,44,2,819,205,0.9560251284980011,0,0.2572672367095947
global,32,C3-C4,44,3,819,205,0.9415096135541595,0,0.2527461051940918
global,32,C3-C4,44,4,819,205,0.9073386636207881,0,0.26179933547973633
global,32,C3-C4,44,5,820,204,0.9215686274509804,0,0.25246381759643555
global,32,C4-rest,44,1,1638,410,0.9004647313470843,0,0.2704155445098877
global,32,C4-rest,44,2,1638,410,0.9238955124758863,0,0.27225399017333984
global,32,C4-rest,44,3,1638,410,0.93197558584485,0,0.27195048332214355
global,32,C4-rest,44,4,1639,409,0.9297917864214089,0,0.27878570556640625
global,32,C4-rest,44,5,1639,409,0.9281152200293799,0,0.27590155601501465
global,32,C1-C2,45,1,819,205,0.7509518370454977,0,0.2549402713775635
global,32,C1-C2,45,2,819,205,0.7608509423186751,0,0.2562682628631592
global,32,C1-C2,45,3,819,205,0.7614220445459737,0,0.25714659690856934
global,32,C1-C2,45,4,819,205,0.7420521606700933,0,0.25902414321899414
global,32,C1-C2,45,5,820,204,0.7352941176470589,0,0.24917817115783691
global,32,C1-C3,45,1,819,205,0.7120217018846373,0,0.2693817615509033
global,32,C1-C3,45,2,819,205,0.7755568246716162,0,0.2560751438140869
global,32,C1-C3,45,3,819,205,0.7320578716923662,0,0.26555466651916504
global,32,C1-C3,45,4,819,205,0.7031696173615076,0,0.263700008392334
global,32,C1-C3,45,5,820,204,0.696078431372549,0,0.2865586280822754
global,32,C1-C4,45,1,819,205,0.956072720350276,0,0.239762544631958
global,32,C1-C4,45,2,819,205,0.9414620217018846,0,0.2516305446624756
global,32,C1-C4,45,3,819,205,0.9803921568627452,0,0.2650446891784668
global,32,C1-C4,45,4,819,205,0.9609270892823149,0,0.2633330821990967
global,32,C1-C4,45,5,820,204,0.9754901960784313,0,0.2523655891418457
global,32,C2-C3,45,1,819,205,0.5752903102988769,0,0.259232759475708
global,32,C2-C3,45,2,819,205,0.5217970683418999,0,0.2594780921936035
global,32,C2-C3,45,3,819,205,0.575623453264801,0,0.2680792808532715
global,32,C2-C3,45,4,819,205,0.4927660384542166,0,0.2656266689300537
global,32,C2-C3,45,5,820,204,0.5,0,0.25513792037963867
global,32,C2-C4,45,1,819,205,0.9511231677136874,0,0.2573730945587158
global,32,C2-C4,45,2,819,205,0.916952217780316,0,0.2487201690673828
global,32,C2-C4,45,3,819,205,0.9413668379973348,0,0.2517735958099365
global,32,C2-C4,45,4,819,205,0.9512183514182372,0,0.2542262077331543
global,32,C2-C4,45,5,820,204,0.9558823529411764,0,0.2626314163208008
global,32,C3-C4,45,1,819,205,0.941271654292785,0,0.25713109970092773
global,32,C3-C4,45,2,819,205,0.9120978488482772,0,0.2613339424133301
global,32,C3-C4,45,3,819,205,0.9268037312012183,0,0.25102853775024414
global,32,C3-C4,45,4,819,205,0.9415572054064345,0,0.26555943489074707
global,32,C3-C4,45,5,820,204,0.9313725490196079,0,0.2741587162017822
global,32,C4-rest,45,1,1638,410,0.8970906544435957,0,0.2736837863922119
global,32,C4-rest,45,2,1638,410,0.9400556592138136,0,0.2776777744293213
global,32,C4-rest,45,3,1638,410,0.9562790550583473,0,0.2695753574371338
global,32,C4-rest,45,4,1639,409,0.9265025228332375,0,0.27364134788513184
global,32,C4-rest,45,5,1639,409,0.9608162483234336,0,0.27780961990356445
global,32,C1-C2,46,1,819,205,0.7310108509423187,0,0.2581818103790283
global,32,C1-C2,46,2,819,205,0.7705120883304778,0,0.26419544219970703
global,32,C1-C2,46,3,819,205,0.8392823148676947,0,0.2551243305206299
global,32,C1-C2,46,4,819,205,0.8000666285931848,0,0.2605173587799072
global,32,C1-C2,46,5,820,204,0.7696078431372549,0,0.263887882232666
global,32,C1-C3,46,1,819,205,0.7114981915096135,0,0.2625150680541992
global,32,C1-C3,46,2,819,205,0.7458595088520845,0,0.26675939559936523
global,32,C1-C3,46,3,819,205,0.7807443365695793,0,0.24513459205627441
global,32,C1-C3,46,4,819,205,0.6926994098610317,0,0.25617504119873047
global,32,C1-C3,46,5,820,204,0.7401960784313726,0,0.2576005458831787
global,32,C1-C4,46,1,819,205,0.9707786027032173,0,0.24803829193115234
global,32,C1-C4,46,2,819,205,0.9610222729868647,0,0.2879295349121094
global,32,C1-C4,46,3,819,205,0.9659242337711784,0,0.2534816265106201
global,32,C1-C4,46,4,819,205,0.9366076527698458,0,0.256070613861084
global,32,C1-C4,46,5,820,204,0.9705882352941176,0,0.24439096450805664
global,32,C2-C3,46,1,819,205,0.5465924233771178,0,0.25875091552734375
global,32,C2-C3,46,2,819,205,0.5560156101275462,0,0.2664608955383301
global,32,C2-C3,46,3,819,205,0.45845231296402056,0,0.2740132808685303
global,32,C2-C3,46,4,819,205,0.5124690652960213,0,0.25980329513549805
global,32,C2-C3,46,5,820,204,0.4607843137254902,0,0.26396942138671875
global,32,C2-C4,46,1,819,205,0.9513611269750619,0,0.2564878463745117
global,32,C2-C4,46,2,819,205,0.9316581001332571,0,0.25260448455810547
global,32,C2-C4,46,3,819,205,0.956120312202551,0,0.2570209503173828
global,32,C2-C4,46,4,819,205,0.9658766419189035,0,0.2511098384857178
global,32,C2-C4,46,5,820,204,0.9558823529411764,0,0.25484371185302734
global,32,C3-C4,46,1,819,205,0.9319436512469066,0,0.2523529529571533
global,32,C3-C4,46,2,819,205,0.9219493622691795,0,0.266495943069458
global,32,C3-C4,46,3,819,205,0.9170474014848657,0,0.26464176177978516
global,32,C3-C4,46,4,819,205,0.9316105082809822,0,0.25165748596191406
global,32,C3-C4,46,5,820,204,0.9068627450980392,0,0.25420427322387695
global,32,C4-rest,46,1,1638,410,0.9150751209574739,0,0.2756061553955078
global,32,C4-rest,46,2,1638,410,0.9286550077480156,0,0.30481505393981934
global,32,C4-rest,46,3,1638,410,0.9320072103981532,0,0.2777976989746094
global,32,C4-rest,46,4,1639,409,0.9722328670882033,0,0.285555362701416
global,32,C4-rest,46,5,1639,409,0.9379191415980073,0,0.2731900215148926
global,32,C1-C2,47,1,819,205,0.7410051399200457,0,0.26210618019104004
global,32,C1-C2,47,2,819,205,0.7703693127736531,0,0.26970744132995605
global,32,C1-C2,47,3,819,205,0.7907386255473063,0,0.2617006301879883
global,32,C1-C2,47,4,819,205,0.8003045878545594,0,0.26656603813171387
global,32,C1-C2,47,5,820,204,0.7843137254901961,0,0.25827670097351074
global,32,C1-C3,47,1,819,205,0.692175899486008,0,0.2539496421813965
global,32,C1-C3,47,2,819,205,0.721730439748715,0,0.26009082794189453
global,32,C1-C3,47,3,819,205,0.7567104511707596,0,0.26332640647888184
global,32,C1-C3,47,4,819,205,0.7126879878164858,0,0.2660667896270752
global,32,C1-C3,47,5,820,204,0.7352941176470589,0,0.2568976879119873
global,32,C1-C4,47,1,819,205,0.9609746811345898,0,0.24229049682617188
global,32,C1-C4,47,2,819,205,0.9609746811345898,0,0.2583770751953125
global,32,C1-C4,47,3,819,205,0.9707310108509424,0,0.2604091167449951
global,32,C1-C4,47,4,819,205,0.9902912621359223,0,0.28827619552612305
global,32,C1-C4,47,5,820,204,0.9656862745098039,0,0.25199127197265625
global,32,C2-C3,47,1,819,205,0.5125166571482962,0,0.26344871520996094
global,32,C2-C3,47,2,819,205,0.536550542547116,0,0.2656393051147461
global,32,C2-C3,47,3,819,205,0.5171330668189607,0,0.2666134834289551
global,32,C2-C3,47,4,819,205,0.546497239672568,0,0.2698850631713867
global,32,C2-C3,47,5,820,204,0.5098039215686274,0,0.25841426849365234
global,32,C2-C4,47,1,819,205,0.9609746811345898,0,0.24487566947937012
global,32,C2-C4,47,2,819,205,0.9366076527698458,0,0.23877286911010742
global,32,C2-C4,47,3,819,205,0.9513611269750619,0,0.26256513595581055
global,32,C2-C4,47,4,819,205,0.9658766419189035,0,0.24586009979248047
global,32,C2-C4,47,5,820,204,0.9411764705882353,0,0.26923680305480957
global,32,C3-C4,47,1,819,205,0.9510755758614124,0,0.24567842483520508
global,32,C3-C4,47,2,819,205,0.9169998096325909,0,0.2444002628326416
global,32,C3-C4,47,3,819,205,0.9220445459737293,0,0.2431168556213379
global,32,C3-C4,47,4,819,205,0.9366076527698458,0,0.27745890617370605
global,32,C3-C4,47,5,820,204,0.9362745098039216,0,0.2548844814300537
global,32,C4-rest,47,1,1638,410,0.9445187165775402,0,0.2709774971008301
global,32,C4-rest,47,2,1638,410,0.938490243825306,0,0.2751600742340088
global,32,C4-rest,47,3,1638,410,0.9206381834856583,0,0.27123165130615234
global,32,C4-rest,47,4,1639,409,0.9362904771028933,0,0.2690727710723877
global,32,C4-rest,47,5,1639,409,0.9526409912499201,0,0.2719554901123047
global,32,C1-C2,48,1,819,205,0.804778221968399,0,0.2574319839477539
global,32,C1-C2,48,2,819,205,0.7801732343422806,0,0.2517538070678711
global,32,C1-C2,48,3,819,205,0.7902151151722825,0,0.26951074600219727
global,32,C1-C2,48,4,819,205,0.7713687416714259,0,0.2687821388244629
global,32,C1-C2,48,5,820,204,0.7843137254901962,0,0.2594888210296631
global,32,C1-C3,48,1,819,205,0.7703217209213782,0,0.26555585861206055
global,32,C1-C3,48,2,819,205,0.7067865981343994,0,0.26511693000793457
global,32,C1-C3,48,3,819,205,0.7759375594898154,0,0.26441216468811035
global,32,C1-C3,48,4,819,205,0.7176851323053492,0,0.2670431137084961
global,32,C1-C3,48,5,820,204,0.696078431372549,0,0.25783252716064453
global,32,C1-C4,48,1,819,205,0.9560251284980011,0,0.24169349670410156
global,32,C1-C4,48,2,819,205,0.9657814582143537,0,0.26154279708862305
global,32,C1-C4,48,3,819,205,0.9657814582143537,0,0.25459814071655273
global,32,C1-C4,48,4,819,205,0.9805349324195698,0,0.25900888442993164
global,32,C1-C4,48,5,820,204,0.9607843137254902,0,0.25260376930236816
global,32,C2-C3,48,1,819,205,0.536550542547116,0,0.26578378677368164
global,32,C2-C3,48,2,819,205,0.5169902912621359,0,0.26942920684814453
global,32,C2-C3,48,3,819,205,0.44431753283837805,0,0.26079821586608887
global,32,C2-C3,48,4,819,205,0.5415952788882543,0,0.2713487148284912
global,32,C2-C3,48,5,820,204,0.5147058823529411,0,0.2643411159515381
global,32,C2-C4,48,1,819,205,0.9366552446221207,0,0.2622854709625244
global,32,C2-C4,48,2,819,205,0.9364172853607462,0,0.2497420310974121
global,32,C2-C4,48,3,819,205,0.9366076527698458,0,0.24806618690490723
global,32,C2-C4,48,4,819,205,0.9902436702836475,0,0.26821470260620117
global,32,C2-C4,48,5,820,204,0.9705882352941176,0,0.25352907180786133
global,32,C3-C4,48,1,819,205,0.9317056919855321,0,0.2584724426269531
global,32,C3-C4,48,2,819,205,0.8975347420521607,0,0.24317216873168945
global,32,C3-C4,48,3,819,205,0.9122882162573768,0,0.2457277774810791
global,32,C3-C4,48,4,819,205,0.956072720350276,0,0.2632405757904053
global,32,C3-C4,48,5,820,204,0.9411764705882353,0,0.255795955657959
global,32,C4-rest,48,1,1638,410,0.936401833460657,0,0.2693183422088623
global,32,C4-rest,48,2,1638,410,0.9125581101166946,0,0.26947665214538574
global,32,C4-rest,48,3,1638,410,0.9530217260681193,0,0.2711665630340576
global,32,C4-rest,48,4,1639,409,0.936306444401865,0,0.2705087661743164
global,32,C4-rest,48,5,1639,409,0.9281311873283515,0,0.27434253692626953
global,32,C1-C2,49,1,819,205,0.7019798210546354,0,0.2628765106201172
global,32,C1-C2,49,2,819,205,0.7604702075004759,0,0.2609405517578125
global,32,C1-C2,49,3,819,205,0.7370074243289548,0,0.2559528350830078
global,32,C1-C2,49,4,819,205,0.7858366647629926,0,0.2618870735168457
global,32,C1-C2,49,5,820,204,0.75,0,0.25528383255004883
global,32,C1-C3,49,1,819,205,0.6874167142585189,0,0.2594435214996338
global,32,C1-C3,49,2,819,205,0.7510946126023225,0,0.26636815071105957
global,32,C1-C3,49,3,819,205,0.7027412906910337,0,0.25426506996154785
global,32,C1-C3,49,4,819,205,0.7423377117837426,0,0.26999425888061523
global,32,C1-C3,49,5,820,204,0.7450980392156863,0,0.26017165184020996
global,32,C1-C4,49,1,819,205,0.9512659432705122,0,0.26532578468322754
global,32,C1-C4,49,2,819,205,0.9804873405672949,0,0.2608966827392578
global,32,C1-C4,49,3,819,205,0.9707310108509424,0,0.24245762825012207
global,32,C1-C4,49,4,819,205,0.9755377879307063,0,0.24294734001159668
global,32,C1-C4,49,5,820,204,0.9705882352941176,0,0.2581329345703125
global,32,C2-C3,49,1,819,205,0.5659623072529982,0,0.2621288299560547
global,32,C2-C3,49,2,819,205,0.4879592613744527,0,0.2646045684814453
global,32,C2-C3,49,3,819,205,0.5267942128307634,0,0.2643313407897949
global,32,C2-C3,49,4,819,205,0.5123262897391967,0,0.26902294158935547
global,32,C2-C3,49,5,820,204,0.5196078431372548,0,0.26600050926208496
global,32,C2-C4,49,1,819,205,0.9511707595659623,0,0.24675559997558594
global,32,C2-C4,49,2,819,205,0.9462687987816486,0,0.25480008125305176
global,32,C2-C4,49,3,819,205,0.9560251284980011,0,0.2557086944580078
global,32,C2-C4,49,4,819,205,0.9609270892823149,0,0.2535574436187744
global,32,C2-C4,49,5,820,204,0.9558823529411764,0,0.2644364833831787
global,32,C3-C4,49,1,819,205,0.936512469065296,0,0.2622413635253906
global,32,C3-C4,49,2,819,205,0.9169998096325909,0,0.2623105049133301
global,32,C3-C4,49,3,819,205,0.9463163906339235,0,0.2665140628814697
global,32,C3-C4,49,4,819,205,0.9413668379973348,0,0.25653696060180664
global,32,C3-C4,49,5,820,204,0.9411764705882353,0,0.25064945220947266
global,32,C4-rest,49,1,1638,410,0.9461102622867329,0,0.2671334743499756
global,32,C4-rest,49,2,1638,410,0.9546503905632333,0,0.27350926399230957
global,32,C4-rest,49,3,1638,410,0.9513930615730053,0,0.2830662727355957
global,32,C4-rest,49,4,1639,409,0.9493996295586639,0,0.30214452743530273
global,32,C4-rest,49,5,1639,409,0.9166826339656384,0,0.28325700759887695
global,32,C1-C2,50,1,819,205,0.7751284980011421,0,0.2685880661010742
global,32,C1-C2,50,2,819,205,0.7361983628402817,0,0.2577853202819824
global,32,C1-C2,50,3,819,205,0.7174947648962497,0,0.2678039073944092
global,32,C1-C2,50,4,819,205,0.8102988768322863,0,0.26117777824401855
global,32,C1-C2,50,5,820,204,0.7843137254901962,0,0.26605772972106934
global,32,C1-C3,50,1,819,205,0.7118313344755378,0,0.26342082023620605
global,32,C1-C3,50,2,819,205,0.7018846373500857,0,0.25687670707702637
global,32,C1-C3,50,3,819,205,0.7419569769655435,0,0.261272668838501
global,32,C1-C3,50,4,819,205,0.7225395012373881,0,0.2572517395019531
global,32,C1-C3,50,5,820,204,0.7941176470588236,0,0.2694282531738281
global,32,C1-C4,50,1,819,205,0.9609270892823149,0,0.2432849407196045
global,32,C1-C4,50,2,819,205,0.9610222729868647,0,0.24605989456176758
global,32,C1-C4,50,3,819,205,0.9463639824861984,0,0.2778961658477783
global,32,C1-C4,50,4,819,205,0.9462212069293736,0,0.24221563339233398
global,32,C1-C4,50,5,820,204,0.9754901960784313,0,0.26305556297302246
global,32,C2-C3,50,1,819,205,0.531743765467352,0,0.2642178535461426
global,32,C2-C3,50,2,819,205,0.5270321720921378,0,0.2674236297607422
global,32,C2-C3,50,3,819,205,0.5564439367980202,0,0.27221035957336426
global,32,C2-C3,50,4,819,205,0.48291452503331433,0,0.268143892288208
global,32,C2-C3,50,5,820,204,0.5049019607843137,0,0.26294422149658203
global,32,C2-C4,50,1,819,205,0.9315629164287074,0,0.24964165687561035
global,32,C2-C4,50,2,819,205,0.9416047972587094,0,0.24289202690124512
global,32,C2-C4,50,3,819,205,0.9562630877593756,0,0.255340576171875
global,32,C2-C4,50,4,819,205,0.9170474014848657,0,0.24549555778503418
global,32,C2-C4,50,5,820,204,0.9509803921568627,0,0.2501516342163086
global,32,C3-C4,50,1,819,205,0.9120978488482772,0,0.2531394958496094
global,32,C3-C4,50,2,819,205,0.956120312202551,0,0.2596135139465332
global,32,C3-C4,50,3,819,205,0.9122882162573768,0,0.25490880012512207
global,32,C3-C4,50,4,819,205,0.912145440700552,0,0.24899768829345703
global,32,C3-C4,50,5,820,204,0.946078431372549,0,0.25335121154785156
global,32,C4-rest,50,1,1638,410,0.9281894576012223,0,0.2704777717590332
global,32,C4-rest,50,2,1638,410,0.933604250339964,0,0.27172231674194336
global,32,C4-rest,50,3,1638,410,0.907735365737959,0,0.27368974685668945
global,32,C4-rest,50,4,1639,409,0.8954780609312128,0,0.27745509147644043
global,32,C4-rest,50,5,1639,409,0.9281311873283515,0,0.27585625648498535
global,32,C1-C2,51,1,819,205,0.7705120883304778,0,0.254382848739624
global,32,C1-C2,51,2,819,205,0.7799828669331811,0,0.26892566680908203
global,32,C1-C2,51,3,819,205,0.7616600038073482,0,0.26812005043029785
global,32,C1-C2,51,4,819,205,0.805254140491148,0,0.2655301094055176
global,32,C1-C2,51,5,820,204,0.7843137254901961,0,0.26189613342285156
global,32,C1-C3,51,1,819,205,0.7506186940795736,0,0.2620725631713867
global,32,C1-C3,51,2,819,205,0.7167808871121264,0,0.26277732849121094
global,32,C1-C3,51,3,819,205,0.7177327241576241,0,0.26328396797180176
global,32,C1-C3,51,4,819,205,0.7466209784884827,0,0.26287102699279785
global,32,C1-C3,51,5,820,204,0.7156862745098039,0,0.2667045593261719
global,32,C1-C4,51,1,819,205,0.9755377879307063,0,0.24122047424316406
global,32,C1-C4,51,2,819,205,0.9366552446221207,0,0.2366013526916504
global,32,C1-C4,51,3,819,205,0.9512183514182372,0,0.2671353816986084
global,32,C1-C4,51,4,819,205,0.9658290500666287,0,0.24217915534973145
global,32,C1-C4,51,5,820,204,0.9607843137254901,0,0.2568047046661377
global,32,C2-C3,51,1,819,205,0.565676756139349,0,0.2596914768218994
global,32,C2-C3,51,2,819,205,0.5220826194555492,0,0.26408934593200684
global,32,C2-C3,51,3,819,205,0.565676756139349,0,0.26464104652404785
global,32,C2-C3,51,4,819,205,0.4834380354083381,0,0.26495957374572754
global,32,C2-C3,51,5,820,204,0.5686274509803921,0,0.2638113498687744
global,32,C2-C4,51,1,819,205,0.9707786027032173,0,0.2638700008392334
global,32,C2-C4,51,2,819,205,0.9317056919855321,0,0.23748159408569336
global,32,C2-C4,51,3,819,205,0.931753283837807,0,0.2588472366333008
global,32,C2-C4,51,4,819,205,0.9512183514182372,0,0.26874828338623047
global,32,C2-C4,51,5,820,204,0.9509803921568627,0,0.2653987407684326
global,32,C3-C4,51,1,819,205,0.9561679040548259,0,0.26189541816711426
global,32,C3-C4,51,2,819,205,0.9317056919855321,0,0.2617218494415283
global,32,C3-C4,51,3,819,205,0.9171901770416905,0,0.2564883232116699
global,32,C3-C4,51,4,819,205,0.9317056919855321,0,0.2630884647369385
global,32,C3-C4,51,5,820,204,0.9313725490196079,0,0.2584803104400635
global,32,C4-rest,51,1,1638,410,0.94938884644767,0,0.2733299732208252
global,32,C4-rest,51,2,1638,410,0.9190411435438475,0,0.27750110626220703
global,32,C4-rest,51,3,1638,410,0.9352645393883812,0,0.28778839111328125
global,32,C4-rest,51,4,1639,409,0.9509963594558344,0,0.27176642417907715
global,32,C4-rest,51,5,1639,409,0.9265184901322092,0,0.28760743141174316
global,64,C1-C2,42,1,409,103,0.8827300150829562,0,0.2316880226135254
global,64,C1-C2,42,2,409,103,0.8740573152337858,0,0.23323988914489746
global,64,C1-C2,42,3,410,102,0.8627450980392157,0,0.23382806777954102
global,64,C1-C2,42,4,410,102,0.9215686274509803,0,0.2326509952545166
global,64,C1-C2,42,5,410,102,0.892156862745098,0,0.2274186611175537
global,64,C1-C3,42,1,409,103,0.8437028657616893,0,0.22610235214233398
global,64,C1-C3,42,2,409,103,0.7867647058823529,0,0.22622418403625488
global,64,C1-C3,42,3,410,102,0.8529411764705883,0,0.22438788414001465
global,64,C1-C3,42,4,410,102,0.8333333333333333,0,0.24018359184265137
global,64,C1-C3,42,5,410,102,0.8235294117647058,0,0.2326822280883789
global,64,C1-C4,42,1,409,103,1.0,0,0.22110724449157715
global,64,C1-C4,42,2,409,103,0.9709653092006033,0,0.2377779483795166
global,64,C1-C4,42,3,410,102,0.9901960784313726,0,0.2312300205230713
global,64,C1-C4,42,4,410,102,0.9705882352941176,0,0.2167811393737793
global,64,C1-C4,42,5,410,102,1.0,0,0.22083020210266113
global,64,C2-C3,42,1,409,103,0.5333710407239819,0,0.22336697578430176
global,64,C2-C3,42,2,409,103,0.5637254901960784,0,0.2387685775756836
global,64,C2-C3,42,3,410,102,0.5784313725490196,0,0.2216033935546875
global,64,C2-C3,42,4,410,102,0.607843137254902,0,0.22569012641906738
global,64,C2-C3,42,5,410,102,0.607843137254902,0,0.23395633697509766
global,64,C2-C4,42,1,409,103,0.9901960784313726,0,0.22303295135498047
global,64,C2-C4,42,2,409,103,0.9707767722473605,0,0.21551728248596191
global,64,C2-C4,42,3,410,102,0.9901960784313726,0,0.2211294174194336
global,64,C2-C4,42,4,410,102,0.9705882352941176,0,0.23354363441467285
global,64,C2-C4,42,5,410,102,0.9803921568627452,0,0.22127890586853027
global,64,C3-C4,42,1,409,103,0.9611613876319759,0,0.21427536010742188
global,64,C3-C4,42,2,409,103,0.9513574660633484,0,0.22968602180480957
global,64,C3-C4,42,3,410,102,0.9803921568627451,0,0.23414373397827148
global,64,C3-C4,42,4,410,102,0.9509803921568627,0,0.22359013557434082
global,64,C3-C4,42,5,410,102,0.9705882352941176,0,0.23597097396850586
global,64,C4-rest,42,1,819,205,0.9771454036159919,0,0.25893449783325195
global,64,C4-rest,42,2,819,205,0.957537560478737,0,0.24245643615722656
global,64,C4-rest,42,3,819,205,0.9640947288006112,0,0.2560596466064453
global,64,C4-rest,42,4,819,205,0.9901960784313726,0,0.2367384433746338
global,64,C4-rest,42,5,820,204,0.9705882352941176,0,0.26671361923217773
global,64,C1-C2,43,1,409,103,0.8832956259426847,0,0.22511816024780273
global,64,C1-C2,43,2,409,103,0.8352187028657617,0,0.2237257957458496
global,64,C1-C2,43,3,410,102,0.8333333333333333,0,0.22505927085876465
global,64,C1-C2,43,4,410,102,0.8627450980392157,0,0.2599201202392578
global,64,C1-C2,43,5,410,102,0.9411764705882353,0,0.22267889976501465
global,64,C1-C3,43,1,409,103,0.8731146304675717,0,0.2239689826965332
global,64,C1-C3,43,2,409,103,0.7873303167420814,0,0.23991155624389648
global,64,C1-C3,43,3,410,102,0.8627450980392157,0,0.2283928394317627
global,64,C1-C3,43,4,410,102,0.7941176470588236,0,0.22914505004882812
global,64,C1-C3,43,5,410,102,0.911764705882353,0,0.22047710418701172
global,64,C1-C4,43,1,409,103,0.9803921568627452,0,0.2290663719177246
global,64,C1-C4,43,2,409,103,0.9903846153846154,0,0.2254655361175537
global,64,C1-C4,43,3,410,102,0.9803921568627451,0,0.22982215881347656
global,64,C1-C4,43,4,410,102,0.9607843137254901,0,0.22881174087524414
global,64,C1-C4,43,5,410,102,0.9901960784313726,0,0.22427964210510254
global,64,C2-C3,43,1,409,103,0.6114253393665159,0,0.23542523384094238
global,64,C2-C3,43,2,409,103,0.611236802413273,0,0.22887372970581055
global,64,C2-C3,43,3,410,102,0.5784313725490196,0,0.2174367904663086
global,64,C2-C3,43,4,410,102,0.5294117647058824,0,0.2258315086364746
global,64,C2-C3,43,5,410,102,0.5490196078431373,0,0.23436236381530762
global,64,C2-C4,43,1,409,103,0.9901960784313726,0,0.21946048736572266
global,64,C2-C4,43,2,409,103,0.9805806938159879,0,0.23579692840576172
global,64,C2-C4,43,3,410,102,0.9901960784313726,0,0.22341370582580566
global,64,C2-C4,43,4,410,102,0.9705882352941176,0,0.2222752571105957
global,64,C2-C4,43,5,410,102,0.9705882352941176,0,0.22618603706359863
global,64,C3-C4,43,1,409,103,0.9805806938159879,0,0.2198798656463623
global,64,C3-C4,43,2,409,103,0.9711538461538461,0,0.22710299491882324
global,64,C3-C4,43,3,410,102,0.9803921568627452,0,0.22269058227539062
global,64,C3-C4,43,4,410,102,0.9509803921568627,0,0.22431039810180664
global,64,C3-C4,43,5,410,102,0.9509803921568627,0,0.2166759967803955
global,64,C4-rest,43,1,819,205,0.9673414820473645,0,0.24489712715148926
global,64,C4-rest,43,2,819,205,0.983702571937866,0,0.24512624740600586
global,64,C4-rest,43,3,819,205,0.9477336389101095,0,0.25609350204467773
global,64,C4-rest,43,4,819,205,0.9807692307692308,0,0.2566096782684326
global,64,C4-rest,43,5,820,204,0.9869281045751634,0,0.2634575366973877
global,64,C1-C2,44,1,409,103,0.8734917043740573,0,0.2243027687072754
global,64,C1-C2,44,2,409,103,0.8840497737556561,0,0.21910381317138672
global,64,C1-C2,44,3,410,102,0.8823529411764706,0,0.23106765747070312
global,64,C1-C2,44,4,410,102,0.9117647058823529,0,0.22425580024719238
global,64,C1-C2,44,5,410,102,0.8823529411764706,0,0.22863221168518066
global,64,C1-C3,44,1,409,103,0.8832956259426847,0,0.23872613906860352
global,64,C1-C3,44,2,409,103,0.8350301659125188,0,0.21836018562316895
global,64,C1-C3,44,3,410,102,0.8529411764705882,0,0.22917795181274414
global,64,C1-C3,44,4,410,102,0.8235294117647058,0,0.2292940616607666
global,64,C1-C3,44,5,410,102,0.8333333333333334,0,0.23114895820617676
global,64,C1-C4,44,1,409,103,0.9803921568627452,0,0.21339178085327148
global,64,C1-C4,44,2,409,103,0.9711538461538461,0,0.2283334732055664
global,64,C1-C4,44,3,410,102,0.9901960784313726,0,0.23243975639343262
global,64,C1-C4,44,4,410,102,1.0,0,0.22655081748962402
global,64,C1-C4,44,5,410,102,0.9901960784313726,0,0.22087836265563965
global,64,C2-C3,44,1,409,103,0.572209653092006,0,0.2347111701965332
global,64,C2-C3,44,2,409,103,0.5433634992458521,0,0.21742534637451172
global,64,C2-C3,44,3,410,102,0.6176470588235294,0,0.22985529899597168
global,64,C2-C3,44,4,410,102,0.5686274509803921,0,0.2317507266998291
global,64,C2-C3,44,5,410,102,0.5686274509803921,0,0.22570228576660156
global,64,C2-C4,44,1,409,103,0.9805806938159879,0,0.2193470001220703
global,64,C2-C4,44,2,409,103,0.9613499245852186,0,0.2204146385192871
global,64,C2-C4,44,3,410,102,0.9705882352941176,0,0.23213744163513184
global,64,C2-C4,44,4,410,102,1.0,0,0.21612048149108887
global,64,C2-C4,44,5,410,102,0.9705882352941176,0,0.22428321838378906
global,64,C3-C4,44,1,409,103,0.9707767722473605,0,0.22350430488586426
global,64,C3-C4,44,2,409,103,0.9615384615384616,0,0.21792173385620117
global,64,C3-C4,44,3,410,102,0.9705882352941176,0,0.2281961441040039
global,64,C3-C4,44,4,410,102,0.9705882352941176,0,0.22103142738342285
global,64,C3-C4,44,5,410,102,0.9803921568627452,0,0.23053741455078125
global,64,C4-rest,44,1,819,205,0.9706518971224853,0,0.25898098945617676
global,64,C4-rest,44,2,819,205,1.0,0,0.25467348098754883
global,64,C4-rest,44,3,819,205,0.9542908072319837,0,0.2606980800628662
global,64,C4-rest,44,4,819,205,0.9903846153846154,0,0.25431227684020996
global,64,C4-rest,44,5,820,204,0.9248366013071896,0,0.24722671508789062
global,64,C1-C2,45,1,409,103,0.844079939668175,0,0.2326202392578125
global,64,C1-C2,45,2,409,103,0.9032805429864253,0,0.21652650833129883
global,64,C1-C2,45,3,410,102,0.8627450980392157,0,0.2175905704498291
global,64,C1-C2,45,4,410,102,0.8823529411764706,0,0.22782492637634277
global,64,C1-C2,45,5,410,102,0.8823529411764706,0,0.2237105369567871
global,64,C1-C3,45,1,409,103,0.7954374057315234,0,0.21571087837219238
global,64,C1-C3,45,2,409,103,0.7969457013574661,0,0.22532200813293457
global,64,C1-C3,45,3,410,102,0.8137254901960784,0,0.22154498100280762
global,64,C1-C3,45,4,410,102,0.8431372549019608,0,0.21739959716796875
global,64,C1-C3,45,5,410,102,0.7843137254901961,0,0.2200927734375
global,64,C1-C4,45,1,409,103,0.9903846153846154,0,0.21689748764038086
global,64,C1-C4,45,2,409,103,0.9709653092006033,0,0.2231137752532959
global,64,C1-C4,45,3,410,102,1.0,0,0.21718525886535645
global,64,C1-C4,45,4,410,102,1.0,0,0.21700668334960938
global,64,C1-C4,45,5,410,102,0.9803921568627451,0,0.21532988548278809
global,64,C2-C3,45,1,409,103,0.5720211161387632,0,0.22524380683898926
global,64,C2-C3,45,2,409,103,0.5429864253393666,0,0.22491049766540527
global,64,C2-C3,45,3,410,102,0.5588235294117647,0,0.22658443450927734
global,64,C2-C3,45,4,410,102,0.5392156862745099,0,0.22474241256713867
global,64,C2-C3,45,5,410,102,0.6666666666666666,0,0.2237088680267334
global,64,C2-C4,45,1,409,103,0.9613499245852186,0,0.2235429286956787
global,64,C2-C4,45,2,409,103,0.9805806938159879,0,0.2218763828277588
global,64,C2-C4,45,3,410,102,0.9803921568627452,0,0.21637988090515137
global,64,C2-C4,45,4,410,102,0.9705882352941176,0,0.22260379791259766
global,64,C2-C4,45,5,410,102,0.9705882352941176,0,0.2273118495941162
global,64,C3-C4,45,1,409,103,0.9613499245852186,0,0.22094964981079102
global,64,C3-C4,45,2,409,103,0.9711538461538461,0,0.2348015308380127
global,64,C3-C4,45,3,410,102,0.9803921568627452,0,0.22382760047912598
global,64,C3-C4,45,4,410,102,0.9803921568627451,0,0.22359776496887207
global,64,C3-C4,45,5,410,102,0.9607843137254901,0,0.2236649990081787
global,64,C4-rest,45,1,819,205,0.9607843137254901,0,0.23969388008117676
global,64,C4-rest,45,2,819,205,0.9444868856633563,0,0.2606511116027832
global,64,C4-rest,45,3,819,205,0.9804558186911128,0,0.25468921661376953
global,64,C4-rest,45,4,819,205,0.9646178984414279,0,0.24569344520568848
global,64,C4-rest,45,5,820,204,0.9705882352941176,0,0.26457977294921875
global,64,C1-C2,46,1,409,103,0.8733031674208145,0,0.25776243209838867
global,64,C1-C2,46,2,409,103,0.8832956259426847,0,0.22659897804260254
global,64,C1-C2,46,3,410,102,0.9019607843137255,0,0.2222278118133545
global,64,C1-C2,46,4,410,102,0.8431372549019608,0,0.2249448299407959
global,64,C1-C2,46,5,410,102,0.8627450980392157,0,0.23216032981872559
global,64,C1-C3,46,1,409,103,0.8146681749622926,0,0.22481393814086914
global,64,C1-C3,46,2,409,103,0.806184012066365,0,0.22351670265197754
global,64,C1-C3,46,3,410,102,0.7941176470588236,0,0.23605728149414062
global,64,C1-C3,46,4,410,102,0.803921568627451,0,0.22517871856689453
global,64,C1-C3,46,5,410,102,0.8235294117647058,0,0.23304200172424316
global,64,C1-C4,46,1,409,103,0.9903846153846154,0,0.23462128639221191
global,64,C1-C4,46,2,409,103,0.9903846153846154,0,0.2235126495361328
global,64,C1-C4,46,3,410,102,1.0,0,0.22289586067199707
global,64,C1-C4,46,4,410,102,1.0,0,0.22491216659545898
global,64,C1-C4,46,5,410,102,0.9803921568627452,0,0.23021626472473145
global,64,C2-C3,46,1,409,103,0.621606334841629,0,0.21775341033935547
global,64,C2-C3,46,2,409,103,0.6414027149321266,0,0.22639226913452148
global,64,C2-C3,46,3,410,102,0.5784313725490196,0,0.23498749732971191
global,64,C2-C3,46,4,410,102,0.5392156862745098,0,0.23722004890441895
global,64,C2-C3,46,5,410,102,0.5490196078431373,0,0.21719765663146973
global,64,C2-C4,46,1,409,103,0.9515460030165912,0,0.21496891975402832
global,64,C2-C4,46,2,409,103,0.9805806938159879,0,0.22109580039978027
global,64,C2-C4,46,3,410,102,0.9803921568627452,0,0.23274660110473633
global,64,C2-C4,46,4,410,102,0.9901960784313726,0,0.22397541999816895
global,64,C2-C4,46,5,410,102,0.9803921568627451,0,0.22935914993286133
global,64,C3-C4,46,1,409,103,0.9419306184012066,0,0.23643255233764648
global,64,C3-C4,46,2,409,103,0.9903846153846154,0,0.21805071830749512
global,64,C3-C4,46,3,410,102,0.9607843137254901,0,0.23050498962402344
global,64,C3-C4,46,4,410,102,0.9901960784313726,0,0.2354731559753418
global,64,C3-C4,46,5,410,102,0.9607843137254901,0,0.23692107200622559
global,64,C4-rest,46,1,819,205,0.9772090654443595,0,0.24357318878173828
global,64,C4-rest,46,2,819,205,0.9902597402597403,0,0.2502760887145996
global,64,C4-rest,46,3,819,205,0.9803921568627452,0,0.25707483291625977
global,64,C4-rest,46,4,819,205,0.9711538461538461,0,0.26049280166625977
global,64,C4-rest,46,5,820,204,0.957516339869281,0,0.25906944274902344
global,64,C1-C2,47,1,409,103,0.8734917043740573,0,0.21855902671813965
global,64,C1-C2,47,2,409,103,0.8056184012066365,0,0.23358654975891113
global,64,C1-C2,47,3,410,102,0.8431372549019608,0,0.2253732681274414
global,64,C1-C2,47,4,410,102,0.8725490196078431,0,0.22615861892700195
global,64,C1-C2,47,5,410,102,0.8823529411764706,0,0.22513222694396973
global,64,C1-C3,47,1,409,103,0.8242835595776772,0,0.22165250778198242
global,64,C1-C3,47,2,409,103,0.8152337858220211,0,0.21985578536987305
global,64,C1-C3,47,3,410,102,0.8431372549019608,0,0.2302112579345703
global,64,C1-C3,47,4,410,102,0.8235294117647058,0,0.22461748123168945
global,64,C1-C3,47,5,410,102,0.8431372549019608,0,0.21988463401794434
global,64,C1-C4,47,1,409,103,0.9903846153846154,0,0.2256450653076172
global,64,C1-C4,47,2,409,103,0.9805806938159879,0,0.2368779182434082
global,64,C1-C4,47,3,410,102,1.0,0,0.22964191436767578
global,64,C1-C4,47,4,410,102,1.0,0,0.22072720527648926
global,64,C1-C4,47,5,410,102,0.9901960784313726,0,0.22010350227355957
global,64,C2-C3,47,1,409,103,0.6315987933634992,0,0.22889208793640137
global,64,C2-C3,47,2,409,103,0.5631598793363499,0,0.23409152030944824
global,64,C2-C3,47,3,410,102,0.5882352941176471,0,0.21785759925842285
global,64,C2-C3,47,4,410,102,0.696078431372549,0,0.2282862663269043
global,64,C2-C3,47,5,410,102,0.5,0,0.22905778884887695
global,64,C2-C4,47,1,409,103,1.0,0,0.2258439064025879
global,64,C2-C4,47,2,409,103,0.9901960784313726,0,0.223069429397583
global,64,C2-C4,47,3,410,102,0.9803921568627452,0,0.217606782913208
global,64,C2-C4,47,4,410,102,0.9509803921568627,0,0.22883820533752441
global,64,C2-C4,47,5,410,102,0.9803921568627451,0,0.22244596481323242
global,64,C3-C4,47,1,409,103,0.9903846153846154,0,0.22890186309814453
global,64,C3-C4,47,2,409,103,0.9709653092006033,0,0.21759271621704102
global,64,C3-C4,47,3,410,102,0.9705882352941176,0,0.23542237281799316
global,64,C3-C4,47,4,410,102,0.9215686274509803,0,0.22606921195983887
global,64,C3-C4,47,5,410,102,0.9607843137254901,0,0.23081469535827637
global,64,C4-rest,47,1,819,205,0.9412401324166031,0,0.260650634765625
global,64,C4-rest,47,2,819,205,0.9803921568627452,0,0.2617306709289551
global,64,C4-rest,47,3,819,205,0.9705882352941176,0,0.25002336502075195
global,64,C4-rest,47,4,819,205,0.9871166415284063,0,0.2688274383544922
global,64,C4-rest,47,5,820,204,0.9901960784313726,0,0.24410271644592285
global,64,C1-C2,48,1,409,103,0.9125188536953244,0,0.22313880920410156
global,64,C1-C2,48,2,409,103,0.8838612368024132,0,0.23307371139526367
global,64,C1-C2,48,3,410,102,0.8529411764705883,0,0.23079228401184082
global,64,C1-C2,48,4,410,102,0.9019607843137255,0,0.22105693817138672
global,64,C1-C2,48,5,410,102,0.8333333333333333,0,0.2325143814086914
global,64,C1-C3,48,1,409,103,0.7950603318250378,0,0.2211291790008545
global,64,C1-C3,48,2,409,103,0.8646304675716441,0,0.21903347969055176
global,64,C1-C3,48,3,410,102,0.8529411764705882,0,0.21777868270874023
global,64,C1-C3,48,4,410,102,0.8725490196078431,0,0.2203822135925293
global,64,C1-C3,48,5,410,102,0.7745098039215687,0,0.22822833061218262
global,64,C1-C4,48,1,409,103,1.0,0,0.22708463668823242
global,64,C1-C4,48,2,409,103,0.9803921568627452,0,0.2255411148071289
global,64,C1-C4,48,3,410,102,0.9901960784313726,0,0.21838665008544922
global,64,C1-C4,48,4,410,102,0.9803921568627451,0,0.22244572639465332
global,64,C1-C4,48,5,410,102,0.9803921568627451,0,0.22366070747375488
global,64,C2-C3,48,1,409,103,0.5727752639517345,0,0.23310160636901855
global,64,C2-C3,48,2,409,103,0.5633484162895928,0,0.23872876167297363
global,64,C2-C3,48,3,410,102,0.4901960784313726,0,0.23974370956420898
global,64,C2-C3,48,4,410,102,0.4803921568627451,0,0.2370150089263916
global,64,C2-C3,48,5,410,102,0.5588235294117647,0,0.22646355628967285
global,64,C2-C4,48,1,409,103,0.9901960784313726,0,0.23236513137817383
global,64,C2-C4,48,2,409,103,0.9707767722473605,0,0.2283468246459961
global,64,C2-C4,48,3,410,102,0.9901960784313726,0,0.232560396194458
global,64,C2-C4,48,4,410,102,0.9705882352941176,0,0.21716928482055664
global,64,C2-C4,48,5,410,102,0.9803921568627451,0,0.228224515914917
global,64,C3-C4,48,1,409,103,0.951734539969834,0,0.22391867637634277
global,64,C3-C4,48,2,409,103,0.960972850678733,0,0.2261805534362793
global,64,C3-C4,48,3,410,102,0.9901960784313726,0,0.2155900001525879
global,64,C3-C4,48,4,410,102,0.9607843137254901,0,0.21803569793701172
global,64,C3-C4,48,5,410,102,0.9607843137254901,0,0.2205507755279541
global,64,C4-rest,48,1,819,205,0.9738986503692386,0,0.2677896022796631
global,64,C4-rest,48,2,819,205,0.9738986503692386,0,0.23918437957763672
global,64,C4-rest,48,3,819,205,0.9869493251846193,0,0.25186991691589355
global,64,C4-rest,48,4,819,205,0.9132730015082956,0,0.26296186447143555
global,64,C4-rest,48,5,820,204,0.9705882352941176,0,0.24784588813781738
global,64,C1-C2,49,1,409,103,0.8150452488687783,0,0.2190101146697998
global,64,C1-C2,49,2,409,103,0.8355957767722474,0,0.21622681617736816
global,64,C1-C2,49,3,410,102,0.8823529411764706,0,0.22168803215026855
global,64,C1-C2,49,4,410,102,0.8333333333333333,0,0.24004793167114258
global,64,C1-C2,49,5,410,102,0.8725490196078431,0,0.21704578399658203
global,64,C1-C3,49,1,409,103,0.8344645550527903,0,0.23424816131591797
global,64,C1-C3,49,2,409,103,0.8355957767722474,0,0.23664116859436035
global,64,C1-C3,49,3,410,102,0.8529411764705882,0,0.21881532669067383
global,64,C1-C3,49,4,410,102,0.8725490196078431,0,0.22110247611999512
global,64,C1-C3,49,5,410,102,0.803921568627451,0,0.2374114990234375
global,64,C1-C4,49,1,409,103,0.9903846153846154,0,0.21948838233947754
global,64,C1-C4,49,2,409,103,0.9903846153846154,0,0.2143537998199463
global,64,C1-C4,49,3,410,102,0.9803921568627451,0,0.22837257385253906
global,64,C1-C4,49,4,410,102,0.9803921568627452,0,0.23641514778137207
global,64,C1-C4,49,5,410,102,1.0,0,0.21951913833618164
global,64,C2-C3,49,1,409,103,0.553921568627451,0,0.22852420806884766
global,64,C2-C3,49,2,409,103,0.6299019607843137,0,0.23986101150512695
global,64,C2-C3,49,3,410,102,0.5980392156862745,0,0.2302563190460205
global,64,C2-C3,49,4,410,102,0.5686274509803921,0,0.22136926651000977
global,64,C2-C3,49,5,410,102,0.5686274509803921,0,0.23252248764038086
global,64,C2-C4,49,1,409,103,0.9607843137254901,0,0.222792387008667
global,64,C2-C4,49,2,409,103,0.9903846153846154,0,0.22397541999816895
global,64,C2-C4,49,3,410,102,0.9803921568627451,0,0.21884727478027344
global,64,C2-C4,49,4,410,102,0.9803921568627452,0,0.22251200675964355
global,64,C2-C4,49,5,410,102,0.9803921568627451,0,0.22356438636779785
global,64,C3-C4,49,1,409,103,0.9611613876319759,0,0.22226643562316895
global,64,C3-C4,49,2,409,103,0.9903846153846154,0,0.22038722038269043
global,64,C3-C4,49,3,410,102,0.9705882352941176,0,0.22608184814453125
global,64,C3-C4,49,4,410,102,0.9607843137254901,0,0.226945161819458
global,64,C3-C4,49,5,410,102,0.9607843137254902,0,0.22791409492492676
global,64,C4-rest,49,1,819,205,0.9738986503692386,0,0.26077771186828613
global,64,C4-rest,49,2,819,205,0.9869493251846193,0,0.252974271774292
global,64,C4-rest,49,3,819,205,0.9771454036159919,0,0.24012541770935059
global,64,C4-rest,49,4,819,205,0.9805806938159879,0,0.263869047164917
global,64,C4-rest,49,5,820,204,0.977124183006536,0,0.26541709899902344
global,64,C1-C2,50,1,409,103,0.8836726998491704,0,0.23021316528320312
global,64,C1-C2,50,2,409,103,0.8455882352941176,0,0.2223193645477295
global,64,C1-C2,50,3,410,102,0.8627450980392157,0,0.23200750350952148
global,64,C1-C2,50,4,410,102,0.8235294117647058,0,0.22048163414001465
global,64,C1-C2,50,5,410,102,0.8823529411764706,0,0.2304377555847168
global,64,C1-C3,50,1,409,103,0.7956259426847663,0,0.23280072212219238
global,64,C1-C3,50,2,409,103,0.825603318250377,0,0.2247462272644043
global,64,C1-C3,50,3,410,102,0.8333333333333333,0,0.2249586582183838
global,64,C1-C3,50,4,410,102,0.8529411764705882,0,0.2247469425201416
global,64,C1-C3,50,5,410,102,0.8529411764705882,0,0.21711945533752441
global,64,C1-C4,50,1,409,103,0.9805806938159879,0,0.21681427955627441
global,64,C1-C4,50,2,409,103,1.0,0,0.23462510108947754
global,64,C1-C4,50,3,410,102,0.9705882352941176,0,0.22872114181518555
global,64,C1-C4,50,4,410,102,0.9901960784313726,0,0.22464251518249512
global,64,C1-C4,50,5,410,102,0.9803921568627451,0,0.22147440910339355
global,64,C2-C3,50,1,409,103,0.5337481146304676,0,0.2310624122619629
global,64,C2-C3,50,2,409,103,0.5920060331825038,0,0.22071623802185059
global,64,C2-C3,50,3,410,102,0.5392156862745098,0,0.22684836387634277
global,64,C2-C3,50,4,410,102,0.5686274509803921,0,0.23505473136901855
global,64,C2-C3,50,5,410,102,0.5882352941176471,0,0.23214149475097656
global,64,C2-C4,50,1,409,103,0.9805806938159879,0,0.2140040397644043
global,64,C2-C4,50,2,409,103,0.9903846153846154,0,0.2261354923248291
global,64,C2-C4,50,3,410,102,0.9607843137254901,0,0.21951913833618164
global,64,C2-C4,50,4,410,102,0.9607843137254902,0,0.23706960678100586
global,64,C2-C4,50,5,410,102,0.9705882352941176,0,0.22016572952270508
global,64,C3-C4,50,1,409,103,0.9707767722473605,0,0.23380398750305176
global,64,C3-C4,50,2,409,103,0.9805806938159879,0,0.22955012321472168
global,64,C3-C4,50,3,410,102,0.9411764705882353,0,0.22033905982971191
global,64,C3-C4,50,4,410,102,0.9607843137254901,0,0.22463107109069824
global,64,C3-C4,50,5,410,102,0.9607843137254902,0,0.21875429153442383
global,64,C4-rest,50,1,819,205,0.9803921568627452,0,0.2624540328979492
global,64,C4-rest,50,2,819,205,0.9509803921568627,0,0.26431870460510254
global,64,C4-rest,50,3,819,205,0.9608479755538579,0,0.2536745071411133
global,64,C4-rest,50,4,819,205,0.9421191553544495,0,0.24758052825927734
global,64,C4-rest,50,5,820,204,0.9803921568627452,0,0.2530198097229004
global,64,C1-C2,51,1,409,103,0.8448340874811463,0,0.23077845573425293
global,64,C1-C2,51,2,409,103,0.8744343891402715,0,0.23253250122070312
global,64,C1-C2,51,3,410,102,0.8431372549019608,0,0.23813199996948242
global,64,C1-C2,51,4,410,102,0.8725490196078431,0,0.22920918464660645
global,64,C1-C2,51,5,410,102,0.9019607843137255,0,0.22040152549743652
global,64,C1-C3,51,1,409,103,0.8252262443438914,0,0.21857261657714844
global,64,C1-C3,51,2,409,103,0.8352187028657617,0,0.21931195259094238
global,64,C1-C3,51,3,410,102,0.8725490196078431,0,0.21598029136657715
global,64,C1-C3,51,4,410,102,0.7941176470588236,0,0.2295076847076416
global,64,C1-C3,51,5,410,102,0.8431372549019607,0,0.23502421379089355
global,64,C1-C4,51,1,409,103,1.0,0,0.21046924591064453
global,64,C1-C4,51,2,409,103,0.9901960784313726,0,0.2216506004333496
global,64,C1-C4,51,3,410,102,0.9901960784313726,0,0.2349565029144287
global,64,C1-C4,51,4,410,102,0.9803921568627451,0,0.2295701503753662
global,64,C1-C4,51,5,410,102,1.0,0,0.22170281410217285
global,64,C2-C3,51,1,409,103,0.6018099547511313,0,0.2219069004058838
global,64,C2-C3,51,2,409,103,0.4856711915535445,0,0.2305431365966797
global,64,C2-C3,51,3,410,102,0.5294117647058824,0,0.22865939140319824
global,64,C2-C3,51,4,410,102,0.5490196078431373,0,0.23358392715454102
global,64,C2-C3,51,5,410,102,0.5098039215686274,0,0.22618722915649414
global,64,C2-C4,51,1,409,103,1.0,0,0.22644352912902832
global,64,C2-C4,51,2,409,103,0.9805806938159879,0,0.2241060733795166
global,64,C2-C4,51,3,410,102,0.9803921568627452,0,0.22907543182373047
global,64,C2-C4,51,4,410,102,0.9509803921568627,0,0.22425174713134766
global,64,C2-C4,51,5,410,102,0.9901960784313726,0,0.22167205810546875
global,64,C3-C4,51,1,409,103,0.9807692307692308,0,0.22329163551330566
global,64,C3-C4,51,2,409,103,0.9613499245852186,0,0.22997450828552246
global,64,C3-C4,51,3,410,102,0.9901960784313726,0,0.22426342964172363
global,64,C3-C4,51,4,410,102,0.9509803921568627,0,0.21761512756347656
global,64,C3-C4,51,5,410,102,0.9803921568627451,0,0.23170948028564453
global,64,C4-rest,51,1,819,205,0.9542908072319837,0,0.2609679698944092
global,64,C4-rest,51,2,819,205,0.9771454036159919,0,0.2468252182006836
global,64,C4-rest,51,3,819,205,0.9901960784313726,0,0.24670815467834473
global,64,C4-rest,51,4,819,205,0.9709653092006033,0,0.2602202892303467
global,64,C4-rest,51,5,820,204,0.9967320261437909,0,0.2549724578857422
global,128,C1-C2,42,1,204,52,0.9615384615384616,0,0.20804262161254883
global,128,C1-C2,42,2,205,51,0.8807692307692307,0,0.20838308334350586
global,128,C1-C2,42,3,205,51,0.9607692307692308,0,0.21771621704101562
global,128,C1-C2,42,4,205,51,0.9607692307692308,0,0.21240949630737305
global,128,C1-C2,42,5,205,51,0.9615384615384616,0,0.21481561660766602
global,128,C1-C3,42,1,204,52,0.9230769230769231,0,0.21358418464660645
global,128,C1-C3,42,2,205,51,0.9415384615384615,0,0.2182626724243164
global,128,C1-C3,42,3,205,51,0.9407692307692308,0,0.21003961563110352
global,128,C1-C3,42,4,205,51,0.9038461538461539,0,0.22243070602416992
global,128,C1-C3,42,5,205,51,0.9415384615384615,0,0.21733450889587402
global,128,C1-C4,42,1,204,52,1.0,0,0.20410728454589844
global,128,C1-C4,42,2,205,51,1.0,0,0.1999051570892334
global,128,C1-C4,42,3,205,51,1.0,0,0.20367932319641113
global,128,C1-C4,42,4,205,51,1.0,0,0.20684242248535156
global,128,C1-C4,42,5,205,51,1.0,0,0.20113134384155273
global,128,C2-C3,42,1,204,52,0.576923076923077,0,0.21905231475830078
global,128,C2-C3,42,2,205,51,0.6469230769230769,0,0.22029805183410645
global,128,C2-C3,42,3,205,51,0.7253846153846153,0,0.21154046058654785
global,128,C2-C3,42,4,205,51,0.6476923076923078,0,0.21774697303771973
global,128,C2-C3,42,5,205,51,0.5876923076923077,0,0.21680927276611328
global,128,C2-C4,42,1,204,52,1.0,0,0.20052146911621094
global,128,C2-C4,42,2,205,51,1.0,0,0.19836735725402832
global,128,C2-C4,42,3,205,51,1.0,0,0.20278453826904297
global,128,C2-C4,42,4,205,51,1.0,0,0.20406341552734375
global,128,C2-C4,42,5,205,51,0.98,0,0.2030627727508545
global,128,C3-C4,42,1,204,52,1.0,0,0.21734952926635742
global,128,C3-C4,42,2,205,51,0.9807692307692308,0,0.2259681224822998
global,128,C3-C4,42,3,205,51,1.0,0,0.21222281455993652
global,128,C3-C4,42,4,205,51,1.0,0,0.20135951042175293
global,128,C3-C4,42,5,205,51,0.9407692307692308,0,0.20252132415771484
global,128,C4-rest,42,1,409,103,1.0,0,0.22195076942443848
global,128,C4-rest,42,2,409,103,1.0,0,0.222320556640625
global,128,C4-rest,42,3,410,102,0.98,0,0.21682167053222656
global,128,C4-rest,42,4,410,102,1.0,0,0.22098493576049805
global,128,C4-rest,42,5,410,102,1.0,0,0.2217562198638916
global,128,C1-C2,43,1,204,52,0.9230769230769231,0,0.21478700637817383
global,128,C1-C2,43,2,205,51,0.9015384615384616,0,0.21208763122558594
global,128,C1-C2,43,3,205,51,0.9215384615384616,0,0.21576690673828125
global,128,C1-C2,43,4,205,51,0.9223076923076923,0,0.21720480918884277
global,128,C1-C2,43,5,205,51,0.94,0,0.21816563606262207
global,128,C1-C3,43,1,204,52,0.9038461538461539,0,0.2132251262664795
global,128,C1-C3,43,2,205,51,0.8223076923076923,0,0.21816587448120117
global,128,C1-C3,43,3,205,51,0.8623076923076922,0,0.2113049030303955
global,128,C1-C3,43,4,205,51,0.9023076923076923,0,0.21058440208435059
global,128,C1-C3,43,5,205,51,0.8815384615384616,0,0.22113251686096191
global,128,C1-C4,43,1,204,52,1.0,0,0.2013254165649414
global,128,C1-C4,43,2,205,51,1.0,0,0.20323872566223145
global,128,C1-C4,43,3,205,51,1.0,0,0.205155611038208
global,128,C1-C4,43,4,205,51,0.9607692307692308,0,0.21031498908996582
global,128,C1-C4,43,5,205,51,1.0,0,0.21612906455993652
global,128,C2-C3,43,1,204,52,0.5961538461538461,0,0.21772027015686035
global,128,C2-C3,43,2,205,51,0.6469230769230769,0,0.21989917755126953
global,128,C2-C3,43,3,205,51,0.6853846153846154,0,0.21140384674072266
global,128,C2-C3,43,4,205,51,0.5884615384615384,0,0.21802282333374023
global,128,C2-C3,43,5,205,51,0.6115384615384616,0,0.21917414665222168
global,128,C2-C4,43,1,204,52,1.0,0,0.2055971622467041
global,128,C2-C4,43,2,205,51,1.0,0,0.21056747436523438
global,128,C2-C4,43,3,205,51,1.0,0,0.20580792427062988
global,128,C2-C4,43,4,205,51,0.98,0,0.2047407627105713
global,128,C2-C4,43,5,205,51,1.0,0,0.21412420272827148
global,128,C3-C4,43,1,204,52,1.0,0,0.20157098770141602
global,128,C3-C4,43,2,205,51,0.9607692307692308,0,0.21269726753234863
global,128,C3-C4,43,3,205,51,1.0,0,0.22416424751281738
global,128,C3-C4,43,4,205,51,0.9607692307692308,0,0.21530628204345703
global,128,C3-C4,43,5,205,51,0.96,0,0.21161389350891113
global,128,C4-rest,43,1,409,103,1.0,0,0.2266247272491455
global,128,C4-rest,43,2,409,103,1.0,0,0.21855664253234863
global,128,C4-rest,43,3,410,102,0.98,0,0.22441744804382324
global,128,C4-rest,43,4,410,102,1.0,0,0.21709489822387695
global,128,C4-rest,43,5,410,102,0.9741902834008097,0,0.22105956077575684
global,128,C1-C2,44,1,204,52,0.9230769230769231,0,0.21805477142333984
global,128,C1-C2,44,2,205,51,0.9423076923076923,0,0.22009825706481934
global,128,C1-C2,44,3,205,51,0.94,0,0.22493958473205566
global,128,C1-C2,44,4,205,51,0.9407692307692308,0,0.2132408618927002
global,128,C1-C2,44,5,205,51,0.8830769230769231,0,0.22035431861877441
global,128,C1-C3,44,1,204,52,0.8461538461538461,0,0.21244311332702637
global,128,C1-C3,44,2,205,51,0.9215384615384616,0,0.21417880058288574
global,128,C1-C3,44,3,205,51,0.9015384615384616,0,0.21589183807373047
global,128,C1-C3,44,4,205,51,0.9030769230769231,0,0.2231578826904297
global,128,C1-C3,44,5,205,51,0.9215384615384616,0,0.21796226501464844
global,128,C1-C4,44,1,204,52,1.0,0,0.20508432388305664
global,128,C1-C4,44,2,205,51,1.0,0,0.1981499195098877
global,128,C1-C4,44,3,205,51,1.0,0,0.2053513526916504
global,128,C1-C4,44,4,205,51,1.0,0,0.21436333656311035
global,128,C1-C4,44,5,205,51,1.0,0,0.20393657684326172
global,128,C2-C3,44,1,204,52,0.5384615384615384,0,0.21023249626159668
global,128,C2-C3,44,2,205,51,0.6238461538461538,0,0.2232975959777832
global,128,C2-C3,44,3,205,51,0.5515384615384615,0,0.21024727821350098
global,128,C2-C3,44,4,205,51,0.5069230769230769,0,0.2221207618713379
global,128,C2-C3,44,5,205,51,0.4330769230769231,0,0.210357666015625
global,128,C2-C4,44,1,204,52,1.0,0,0.198014497756958
global,128,C2-C4,44,2,205,51,1.0,0,0.2100968360900879
global,128,C2-C4,44,3,205,51,1.0,0,0.19925761222839355
global,128,C2-C4,44,4,205,51,1.0,0,0.20425653457641602
global,128,C2-C4,44,5,205,51,0.9807692307692308,0,0.20342803001403809
global,128,C3-C4,44,1,204,52,1.0,0,0.20116686820983887
global,128,C3-C4,44,2,205,51,1.0,0,0.21636629104614258
global,128,C3-C4,44,3,205,51,0.9807692307692308,0,0.2099599838256836
global,128,C3-C4,44,4,205,51,1.0,0,0.20313358306884766
global,128,C3-C4,44,5,205,51,0.9807692307692308,0,0.2109692096710205
global,128,C4-rest,44,1,409,103,0.9742757242757243,0,0.23693442344665527
global,128,C4-rest,44,2,409,103,1.0,0,0.23833322525024414
global,128,C4-rest,44,3,410,102,1.0,0,0.22188925743103027
global,128,C4-rest,44,4,410,102,1.0,0,0.21518874168395996
global,128,C4-rest,44,5,410,102,1.0,0,0.2199873924255371
global,128,C1-C2,45,1,204,52,0.9615384615384616,0,0.21818327903747559
global,128,C1-C2,45,2,205,51,0.9407692307692308,0,0.21549463272094727
global,128,C1-C2,45,3,205,51,0.9215384615384616,0,0.21819019317626953
global,128,C1-C2,45,4,205,51,0.9423076923076923,0,0.21905803680419922
global,128,C1-C2,45,5,205,51,1.0,0,0.22675681114196777
global,128,C1-C3,45,1,204,52,0.9230769230769231,0,0.2141120433807373
global,128,C1-C3,45,2,205,51,0.9007692307692308,0,0.2146015167236328
global,128,C1-C3,45,3,205,51,0.8815384615384616,0,0.21672296524047852
global,128,C1-C3,45,4,205,51,0.8461538461538461,0,0.21410393714904785
global,128,C1-C3,45,5,205,51,0.9415384615384615,0,0.21300935745239258
global,128,C1-C4,45,1,204,52,1.0,0,0.19946551322937012
global,128,C1-C4,45,2,205,51,1.0,0,0.21469473838806152
global,128,C1-C4,45,3,205,51,0.9807692307692308,0,0.20576930046081543
global,128,C1-C4,45,4,205,51,1.0,0,0.20392179489135742
global,128,C1-C4,45,5,205,51,1.0,0,0.2153339385986328
global,128,C2-C3,45,1,204,52,0.6153846153846154,0,0.2122654914855957
global,128,C2-C3,45,2,205,51,0.5476923076923077,0,0.22038674354553223
global,128,C2-C3,45,3,205,51,0.686923076923077,0,0.21257448196411133
global,128,C2-C3,45,4,205,51,0.5876923076923077,0,0.2090892791748047
global,128,C2-C3,45,5,205,51,0.5884615384615384,0,0.2139582633972168
global,128,C2-C4,45,1,204,52,0.9615384615384616,0,0.20698332786560059
global,128,C2-C4,45,2,205,51,1.0,0,0.19933319091796875
global,128,C2-C4,45,3,205,51,1.0,0,0.2169322967529297
global,128,C2-C4,45,4,205,51,1.0,0,0.20201373100280762
global,128,C2-C4,45,5,205,51,1.0,0,0.21515321731567383
global,128,C3-C4,45,1,204,52,0.9615384615384616,0,0.20920634269714355
global,128,C3-C4,45,2,205,51,1.0,0,0.20931458473205566
global,128,C3-C4,45,3,205,51,0.9807692307692308,0,0.21386933326721191
global,128,C3-C4,45,4,205,51,1.0,0,0.20124053955078125
global,128,C3-C4,45,5,205,51,1.0,0,0.2069108486175537
global,128,C4-rest,45,1,409,103,1.0,0,0.21547579765319824
global,128,C4-rest,45,2,409,103,1.0,0,0.2225511074066162
global,128,C4-rest,45,3,410,102,0.98,0,0.22208642959594727
global,128,C4-rest,45,4,410,102,1.0,0,0.2142014503479004
global,128,C4-rest,45,5,410,102,0.9741902834008097,0,0.21771907806396484
global,128,C1-C2,46,1,204,52,0.9423076923076923,0,0.21367859840393066
global,128,C1-C2,46,2,205,51,0.9607692307692308,0,0.21731877326965332
global,128,C1-C2,46,3,205,51,0.9199999999999999,0,0.22669267654418945
global,128,C1-C2,46,4,205,51,0.9415384615384615,0,0.2181546688079834
global,128,C1-C2,46,5,205,51,0.8815384615384616,0,0.21723365783691406
global,128,C1-C3,46,1,204,52,0.8653846153846154,0,0.20941638946533203
global,128,C1-C3,46,2,205,51,0.9207692307692308,0,0.21505498886108398
global,128,C1-C3,46,3,205,51,0.9207692307692308,0,0.21859431266784668
global,128,C1-C3,46,4,205,51,0.8830769230769231,0,0.1987907886505127
global,128,C1-C3,46,5,205,51,0.7838461538461539,0,0.2073535919189453
global,128,C1-C4,46,1,204,52,1.0,0,0.2118058204650879
global,128,C1-C4,46,2,205,51,0.9807692307692308,0,0.20250391960144043
global,128,C1-C4,46,3,205,51,1.0,0,0.20409417152404785
global,128,C1-C4,46,4,205,51,1.0,0,0.2053060531616211
global,128,C1-C4,46,5,205,51,1.0,0,0.2146298885345459
global,128,C2-C3,46,1,204,52,0.6153846153846154,0,0.2128593921661377
global,128,C2-C3,46,2,205,51,0.5092307692307692,0,0.2105579376220703
global,128,C2-C3,46,3,205,51,0.6661538461538461,0,0.21849703788757324
global,128,C2-C3,46,4,205,51,0.6469230769230769,0,0.21052026748657227
global,128,C2-C3,46,5,205,51,0.6292307692307693,0,0.21728801727294922
global,128,C2-C4,46,1,204,52,1.0,0,0.19807219505310059
global,128,C2-C4,46,2,205,51,1.0,0,0.2095179557800293
global,128,C2-C4,46,3,205,51,1.0,0,0.20619678497314453
global,128,C2-C4,46,4,205,51,1.0,0,0.19933104515075684
global,128,C2-C4,46,5,205,51,1.0,0,0.20629668235778809
global,128,C3-C4,46,1,204,52,1.0,0,0.2046651840209961
global,128,C3-C4,46,2,205,51,1.0,0,0.20793700218200684
global,128,C3-C4,46,3,205,51,0.96,0,0.20396709442138672
global,128,C3-C4,46,4,205,51,1.0,0,0.20820260047912598
global,128,C3-C4,46,5,205,51,1.0,0,0.20529818534851074
global,128,C4-rest,46,1,409,103,0.9807692307692308,0,0.22024893760681152
global,128,C4-rest,46,2,409,103,0.9807692307692308,0,0.2245938777923584
global,128,C4-rest,46,3,410,102,0.9935064935064934,0,0.23128986358642578
global,128,C4-rest,46,4,410,102,1.0,0,0.22533369064331055
global,128,C4-rest,46,5,410,102,0.9807692307692308,0,0.2182905673980713
global,128,C1-C2,47,1,204,52,0.9423076923076923,0,0.21092700958251953
global,128,C1-C2,47,2,205,51,0.88,0,0.21256637573242188
global,128,C1-C2,47,3,205,51,0.96,0,0.21038341522216797
global,128,C1-C2,47,4,205,51,0.98,0,0.21494531631469727
global,128,C1-C2,47,5,205,51,0.96,0,0.21605944633483887
global,128,C1-C3,47,1,204,52,0.9038461538461539,0,0.21690106391906738
global,128,C1-C3,47,2,205,51,0.9607692307692308,0,0.21581101417541504
global,128,C1-C3,47,3,205,51,0.96,0,0.21889996528625488
global,128,C1-C3,47,4,205,51,0.9615384615384616,0,0.2127246856689453
global,128,C1-C3,47,5,205,51,0.9015384615384616,0,0.2115030288696289
global,128,C1-C4,47,1,204,52,1.0,0,0.21723628044128418
global,128,C1-C4,47,2,205,51,1.0,0,0.20772480964660645
global,128,C1-C4,47,3,205,51,0.98,0,0.19788670539855957
global,128,C1-C4,47,4,205,51,1.0,0,0.20564675331115723
global,128,C1-C4,47,5,205,51,1.0,0,0.2274937629699707
global,128,C2-C3,47,1,204,52,0.5576923076923077,0,0.21963119506835938
global,128,C2-C3,47,2,205,51,0.5884615384615384,0,0.21482396125793457
global,128,C2-C3,47,3,205,51,0.5307692307692308,0,0.21131420135498047
global,128,C2-C3,47,4,205,51,0.6076923076923078,0,0.2339468002319336
global,128,C2-C3,47,5,205,51,0.5892307692307692,0,0.21152043342590332
global,128,C2-C4,47,1,204,52,1.0,0,0.19739127159118652
global,128,C2-C4,47,2,205,51,1.0,0,0.21021747589111328
global,128,C2-C4,47,3,205,51,0.98,0,0.2001657485961914
global,128,C2-C4,47,4,205,51,1.0,0,0.20249605178833008
global,128,C2-C4,47,5,205,51,1.0,0,0.20133543014526367
global,128,C3-C4,47,1,204,52,1.0,0,0.20916318893432617
global,128,C3-C4,47,2,205,51,0.9807692307692308,0,0.21393060684204102
global,128,C3-C4,47,3,205,51,0.96,0,0.21584010124206543
global,128,C3-C4,47,4,205,51,0.98,0,0.2058408260345459
global,128,C3-C4,47,5,205,51,0.9807692307692308,0,0.20549702644348145
global,128,C4-rest,47,1,409,103,0.9615384615384616,0,0.22204065322875977
global,128,C4-rest,47,2,409,103,1.0,0,0.2088479995727539
global,128,C4-rest,47,3,410,102,1.0,0,0.22149348258972168
global,128,C4-rest,47,4,410,102,1.0,0,0.21939873695373535
global,128,C4-rest,47,5,410,102,1.0,0,0.22374391555786133
global,128,C1-C2,48,1,204,52,0.9807692307692308,0,0.2323155403137207
global,128,C1-C2,48,2,205,51,0.96,0,0.21621465682983398
global,128,C1-C2,48,3,205,51,0.9415384615384615,0,0.2146902084350586
global,128,C1-C2,48,4,205,51,0.9807692307692308,0,0.21757125854492188
global,128,C1-C2,48,5,205,51,0.8830769230769231,0,0.21294641494750977
global,128,C1-C3,48,1,204,52,0.9038461538461539,0,0.21523451805114746
global,128,C1-C3,48,2,205,51,0.9007692307692308,0,0.21775150299072266
global,128,C1-C3,48,3,205,51,0.8830769230769231,0,0.21098971366882324
global,128,C1-C3,48,4,205,51,0.9215384615384616,0,0.21846508979797363
global,128,C1-C3,48,5,205,51,0.8261538461538461,0,0.21753692626953125
global,128,C1-C4,48,1,204,52,1.0,0,0.21033072471618652
global,128,C1-C4,48,2,205,51,1.0,0,0.1989450454711914
global,128,C1-C4,48,3,205,51,1.0,0,0.20427870750427246
global,128,C1-C4,48,4,205,51,1.0,0,0.20702719688415527
global,128,C1-C4,48,5,205,51,0.96,0,0.20981502532958984
global,128,C2-C3,48,1,204,52,0.6346153846153846,0,0.22119951248168945
global,128,C2-C3,48,2,205,51,0.4523076923076923,0,0.2169790267944336
global,128,C2-C3,48,3,205,51,0.6476923076923078,0,0.21942806243896484
global,128,C2-C3,48,4,205,51,0.5676923076923077,0,0.2164905071258545
global,128,C2-C3,48,5,205,51,0.5861538461538461,0,0.21925592422485352
global,128,C2-C4,48,1,204,52,1.0,0,0.19736647605895996
global,128,C2-C4,48,2,205,51,1.0,0,0.20314621925354004
global,128,C2-C4,48,3,205,51,1.0,0,0.20329618453979492
global,128,C2-C4,48,4,205,51,1.0,0,0.21398115158081055
global,128,C2-C4,48,5,205,51,1.0,0,0.20213699340820312
global,128,C3-C4,48,1,204,52,1.0,0,0.19977355003356934
global,128,C3-C4,48,2,205,51,0.98,0,0.20834898948669434
global,128,C3-C4,48,3,205,51,1.0,0,0.20578551292419434
global,128,C3-C4,48,4,205,51,1.0,0,0.21120405197143555
global,128,C3-C4,48,5,205,51,0.98,0,0.21766090393066406
global,128,C4-rest,48,1,409,103,1.0,0,0.2175147533416748
global,128,C4-rest,48,2,409,103,0.9935064935064934,0,0.2285921573638916
global,128,C4-rest,48,3,410,102,1.0,0,0.22906112670898438
global,128,C4-rest,48,4,410,102,0.9535064935064935,0,0.21613287925720215
global,128,C4-rest,48,5,410,102,0.9741902834008097,0,0.21411490440368652
global,128,C1-C2,49,1,204,52,0.9230769230769231,0,0.21308088302612305
global,128,C1-C2,49,2,205,51,0.94,0,0.20934391021728516
global,128,C1-C2,49,3,205,51,0.98,0,0.21341800689697266
global,128,C1-C2,49,4,205,51,0.8823076923076922,0,0.21605300903320312
global,128,C1-C2,49,5,205,51,0.9807692307692308,0,0.22647929191589355
global,128,C1-C3,49,1,204,52,0.8653846153846154,0,0.2173318862915039
global,128,C1-C3,49,2,205,51,0.96,0,0.21180081367492676
global,128,C1-C3,49,3,205,51,0.96,0,0.23035264015197754
global,128,C1-C3,49,4,205,51,0.8630769230769231,0,0.2139275074005127
global,128,C1-C3,49,5,205,51,0.9407692307692308,0,0.2155473232269287
global,128,C1-C4,49,1,204,52,1.0,0,0.19841408729553223
global,128,C1-C4,49,2,205,51,1.0,0,0.20168018341064453
global,128,C1-C4,49,3,205,51,1.0,0,0.22601318359375
global,128,C1-C4,49,4,205,51,1.0,0,0.20710301399230957
global,128,C1-C4,49,5,205,51,1.0,0,0.1983354091644287
global,128,C2-C3,49,1,204,52,0.5576923076923077,0,0.21536731719970703
global,128,C2-C3,49,2,205,51,0.6084615384615384,0,0.21545124053955078
global,128,C2-C3,49,3,205,51,0.7276923076923076,0,0.21099472045898438
global,128,C2-C3,49,4,205,51,0.6276923076923078,0,0.21205592155456543
global,128,C2-C3,49,5,205,51,0.55,0,0.22762155532836914
global,128,C2-C4,49,1,204,52,0.9807692307692308,0,0.20361971855163574
global,128,C2-C4,49,2,205,51,1.0,0,0.19923663139343262
global,128,C2-C4,49,3,205,51,1.0,0,0.20583868026733398
global,128,C2-C4,49,4,205,51,1.0,0,0.20710492134094238
global,128,C2-C4,49,5,205,51,1.0,0,0.22113990783691406
global,128,C3-C4,49,1,204,52,0.9807692307692308,0,0.20669031143188477
global,128,C3-C4,49,2,205,51,1.0,0,0.20726442337036133
global,128,C3-C4,49,3,205,51,1.0,0,0.21154022216796875
global,128,C3-C4,49,4,205,51,0.9807692307692308,0,0.20674800872802734
global,128,C3-C4,49,5,205,51,1.0,0,0.21072745323181152
global,128,C4-rest,49,1,409,103,0.9807692307692308,0,0.21771502494812012
global,128,C4-rest,49,2,409,103,1.0,0,0.2267627716064453
global,128,C4-rest,49,3,410,102,1.0,0,0.21873235702514648
global,128,C4-rest,49,4,410,102,1.0,0,0.22109532356262207
global,128,C4-rest,49,5,410,102,1.0,0,0.21712946891784668
global,128,C1-C2,50,1,204,52,0.9807692307692308,0,0.2240428924560547
global,128,C1-C2,50,2,205,51,0.9415384615384615,0,0.22953152656555176
global,128,C1-C2,50,3,205,51,0.8207692307692308,0,0.21762895584106445
global,128,C1-C2,50,4,205,51,0.9007692307692308,0,0.22608208656311035
global,128,C1-C2,50,5,205,51,0.96,0,0.2068495750427246
global,128,C1-C3,50,1,204,52,0.9038461538461539,0,0.2176661491394043
global,128,C1-C3,50,2,205,51,0.9023076923076923,0,0.20654892921447754
global,128,C1-C3,50,3,205,51,0.9015384615384616,0,0.22342371940612793
global,128,C1-C3,50,4,205,51,0.9215384615384616,0,0.2131185531616211
global,128,C1-C3,50,5,205,51,0.9415384615384615,0,0.22321772575378418
global,128,C1-C4,50,1,204,52,1.0,0,0.21697282791137695
global,128,C1-C4,50,2,205,51,1.0,0,0.21751618385314941
global,128,C1-C4,50,3,205,51,1.0,0,0.21709918975830078
global,128,C1-C4,50,4,205,51,1.0,0,0.20549321174621582
global,128,C1-C4,50,5,205,51,1.0,0,0.19933557510375977
global,128,C2-C3,50,1,204,52,0.6923076923076923,0,0.21734952926635742
global,128,C2-C3,50,2,205,51,0.6084615384615384,0,0.21220088005065918
global,128,C2-C3,50,3,205,51,0.5876923076923077,0,0.20987415313720703
global,128,C2-C3,50,4,205,51,0.6084615384615384,0,0.22453689575195312
global,128,C2-C3,50,5,205,51,0.6092307692307692,0,0.21040058135986328
global,128,C2-C4,50,1,204,52,0.9807692307692308,0,0.20646929740905762
global,128,C2-C4,50,2,205,51,1.0,0,0.2049567699432373
global,128,C2-C4,50,3,205,51,1.0,0,0.19969582557678223
global,128,C2-C4,50,4,205,51,0.98,0,0.19883465766906738
global,128,C2-C4,50,5,205,51,1.0,0,0.20057010650634766
global,128,C3-C4,50,1,204,52,0.9807692307692308,0,0.21893024444580078
global,128,C3-C4,50,2,205,51,0.98,0,0.20758986473083496
global,128,C3-C4,50,3,205,51,1.0,0,0.22371482849121094
global,128,C3-C4,50,4,205,51,0.98,0,0.21587347984313965
global,128,C3-C4,50,5,205,51,1.0,0,0.2170729637145996
global,128,C4-rest,50,1,409,103,0.9935064935064934,0,0.22313356399536133
global,128,C4-rest,50,2,409,103,1.0,0,0.22391605377197266
global,128,C4-rest,50,3,410,102,0.98,0,0.2228069305419922
global,128,C4-rest,50,4,410,102,0.98,0,0.22853732109069824
global,128,C4-rest,50,5,410,102,0.9807692307692308,0,0.22283530235290527
global,128,C1-C2,51,1,204,52,0.9615384615384616,0,0.2087996006011963
global,128,C1-C2,51,2,205,51,0.9207692307692308,0,0.21106362342834473
global,128,C1-C2,51,3,205,51,0.9407692307692308,0,0.21114063262939453
global,128,C1-C2,51,4,205,51,0.9807692307692308,0,0.21598100662231445
global,128,C1-C2,51,5,205,51,0.8823076923076922,0,0.2107999324798584
global,128,C1-C3,51,1,204,52,0.8653846153846154,0,0.2194957733154297
global,128,C1-C3,51,2,205,51,1.0,0,0.2124791145324707
global,128,C1-C3,51,3,205,51,0.9407692307692308,0,0.22879886627197266
global,128,C1-C3,51,4,205,51,0.9415384615384615,0,0.21812939643859863
global,128,C1-C3,51,5,205,51,0.8438461538461539,0,0.21408557891845703
global,128,C1-C4,51,1,204,52,1.0,0,0.19935250282287598
global,128,C1-C4,51,2,205,51,1.0,0,0.22027325630187988
global,128,C1-C4,51,3,205,51,1.0,0,0.2056264877319336
global,128,C1-C4,51,4,205,51,1.0,0,0.20481038093566895
global,128,C1-C4,51,5,205,51,1.0,0,0.20615458488464355
global,128,C2-C3,51,1,204,52,0.6730769230769231,0,0.21097135543823242
global,128,C2-C3,51,2,205,51,0.61,0,0.2161409854888916
global,128,C2-C3,51,3,205,51,0.5492307692307692,0,0.2168128490447998
global,128,C2-C3,51,4,205,51,0.5892307692307692,0,0.2297499179840088
global,128,C2-C3,51,5,205,51,0.5507692307692308,0,0.22564125061035156
global,128,C2-C4,51,1,204,52,1.0,0,0.2062387466430664
global,128,C2-C4,51,2,205,51,1.0,0,0.20527291297912598
global,128,C2-C4,51,3,205,51,1.0,0,0.20839190483093262
global,128,C2-C4,51,4,205,51,1.0,0,0.1981487274169922
global,128,C2-C4,51,5,205,51,1.0,0,0.21104812622070312
global,128,C3-C4,51,1,204,52,1.0,0,0.19702672958374023
global,128,C3-C4,51,2,205,51,1.0,0,0.21655869483947754
global,128,C3-C4,51,3,205,51,1.0,0,0.2314598560333252
global,128,C3-C4,51,4,205,51,1.0,0,0.2115786075592041
global,128,C3-C4,51,5,205,51,1.0,0,0.1982898712158203
global,128,C4-rest,51,1,409,103,1.0,0,0.21329689025878906
global,128,C4-rest,51,2,409,103,1.0,0,0.21847295761108398
global,128,C4-rest,51,3,410,102,1.0,0,0.22201776504516602
global,128,C4-rest,51,4,410,102,1.0,0,0.21541118621826172
global,128,C4-rest,51,5,410,102,1.0,0,0.2178966999053955
global,256,C1-C2,42,1,102,26,0.9615384615384616,0,0.20183181762695312
global,256,C1-C2,42,2,102,26,1.0,0,0.20763039588928223
global,256,C1-C2,42,3,102,26,1.0,0,0.19642853736877441
global,256,C1-C2,42,4,103,25,1.0,0,0.2006242275238037
global,256,C1-C2,42,5,103,25,1.0,0,0.2248826026916504
global,256,C1-C3,42,1,102,26,0.9615384615384616,0,0.2032792568206787
global,256,C1-C3,42,2,102,26,0.9615384615384616,0,0.1936335563659668
global,256,C1-C3,42,3,102,26,0.9615384615384616,0,0.20751547813415527
global,256,C1-C3,42,4,103,25,0.9583333333333333,0,0.19681859016418457
global,256,C1-C3,42,5,103,25,0.9615384615384616,0,0.19909334182739258
global,256,C1-C4,42,1,102,26,1.0,0,0.20284366607666016
global,256,C1-C4,42,2,102,26,1.0,0,0.20164084434509277
global,256,C1-C4,42,3,102,26,1.0,0,0.19371318817138672
global,256,C1-C4,42,4,103,25,1.0,0,0.20208072662353516
global,256,C1-C4,42,5,103,25,1.0,0,0.19544649124145508
global,256,C2-C3,42,1,102,26,0.8846153846153846,0,0.21387362480163574
global,256,C2-C3,42,2,102,26,0.5384615384615384,0,0.20873546600341797
global,256,C2-C3,42,3,102,26,0.9230769230769231,0,0.21562767028808594
global,256,C2-C3,42,4,103,25,0.766025641025641,0,0.21407508850097656
global,256,C2-C3,42,5,103,25,0.7980769230769231,0,0.20590734481811523
global,256,C2-C4,42,1,102,26,1.0,0,0.20302867889404297
global,256,C2-C4,42,2,102,26,1.0,0,0.2028789520263672
global,256,C2-C4,42,3,102,26,1.0,0,0.198472261428833
global,256,C2-C4,42,4,103,25,1.0,0,0.1983323097229004
global,256,C2-C4,42,5,103,25,1.0,0,0.20888519287109375
global,256,C3-C4,42,1,102,26,1.0,0,0.1977405548095703
global,256,C3-C4,42,2,102,26,1.0,0,0.20068144798278809
global,256,C3-C4,42,3,102,26,1.0,0,0.20922279357910156
global,256,C3-C4,42,4,103,25,1.0,0,0.19777274131774902
global,256,C3-C4,42,5,103,25,1.0,0,0.19803762435913086
global,256,C4-rest,42,1,204,52,1.0,0,0.2007613182067871
global,256,C4-rest,42,2,205,51,1.0,0,0.20523500442504883
global,256,C4-rest,42,3,205,51,1.0,0,0.20290589332580566
global,256,C4-rest,42,4,205,51,1.0,0,0.20390057563781738
global,256,C4-rest,42,5,205,51,0.9615384615384616,0,0.19829964637756348
global,256,C1-C2,43,1,102,26,1.0,0,0.20210695266723633
global,256,C1-C2,43,2,102,26,1.0,0,0.19940567016601562
global,256,C1-C2,43,3,102,26,0.9615384615384616,0,0.19548344612121582
global,256,C1-C2,43,4,103,25,1.0,0,0.19963788986206055
global,256,C1-C2,43,5,103,25,1.0,0,0.20147156715393066
global,256,C1-C3,43,1,102,26,0.9615384615384616,0,0.19500064849853516
global,256,C1-C3,43,2,102,26,0.9230769230769231,0,0.19906115531921387
global,256,C1-C3,43,3,102,26,1.0,0,0.20181894302368164
global,256,C1-C3,43,4,103,25,1.0,0,0.2029109001159668
global,256,C1-C3,43,5,103,25,1.0,0,0.21979284286499023
global,256,C1-C4,43,1,102,26,1.0,0,0.19298434257507324
global,256,C1-C4,43,2,102,26,1.0,0,0.21509361267089844
global,256,C1-C4,43,3,102,26,1.0,0,0.20375466346740723
global,256,C1-C4,43,4,103,25,1.0,0,0.2051985263824463
global,256,C1-C4,43,5,103,25,1.0,0,0.1985945701599121
global,256,C2-C3,43,1,102,26,0.6153846153846154,0,0.2101602554321289
global,256,C2-C3,43,2,102,26,0.7692307692307692,0,0.20676064491271973
global,256,C2-C3,43,3,102,26,0.6153846153846154,0,0.21471023559570312
global,256,C2-C3,43,4,103,25,0.7211538461538461,0,0.21478605270385742
global,256,C2-C3,43,5,103,25,0.47756410256410253,0,0.2142324447631836
global,256,C2-C4,43,1,102,26,1.0,0,0.19900274276733398
global,256,C2-C4,43,2,102,26,1.0,0,0.2006700038909912
global,256,C2-C4,43,3,102,26,1.0,0,0.19512629508972168
global,256,C2-C4,43,4,103,25,1.0,0,0.2009725570678711
global,256,C2-C4,43,5,103,25,1.0,0,0.2024087905883789
global,256,C3-C4,43,1,102,26,1.0,0,0.19406700134277344
global,256,C3-C4,43,2,102,26,1.0,0,0.2039783000946045
global,256,C3-C4,43,3,102,26,1.0,0,0.19689369201660156
global,256,C3-C4,43,4,103,25,1.0,0,0.20137238502502441
global,256,C3-C4,43,5,103,25,1.0,0,0.2028512954711914
global,256,C4-rest,43,1,204,52,1.0,0,0.2056748867034912
global,256,C4-rest,43,2,205,51,1.0,0,0.20560741424560547
global,256,C4-rest,43,3,205,51,1.0,0,0.20255303382873535
global,256,C4-rest,43,4,205,51,1.0,0,0.1988232135772705
global,256,C4-rest,43,5,205,51,1.0,0,0.2081763744354248
global,256,C1-C2,44,1,102,26,1.0,0,0.19303274154663086
global,256,C1-C2,44,2,102,26,1.0,0,0.19510149955749512
global,256,C1-C2,44,3,102,26,0.9615384615384616,0,0.2023172378540039
global,256,C1-C2,44,4,103,25,1.0,0,0.19808340072631836
global,256,C1-C2,44,5,103,25,1.0,0,0.19733119010925293
global,256,C1-C3,44,1,102,26,1.0,0,0.19693517684936523
global,256,C1-C3,44,2,102,26,0.9615384615384616,0,0.19700050354003906
global,256,C1-C3,44,3,102,26,1.0,0,0.2006540298461914
global,256,C1-C3,44,4,103,25,0.9583333333333333,0,0.20511555671691895
global,256,C1-C3,44,5,103,25,0.9583333333333333,0,0.1969301700592041
global,256,C1-C4,44,1,102,26,1.0,0,0.19426798820495605
global,256,C1-C4,44,2,102,26,1.0,0,0.20911097526550293
global,256,C1-C4,44,3,102,26,1.0,0,0.20993852615356445
global,256,C1-C4,44,4,103,25,1.0,0,0.1948413848876953
global,256,C1-C4,44,5,103,25,1.0,0,0.20351076126098633
global,256,C2-C3,44,1,102,26,0.6538461538461539,0,0.21455144882202148
global,256,C2-C3,44,2,102,26,0.7692307692307693,0,0.22023558616638184
global,256,C2-C3,44,3,102,26,0.6153846153846154,0,0.2151789665222168
global,256,C2-C3,44,4,103,25,0.7275641025641025,0,0.21581482887268066
global,256,C2-C3,44,5,103,25,0.5256410256410257,0,0.20891833305358887
global,256,C2-C4,44,1,102,26,1.0,0,0.19947481155395508
global,256,C2-C4,44,2,102,26,1.0,0,0.20314931869506836
global,256,C2-C4,44,3,102,26,1.0,0,0.2083899974822998
global,256,C2-C4,44,4,103,25,1.0,0,0.2055203914642334
global,256,C2-C4,44,5,103,25,1.0,0,0.2132258415222168
global,256,C3-C4,44,1,102,26,1.0,0,0.20077061653137207
global,256,C3-C4,44,2,102,26,1.0,0,0.21418023109436035
global,256,C3-C4,44,3,102,26,1.0,0,0.1943368911743164
global,256,C3-C4,44,4,103,25,1.0,0,0.19824934005737305
global,256,C3-C4,44,5,103,25,1.0,0,0.1974472999572754
global,256,C4-rest,44,1,204,52,1.0,0,0.20795512199401855
global,256,C4-rest,44,2,205,51,1.0,0,0.20499324798583984
global,256,C4-rest,44,3,205,51,1.0,0,0.2003636360168457
global,256,C4-rest,44,4,205,51,1.0,0,0.19884467124938965
global,256,C4-rest,44,5,205,51,0.9615384615384616,0,0.20035910606384277
global,256,C1-C2,45,1,102,26,1.0,0,0.20325589179992676
global,256,C1-C2,45,2,102,26,1.0,0,0.20283722877502441
global,256,C1-C2,45,3,102,26,0.9615384615384616,0,0.1969597339630127
global,256,C1-C2,45,4,103,25,0.9583333333333333,0,0.196120023727417
global,256,C1-C2,45,5,103,25,1.0,0,0.19842839241027832
global,256,C1-C3,45,1,102,26,0.9230769230769231,0,0.20409846305847168
global,256,C1-C3,45,2,102,26,0.9230769230769231,0,0.19617080688476562
global,256,C1-C3,45,3,102,26,0.9615384615384616,0,0.20018577575683594
global,256,C1-C3,45,4,103,25,0.9166666666666667,0,0.21290850639343262
global,256,C1-C3,45,5,103,25,0.9198717948717949,0,0.2163691520690918
global,256,C1-C4,45,1,102,26,1.0,0,0.20299768447875977
global,256,C1-C4,45,2,102,26,1.0,0,0.20278096199035645
global,256,C1-C4,45,3,102,26,1.0,0,0.19779157638549805
global,256,C1-C4,45,4,103,25,1.0,0,0.19462370872497559
global,256,C1-C4,45,5,103,25,1.0,0,0.19888973236083984
global,256,C2-C3,45,1,102,26,0.6153846153846154,0,0.21390748023986816
global,256,C2-C3,45,2,102,26,0.8076923076923077,0,0.215134859085083
global,256,C2-C3,45,3,102,26,0.7307692307692308,0,0.2196958065032959
global,256,C2-C3,45,4,103,25,0.7275641025641025,0,0.21012520790100098
global,256,C2-C3,45,5,103,25,0.6826923076923077,0,0.20632433891296387
global,256,C2-C4,45,1,102,26,1.0,0,0.19479656219482422
global,256,C2-C4,45,2,102,26,1.0,0,0.19719409942626953
global,256,C2-C4,45,3,102,26,1.0,0,0.20914077758789062
global,256,C2-C4,45,4,103,25,1.0,0,0.20328330993652344
global,256,C2-C4,45,5,103,25,1.0,0,0.20239543914794922
global,256,C3-C4,45,1,102,26,1.0,0,0.2018756866455078
global,256,C3-C4,45,2,102,26,1.0,0,0.20029306411743164
global,256,C3-C4,45,3,102,26,1.0,0,0.20340418815612793
global,256,C3-C4,45,4,103,25,1.0,0,0.19529294967651367
global,256,C3-C4,45,5,103,25,1.0,0,0.20012998580932617
global,256,C4-rest,45,1,204,52,0.9615384615384616,0,0.2066938877105713
global,256,C4-rest,45,2,205,51,1.0,0,0.2093360424041748
global,256,C4-rest,45,3,205,51,1.0,0,0.20020031929016113
global,256,C4-rest,45,4,205,51,1.0,0,0.21322011947631836
global,256,C4-rest,45,5,205,51,1.0,0,0.21493244171142578
global,256,C1-C2,46,1,102,26,1.0,0,0.20242953300476074
global,256,C1-C2,46,2,102,26,0.9615384615384616,0,0.19923949241638184
global,256,C1-C2,46,3,102,26,1.0,0,0.20487642288208008
global,256,C1-C2,46,4,103,25,1.0,0,0.19389605522155762
global,256,C1-C2,46,5,103,25,1.0,0,0.20224881172180176
global,256,C1-C3,46,1,102,26,1.0,0,0.1997241973876953
global,256,C1-C3,46,2,102,26,0.9615384615384616,0,0.20354914665222168
global,256,C1-C3,46,3,102,26,1.0,0,0.19655871391296387
global,256,C1-C3,46,4,103,25,1.0,0,0.19559836387634277
global,256,C1-C3,46,5,103,25,0.9615384615384616,0,0.20973491668701172
global,256,C1-C4,46,1,102,26,1.0,0,0.1999804973602295
global,256,C1-C4,46,2,102,26,1.0,0,0.19313621520996094
global,256,C1-C4,46,3,102,26,1.0,0,0.1987316608428955
global,256,C1-C4,46,4,103,25,1.0,0,0.20046567916870117
global,256,C1-C4,46,5,103,25,1.0,0,0.2021808624267578
global,256,C2-C3,46,1,102,26,0.6538461538461539,0,0.20584630966186523
global,256,C2-C3,46,2,102,26,0.5769230769230769,0,0.22466373443603516
global,256,C2-C3,46,3,102,26,0.7307692307692308,0,0.21442770957946777
global,256,C2-C3,46,4,103,25,0.6378205128205128,0,0.20757460594177246
global,256,C2-C3,46,5,103,25,0.5961538461538461,0,0.20859050750732422
global,256,C2-C4,46,1,102,26,1.0,0,0.20566725730895996
global,256,C2-C4,46,2,102,26,1.0,0,0.1981661319732666
global,256,C2-C4,46,3,102,26,1.0,0,0.1962871551513672
global,256,C2-C4,46,4,103,25,1.0,0,0.1987292766571045
global,256,C2-C4,46,5,103,25,1.0,0,0.19412827491760254
global,256,C3-C4,46,1,102,26,1.0,0,0.2017979621887207
global,256,C3-C4,46,2,102,26,1.0,0,0.19693231582641602
global,256,C3-C4,46,3,102,26,1.0,0,0.20092248916625977
global,256,C3-C4,46,4,103,25,1.0,0,0.20063519477844238
global,256,C3-C4,46,5,103,25,1.0,0,0.2118971347808838
global,256,C4-rest,46,1,204,52,1.0,0,0.2157602310180664
global,256,C4-rest,46,2,205,51,1.0,0,0.20656561851501465
global,256,C4-rest,46,3,205,51,1.0,0,0.1986067295074463
global,256,C4-rest,46,4,205,51,1.0,0,0.21907329559326172
global,256,C4-rest,46,5,205,51,1.0,0,0.20299887657165527
global,256,C1-C2,47,1,102,26,0.9615384615384616,0,0.20175433158874512
global,256,C1-C2,47,2,102,26,1.0,0,0.19833850860595703
global,256,C1-C2,47,3,102,26,1.0,0,0.2055516242980957
global,256,C1-C2,47,4,103,25,0.9615384615384616,0,0.20227813720703125
global,256,C1-C2,47,5,103,25,1.0,0,0.21016240119934082
global,256,C1-C3,47,1,102,26,0.9615384615384616,0,0.20875000953674316
global,256,C1-C3,47,2,102,26,0.9615384615384616,0,0.194075345993042
global,256,C1-C3,47,3,102,26,1.0,0,0.19904685020446777
global,256,C1-C3,47,4,103,25,1.0,0,0.2041950225830078
global,256,C1-C3,47,5,103,25,0.9615384615384616,0,0.19983458518981934
global,256,C1-C4,47,1,102,26,1.0,0,0.19896554946899414
global,256,C1-C4,47,2,102,26,1.0,0,0.19826006889343262
global,256,C1-C4,47,3,102,26,1.0,0,0.20744776725769043
global,256,C1-C4,47,4,103,25,1.0,0,0.20181703567504883
global,256,C1-C4,47,5,103,25,1.0,0,0.19691038131713867
global,256,C2-C3,47,1,102,26,0.6923076923076923,0,0.20734620094299316
global,256,C2-C3,47,2,102,26,0.6923076923076923,0,0.20570778846740723
global,256,C2-C3,47,3,102,26,0.7307692307692308,0,0.20777606964111328
global,256,C2-C3,47,4,103,25,0.7596153846153846,0,0.21405744552612305
global,256,C2-C3,47,5,103,25,0.641025641025641,0,0.21423983573913574
global,256,C2-C4,47,1,102,26,1.0,0,0.20116090774536133
global,256,C2-C4,47,2,102,26,1.0,0,0.20467925071716309
global,256,C2-C4,47,3,102,26,1.0,0,0.19481396675109863
global,256,C2-C4,47,4,103,25,1.0,0,0.19518232345581055
global,256,C2-C4,47,5,103,25,1.0,0,0.19384503364562988
global,256,C3-C4,47,1,102,26,1.0,0,0.2104034423828125
global,256,C3-C4,47,2,102,26,1.0,0,0.20153141021728516
global,256,C3-C4,47,3,102,26,1.0,0,0.20357513427734375
global,256,C3-C4,47,4,103,25,1.0,0,0.1977672576904297
global,256,C3-C4,47,5,103,25,1.0,0,0.1985166072845459
global,256,C4-rest,47,1,204,52,1.0,0,0.20373916625976562
global,256,C4-rest,47,2,205,51,1.0,0,0.2178192138671875
global,256,C4-rest,47,3,205,51,1.0,0,0.2001659870147705
global,256,C4-rest,47,4,205,51,1.0,0,0.1989290714263916
global,256,C4-rest,47,5,205,51,1.0,0,0.2278144359588623
global,256,C1-C2,48,1,102,26,0.9615384615384616,0,0.19467759132385254
global,256,C1-C2,48,2,102,26,1.0,0,0.19366884231567383
global,256,C1-C2,48,3,102,26,1.0,0,0.19353151321411133
global,256,C1-C2,48,4,103,25,0.9615384615384616,0,0.20091533660888672
global,256,C1-C2,48,5,103,25,0.9615384615384616,0,0.20023608207702637
global,256,C1-C3,48,1,102,26,0.9230769230769231,0,0.20126962661743164
global,256,C1-C3,48,2,102,26,0.9615384615384616,0,0.19657540321350098
global,256,C1-C3,48,3,102,26,1.0,0,0.20354294776916504
global,256,C1-C3,48,4,103,25,0.9615384615384616,0,0.19724822044372559
global,256,C1-C3,48,5,103,25,0.9615384615384616,0,0.21783089637756348
global,256,C1-C4,48,1,102,26,1.0,0,0.19411230087280273
global,256,C1-C4,48,2,102,26,1.0,0,0.20163989067077637
global,256,C1-C4,48,3,102,26,1.0,0,0.21378302574157715
global,256,C1-C4,48,4,103,25,1.0,0,0.19441485404968262
global,256,C1-C4,48,5,103,25,1.0,0,0.19588708877563477
global,256,C2-C3,48,1,102,26,0.6153846153846154,0,0.21375799179077148
global,256,C2-C3,48,2,102,26,0.6923076923076923,0,0.21396517753601074
global,256,C2-C3,48,3,102,26,0.8076923076923077,0,0.21676063537597656
global,256,C2-C3,48,4,103,25,0.6025641025641025,0,0.21457743644714355
global,256,C2-C3,48,5,103,25,0.6057692307692308,0,0.2085413932800293
global,256,C2-C4,48,1,102,26,1.0,0,0.1936030387878418
global,256,C2-C4,48,2,102,26,1.0,0,0.20221185684204102
global,256,C2-C4,48,3,102,26,1.0,0,0.20072436332702637
global,256,C2-C4,48,4,103,25,1.0,0,0.2016000747680664
global,256,C2-C4,48,5,103,25,1.0,0,0.1979219913482666
global,256,C3-C4,48,1,102,26,1.0,0,0.2021338939666748
global,256,C3-C4,48,2,102,26,1.0,0,0.20273447036743164
global,256,C3-C4,48,3,102,26,1.0,0,0.19698357582092285
global,256,C3-C4,48,4,103,25,1.0,0,0.1958324909210205
global,256,C3-C4,48,5,103,25,1.0,0,0.2025296688079834
global,256,C4-rest,48,1,204,52,1.0,0,0.2022383213043213
global,256,C4-rest,48,2,205,51,1.0,0,0.20612382888793945
global,256,C4-rest,48,3,205,51,1.0,0,0.20513582229614258
global,256,C4-rest,48,4,205,51,1.0,0,0.20699834823608398
global,256,C4-rest,48,5,205,51,1.0,0,0.20262742042541504
global,256,C1-C2,49,1,102,26,1.0,0,0.1932976245880127
global,256,C1-C2,49,2,102,26,0.9615384615384616,0,0.19677305221557617
global,256,C1-C2,49,3,102,26,0.9615384615384616,0,0.20455002784729004
global,256,C1-C2,49,4,103,25,0.9615384615384616,0,0.1973104476928711
global,256,C1-C2,49,5,103,25,1.0,0,0.20571160316467285
global,256,C1-C3,49,1,102,26,1.0,0,0.20041561126708984
global,256,C1-C3,49,2,102,26,0.9230769230769231,0,0.20347881317138672
global,256,C1-C3,49,3,102,26,1.0,0,0.20193004608154297
global,256,C1-C3,49,4,103,25,0.9198717948717949,0,0.20006728172302246
global,256,C1-C3,49,5,103,25,1.0,0,0.20498299598693848
global,256,C1-C4,49,1,102,26,1.0,0,0.1985170841217041
global,256,C1-C4,49,2,102,26,1.0,0,0.19826555252075195
global,256,C1-C4,49,3,102,26,1.0,0,0.2256019115447998
global,256,C1-C4,49,4,103,25,1.0,0,0.19754981994628906
global,256,C1-C4,49,5,103,25,1.0,0,0.19927191734313965
global,256,C2-C3,49,1,102,26,0.7692307692307692,0,0.21483373641967773
global,256,C2-C3,49,2,102,26,0.8461538461538463,0,0.21027350425720215
global,256,C2-C3,49,3,102,26,0.6923076923076923,0,0.2005300521850586
global,256,C2-C3,49,4,103,25,0.6025641025641025,0,0.2078244686126709
global,256,C2-C3,49,5,103,25,0.7211538461538461,0,0.20483183860778809
global,256,C2-C4,49,1,102,26,1.0,0,0.20344090461730957
global,256,C2-C4,49,2,102,26,1.0,0,0.19445443153381348
global,256,C2-C4,49,3,102,26,1.0,0,0.20034050941467285
global,256,C2-C4,49,4,103,25,1.0,0,0.20125460624694824
global,256,C2-C4,49,5,103,25,1.0,0,0.1977221965789795
global,256,C3-C4,49,1,102,26,1.0,0,0.21242809295654297
global,256,C3-C4,49,2,102,26,1.0,0,0.1972057819366455
global,256,C3-C4,49,3,102,26,1.0,0,0.19390249252319336
global,256,C3-C4,49,4,103,25,1.0,0,0.2129812240600586
global,256,C3-C4,49,5,103,25,1.0,0,0.19678497314453125
global,256,C4-rest,49,1,204,52,1.0,0,0.2117762565612793
global,256,C4-rest,49,2,205,51,1.0,0,0.20970416069030762
global,256,C4-rest,49,3,205,51,1.0,0,0.20717668533325195
global,256,C4-rest,49,4,205,51,1.0,0,0.19899582862854004
global,256,C4-rest,49,5,205,51,1.0,0,0.21307730674743652
global,256,C1-C2,50,1,102,26,1.0,0,0.20297813415527344
global,256,C1-C2,50,2,102,26,0.9615384615384616,0,0.2015526294708252
global,256,C1-C2,50,3,102,26,0.9615384615384616,0,0.20693469047546387
global,256,C1-C2,50,4,103,25,1.0,0,0.21004891395568848
global,256,C1-C2,50,5,103,25,1.0,0,0.20934677124023438
global,256,C1-C3,50,1,102,26,1.0,0,0.20279669761657715
global,256,C1-C3,50,2,102,26,1.0,0,0.21080565452575684
global,256,C1-C3,50,3,102,26,0.9230769230769231,0,0.20177674293518066
global,256,C1-C3,50,4,103,25,0.9166666666666667,0,0.20490217208862305
global,256,C1-C3,50,5,103,25,1.0,0,0.21755170822143555
global,256,C1-C4,50,1,102,26,1.0,0,0.2070906162261963
global,256,C1-C4,50,2,102,26,1.0,0,0.19590210914611816
global,256,C1-C4,50,3,102,26,1.0,0,0.19762301445007324
global,256,C1-C4,50,4,103,25,1.0,0,0.2029275894165039
global,256,C1-C4,50,5,103,25,1.0,0,0.2395033836364746
global,256,C2-C3,50,1,102,26,0.6153846153846154,0,0.21633100509643555
global,256,C2-C3,50,2,102,26,0.7692307692307692,0,0.2144932746887207
global,256,C2-C3,50,3,102,26,0.8461538461538461,0,0.20973873138427734
global,256,C2-C3,50,4,103,25,0.641025641025641,0,0.23336076736450195
global,256,C2-C3,50,5,103,25,0.7243589743589745,0,0.22663569450378418
global,256,C2-C4,50,1,102,26,1.0,0,0.2040119171142578
global,256,C2-C4,50,2,102,26,1.0,0,0.1940629482269287
global,256,C2-C4,50,3,102,26,1.0,0,0.19814252853393555
global,256,C2-C4,50,4,103,25,1.0,0,0.20787310600280762
global,256,C2-C4,50,5,103,25,0.9615384615384616,0,0.21224474906921387
global,256,C3-C4,50,1,102,26,1.0,0,0.20319223403930664
global,256,C3-C4,50,2,102,26,1.0,0,0.2086479663848877
global,256,C3-C4,50,3,102,26,1.0,0,0.2110579013824463
global,256,C3-C4,50,4,103,25,1.0,0,0.20241022109985352
global,256,C3-C4,50,5,103,25,1.0,0,0.19568586349487305
global,256,C4-rest,50,1,204,52,1.0,0,0.19789814949035645
global,256,C4-rest,50,2,205,51,1.0,0,0.23214983940124512
global,256,C4-rest,50,3,205,51,1.0,0,0.20283079147338867
global,256,C4-rest,50,4,205,51,1.0,0,0.2025308609008789
global,256,C4-rest,50,5,205,51,1.0,0,0.1973114013671875
global,256,C1-C2,51,1,102,26,1.0,0,0.19426274299621582
global,256,C1-C2,51,2,102,26,1.0,0,0.1994476318359375
global,256,C1-C2,51,3,102,26,0.9615384615384616,0,0.1994783878326416
global,256,C1-C2,51,4,103,25,1.0,0,0.20331954956054688
global,256,C1-C2,51,5,103,25,1.0,0,0.19369983673095703
global,256,C1-C3,51,1,102,26,0.9615384615384616,0,0.20578980445861816
global,256,C1-C3,51,2,102,26,1.0,0,0.20436739921569824
global,256,C1-C3,51,3,102,26,1.0,0,0.19462132453918457
global,256,C1-C3,51,4,103,25,1.0,0,0.22317862510681152
global,256,C1-C3,51,5,103,25,1.0,0,0.20136547088623047
global,256,C1-C4,51,1,102,26,1.0,0,0.19712233543395996
global,256,C1-C4,51,2,102,26,1.0,0,0.20225310325622559
global,256,C1-C4,51,3,102,26,1.0,0,0.22432255744934082
global,256,C1-C4,51,4,103,25,1.0,0,0.20325636863708496
global,256,C1-C4,51,5,103,25,1.0,0,0.19733786582946777
global,256,C2-C3,51,1,102,26,0.7692307692307693,0,0.21010756492614746
global,256,C2-C3,51,2,102,26,0.8461538461538461,0,0.20557522773742676
global,256,C2-C3,51,3,102,26,0.6923076923076923,0,0.20842480659484863
global,256,C2-C3,51,4,103,25,0.641025641025641,0,0.2248997688293457
global,256,C2-C3,51,5,103,25,0.7275641025641025,0,0.2075495719909668
global,256,C2-C4,51,1,102,26,1.0,0,0.2028026580810547
global,256,C2-C4,51,2,102,26,1.0,0,0.20074772834777832
global,256,C2-C4,51,3,102,26,1.0,0,0.19828367233276367
global,256,C2-C4,51,4,103,25,1.0,0,0.19570541381835938
global,256,C2-C4,51,5,103,25,1.0,0,0.20292353630065918
global,256,C3-C4,51,1,102,26,1.0,0,0.20087647438049316
global,256,C3-C4,51,2,102,26,1.0,0,0.2025141716003418
global,256,C3-C4,51,3,102,26,1.0,0,0.19940996170043945
global,256,C3-C4,51,4,103,25,1.0,0,0.20898962020874023
global,256,C3-C4,51,5,103,25,1.0,0,0.20273733139038086
global,256,C4-rest,51,1,204,52,1.0,0,0.20714473724365234
global,256,C4-rest,51,2,205,51,1.0,0,0.1993560791015625
global,256,C4-rest,51,3,205,51,1.0,0,0.20103740692138672
global,256,C4-rest,51,4,205,51,1.0,0,0.21004486083984375
global,256,C4-rest,51,5,205,51,1.0,0,0.2076249122619629
per_sightline,512,C2-C3,42,1,51,13,0.9285714285714286,1,0.20020651817321777
per_sightline,512,C2-C3,42,2,51,13,0.7738095238095238,1,0.20660090446472168
per_sightline,512,C2-C3,42,3,51,13,0.9166666666666667,1,0.20344853401184082
per_sightline,512,C2-C3,42,4,51,13,0.9166666666666667,1,0.2027573585510254
per_sightline,512,C2-C3,42,5,52,12,0.9166666666666667,1,0.19965457916259766
per_sightline,512,C2-C3,43,1,51,13,0.7619047619047619,1,0.20615601539611816
per_sightline,512,C2-C3,43,2,51,13,0.8571428571428572,1,0.20080280303955078
per_sightline,512,C2-C3,43,3,51,13,0.7619047619047619,1,0.19922518730163574
per_sightline,512,C2-C3,43,4,51,13,0.7619047619047619,1,0.21374177932739258
per_sightline,512,C2-C3,43,5,52,12,0.8333333333333333,1,0.2135601043701172
per_sightline,512,C2-C3,44,1,51,13,0.5952380952380952,1,0.19725704193115234
per_sightline,512,C2-C3,44,2,51,13,0.5476190476190476,1,0.20331048965454102
per_sightline,512,C2-C3,44,3,51,13,0.8333333333333333,1,0.21219944953918457
per_sightline,512,C2-C3,44,4,51,13,0.7738095238095238,1,0.23032736778259277
per_sightline,512,C2-C3,44,5,52,12,0.8333333333333333,1,0.20539283752441406
per_sightline,512,C2-C3,45,1,51,13,0.6309523809523809,1,0.19993090629577637
per_sightline,512,C2-C3,45,2,51,13,0.7619047619047619,1,0.20397591590881348
per_sightline,512,C2-C3,45,3,51,13,0.7023809523809523,1,0.20968222618103027
per_sightline,512,C2-C3,45,4,51,13,0.7023809523809523,1,0.20192646980285645
per_sightline,512,C2-C3,45,5,52,12,0.8333333333333333,1,0.20716166496276855
per_sightline,512,C2-C3,46,1,51,13,0.7738095238095238,1,0.204925537109375
per_sightline,512,C2-C3,46,2,51,13,0.8452380952380952,1,0.2165536880493164
per_sightline,512,C2-C3,46,3,51,13,0.8452380952380952,1,0.20213890075683594
per_sightline,512,C2-C3,46,4,51,13,0.7023809523809523,1,0.20209980010986328
per_sightline,512,C2-C3,46,5,52,12,0.5833333333333333,1,0.20781397819519043
per_sightline,512,C2-C3,47,1,51,13,0.7023809523809523,1,0.19309520721435547
per_sightline,512,C2-C3,47,2,51,13,0.7738095238095238,1,0.20287799835205078
per_sightline,512,C2-C3,47,3,51,13,0.7738095238095238,1,0.206071138381958
per_sightline,512,C2-C3,47,4,51,13,0.8571428571428572,1,0.20969462394714355
per_sightline,512,C2-C3,47,5,52,12,0.75,1,0.19525623321533203
per_sightline,512,C2-C3,48,1,51,13,0.6904761904761905,1,0.1986830234527588
per_sightline,512,C2-C3,48,2,51,13,0.6071428571428572,1,0.20874881744384766
per_sightline,512,C2-C3,48,3,51,13,0.7619047619047619,1,0.1943039894104004
per_sightline,512,C2-C3,48,4,51,13,0.9166666666666667,1,0.20253515243530273
per_sightline,512,C2-C3,48,5,52,12,0.75,1,0.19295811653137207
per_sightline,512,C2-C3,49,1,51,13,1.0,1,0.20218515396118164
per_sightline,512,C2-C3,49,2,51,13,0.7619047619047619,1,0.20705270767211914
per_sightline,512,C2-C3,49,3,51,13,1.0,1,0.2023327350616455
per_sightline,512,C2-C3,49,4,51,13,0.5357142857142857,1,0.20125317573547363
per_sightline,512,C2-C3,49,5,52,12,0.5833333333333333,1,0.19335627555847168
per_sightline,512,C2-C3,50,1,51,13,0.7738095238095238,1,0.19580912590026855
per_sightline,512,C2-C3,50,2,51,13,1.0,1,0.20277905464172363
per_sightline,512,C2-C3,50,3,51,13,1.0,1,0.19995331764221191
per_sightline,512,C2-C3,50,4,51,13,0.6071428571428572,1,0.19590544700622559
per_sightline,512,C2-C3,50,5,52,12,0.75,1,0.1999514102935791
per_sightline,512,C2-C3,51,1,51,13,0.7738095238095238,1,0.19876694679260254
per_sightline,512,C2-C3,51,2,51,13,0.9285714285714286,1,0.2010483741760254
per_sightline,512,C2-C3,51,3,51,13,0.7023809523809523,1,0.22262120246887207
per_sightline,512,C2-C3,51,4,51,13,0.7738095238095238,1,0.2066965103149414
per_sightline,512,C2-C3,51,5,52,12,0.8333333333333334,1,0.22622036933898926
per_sightline,1024,C2-C3,42,1,25,7,0.8333333333333333,1,0.19724440574645996
per_sightline,1024,C2-C3,42,2,25,7,1.0,1,0.21221494674682617
per_sightline,1024,C2-C3,42,3,26,6,0.6666666666666666,1,0.21355605125427246
per_sightline,1024,C2-C3,42,4,26,6,0.8333333333333333,1,0.20762968063354492
per_sightline,1024,C2-C3,42,5,26,6,1.0,1,0.20718121528625488
per_sightline,1024,C2-C3,43,1,25,7,0.8333333333333333,1,0.19357967376708984
per_sightline,1024,C2-C3,43,2,25,7,0.8333333333333333,1,0.20195269584655762
per_sightline,1024,C2-C3,43,3,26,6,1.0,1,0.21306586265563965
per_sightline,1024,C2-C3,43,4,26,6,0.5,1,0.21199321746826172
per_sightline,1024,C2-C3,43,5,26,6,0.8333333333333333,1,0.20594549179077148
per_sightline,1024,C2-C3,44,1,25,7,0.8333333333333333,1,0.19412899017333984
per_sightline,1024,C2-C3,44,2,25,7,0.8333333333333333,1,0.19736242294311523
per_sightline,1024,C2-C3,44,3,26,6,0.8333333333333333,1,0.20305848121643066
per_sightline,1024,C2-C3,44,4,26,6,0.5,1,0.1956477165222168
per_sightline,1024,C2-C3,44,5,26,6,0.5,1,0.19533610343933105
per_sightline,1024,C2-C3,45,1,25,7,0.8333333333333333,1,0.19875669479370117
per_sightline,1024,C2-C3,45,2,25,7,0.875,1,0.19634389877319336
per_sightline,1024,C2-C3,45,3,26,6,0.6666666666666666,1,0.19838285446166992
per_sightline,1024,C2-C3,45,4,26,6,1.0,1,0.20018482208251953
per_sightline,1024,C2-C3,45,5,26,6,0.8333333333333333,1,0.21125054359436035
per_sightline,1024,C2-C3,46,1,25,7,1.0,1,0.20624327659606934
per_sightline,1024,C2-C3,46,2,25,7,0.875,1,0.20300507545471191
per_sightline,1024,C2-C3,46,3,26,6,0.8333333333333333,1,0.2022254467010498
per_sightline,1024,C2-C3,46,4,26,6,0.6666666666666666,1,0.20172500610351562
per_sightline,1024,C2-C3,46,5,26,6,0.6666666666666666,1,0.19655227661132812
per_sightline,1024,C2-C3,47,1,25,7,0.875,1,0.22669601440429688
per_sightline,1024,C2-C3,47,2,25,7,0.875,1,0.20302057266235352
per_sightline,1024,C2-C3,47,3,26,6,0.8333333333333333,1,0.21497178077697754
per_sightline,1024,C2-C3,47,4,26,6,1.0,1,0.19885897636413574
per_sightline,1024,C2-C3,47,5,26,6,1.0,1,0.2133779525756836
per_sightline,1024,C2-C3,48,1,25,7,0.5833333333333333,1,0.21690154075622559
per_sightline,1024,C2-C3,48,2,25,7,0.75,1,0.2003481388092041
per_sightline,1024,C2-C3,48,3,26,6,0.8333333333333333,1,0.19738030433654785
per_sightline,1024,C2-C3,48,4,26,6,0.8333333333333333,1,0.20076847076416016
per_sightline,1024,C2-C3,48,5,26,6,1.0,1,0.20038175582885742
per_sightline,1024,C2-C3,49,1,25,7,0.7083333333333333,1,0.20271682739257812
per_sightline,1024,C2-C3,49,2,25,7,1.0,1,0.20092058181762695
per_sightline,1024,C2-C3,49,3,26,6,0.8333333333333333,1,0.19703888893127441
per_sightline,1024,C2-C3,49,4,26,6,1.0,1,0.19652771949768066
per_sightline,1024,C2-C3,49,5,26,6,1.0,1,0.19576668739318848
per_sightline,1024,C2-C3,50,1,25,7,0.875,1,0.19906163215637207
per_sightline,1024,C2-C3,50,2,25,7,0.7083333333333333,1,0.1996779441833496
per_sightline,1024,C2-C3,50,3,26,6,1.0,1,0.19659090042114258
per_sightline,1024,C2-C3,50,4,26,6,0.8333333333333333,1,0.20090937614440918
per_sightline,1024,C2-C3,50,5,26,6,1.0,1,0.20673847198486328
per_sightline,1024,C2-C3,51,1,25,7,0.875,1,0.19478631019592285
per_sightline,1024,C2-C3,51,2,25,7,0.875,1,0.2043440341949463
per_sightline,1024,C2-C3,51,3,26,6,0.8333333333333333,1,0.21251678466796875
per_sightline,1024,C2-C3,51,4,26,6,0.8333333333333333,1,0.20379114151000977
per_sightline,1024,C2-C3,51,5,26,6,0.6666666666666666,1,0.19800662994384766
