{
    "train_accuracy": 0.48099420162083345,
    "test_accuracy": 0.44659749771132135,
    "test_precision": 0.4128147967207521,
    "test_recall": 0.44659749771132135,
    "test_f1_score": 0.3728911441488665,
    "test_confusion_matrix": [
        [
            1286,
            207,
            68,
            78
        ],
        [
            1382,
            76,
            87,
            93
        ],
        [
            1219,
            162,
            107,
            151
        ],
        [
            108,
            28,
            44,
            1458
        ]
    ]
}