{
    "train_accuracy": 0.8360800271278399,
    "test_accuracy": 0.6801953005797986,
    "test_precision": 0.6801991198609753,
    "test_recall": 0.6801953005797986,
    "test_f1_score": 0.6801931563677565,
    "test_confusion_matrix": [
        [
            1110,
            528
        ],
        [
            520,
            1119
        ]
    ]
}