{
    "accuracy": 0.75925,
    "precision": 0.7594269824906177,
    "recall": 0.75925,
    "f1_score": 0.7591004519480011,
    "confusion_matrix": [
        [
            1500,
            190,
            158,
            152
        ],
        [
            199,
            1485,
            157,
            159
        ],
        [
            164,
            176,
            1481,
            179
        ],
        [
            132,
            156,
            104,
            1608
        ]
    ]
}