regime,M,seed,fold,n_train_groups,n_test_groups,balanced_acc,balanced_acc_3class,bal_acc_c2_vs_c3,mid_k_frac,abs_r_c1,abs_r_c2,abs_r_c3,abs_r_c4,ablation_acc_drop,confusion_flat,kbin_importance_flat,runtime_sec
per_sightline,1,42,1,52428,13108,0.2936374732987489,0.1566473400467908,0.1524259993896857,0.18956933878839038,0.08913024684681224,0.02039807466117123,0.018514763904987967,0.16028450070204292,-0.0024412572474824534,"0.165090,0.466585,0.268233,0.100092,0.449802,0.122063,0.321636,0.106500,0.311565,0.356118,0.182789,0.149527,0.098566,0.092768,0.104059,0.704608","0.050069,0.000000,0.049165,0.048384,0.047043,0.046059,0.045054,0.044714,0.044502,0.044937,0.044842,0.046754,0.047793,0.050181,0.053371,0.057155,0.061859,0.065042,0.077896,0.075182",12.239600658416748
per_sightline,1,42,2,52429,13107,0.29155556282120215,0.15196826365578273,0.14464449191333537,0.18957481706935056,0.09485153642314863,0.02604238044504466,0.03431153923464659,0.19310058655278187,-0.007171332888452175,"0.166616,0.461703,0.258163,0.113518,0.484284,0.109857,0.310955,0.094904,0.322246,0.345133,0.179432,0.153189,0.104396,0.070513,0.114774,0.710317","0.050271,0.000000,0.048918,0.048834,0.047114,0.045735,0.045515,0.044523,0.044205,0.045017,0.044947,0.046385,0.048184,0.050059,0.053343,0.057395,0.063075,0.065259,0.075761,0.075458",12.417263746261597
per_sightline,1,42,3,52429,13107,0.2934224381050746,0.1528004596359799,0.14757115024127535,0.1892319558611293,0.07491399387802795,0.007032447278341228,0.010621439665035657,0.16744564372964754,-0.0016782246336717321,"0.163259,0.465060,0.267623,0.104059,0.476350,0.113824,0.314617,0.095209,0.313492,0.352259,0.181319,0.152930,0.101922,0.067440,0.115349,0.715288","0.050293,0.000000,0.048933,0.048613,0.047138,0.045571,0.045263,0.044667,0.044490,0.044807,0.044909,0.046182,0.047527,0.050614,0.053893,0.057601,0.061796,0.065777,0.076959,0.074967",12.148712158203125
per_sightline,1,42,4,52429,13107,0.2909760576452673,0.1505558095426878,0.14130518211995172,0.18975670049706642,0.08839922348236959,0.04693166979085068,0.03148914729690233,0.17254960218773308,-0.004349653838515599,"0.169057,0.463534,0.253891,0.113518,0.470085,0.114164,0.302808,0.112943,0.327128,0.352151,0.168447,0.152273,0.099786,0.086665,0.101312,0.712237","0.049953,0.000000,0.048957,0.048733,0.047063,0.045674,0.045232,0.044316,0.043955,0.045070,0.045127,0.046610,0.047944,0.050076,0.053591,0.057594,0.063381,0.064299,0.076666,0.075760",12.264329195022583
per_sightline,1,42,5,52429,13107,0.2880046410714705,0.15106955906467656,0.1441867561794324,0.18990909500618364,0.08245267171814581,0.024847832059689257,0.030470558973716005,0.17467348202439315,-0.005875206744904604,"0.164835,0.467643,0.258242,0.109280,0.482453,0.108636,0.297833,0.111077,0.317363,0.364968,0.179738,0.137931,0.109246,0.083308,0.108636,0.698810","0.050161,0.000000,0.049007,0.048741,0.047099,0.045783,0.045168,0.044787,0.044258,0.045012,0.045017,0.046619,0.048046,0.050227,0.053545,0.057679,0.062455,0.064480,0.077845,0.074072",12.577418565750122
per_sightline,1,43,1,52428,13108,0.2927982911199267,0.15379920659139457,0.14464449191333537,0.18959266068399663,0.0690309331914901,0.06170720978269624,0.049369066215794136,0.17810136483858896,0.0005340250228867416,"0.172109,0.459872,0.250839,0.117180,0.471468,0.112908,0.317363,0.098261,0.323772,0.357034,0.176381,0.142814,0.101312,0.079341,0.109551,0.709796","0.050224,0.000000,0.048715,0.048906,0.046886,0.045406,0.045145,0.044739,0.044432,0.044992,0.044984,0.046100,0.049202,0.049306,0.052431,0.059287,0.060581,0.062762,0.080390,0.075512",12.443597793579102
per_sightline,1,43,2,52429,13107,0.29628547545087064,0.15837656393042418,0.15669819957277997,0.18997890164810585,0.09480875277156983,0.015879418341321627,0.005681878035809177,0.25761647040015284,-0.0012965453154650808,"0.161733,0.482453,0.255417,0.100397,0.475130,0.126640,0.296308,0.101922,0.305157,0.367409,0.186756,0.140677,0.094017,0.088828,0.107143,0.710012","0.050431,0.000000,0.049099,0.048946,0.046986,0.045805,0.045064,0.044764,0.044574,0.044938,0.045116,0.046455,0.049100,0.049308,0.051535,0.058739,0.061486,0.062096,0.080218,0.075339",12.302749156951904
per_sightline,1,43,3,52429,13107,0.29868684150420494,0.1576835640766065,0.15291228538863572,0.1900699048013049,0.06264798134728629,0.04999735232729272,0.0029625907036446657,0.18153612066319935,-0.0007621244079895617,"0.167226,0.452243,0.267928,0.112603,0.458346,0.118706,0.311871,0.111077,0.289377,0.366606,0.187118,0.156899,0.092157,0.079951,0.106195,0.721697","0.050131,0.000000,0.049045,0.048790,0.046704,0.045510,0.045590,0.044555,0.044427,0.044969,0.045101,0.046930,0.048478,0.049560,0.051596,0.058718,0.061694,0.062294,0.079943,0.075964",12.06052303314209
per_sightline,1,43,4,52429,13107,0.2901369453284315,0.151776531315744,0.15030745794401576,0.1895541269241165,0.10277594657918772,0.006272712812531146,0.022063022353134155,0.14817254081086279,-0.004425151358321888,"0.154715,0.460177,0.281660,0.103448,0.463675,0.115079,0.322039,0.099206,0.327434,0.337504,0.185536,0.149527,0.108331,0.074458,0.111993,0.705218","0.050313,0.000000,0.048739,0.048659,0.047444,0.045839,0.045606,0.044519,0.044444,0.044948,0.045049,0.046509,0.048554,0.049442,0.051768,0.059078,0.062573,0.061795,0.079704,0.075016",12.293206691741943
per_sightline,1,43,5,52429,13107,0.2952523563982215,0.15900395561671118,0.15456209948123284,0.18891193528431738,0.08558784386294807,0.007152429462024824,0.013824070602348018,0.14458740774370143,-0.0016787835295616893,"0.167888,0.471612,0.258547,0.101954,0.460177,0.118096,0.314312,0.107415,0.315227,0.349100,0.191028,0.144644,0.093683,0.086970,0.115349,0.703998","0.050279,0.000000,0.048676,0.049185,0.047173,0.045711,0.045004,0.044612,0.044383,0.044887,0.044901,0.046094,0.048568,0.049349,0.052854,0.058581,0.060213,0.063219,0.080645,0.075667",12.132885694503784
per_sightline,1,44,1,52428,13108,0.29935916997253587,0.16061438307394973,0.15196826365578273,0.18839074700752695,0.04059960218769876,0.01688984885827734,0.004788468806164729,0.2070338543269084,-0.0019835215135795004,"0.177907,0.469332,0.251449,0.101312,0.468416,0.120842,0.311565,0.099176,0.317974,0.351846,0.183094,0.147086,0.094904,0.086359,0.103143,0.715594","0.050664,0.000000,0.049148,0.048897,0.046963,0.045888,0.045181,0.044809,0.044836,0.045015,0.044879,0.045968,0.047820,0.049724,0.052161,0.056532,0.062456,0.065672,0.077425,0.075961",12.20425271987915
per_sightline,1,44,2,52429,13107,0.2929286070116098,0.15451123995524363,0.1484589563625267,0.1898015178413444,0.10141460739179026,0.012781634249216462,0.011946636276422362,0.17543933750867305,-0.0037381518728787366,"0.166616,0.460787,0.270064,0.102533,0.453769,0.110467,0.320110,0.115655,0.314312,0.353982,0.186451,0.145255,0.104396,0.081807,0.105617,0.708181","0.049978,0.000000,0.048765,0.048581,0.047172,0.045792,0.045095,0.044786,0.044473,0.044940,0.045172,0.046295,0.048574,0.049761,0.052634,0.056758,0.061931,0.066398,0.077647,0.075250",12.022241115570068
per_sightline,1,44,3,52429,13107,0.2931172576618106,0.15463137152182013,0.1490968894462944,0.18932976406990798,0.07217348961967907,0.025930172796829184,0.012913309832493532,0.1358194958463963,-0.004653739777328414,"0.165700,0.442173,0.278303,0.113824,0.473909,0.117180,0.298444,0.110467,0.298230,0.367827,0.181013,0.152930,0.097650,0.078425,0.115349,0.708575","0.050721,0.000000,0.049178,0.048863,0.046915,0.045536,0.045299,0.044668,0.044525,0.044868,0.045134,0.046344,0.048460,0.049392,0.052165,0.056496,0.063012,0.066278,0.077217,0.074929",12.209563255310059
per_sightline,1,44,4,52429,13107,0.2928071170175229,0.15574363644244635,0.14603535091023648,0.18855181906718455,0.10029802672265364,0.03191190733003904,0.027275555638033386,0.23672102776669715,-0.005722674741594491,"0.175160,0.451022,0.265792,0.108026,0.475275,0.115690,0.304029,0.105006,0.318279,0.357949,0.176381,0.147391,0.104364,0.082698,0.108941,0.703998","0.050043,0.000000,0.048926,0.049296,0.047122,0.046015,0.045431,0.044916,0.044577,0.044952,0.044783,0.046070,0.048182,0.049516,0.052597,0.056596,0.062333,0.065883,0.077065,0.075694",12.208086013793945
per_sightline,1,44,5,52429,13107,0.28953003096655827,0.15371372656999754,0.1507476350320415,0.18843418750327973,0.08576552644915535,0.03403619549021244,0.004223246064435894,0.13877216712850346,-0.0005342346088454963,"0.159646,0.459402,0.271062,0.109890,0.461398,0.115960,0.319805,0.102838,0.312176,0.346964,0.185536,0.155325,0.106805,0.083003,0.113213,0.696979","0.050373,0.000000,0.049079,0.048690,0.046861,0.045608,0.045320,0.044531,0.044635,0.044676,0.045113,0.046472,0.047814,0.049034,0.052574,0.057336,0.063230,0.064790,0.078280,0.075584",12.338050127029419
per_sightline,1,45,1,52428,13108,0.28982300884955753,0.15227342081171805,0.14525480622520598,0.18861448819933302,0.07506096790207628,0.0374319093823676,0.006839056097459078,0.16121397967785445,-0.0012969179127250707,"0.166311,0.455600,0.264266,0.113824,0.469332,0.113213,0.303326,0.114129,0.319500,0.364052,0.177296,0.139152,0.100702,0.079036,0.117791,0.702472","0.050474,0.000000,0.049304,0.048675,0.047148,0.045532,0.044957,0.044789,0.044447,0.045005,0.044945,0.046277,0.048284,0.049108,0.051814,0.056979,0.063787,0.065539,0.077961,0.074973",12.19080114364624
per_sightline,1,45,2,52429,13107,0.2901050649753732,0.15440952090326518,0.1510527921879768,0.18903757843725771,0.10725982695700186,0.013175628298671723,0.01495210443742628,0.19621406884813683,-0.0019071157879518852,"0.161123,0.469942,0.260909,0.108026,0.456820,0.122673,0.324077,0.096430,0.321636,0.357034,0.179432,0.141898,0.097375,0.084249,0.121184,0.697192","0.050596,0.000000,0.048706,0.048943,0.047518,0.045688,0.045458,0.045020,0.044544,0.044963,0.044912,0.046235,0.048304,0.049586,0.052024,0.057182,0.063122,0.065974,0.076692,0.074534",12.205329656600952
per_sightline,1,45,3,52429,13107,0.2973899934534662,0.15900600490164116,0.1503185892871581,0.18866424531937503,0.06452518144501863,0.0348686409276826,0.03130477555427662,0.14977188319049722,0.0013740222582151462,"0.176381,0.446750,0.274641,0.102228,0.451633,0.112603,0.328044,0.107720,0.312576,0.354090,0.188034,0.145299,0.100092,0.082087,0.105279,0.712542","0.050206,0.000000,0.049210,0.048749,0.047547,0.045509,0.045040,0.044634,0.044421,0.044947,0.045155,0.046424,0.047652,0.049433,0.052500,0.057724,0.062825,0.065720,0.077915,0.074390",12.303508758544922
per_sightline,1,45,4,52429,13107,0.2941037787696317,0.15452266627121677,0.1466451529008746,0.18848939077794766,0.06325945116805737,0.011094713723289294,0.00882278600726803,0.14777447376688507,-0.005188253834118972,"0.170278,0.460177,0.263656,0.105890,0.453907,0.112332,0.319902,0.113858,0.313091,0.353067,0.180958,0.152884,0.104669,0.076289,0.106195,0.712847","0.050936,0.000000,0.049069,0.048745,0.047542,0.045847,0.045265,0.044667,0.044342,0.045012,0.044921,0.046380,0.047996,0.049193,0.052797,0.056819,0.062738,0.065416,0.077056,0.075259",12.242544174194336
per_sightline,1,45,5,52429,13107,0.2935743879251661,0.154223688019843,0.14479707049130303,0.18813500763875318,0.08018128083222814,0.014778612675318202,0.04111674833402144,0.2067225142261151,-0.004501580371278235,"0.173077,0.453297,0.265263,0.108364,0.477876,0.115655,0.305767,0.100702,0.313702,0.347574,0.173940,0.164785,0.110162,0.076594,0.101617,0.711626","0.050274,0.000000,0.048939,0.048774,0.046726,0.045477,0.045388,0.044558,0.044504,0.045050,0.044975,0.046234,0.048002,0.048924,0.052408,0.056704,0.063675,0.066753,0.077638,0.074999",11.943522453308105
per_sightline,1,46,1,52428,13108,0.2927982911199267,0.15349404943545927,0.14998474214220325,0.19076176160953734,0.07354428652369618,0.02448648932747226,0.024579174889480828,0.20482916282403757,-0.0030515715593530945,"0.160513,0.460482,0.267013,0.111993,0.460177,0.115349,0.318279,0.106195,0.306378,0.349100,0.184620,0.159902,0.101617,0.078425,0.109246,0.710711","0.050143,0.000000,0.048767,0.048514,0.047271,0.045963,0.045090,0.044403,0.044747,0.045098,0.045226,0.045931,0.048769,0.050835,0.052456,0.057525,0.060983,0.066025,0.077713,0.074541",12.258273601531982
per_sightline,1,46,2,52429,13107,0.2877413778199558,0.14566168243311972,0.14296612755569119,0.19058299434668624,0.061875355698013,0.01250817334030684,0.016274240360009847,0.1696692410469111,-0.01235853879277743,"0.151053,0.470552,0.263045,0.115349,0.467806,0.111993,0.309124,0.111077,0.314617,0.357339,0.173940,0.154104,0.098596,0.082418,0.105006,0.713980","0.050385,0.000000,0.049147,0.048726,0.047085,0.045686,0.045325,0.044455,0.044274,0.044781,0.045355,0.046414,0.048169,0.050644,0.051916,0.057315,0.062122,0.066117,0.076948,0.075133",12.21329665184021
per_sightline,1,46,3,52429,13107,0.2862508024813487,0.14822251235128867,0.13917844353456194,0.19052409722553476,0.0822794723305193,0.06450832611989532,0.0006766794400750952,0.16587951545330104,-0.006026690818421054,"0.166311,0.472688,0.262130,0.098871,0.477571,0.102838,0.317974,0.101617,0.322039,0.356838,0.175519,0.145604,0.102533,0.081172,0.115960,0.700336","0.050069,0.000000,0.049079,0.048712,0.046934,0.045617,0.045579,0.044359,0.044785,0.045153,0.045145,0.045919,0.048637,0.050823,0.052677,0.056735,0.060703,0.067043,0.076642,0.075388",12.006427764892578
per_sightline,1,46,4,52429,13107,0.2928079087867004,0.1552360968747908,0.15214007756729758,0.1902105527936833,0.08875906539356303,0.004595770232714286,0.013234536949465605,0.13997061609649483,-0.00366151327396369,"0.161428,0.459262,0.274336,0.104974,0.456960,0.126068,0.314713,0.102259,0.313091,0.358560,0.178212,0.150137,0.100702,0.078120,0.115655,0.705523","0.050875,0.000000,0.049052,0.048678,0.047061,0.045553,0.045284,0.044531,0.044364,0.044837,0.044880,0.046129,0.048676,0.050526,0.052353,0.057366,0.060747,0.067285,0.076269,0.075534",12.156416177749634
per_sightline,1,46,5,52429,13107,0.29769398624296395,0.16185258586845405,0.15639304241684468,0.1898399785221319,0.09205013247060609,0.0017268204151620777,0.0236888570105939,0.20832308972169764,-0.004730518100216019,"0.172772,0.455128,0.268926,0.103175,0.453464,0.133354,0.317669,0.095514,0.319194,0.364663,0.179432,0.136710,0.102533,0.085139,0.107110,0.705218","0.050080,0.000000,0.048939,0.048847,0.046744,0.045713,0.045558,0.044529,0.044683,0.045084,0.045285,0.046327,0.047994,0.050235,0.051974,0.056971,0.062293,0.066054,0.077134,0.075558",12.367507219314575
per_sightline,1,47,1,52428,13108,0.28669514800122065,0.14749262536873156,0.14525480622520598,0.19023425426865498,0.08432266099761132,0.06752328543947564,0.004287437426403503,0.2171357932561496,-0.008849557522123908,"0.151968,0.472078,0.262435,0.113518,0.471163,0.109857,0.313091,0.105890,0.323467,0.347269,0.180653,0.148612,0.115349,0.076289,0.104059,0.704303","0.050881,0.000000,0.049087,0.048922,0.046758,0.045724,0.044884,0.044528,0.044256,0.044753,0.045244,0.045876,0.048648,0.050466,0.052306,0.059494,0.062048,0.063097,0.077543,0.075485",12.267276287078857
per_sightline,1,47,2,52429,13107,0.2918608597011099,0.15176482555182583,0.14433933475740007,0.1892895746552577,0.08019550867239314,0.004046461340219643,0.03492843954883788,0.14135273738810006,-0.0035851075483361305,"0.166616,0.458346,0.267318,0.107720,0.486726,0.113518,0.303021,0.096735,0.324992,0.356118,0.175160,0.143729,0.111111,0.077534,0.099206,0.712149","0.049886,0.000000,0.049071,0.048927,0.046808,0.045744,0.045097,0.044650,0.044326,0.044551,0.045047,0.045401,0.048706,0.050136,0.052129,0.059047,0.062143,0.064716,0.078119,0.075497",12.324933052062988
per_sightline,1,47,3,52429,13107,0.2965511140099178,0.15758234182097472,0.1526078734272204,0.19078613033035782,0.0474394350862102,0.0010280189984586874,0.006542150655170065,0.18047665344909894,0.0011444324840724218,"0.167531,0.456515,0.271895,0.104059,0.466280,0.113213,0.315838,0.104669,0.300977,0.351648,0.192002,0.155372,0.092157,0.081172,0.113213,0.713457","0.050373,0.000000,0.049005,0.048749,0.047303,0.046251,0.045307,0.044624,0.043940,0.044812,0.045230,0.046084,0.048740,0.050732,0.051901,0.058928,0.061683,0.063039,0.078113,0.075187",12.140455961227417
per_sightline,1,47,4,52429,13107,0.2923497538808799,0.15452350461505177,0.15488565362688037,0.19026755271097778,0.0938058552707549,0.019803703455519454,0.03953878138228777,0.16637179836056423,-0.0022134838849822147,"0.153799,0.481233,0.258773,0.106195,0.456044,0.120574,0.319597,0.103785,0.310040,0.350320,0.189197,0.150442,0.098871,0.083003,0.112298,0.705829","0.050138,0.000000,0.049105,0.048748,0.047076,0.045493,0.045124,0.044762,0.044547,0.044740,0.044967,0.045937,0.048872,0.050491,0.051923,0.059516,0.062402,0.063273,0.078975,0.073910",12.206372499465942
per_sightline,1,47,5,52429,13107,0.29586332275529714,0.15707216302272756,0.14739090631675314,0.19100638016130084,0.09312101018377841,0.043163784098217556,0.00719760858684798,0.184494582175578,-0.004119947627729159,"0.176435,0.457570,0.258547,0.107448,0.468111,0.116875,0.300275,0.114739,0.309735,0.361001,0.177907,0.151358,0.094904,0.080256,0.112603,0.712237","0.050173,0.000000,0.048986,0.048991,0.047004,0.045917,0.045415,0.044645,0.044394,0.044854,0.045503,0.046178,0.048960,0.050365,0.052243,0.058899,0.061743,0.063013,0.078077,0.074638",12.19291067123413
per_sightline,1,48,1,52428,13108,0.2960787305462313,0.15980063065812225,0.15730851388465059,0.18949096188674094,0.08806721473471944,0.025093165129026845,0.001849707904385083,0.23919127853692945,0.0005340250228867416,"0.164785,0.454074,0.279524,0.101617,0.468721,0.118706,0.308514,0.104059,0.304547,0.358255,0.195911,0.141288,0.095209,0.083918,0.115960,0.704913","0.050242,0.000000,0.048740,0.048910,0.047119,0.045979,0.045190,0.044752,0.044273,0.045104,0.045166,0.045890,0.048600,0.049836,0.052447,0.058558,0.063493,0.064546,0.076541,0.074616",12.095586061477661
per_sightline,1,48,2,52429,13107,0.29147959955482083,0.1504424778761062,0.14754348489472077,0.18908095608081243,0.0815916940411754,0.03120274522558525,0.03187190944467783,0.1503661008086036,-0.005874298539083389,"0.156240,0.485200,0.252670,0.105890,0.471468,0.116265,0.304547,0.107720,0.331706,0.346048,0.178822,0.143424,0.104090,0.076313,0.105006,0.714591","0.050407,0.000000,0.048922,0.049044,0.047192,0.045900,0.045239,0.044579,0.044179,0.044999,0.045100,0.046216,0.048181,0.049584,0.052580,0.057632,0.063181,0.065961,0.077182,0.073922",12.104813575744629
per_sightline,1,48,3,52429,13107,0.29403338117482153,0.15798896963071513,0.15337039371979866,0.18868662635644412,0.0762982928500659,0.009552822464461925,0.024470299633982,0.14437699900803128,-0.003508748397366035,"0.167226,0.458651,0.274336,0.099786,0.471163,0.117180,0.304242,0.107415,0.306166,0.356532,0.189560,0.147741,0.093683,0.080256,0.123894,0.702167","0.050346,0.000000,0.049020,0.049417,0.046970,0.045866,0.045377,0.044722,0.044183,0.044851,0.045055,0.045898,0.048087,0.049647,0.052878,0.056981,0.063650,0.064935,0.077229,0.074889",12.285793781280518
per_sightline,1,48,4,52429,13107,0.2931124138974307,0.1513699035060036,0.15274908778875823,0.18888026061705315,0.08652372520404485,0.0252586170481651,0.03177802680914638,0.1930035743667057,-0.0024415134080986722,"0.148612,0.467196,0.276778,0.107415,0.465201,0.117521,0.315324,0.101954,0.303021,0.353067,0.187977,0.155935,0.097955,0.071102,0.112603,0.718340","0.050581,0.000000,0.049489,0.048811,0.047006,0.045685,0.045225,0.044764,0.044153,0.044934,0.045144,0.045933,0.047875,0.049929,0.052443,0.057134,0.063962,0.065316,0.077450,0.074166",12.305455923080444
per_sightline,1,48,5,52429,13107,0.29120900079475,0.15310421955219025,0.1458651205370766,0.18860338469873825,0.0640438443935886,0.00566539898932094,0.016907158716360136,0.15599981006757224,-0.003281487356098234,"0.167582,0.467338,0.253053,0.112027,0.475130,0.115655,0.303937,0.105279,0.330790,0.345743,0.176076,0.147391,0.104059,0.083918,0.106500,0.705523","0.050337,0.000000,0.048889,0.048934,0.047128,0.045660,0.045081,0.044528,0.044186,0.045132,0.045031,0.045940,0.047760,0.049872,0.053252,0.057919,0.062889,0.065742,0.077911,0.073807",11.989405155181885
per_sightline,1,49,1,52428,13108,0.29325602685382973,0.1556301495270064,0.15196826365578273,0.1912298485084853,0.07787621956542569,0.015274512524186367,0.03819670452199843,0.13552320092786763,-0.004424778761061954,"0.162954,0.459567,0.262435,0.115044,0.455905,0.119011,0.324382,0.100702,0.314312,0.341776,0.184925,0.158987,0.104059,0.076594,0.113213,0.706134","0.049910,0.000000,0.049148,0.048603,0.047173,0.045692,0.045293,0.044609,0.044372,0.045136,0.045317,0.045592,0.049165,0.051156,0.051689,0.056205,0.061962,0.065857,0.077403,0.075716",12.336653232574463
per_sightline,1,49,2,52429,13107,0.2932335080069288,0.15603702573492015,0.15059505645407384,0.1914261569969223,0.10860952455715814,0.045827323725006204,0.0009372665275666765,0.1962841137540989,-0.002517499961808778,"0.166921,0.468111,0.250534,0.114434,0.482148,0.114434,0.308209,0.095209,0.308819,0.341471,0.186756,0.162954,0.104090,0.084249,0.106838,0.704823","0.050826,0.000000,0.048976,0.048880,0.046902,0.045847,0.045125,0.044604,0.044319,0.044953,0.045544,0.045919,0.048963,0.051001,0.051700,0.057020,0.062064,0.065912,0.076285,0.075161",12.45829463005066
per_sightline,1,49,3,52429,13107,0.2986862593209862,0.15656387826055204,0.1487914994170716,0.19069857475573831,0.05680918613641032,0.008451629154343405,0.06562821080506617,0.23066492963625823,-0.004806341642624834,"0.172109,0.444614,0.272810,0.110467,0.465365,0.118096,0.311260,0.105279,0.316545,0.352869,0.179487,0.151099,0.099176,0.070796,0.104974,0.725053","0.050143,0.000000,0.049120,0.048681,0.047253,0.045570,0.045225,0.044655,0.044303,0.044866,0.045323,0.045744,0.048876,0.050756,0.052026,0.056910,0.063227,0.065360,0.076063,0.075900",12.335675477981567
per_sightline,1,49,4,52429,13107,0.2889168290259227,0.15076002389093632,0.15290231841193086,0.1917174961835472,0.07319632098038369,0.06819518378054656,0.019243201699350457,0.15351284643395352,-0.008239802106143335,"0.146475,0.482759,0.271590,0.099176,0.460012,0.121795,0.311050,0.107143,0.321025,0.354593,0.184010,0.140372,0.103448,0.079646,0.113518,0.703387","0.050404,0.000000,0.049106,0.048419,0.047049,0.045809,0.045437,0.044479,0.044527,0.044968,0.045654,0.045949,0.049111,0.051003,0.052061,0.056712,0.062899,0.064860,0.076757,0.074799",12.737388849258423
per_sightline,1,49,5,52429,13107,0.29059803443767435,0.15208615963879926,0.14861153494049437,0.18980952580070426,0.06900871642913448,0.015379764193144045,0.007498125869307505,0.1858416307302708,-0.002823122864319072,"0.159035,0.469170,0.266789,0.105006,0.474214,0.111382,0.306683,0.107720,0.314312,0.362832,0.185841,0.137016,0.100092,0.079341,0.114434,0.706134","0.050710,0.000000,0.048730,0.048815,0.047345,0.045979,0.045118,0.044500,0.044340,0.045280,0.045356,0.045560,0.048598,0.050296,0.052514,0.057508,0.062008,0.067264,0.075109,0.074971",12.606971740722656
per_sightline,1,50,1,52428,13108,0.29737564845895637,0.1570542162547045,0.14861153494049437,0.19020183682511035,0.06722640692827915,0.02213135373972793,0.05794254910132425,0.23125629473593928,-0.0020598108025633444,"0.173940,0.458041,0.263656,0.104364,0.473299,0.110772,0.312481,0.103448,0.299664,0.358865,0.186451,0.155020,0.100702,0.074153,0.106805,0.718340","0.050500,0.000000,0.049179,0.048908,0.047220,0.045787,0.044961,0.044748,0.044235,0.044702,0.045151,0.046078,0.048307,0.050665,0.052042,0.056728,0.059507,0.064026,0.081105,0.076151",12.057959794998169
per_sightline,1,50,2,52429,13107,0.2885796285056279,0.15084935408401992,0.1464754348489472,0.18987847689009402,0.0990944277326433,0.03546023722509293,0.01072523380152319,0.1249125220936634,-0.0023643624879511327,"0.159597,0.455600,0.267623,0.117180,0.470857,0.113824,0.300885,0.114434,0.327128,0.348489,0.179127,0.145255,0.105006,0.080891,0.112332,0.701770","0.049973,0.000000,0.048961,0.048730,0.046892,0.045769,0.044894,0.044824,0.044349,0.045037,0.045298,0.046282,0.048060,0.050238,0.051890,0.057289,0.062354,0.062879,0.080122,0.076158",12.099615812301636
per_sightline,1,50,3,52429,13107,0.2967794928429655,0.15880231839951095,0.15123368815770402,0.19043642102116065,0.06878834602582742,0.012765068141577985,0.010123542550705305,0.13724804246249003,-0.002060276549138318,"0.173940,0.452853,0.275252,0.097955,0.469942,0.116875,0.306683,0.106500,0.322344,0.353785,0.185592,0.138278,0.095209,0.082087,0.111993,0.710711","0.050506,0.000000,0.048766,0.048821,0.046957,0.045412,0.045090,0.044633,0.044367,0.044833,0.045157,0.046140,0.048322,0.050817,0.052564,0.056809,0.059589,0.064333,0.079933,0.076949",12.27574896812439
per_sightline,1,50,4,52429,13107,0.29479038237048616,0.15167453281582058,0.14511936712119808,0.1901510570447016,0.0879105926005066,0.012414339716342664,0.020865857010181937,0.21761215001726927,-0.003967811509007713,"0.164785,0.472078,0.253280,0.109857,0.486569,0.112332,0.304029,0.097070,0.327434,0.346659,0.177907,0.148001,0.085444,0.086359,0.104059,0.724138","0.050382,0.000000,0.049124,0.049024,0.047277,0.045901,0.045315,0.044705,0.044278,0.044865,0.045307,0.046199,0.047740,0.050905,0.052329,0.056573,0.060089,0.064308,0.079975,0.075703",12.303524017333984
per_sightline,1,50,5,52429,13107,0.2880805810505231,0.1508656552141447,0.14617027769301189,0.19024674691844323,0.08379916027874433,0.013638415499267196,0.005009103667367431,0.20529661945726496,-0.001983614662894484,"0.160256,0.475885,0.258547,0.105311,0.461398,0.115349,0.309124,0.114129,0.303631,0.361001,0.176991,0.158377,0.103143,0.077815,0.119316,0.699725","0.050169,0.000000,0.048671,0.048741,0.047058,0.045794,0.045400,0.044896,0.044135,0.044833,0.045542,0.046091,0.048099,0.050514,0.051777,0.057537,0.059768,0.064383,0.080288,0.076305",12.12482476234436
per_sightline,1,51,1,52428,13108,0.29089105889533107,0.15034075882412776,0.14388159902349712,0.18981616223328102,0.0802857247907412,0.0494387528618766,0.03722949084035237,0.15905919398729154,-0.007934086054318001,"0.163259,0.470857,0.259689,0.106195,0.468721,0.115960,0.314617,0.100702,0.321636,0.356729,0.171803,0.149832,0.096125,0.078120,0.113213,0.712542","0.050521,0.000000,0.048957,0.049044,0.047294,0.045687,0.045240,0.044590,0.044145,0.045093,0.045013,0.046121,0.048095,0.050588,0.051986,0.059118,0.059895,0.065461,0.078077,0.075074",12.221627712249756
per_sightline,1,51,2,52429,13107,0.2942255016370061,0.15634218289085547,0.15227342081171805,0.1888260023835275,0.0728545951204783,0.016158976772074184,0.017362036475687112,0.17260082554334696,0.0007633353490845707,"0.164480,0.468721,0.260299,0.106500,0.458956,0.119316,0.313091,0.108636,0.317058,0.345743,0.185230,0.151968,0.100427,0.080891,0.110806,0.707875","0.050313,0.000000,0.048791,0.048791,0.046737,0.046030,0.045353,0.044589,0.044630,0.045195,0.044650,0.045945,0.047989,0.050242,0.051457,0.059432,0.060496,0.065196,0.078719,0.075444",12.639763116836548
per_sightline,1,51,3,52429,13107,0.28930307266056426,0.15107157729983486,0.14848713403031377,0.19013677766466075,0.08739618222165081,0.006333612099768208,0.0018478299774239374,0.20686570445049224,-0.0038142781505613454,"0.156240,0.460787,0.276778,0.106195,0.485810,0.112298,0.300885,0.101007,0.308913,0.357143,0.184676,0.149267,0.099786,0.078425,0.117791,0.703998","0.050714,0.000000,0.048893,0.049174,0.047281,0.045710,0.044969,0.044969,0.044249,0.044927,0.044677,0.046438,0.048101,0.050921,0.052111,0.059107,0.060578,0.063860,0.078444,0.074876",12.061554670333862
per_sightline,1,51,4,52429,13107,0.29471383692088604,0.15391201041185784,0.14649206200167447,0.19000790330455467,0.0778483255003937,0.04906681600457526,0.015001761359017141,0.13548348099091292,-0.005264822571047767,"0.168752,0.456210,0.261215,0.113824,0.467643,0.108974,0.315934,0.107448,0.305462,0.356118,0.184010,0.154410,0.097345,0.090021,0.095514,0.717119","0.050166,0.000000,0.049057,0.048704,0.047296,0.046046,0.045298,0.044485,0.044522,0.044922,0.045098,0.045886,0.048593,0.050431,0.051750,0.058927,0.060837,0.065027,0.078538,0.074416",11.850006818771362
per_sightline,1,51,5,52429,13107,0.28632550823197755,0.1491358724346213,0.14632285627097957,0.18909950598819003,0.10737013668092481,0.030865325303175876,0.027171164279211492,0.2000824293940316,-0.004883259689484887,"0.154762,0.464591,0.276557,0.104090,0.468721,0.109857,0.310955,0.110467,0.320720,0.348795,0.182789,0.147696,0.112298,0.073848,0.115960,0.697894","0.049966,0.000000,0.048893,0.048835,0.046925,0.045702,0.045307,0.044712,0.044232,0.044987,0.045159,0.045760,0.047761,0.050420,0.051856,0.059568,0.061108,0.065022,0.079032,0.074757",12.140984535217285
per_sightline,4,42,1,13107,3277,0.37780718603889335,0.2330876440632538,0.19780219780219782,0.19507602629938975,0.1104300433209957,0.05622944309877928,0.09759135614204144,0.26703509339119924,-0.0018307573185622483,"0.303659,0.358537,0.273171,0.064634,0.479853,0.195360,0.266178,0.058608,0.344322,0.332112,0.200244,0.123321,0.062271,0.064713,0.061050,0.811966","0.047290,0.000000,0.043755,0.042501,0.042313,0.040183,0.040997,0.039774,0.040132,0.041060,0.042532,0.047782,0.051670,0.053092,0.061647,0.069309,0.069077,0.068343,0.086185,0.072358",2.567063093185425
per_sightline,4,42,2,13107,3277,0.3711289049703684,0.2241832693052205,0.18853375621668306,0.1919808302710739,0.049604722832999625,0.03397710675434851,0.1263749796746083,0.1960582031530835,-0.004275365555853394,"0.295482,0.385836,0.257631,0.061050,0.448780,0.181707,0.304878,0.064634,0.376068,0.311355,0.195360,0.117216,0.054945,0.046398,0.086691,0.811966","0.047789,0.000000,0.044277,0.042782,0.042506,0.040674,0.040764,0.040525,0.040398,0.041312,0.041913,0.047133,0.049508,0.053427,0.061999,0.066256,0.073953,0.067579,0.085335,0.071871",2.600463390350342
per_sightline,4,42,3,13107,3277,0.38180410375532325,0.24004486931316196,0.20683165073408977,0.19404411858802328,0.025075632907529066,0.09686252115767155,0.061995679089906844,0.21452774092238072,-0.0009183567110396806,"0.306471,0.365079,0.247863,0.080586,0.481074,0.203907,0.247863,0.067155,0.364634,0.309756,0.209756,0.115854,0.053724,0.061050,0.078144,0.807082","0.047311,0.000000,0.043956,0.043126,0.042614,0.040309,0.040942,0.039209,0.039947,0.040948,0.042002,0.048538,0.050612,0.052892,0.060492,0.066749,0.072231,0.071342,0.083283,0.073497",2.543475866317749
per_sightline,4,42,4,13107,3277,0.3855862294886685,0.24094424094424094,0.1971916971916972,0.1957099023609842,0.03023195274867071,0.10210677833780521,0.04271869747564712,0.24553545916959002,0.0002989219452633751,"0.328449,0.355311,0.247863,0.068376,0.449328,0.200244,0.273504,0.076923,0.333333,0.341880,0.194139,0.130647,0.067073,0.053659,0.059756,0.819512","0.047209,0.000000,0.043688,0.042495,0.042685,0.040769,0.040724,0.040430,0.039925,0.041144,0.042267,0.048214,0.051841,0.053388,0.059614,0.064970,0.071654,0.073388,0.084168,0.071426",2.6979963779449463
per_sightline,4,42,5,13108,3276,0.37606837606837606,0.23931623931623933,0.19413919413919414,0.19607058634156577,0.06947152273251087,0.08291380057171654,0.01549138774552266,0.3427931103329539,-0.007936507936507908,"0.329670,0.367521,0.218559,0.084249,0.500611,0.192918,0.234432,0.072039,0.360195,0.308913,0.195360,0.135531,0.068376,0.061050,0.084249,0.786325","0.047820,0.000000,0.043908,0.042520,0.042054,0.040792,0.040375,0.039977,0.040124,0.041400,0.042538,0.048637,0.051032,0.053863,0.059432,0.068050,0.072853,0.067155,0.084004,0.073467",2.586799144744873
per_sightline,4,43,1,13107,3277,0.3826811399982132,0.2465052562613538,0.20146520146520147,0.1951006165135724,0.0363012409516184,0.08375535433275429,0.08299424388008979,0.30285479633403534,-0.013421334762798165,"0.336585,0.341463,0.247561,0.074390,0.451770,0.211233,0.268620,0.068376,0.332112,0.352869,0.191697,0.123321,0.062271,0.065934,0.080586,0.791209","0.046374,0.000000,0.043746,0.043872,0.041566,0.040645,0.040147,0.040221,0.040820,0.040782,0.042536,0.047274,0.051958,0.053332,0.056789,0.066708,0.076281,0.075079,0.081395,0.070475",2.756112813949585
per_sightline,4,43,2,13107,3277,0.37387615771762117,0.23150927663122786,0.1860917537746806,0.19255868805646098,0.025120519906775024,0.05425266865618419,0.028773280668418593,0.26546979204897964,-0.0009124006075225122,"0.322344,0.373626,0.239316,0.064713,0.453659,0.181707,0.293902,0.070732,0.372405,0.301587,0.190476,0.135531,0.069597,0.051282,0.078144,0.800977","0.046763,0.000000,0.044083,0.043875,0.042170,0.040742,0.040101,0.040217,0.040760,0.042060,0.042029,0.045692,0.051225,0.053612,0.056990,0.066079,0.079888,0.070455,0.081667,0.071591",2.8349790573120117
per_sightline,4,43,3,13107,3277,0.3750971589386224,0.2315092766312279,0.18670225438518123,0.19420634279352753,0.1373636474332297,0.07086288758934915,0.0888369324661738,0.24991366022449665,-0.01342282378867743,"0.321123,0.372405,0.240537,0.065934,0.463980,0.191697,0.272283,0.072039,0.370732,0.337805,0.181707,0.109756,0.054945,0.062271,0.076923,0.805861","0.046830,0.000000,0.044357,0.043441,0.041953,0.040391,0.040250,0.040178,0.040593,0.041786,0.042569,0.046800,0.051612,0.053226,0.057200,0.065805,0.075687,0.073429,0.082294,0.071599",2.772247552871704
per_sightline,4,43,4,13107,3277,0.3745987075255368,0.22792022792022792,0.17216117216117216,0.19528261548167294,0.033370204502223395,0.054019895507122884,0.04737376153350257,0.26871322606680087,0.002436790851425008,"0.339438,0.367521,0.221001,0.072039,0.472527,0.169719,0.299145,0.058608,0.369963,0.344322,0.174603,0.111111,0.069512,0.052439,0.063415,0.814634","0.046303,0.000000,0.043478,0.043466,0.041953,0.040934,0.040457,0.040638,0.041617,0.041765,0.042083,0.047223,0.051989,0.053988,0.057147,0.067893,0.075494,0.074182,0.079190,0.070197",2.6452884674072266
per_sightline,4,43,5,13108,3276,0.38858363858363854,0.24338624338624337,0.19169719169719168,0.1928840697929598,0.011847257110624374,0.05198116984250657,0.055816076999319,0.2245554631583894,0.007936507936507908,"0.346764,0.366300,0.222222,0.064713,0.450549,0.199023,0.266178,0.084249,0.336996,0.344322,0.184371,0.134310,0.053724,0.047619,0.074481,0.824176","0.046205,0.000000,0.043857,0.044137,0.041463,0.041128,0.040344,0.040558,0.040946,0.042081,0.042096,0.047175,0.050601,0.053013,0.058165,0.066883,0.075835,0.073064,0.079079,0.073372",2.638453722000122
per_sightline,4,44,1,13107,3277,0.36193789273057564,0.2221035964938404,0.18742368742368742,0.19779154490764317,0.06439258858788538,0.015505948901378252,0.026092233335990117,0.2525393178189208,-0.015256931415468022,"0.291463,0.380488,0.248780,0.079268,0.437118,0.200244,0.289377,0.073260,0.372405,0.330891,0.174603,0.122100,0.056166,0.057387,0.105006,0.781441","0.046075,0.000000,0.043074,0.043916,0.042215,0.040702,0.041048,0.040280,0.041281,0.040938,0.042359,0.047239,0.051985,0.056209,0.058249,0.070368,0.070630,0.074455,0.077981,0.070995",2.6199119091033936
per_sightline,4,44,2,13107,3277,0.3757024479585455,0.23028132662279002,0.19218633669853183,0.19502187601875648,0.07824701922822412,0.07861965099447081,0.05699321017384146,0.2725222387195417,-0.001831129575032009,"0.306471,0.372405,0.250305,0.070818,0.448780,0.198780,0.279268,0.073171,0.355311,0.338217,0.185592,0.120879,0.056166,0.065934,0.065934,0.811966","0.046224,0.000000,0.044310,0.044997,0.042352,0.040366,0.040898,0.040340,0.040215,0.041565,0.041764,0.046962,0.051686,0.054610,0.057481,0.071611,0.071335,0.074055,0.076846,0.072382",2.6087679862976074
per_sightline,4,44,3,13107,3277,0.3720450281425891,0.23598677745019211,0.18242949462461658,0.19574363631617744,0.005782311638892428,0.05004422944741944,0.028031577820738108,0.3251396721799581,-0.007932785371809747,"0.343101,0.360195,0.234432,0.062271,0.495726,0.184371,0.261294,0.058608,0.360976,0.328049,0.180488,0.130488,0.073260,0.064713,0.081807,0.780220","0.046529,0.000000,0.043665,0.043939,0.041822,0.041201,0.040906,0.040504,0.041085,0.041190,0.042117,0.047361,0.050640,0.055627,0.057613,0.069769,0.071227,0.073000,0.079899,0.071907",2.583296775817871
per_sightline,4,44,4,13107,3277,0.3852828404657672,0.24257224257224252,0.19597069597069597,0.198514473429631,0.0689467754141896,0.07706618263980616,0.10151195694224113,0.21927155251980965,0.0027461359778432337,"0.335775,0.357753,0.241758,0.064713,0.477411,0.186813,0.272283,0.063492,0.373626,0.291819,0.205128,0.129426,0.048780,0.063415,0.074390,0.813415","0.046235,0.000000,0.043974,0.043301,0.042350,0.040743,0.040552,0.040086,0.040944,0.041290,0.042237,0.048014,0.053045,0.055219,0.057904,0.072523,0.072142,0.071249,0.077196,0.070996",2.7647297382354736
per_sightline,4,44,5,13108,3276,0.37362637362637363,0.23565323565323562,0.18925518925518925,0.19971315556251218,0.0009454010746505443,0.0713190390222279,0.08309360278355317,0.2116851154634771,-0.007020757020756996,"0.328449,0.380952,0.219780,0.070818,0.506716,0.208791,0.225885,0.058608,0.377289,0.336996,0.169719,0.115995,0.064713,0.080586,0.067155,0.787546","0.046172,0.000000,0.043692,0.043578,0.041945,0.040845,0.040557,0.040862,0.040849,0.041472,0.043139,0.048450,0.052246,0.055879,0.057982,0.069104,0.073095,0.071791,0.076419,0.071926",2.6647422313690186
per_sightline,4,45,1,13107,3277,0.37689069061020275,0.23756365585633876,0.2032967032967033,0.19340098867196243,0.01673658876002876,0.03553880035134153,0.11150305149790676,0.3273345100647424,-0.008540680187021699,"0.306098,0.365854,0.280488,0.047561,0.437118,0.211233,0.286935,0.064713,0.346764,0.344322,0.195360,0.113553,0.063492,0.052503,0.089133,0.794872","0.047201,0.000000,0.043381,0.043758,0.042415,0.041135,0.040569,0.040229,0.040742,0.042227,0.041824,0.047228,0.050870,0.053479,0.057347,0.062957,0.081572,0.072982,0.078578,0.071505",2.556777000427246
per_sightline,4,45,2,13107,3277,0.3750941808868638,0.2323193067095506,0.19890631049167634,0.19438627312754098,0.05014902011856354,0.07282259428956672,0.07883897347161478,0.30035433500652137,-0.01312055153518571,"0.299145,0.380952,0.241758,0.078144,0.462195,0.191463,0.269512,0.076829,0.358974,0.324786,0.206349,0.109890,0.074481,0.050061,0.072039,0.803419","0.047570,0.000000,0.043145,0.043166,0.043055,0.040861,0.041387,0.040500,0.041117,0.042864,0.042011,0.047216,0.051265,0.053894,0.058053,0.061600,0.078487,0.073258,0.080409,0.070141",2.6240181922912598
per_sightline,4,45,3,13107,3277,0.3805920366895977,0.23924278070619534,0.1885345007296227,0.19252492384432862,0.013546272443353729,0.08265350606261451,0.013886535443690413,0.23935758371642685,-0.004573915244646953,"0.340659,0.368742,0.222222,0.068376,0.490842,0.196581,0.241758,0.070818,0.343902,0.328049,0.180488,0.147561,0.056166,0.053724,0.085470,0.804640","0.047791,0.000000,0.043090,0.043120,0.042728,0.041559,0.040547,0.040111,0.040848,0.041753,0.041723,0.046754,0.050995,0.053054,0.057529,0.062033,0.080522,0.071919,0.081005,0.072922",2.6731173992156982
per_sightline,4,45,4,13107,3277,0.37735489442806514,0.24135124135124134,0.2032967032967033,0.19502046107209256,0.1287199958740587,0.10886863279138935,0.07281726709970425,0.24400661815506247,0.000609011584621344,"0.317460,0.343101,0.266178,0.073260,0.476190,0.194139,0.267399,0.062271,0.369963,0.300366,0.212454,0.117216,0.060976,0.064634,0.089024,0.785366","0.046748,0.000000,0.044444,0.043778,0.042518,0.041252,0.040336,0.040079,0.041207,0.041716,0.041932,0.047258,0.051822,0.054009,0.057406,0.066574,0.081078,0.069097,0.079322,0.069425",2.7922019958496094
per_sightline,4,45,5,13108,3276,0.3733211233211233,0.2344322344322344,0.18742368742368742,0.1936062792421252,0.024668616556257492,0.0825904837541447,0.09159164966957337,0.23118227371677352,-0.003968253968253954,"0.328449,0.368742,0.228327,0.074481,0.472527,0.188034,0.273504,0.065934,0.347985,0.350427,0.186813,0.114774,0.069597,0.058608,0.081807,0.789988","0.047196,0.000000,0.043638,0.044173,0.042904,0.041153,0.040958,0.040494,0.041019,0.042198,0.042341,0.046987,0.050119,0.054160,0.058305,0.062680,0.078197,0.074291,0.079216,0.069972",2.724369764328003
per_sightline,4,46,1,13107,3277,0.3707920128651836,0.23228108837864936,0.20573870573870573,0.19289723022961217,0.0017743489967381946,0.02219867395704324,0.012080181424575832,0.2305211587860008,-0.007314839631912817,"0.285366,0.393902,0.250000,0.070732,0.449328,0.192918,0.277167,0.080586,0.354090,0.305250,0.218559,0.122100,0.070818,0.062271,0.080586,0.786325","0.045606,0.000000,0.043694,0.042694,0.041734,0.040695,0.040830,0.040201,0.040985,0.041466,0.042591,0.046772,0.051180,0.052353,0.057486,0.069648,0.073136,0.079633,0.075660,0.073633",2.637280225753784
per_sightline,4,46,2,13107,3277,0.3897476845647577,0.25145031120640876,0.2001302897644361,0.19637050032275677,0.011331476909135786,0.06253759375421779,0.11141465749204871,0.2809499323965524,2.9780517585287214e-06,"0.354090,0.335775,0.240537,0.069597,0.487805,0.186585,0.251220,0.074390,0.346764,0.329670,0.213675,0.109890,0.065934,0.062271,0.067155,0.804640","0.045999,0.000000,0.043232,0.042630,0.041870,0.041319,0.040885,0.041376,0.040884,0.042000,0.042769,0.047985,0.051738,0.053879,0.056282,0.064642,0.072735,0.077474,0.079956,0.072345",2.60189151763916
per_sightline,4,46,3,13107,3277,0.38516036808719734,0.2432988872013262,0.19828166413532267,0.19523217797084869,0.010883135856300009,0.14134049494720377,0.0988004614333828,0.3390182862663757,-0.0027461359778432892,"0.333333,0.366300,0.224664,0.075702,0.463980,0.181929,0.274725,0.079365,0.364634,0.287805,0.214634,0.132927,0.058608,0.052503,0.078144,0.810745","0.047051,0.000000,0.043202,0.042908,0.041294,0.041162,0.040608,0.040137,0.041466,0.042257,0.042985,0.047951,0.051021,0.053275,0.054949,0.066556,0.075626,0.075715,0.078199,0.073638",2.6945457458496094
per_sightline,4,46,4,13107,3277,0.3886458054140981,0.2527472527472528,0.20573870573870573,0.19489996133028234,0.040077502910519675,0.04492322949426289,0.12964171081127654,0.19552543353470248,-0.004883632627535106,"0.346764,0.352869,0.227106,0.073260,0.479853,0.202686,0.240537,0.076923,0.341880,0.327228,0.208791,0.122100,0.069512,0.045122,0.089024,0.796341","0.046368,0.000000,0.042742,0.041887,0.042009,0.041161,0.040355,0.040809,0.041461,0.042296,0.042858,0.047169,0.051961,0.052912,0.056792,0.063920,0.075735,0.080086,0.077371,0.072107",2.714667797088623
per_sightline,4,46,5,13108,3276,0.40384615384615385,0.2673992673992674,0.221001221001221,0.19579656058620468,0.0032504747432159247,0.08081245573549388,0.028874201036399882,0.21347824421930034,0.002136752136752129,"0.360195,0.316239,0.256410,0.067155,0.467643,0.213675,0.271062,0.047619,0.346764,0.302808,0.228327,0.122100,0.067155,0.042735,0.076923,0.813187","0.046281,0.000000,0.043345,0.042839,0.041940,0.041449,0.041268,0.040684,0.041661,0.041408,0.042441,0.047133,0.051377,0.054846,0.056077,0.065316,0.070371,0.079926,0.079865,0.071772",2.594522476196289
per_sightline,4,47,1,13107,3277,0.3872610113463772,0.2408087395892274,0.19474969474969475,0.20013174850993598,0.005461479616257732,0.09309916132701908,0.0809658816607913,0.22528246830352192,-0.010063209148575003,"0.332927,0.376829,0.221951,0.068293,0.455433,0.192918,0.268620,0.083028,0.391941,0.300366,0.196581,0.111111,0.050061,0.051282,0.072039,0.826618","0.046780,0.000000,0.043105,0.042957,0.042362,0.040816,0.040545,0.040454,0.039988,0.040874,0.042851,0.047970,0.053032,0.056279,0.056145,0.067074,0.078773,0.068655,0.081188,0.070152",2.7511918544769287
per_sightline,4,47,2,13107,3277,0.3836367223562345,0.24777936607204898,0.20256037999940438,0.1976783618764456,0.08134779200934376,0.02790523708104804,0.10563844180164846,0.29817073312132575,-0.007328240864826252,"0.338217,0.361416,0.234432,0.065934,0.476829,0.206098,0.246341,0.070732,0.378510,0.311355,0.199023,0.111111,0.053724,0.063492,0.091575,0.791209","0.048583,0.000000,0.043154,0.042666,0.042000,0.040457,0.040082,0.040034,0.040079,0.041089,0.042328,0.047523,0.051755,0.056072,0.057184,0.067643,0.078862,0.068752,0.080290,0.071447",2.76920223236084
per_sightline,4,47,3,13107,3277,0.37447772417284614,0.2327183656451949,0.20255740194764585,0.1977551376394935,0.07732141004071863,0.036325866416591336,0.09087733591845827,0.24287633044095913,-0.009769126537419182,"0.293040,0.362637,0.261294,0.083028,0.450549,0.194139,0.295482,0.059829,0.342683,0.312195,0.210976,0.134146,0.064713,0.059829,0.075702,0.799756","0.048031,0.000000,0.043241,0.042263,0.041779,0.040035,0.040035,0.040159,0.040138,0.041232,0.042415,0.046685,0.052007,0.056649,0.056441,0.066870,0.078025,0.069510,0.082075,0.072410",2.5924742221832275
per_sightline,4,47,4,13107,3277,0.3932145090681676,0.24786324786324787,0.19474969474969475,0.19625139391079205,0.06354464143984484,0.07527314331505021,0.03347362988105558,0.24431445496423237,-0.0045806158611036984,"0.354090,0.374847,0.210012,0.061050,0.478632,0.194139,0.258852,0.068376,0.372405,0.308913,0.195360,0.123321,0.071951,0.043902,0.054878,0.829268","0.047061,0.000000,0.043259,0.043396,0.042172,0.040092,0.040791,0.040777,0.040193,0.041109,0.042350,0.047116,0.051566,0.055219,0.058191,0.067173,0.078480,0.068796,0.082605,0.069654",2.7062509059906006
per_sightline,4,47,5,13108,3276,0.3852258852258852,0.24297924297924298,0.20207570207570208,0.19872473645832828,0.03694714326486607,0.08274126758912224,0.004548009852966996,0.24274404485008785,-0.005799755799755835,"0.324786,0.378510,0.239316,0.057387,0.490842,0.190476,0.257631,0.061050,0.340659,0.334554,0.213675,0.111111,0.053724,0.065934,0.068376,0.811966","0.047168,0.000000,0.043202,0.043519,0.041871,0.040670,0.040182,0.040348,0.039718,0.040872,0.042194,0.047286,0.052937,0.056309,0.056173,0.066544,0.078147,0.069779,0.082065,0.071015",2.6287169456481934
per_sightline,4,48,1,13107,3277,0.3765761338932071,0.23958624934234693,0.19108669108669107,0.19415543614698597,0.08230062388899852,0.06640849965280683,0.10991694695791555,0.346082687823804,0.003357753357753346,"0.336585,0.374390,0.228049,0.060976,0.473748,0.200244,0.256410,0.069597,0.362637,0.345543,0.181929,0.109890,0.068376,0.053724,0.090354,0.787546","0.045893,0.000000,0.043725,0.044035,0.041446,0.040915,0.040142,0.040434,0.040383,0.041716,0.043252,0.047168,0.050528,0.053207,0.058363,0.065937,0.074217,0.074527,0.081868,0.072247",2.6707119941711426
per_sightline,4,48,2,13107,3277,0.38455805711903274,0.23964680306143724,0.19463503975699098,0.19537246460870955,0.023322995176781484,0.07090979428189766,0.07832731857976856,0.2828719296625217,-0.008845558235802131,"0.329670,0.376068,0.229548,0.064713,0.473171,0.187805,0.253659,0.085366,0.367521,0.306471,0.201465,0.124542,0.052503,0.052503,0.075702,0.819292","0.045145,0.000000,0.043160,0.043623,0.041581,0.041163,0.040415,0.040168,0.040493,0.041164,0.042202,0.047412,0.050795,0.054963,0.058957,0.066261,0.074837,0.075914,0.081080,0.070668",2.737074375152588
per_sightline,4,48,3,13107,3277,0.3671617677715239,0.22784776199410342,0.180599481818994,0.19351609962664518,0.11336963988580878,0.08775363567723361,0.08147826260891596,0.23570455980184607,-0.011902156109473205,"0.322344,0.352869,0.260073,0.064713,0.478632,0.183150,0.284493,0.053724,0.367073,0.339024,0.178049,0.115854,0.067155,0.058608,0.089133,0.785104","0.045961,0.000000,0.043282,0.044770,0.041343,0.040928,0.040540,0.039856,0.040333,0.041457,0.042346,0.047412,0.050731,0.053026,0.058209,0.064122,0.076128,0.076664,0.079402,0.073487",2.677272319793701
per_sightline,4,48,4,13107,3277,0.3886376157717621,0.24379324379324377,0.1923076923076923,0.19379513316303898,0.08422659987576106,0.05247752280802799,0.011569670987061128,0.2611993735143714,-0.0015296018344799212,"0.346764,0.354090,0.230769,0.068376,0.483516,0.186813,0.253968,0.075702,0.363858,0.297924,0.197802,0.140415,0.056098,0.040244,0.080488,0.823171","0.045767,0.000000,0.043316,0.044967,0.041792,0.040895,0.040154,0.040427,0.040397,0.040917,0.042418,0.046566,0.050756,0.054054,0.057179,0.065646,0.076531,0.074371,0.082833,0.071012",2.5899674892425537
per_sightline,4,48,5,13108,3276,0.39316239316239315,0.25274725274725274,0.2142857142857143,0.19402615442358842,0.0012468016502306845,0.06632245540171029,0.04645593065377418,0.21671920735341693,-0.000915750915750968,"0.329670,0.373626,0.221001,0.075702,0.477411,0.201465,0.266178,0.054945,0.352869,0.307692,0.227106,0.112332,0.064713,0.047619,0.073260,0.814408","0.045838,0.000000,0.043274,0.043868,0.042037,0.040991,0.040577,0.039744,0.040560,0.040857,0.042726,0.047504,0.051391,0.052405,0.057796,0.066251,0.077666,0.072071,0.081838,0.072605",2.692335367202759
per_sightline,4,49,1,13107,3277,0.3793237588969296,0.2428427489403099,0.19658119658119658,0.19594750226098465,0.10159369930611312,0.006999508539266177,0.07875792710940295,0.17884584188768812,-0.002132285059114336,"0.335366,0.358537,0.225610,0.080488,0.482295,0.189255,0.271062,0.057387,0.387057,0.297924,0.203907,0.111111,0.069597,0.059829,0.081807,0.788767","0.047178,0.000000,0.044420,0.044013,0.041047,0.041249,0.040629,0.040331,0.040885,0.041071,0.042322,0.045650,0.051880,0.056096,0.057185,0.065515,0.076106,0.080795,0.071175,0.072454",2.7545716762542725
per_sightline,4,49,2,13107,3277,0.38608356413234457,0.25389082462253193,0.19829655439411537,0.19854970879389883,0.010062406610520578,0.1398720031806289,0.13709601911837374,0.17761089820897893,-0.002439396646713776,"0.365079,0.335775,0.239316,0.059829,0.469512,0.190244,0.253659,0.086585,0.349206,0.336996,0.206349,0.107448,0.072039,0.061050,0.084249,0.782662","0.046794,0.000000,0.043947,0.043306,0.041047,0.040599,0.040332,0.040199,0.040319,0.040684,0.042250,0.046297,0.051920,0.058082,0.057718,0.067825,0.074918,0.078221,0.074300,0.071241",2.6069068908691406
per_sightline,4,49,3,13107,3277,0.3790609458292385,0.23231732134171157,0.18547231900890437,0.19876117937538187,0.014199796119250768,0.09779756121027319,0.09064093379749354,0.22543340151181704,-0.011596533547753085,"0.326007,0.366300,0.253968,0.053724,0.485958,0.174603,0.273504,0.065934,0.342683,0.321951,0.196341,0.139024,0.062271,0.045177,0.073260,0.819292","0.046905,0.000000,0.043397,0.043307,0.041316,0.041239,0.040456,0.040680,0.040677,0.040767,0.042779,0.046871,0.052575,0.056536,0.056336,0.066241,0.076376,0.079123,0.072810,0.071607",2.7763631343841553
per_sightline,4,49,4,13107,3277,0.38314646058548496,0.24013024013024012,0.19719169719169719,0.19903061399128927,0.04340747895827542,0.03669845127974775,0.03188699426543623,0.3147918711457727,-0.00763311891360674,"0.326007,0.368742,0.244200,0.061050,0.437118,0.199023,0.267399,0.096459,0.340659,0.301587,0.195360,0.162393,0.051220,0.057317,0.079268,0.812195","0.046726,0.000000,0.043426,0.043441,0.041346,0.040802,0.040623,0.040478,0.040294,0.041106,0.042707,0.046989,0.052698,0.056636,0.057196,0.065940,0.072924,0.078042,0.077737,0.070889",2.6861441135406494
per_sightline,4,49,5,13108,3276,0.3724053724053724,0.22344322344322343,0.17032967032967034,0.19784046420436596,0.04252039834348897,0.12668932602872332,0.19192666342302062,0.23122638950247665,-0.0024420024420024333,"0.329670,0.407814,0.192918,0.069597,0.493284,0.177045,0.273504,0.056166,0.420024,0.310134,0.163614,0.106227,0.054945,0.042735,0.083028,0.819292","0.047411,0.000000,0.044155,0.043494,0.041180,0.040756,0.040691,0.040167,0.040408,0.040583,0.042363,0.046645,0.052152,0.056680,0.057952,0.065761,0.074508,0.078357,0.074096,0.072639",2.7740237712860107
per_sightline,4,50,1,13107,3277,0.38511904761904764,0.24405779405779407,0.19108669108669107,0.1965658214132781,0.05690347153744622,0.071563015384915,0.05938959452073483,0.2582481046959721,-0.0021386134191012096,"0.350000,0.348780,0.235366,0.065854,0.455433,0.179487,0.293040,0.072039,0.372405,0.315018,0.202686,0.109890,0.051282,0.068376,0.072039,0.808303","0.047681,0.000000,0.043910,0.043251,0.042589,0.041638,0.040644,0.040317,0.040238,0.041187,0.042342,0.046771,0.050983,0.056470,0.057687,0.066748,0.070121,0.077570,0.080360,0.069492",2.696026086807251
per_sightline,4,50,2,13107,3277,0.3866933202299056,0.24330782135660187,0.19341106048423123,0.1969629656110785,0.058230912666042696,0.03770430038648393,0.0015083760018806203,0.2500035755850909,-0.008547008547008572,"0.343101,0.360195,0.233211,0.063492,0.441463,0.192683,0.286585,0.079268,0.332112,0.332112,0.194139,0.141636,0.059829,0.051282,0.072039,0.816850","0.046546,0.000000,0.044144,0.043373,0.042620,0.041190,0.040866,0.040720,0.040781,0.040680,0.042839,0.046836,0.050835,0.056453,0.059148,0.066204,0.069163,0.076395,0.081275,0.069933",2.5981056690216064
per_sightline,4,50,3,13107,3277,0.38363299979153637,0.2424833973614461,0.2049949373120105,0.19602390324457192,0.0885149915718858,0.1867808439011953,0.07852942160362597,0.2733389272229633,0.0012139283480746554,"0.317460,0.368742,0.238095,0.075702,0.501832,0.191697,0.253968,0.052503,0.339024,0.323171,0.218293,0.119512,0.051282,0.065934,0.075702,0.807082","0.047171,0.000000,0.043681,0.044386,0.042579,0.040984,0.040455,0.040191,0.040948,0.041069,0.042454,0.046282,0.050944,0.056345,0.058419,0.068157,0.068466,0.075993,0.081475,0.070002",2.605246067047119
per_sightline,4,50,4,13107,3277,0.3800954465588612,0.23768823768823769,0.19413919413919414,0.19687675389121895,0.031865292964886445,0.028853471487073016,0.08679036871666507,0.318173117543786,-0.0018288960362130569,"0.324786,0.372405,0.233211,0.069597,0.479853,0.179487,0.267399,0.073260,0.324786,0.358974,0.208791,0.107448,0.056098,0.042683,0.093902,0.807317","0.047171,0.000000,0.043187,0.043998,0.042256,0.040977,0.040883,0.040423,0.040749,0.041477,0.042166,0.046893,0.050317,0.057501,0.056451,0.068328,0.070689,0.080659,0.077921,0.067953",2.6200780868530273
per_sightline,4,50,5,13108,3276,0.38278388278388276,0.2442002442002442,0.19963369963369965,0.19368452962218544,0.001588334285028362,0.09539439090790724,0.024848435309721997,0.25859897803013027,-0.0027472527472527375,"0.333333,0.352869,0.246642,0.067155,0.434676,0.189255,0.306471,0.069597,0.354090,0.315018,0.210012,0.120879,0.046398,0.059829,0.095238,0.798535","0.047098,0.000000,0.043968,0.043567,0.042745,0.040848,0.040489,0.039983,0.039682,0.040764,0.042036,0.045320,0.050420,0.055907,0.060154,0.067446,0.071433,0.080462,0.079308,0.068368",2.6768534183502197
per_sightline,4,51,1,13107,3277,0.37932040858870125,0.23714027616466637,0.18253968253968256,0.19645387914013504,0.01033702673463863,0.0747272404000457,0.07125715289590513,0.28681025682280525,0.0021374966496917613,"0.346341,0.390244,0.217073,0.046341,0.466422,0.191697,0.274725,0.067155,0.361416,0.330891,0.173382,0.134310,0.067155,0.056166,0.070818,0.805861","0.045874,0.000000,0.043428,0.043337,0.041945,0.040946,0.040843,0.040636,0.040563,0.041264,0.042082,0.046894,0.050947,0.056531,0.057373,0.073314,0.070472,0.070169,0.081702,0.071679",2.6201038360595703
per_sightline,4,51,2,13107,3277,0.37234543911373175,0.23272432174871197,0.19646132999791538,0.19336553244964444,0.04182510713651444,0.04707490896072719,0.15804056745953113,0.2871587212791339,-2.6057952887681424e-06,"0.305250,0.356532,0.262515,0.075702,0.470732,0.196341,0.256098,0.076829,0.332112,0.352869,0.196581,0.118437,0.063492,0.056166,0.089133,0.791209","0.046140,0.000000,0.043649,0.043550,0.042758,0.040748,0.040779,0.040048,0.040574,0.041300,0.041707,0.046946,0.050862,0.053850,0.058549,0.073477,0.072355,0.070766,0.078717,0.073225",2.653460741043091
per_sightline,4,51,3,13107,3277,0.3839393668661961,0.24574088964332863,0.2007236665773251,0.1936464374766435,0.03226137993890369,0.1066307568453554,0.05580625315847595,0.2888659984490223,-0.0003082283570088329,"0.335775,0.361416,0.231990,0.070818,0.500611,0.186813,0.250305,0.062271,0.368293,0.290244,0.214634,0.126829,0.062271,0.051282,0.087912,0.798535","0.047015,0.000000,0.042882,0.043923,0.042378,0.041091,0.040379,0.040283,0.040127,0.041202,0.042520,0.046625,0.050005,0.054496,0.057833,0.072075,0.071668,0.071127,0.080005,0.074366",2.6799087524414062
per_sightline,4,51,4,13107,3277,0.3852850740045862,0.24501424501424499,0.2026862026862027,0.19516193224854506,0.0072870289388286555,0.060423189700175066,0.01415855746762501,0.18221583471196098,0.013729190863337237,"0.329670,0.377289,0.224664,0.068376,0.498168,0.189255,0.256410,0.056166,0.350427,0.328449,0.216117,0.105006,0.069512,0.054878,0.069512,0.806098","0.045917,0.000000,0.042446,0.043222,0.042528,0.040648,0.041043,0.040389,0.040739,0.041829,0.042505,0.046342,0.050060,0.056255,0.058008,0.070793,0.073158,0.071996,0.080524,0.071598",2.775372266769409
per_sightline,4,51,5,13108,3276,0.3794261294261294,0.2389092389092389,0.19841269841269843,0.19441332695169344,0.05877475326410556,0.10112225001381933,0.06387011126400034,0.2072323009345615,0.0027472527472527375,"0.319902,0.388278,0.225885,0.065934,0.444444,0.189255,0.275946,0.090354,0.323565,0.338217,0.207570,0.130647,0.062271,0.062271,0.074481,0.800977","0.046084,0.000000,0.042997,0.042895,0.041865,0.041010,0.040935,0.040469,0.040376,0.041646,0.041742,0.046656,0.050844,0.055171,0.059327,0.070185,0.072831,0.071371,0.080272,0.073323",2.6192941665649414
per_sightline,16,42,1,3276,820,0.524390243902439,0.41300813008130083,0.2682926829268293,0.27608899717260993,0.3033613042630104,0.13424857344368316,0.09868089823460692,0.20048998821977937,-0.007317073170731714,"0.702439,0.141463,0.136585,0.019512,0.385366,0.346341,0.234146,0.034146,0.448780,0.297561,0.190244,0.063415,0.019512,0.073171,0.048780,0.858537","0.044532,0.000000,0.037275,0.037639,0.037228,0.034257,0.036506,0.036240,0.035716,0.037586,0.039846,0.066472,0.084659,0.085111,0.061416,0.061547,0.061529,0.059822,0.073296,0.069322",0.8093552589416504
per_sightline,16,42,2,3277,819,0.5022477283596365,0.3886178861788618,0.24878048780487805,0.2703947722637724,0.1818508331584762,0.2190488683897611,0.0685172466238778,0.28709912922138786,-0.010969631755141096,"0.668293,0.170732,0.151220,0.009756,0.409756,0.326829,0.229268,0.034146,0.443902,0.326829,0.170732,0.058537,0.034314,0.044118,0.078431,0.843137","0.047293,0.000000,0.039577,0.038304,0.037724,0.035802,0.036176,0.035672,0.035543,0.037706,0.039424,0.070587,0.081879,0.078505,0.058537,0.059449,0.062230,0.061829,0.071609,0.072157",0.8519108295440674
per_sightline,16,42,3,3277,819,0.5075263032042086,0.3937749083373187,0.2565160210425634,0.26747104194265614,0.23796173832795853,0.14127689073175426,0.08435252292116532,0.35605933109183546,0.013450502152080435,"0.668293,0.156098,0.160976,0.014634,0.370732,0.341463,0.258537,0.029268,0.406863,0.338235,0.171569,0.083333,0.073171,0.043902,0.034146,0.848780","0.045468,0.000000,0.037420,0.038192,0.036544,0.035044,0.036981,0.035391,0.035929,0.036625,0.040090,0.068332,0.077769,0.081281,0.060932,0.062777,0.063066,0.066091,0.070150,0.071919",0.8005030155181885
per_sightline,16,42,4,3277,819,0.5090028694404591,0.3762314681970349,0.28385939741750355,0.27426691605030484,0.20736262359406765,0.11826538333911409,0.1998265225900962,0.20613185368480663,0.00859038737446205,"0.560976,0.165854,0.195122,0.078049,0.343137,0.382353,0.254902,0.019608,0.360976,0.360976,0.185366,0.092683,0.014634,0.029268,0.048780,0.907317","0.045086,0.000000,0.038931,0.038304,0.037625,0.034857,0.035408,0.036206,0.036213,0.037567,0.041173,0.069239,0.075084,0.088771,0.063074,0.064075,0.061469,0.062264,0.068419,0.066235",0.8511695861816406
per_sightline,16,42,5,3277,819,0.5142276422764227,0.39620596205962055,0.26097560975609757,0.26999783917495335,0.016180246005437604,0.0708348362742282,0.028846556114687085,0.2573513457874256,0.01099952175992347,"0.666667,0.132353,0.171569,0.029412,0.336585,0.360976,0.248780,0.053659,0.400000,0.312195,0.160976,0.126829,0.034146,0.034146,0.063415,0.868293","0.044552,0.000000,0.037693,0.037624,0.036519,0.035791,0.035468,0.036162,0.036519,0.038514,0.040851,0.070346,0.079566,0.079235,0.062490,0.063653,0.062707,0.061491,0.070581,0.070237",0.9329397678375244
per_sightline,16,43,1,3276,820,0.5158536585365854,0.38048780487804873,0.2707317073170732,0.2668199307864319,0.18020389685510596,0.09359475058206077,0.0927433986163116,0.3466312326030719,0.018292682926829285,"0.600000,0.175610,0.180488,0.043902,0.321951,0.351220,0.297561,0.029268,0.404878,0.341463,0.190244,0.063415,0.039024,0.014634,0.024390,0.921951","0.045687,0.000000,0.037097,0.037513,0.036052,0.036131,0.034348,0.035016,0.036035,0.036663,0.040341,0.063630,0.088692,0.074156,0.064402,0.061946,0.065573,0.065261,0.073559,0.067896",0.7844691276550293
per_sightline,16,43,2,3277,819,0.5181611669057867,0.3934959349593496,0.2707317073170732,0.26670748969326974,0.1576714784111711,0.0598821049636344,0.24790541935575885,0.18913751003892526,0.020761597321855618,"0.639024,0.146341,0.200000,0.014634,0.356098,0.336585,0.243902,0.063415,0.400000,0.307317,0.204878,0.087805,0.034314,0.039216,0.034314,0.892157","0.047929,0.000000,0.038708,0.038332,0.035308,0.035350,0.034461,0.034903,0.035764,0.036548,0.039140,0.060297,0.092187,0.075084,0.063890,0.063313,0.070167,0.062419,0.070088,0.066113",0.7906620502471924
per_sightline,16,43,3,3277,819,0.49784194165471063,0.3824884425314841,0.2688546150167384,0.27291310721017303,0.1755379101541227,0.22323901082143163,0.052336148434967845,0.2548080243092742,0.02198708751793399,"0.609756,0.156098,0.219512,0.014634,0.331707,0.307317,0.307317,0.053659,0.343137,0.318627,0.230392,0.107843,0.024390,0.053659,0.078049,0.843902","0.047271,0.000000,0.037902,0.037604,0.036031,0.035831,0.034349,0.034772,0.036434,0.035665,0.039617,0.062186,0.094732,0.076379,0.058939,0.064434,0.068854,0.063362,0.071054,0.064584",0.7915773391723633
per_sightline,16,43,4,3277,819,0.5467957914873267,0.41849194962537867,0.28627450980392155,0.26558364137465457,0.08608629808058756,0.23742946146641372,0.12363288359553208,0.2281870589351294,0.023194643711143104,"0.682927,0.185366,0.102439,0.029268,0.333333,0.372549,0.259804,0.034314,0.385366,0.351220,0.200000,0.063415,0.024390,0.014634,0.029268,0.931707","0.045877,0.000000,0.038611,0.036902,0.036644,0.036773,0.035534,0.034706,0.035222,0.035329,0.039015,0.061996,0.087831,0.076741,0.061849,0.064330,0.068239,0.064379,0.073293,0.066727",0.7844088077545166
per_sightline,16,43,5,3277,819,0.5227403156384505,0.41080822572931613,0.29268292682926833,0.26939247127087973,0.06343084955870545,0.13476183694031904,0.17121583489005265,0.20933916495820032,0.007305117168818764,"0.647059,0.112745,0.181373,0.058824,0.336585,0.400000,0.234146,0.029268,0.385366,0.380488,0.185366,0.048780,0.014634,0.058537,0.068293,0.858537","0.045045,0.000000,0.038243,0.037100,0.036239,0.034601,0.035539,0.035327,0.035759,0.035452,0.040443,0.058813,0.094798,0.075339,0.061193,0.059716,0.069222,0.061887,0.074654,0.070630",0.8460066318511963
per_sightline,16,44,1,3276,820,0.5182926829268293,0.4065040650406504,0.3,0.2611450839982372,0.31229148043784266,0.14791982488496813,0.16846645513552286,0.2996051758560514,0.004878048780487809,"0.619512,0.165854,0.200000,0.014634,0.360976,0.385366,0.214634,0.039024,0.351220,0.365854,0.214634,0.068293,0.014634,0.063415,0.068293,0.853659","0.043190,0.000000,0.038492,0.039638,0.036628,0.036029,0.036356,0.036954,0.036504,0.037287,0.038755,0.060469,0.083272,0.078649,0.068201,0.063139,0.066366,0.061697,0.073015,0.065360",0.801314115524292
per_sightline,16,44,2,3277,819,0.5328132472501196,0.408130081300813,0.2951219512195122,0.2576679119179336,0.28696130902477857,0.2385602598105639,0.26347200544298965,0.2919715934726673,0.009809899569584002,"0.634146,0.156098,0.160976,0.048780,0.365854,0.307317,0.287805,0.039024,0.385366,0.273171,0.282927,0.058537,0.024510,0.039216,0.029412,0.906863","0.045804,0.000000,0.038515,0.038394,0.035015,0.035868,0.035763,0.036521,0.035935,0.037751,0.040538,0.061854,0.080088,0.075187,0.069305,0.064984,0.063265,0.063864,0.074135,0.067214",0.7818841934204102
per_sightline,16,44,3,3277,819,0.5026901004304161,0.38407460545193683,0.2736728837876614,0.26372158853677313,0.2495683321409301,0.07620025079314412,0.041504802449651455,0.32226877131459036,0.019548063127690085,"0.604878,0.214634,0.156098,0.024390,0.395122,0.341463,0.229268,0.034146,0.392157,0.348039,0.205882,0.053922,0.029268,0.053659,0.058537,0.858537","0.046265,0.000000,0.037950,0.039983,0.035204,0.035348,0.036155,0.036037,0.036368,0.038291,0.037706,0.061905,0.084132,0.079979,0.068672,0.061636,0.062872,0.062496,0.069641,0.069363",0.8078222274780273
per_sightline,16,44,4,3277,819,0.5149569583931134,0.3923003347680536,0.2616212338593974,0.2585102804598784,0.09886631799795817,0.10154515489194922,0.05724533383793022,0.2533368237279146,0.013426590148254425,"0.653659,0.126829,0.200000,0.019512,0.406863,0.264706,0.284314,0.044118,0.395122,0.292683,0.258537,0.053659,0.019512,0.039024,0.058537,0.882927","0.046290,0.000000,0.038932,0.039197,0.035758,0.036187,0.035128,0.036543,0.036437,0.038314,0.039557,0.060316,0.083235,0.075402,0.062748,0.066608,0.064989,0.065006,0.072780,0.066574",0.7902429103851318
per_sightline,16,44,5,3277,819,0.5239179818268771,0.4075003985333971,0.3048780487804878,0.26047738641938323,0.3219199764551122,0.22525532131847106,0.22982900849377105,0.32624423430030436,0.020761597321855563,"0.612745,0.166667,0.196078,0.024510,0.346341,0.404878,0.219512,0.029268,0.307317,0.395122,0.204878,0.092683,0.014634,0.043902,0.068293,0.873171","0.045874,0.000000,0.038283,0.038689,0.035878,0.036431,0.035986,0.036597,0.037113,0.038730,0.039609,0.061591,0.081925,0.077352,0.066011,0.065465,0.063235,0.061204,0.073623,0.066403",0.7746834754943848
per_sightline,16,45,1,3276,820,0.5548780487804879,0.43577235772357725,0.32926829268292684,0.2703088750364187,0.1618365841048846,0.17909795334282072,0.2614434610138563,0.3600102652052037,0.008536585365853666,"0.648780,0.146341,0.185366,0.019512,0.326829,0.404878,0.234146,0.034146,0.336585,0.312195,0.253659,0.097561,0.014634,0.029268,0.043902,0.912195","0.046854,0.000000,0.037008,0.037330,0.036821,0.035212,0.035568,0.035220,0.036068,0.037248,0.039063,0.061646,0.089722,0.079878,0.066201,0.061735,0.068849,0.064420,0.065201,0.065955",0.7820394039154053
per_sightline,16,45,2,3277,819,0.537649450023912,0.42601626016260163,0.2951219512195122,0.2667757954217366,0.2780783883452446,0.2554926455013622,0.1366735907315425,0.38397787354277896,0.002468914395026278,"0.687805,0.107317,0.195122,0.009756,0.346341,0.375610,0.248780,0.029268,0.351220,0.370732,0.214634,0.063415,0.024510,0.053922,0.049020,0.872549","0.046068,0.000000,0.037360,0.038158,0.037841,0.035841,0.035408,0.035298,0.035749,0.037173,0.039066,0.060672,0.085571,0.081467,0.063038,0.060137,0.069607,0.063148,0.069839,0.068559",0.8044710159301758
per_sightline,16,45,3,3277,819,0.5392814442850311,0.4247329826239439,0.2931970349115256,0.27412276784024525,0.0958570217034873,0.0010774251108128016,0.009893723112100579,0.1377965850706163,0.0011776661884266293,"0.687805,0.121951,0.146341,0.043902,0.365854,0.375610,0.229268,0.029268,0.401961,0.289216,0.210784,0.098039,0.029268,0.039024,0.048780,0.882927","0.045936,0.000000,0.039737,0.037613,0.037687,0.036431,0.036186,0.034663,0.036073,0.036052,0.040060,0.063351,0.089122,0.081590,0.064728,0.057628,0.067824,0.065718,0.064071,0.065532",0.9859585762023926
per_sightline,16,45,4,3277,819,0.524862505978001,0.4103857803283915,0.3009445241511239,0.26838138612715673,0.04775205633129519,0.08228330014145413,0.09312443060667809,0.20573732580192317,0.006115494978479186,"0.629268,0.165854,0.180488,0.024390,0.343137,0.387255,0.250000,0.019608,0.370732,0.346341,0.214634,0.068293,0.014634,0.029268,0.087805,0.868293","0.045898,0.000000,0.037735,0.038692,0.037938,0.034726,0.035037,0.036124,0.034955,0.037338,0.038813,0.060055,0.086498,0.083015,0.063408,0.060727,0.069411,0.063159,0.066715,0.069757",0.8670811653137207
per_sightline,16,45,5,3277,819,0.5300215208034433,0.4075083692013391,0.3024390243902439,0.2722004803663669,0.2417151232471502,0.03505032141383998,0.1839114584365504,0.2132053981222896,0.01585365853658538,"0.617647,0.112745,0.230392,0.039216,0.317073,0.360976,0.297561,0.024390,0.424390,0.287805,0.243902,0.043902,0.024390,0.043902,0.034146,0.897561","0.046958,0.000000,0.038682,0.037698,0.035991,0.036125,0.035422,0.036241,0.035171,0.037634,0.040104,0.062357,0.089248,0.080491,0.065147,0.057869,0.066416,0.064190,0.065651,0.068606",0.9585623741149902
per_sightline,16,46,1,3276,820,0.5292682926829269,0.408130081300813,0.3073170731707317,0.26972674777602446,0.08196669856472383,0.010959713216345996,0.09792752156643453,0.3140754615660789,-0.012195121951219523,"0.609756,0.209756,0.131707,0.048780,0.346341,0.439024,0.190244,0.024390,0.336585,0.429268,0.175610,0.058537,0.019512,0.034146,0.053659,0.892683","0.045002,0.000000,0.038085,0.039044,0.034859,0.035518,0.036511,0.036126,0.036461,0.037851,0.043246,0.056288,0.083113,0.087080,0.063395,0.066549,0.064635,0.065153,0.064412,0.066672",0.8954873085021973
per_sightline,16,46,2,3277,819,0.5181492109038737,0.3967479674796748,0.27804878048780485,0.27159799977926763,0.24847530820073513,0.06937426885139802,0.08973712339357329,0.2548962346205897,0.004884026781444284,"0.634146,0.185366,0.126829,0.053659,0.365854,0.351220,0.248780,0.034146,0.400000,0.312195,0.204878,0.082927,0.024510,0.029412,0.063725,0.882353","0.045690,0.000000,0.038287,0.039885,0.036584,0.035575,0.035069,0.034733,0.036185,0.038600,0.041898,0.058858,0.081108,0.089733,0.064879,0.066172,0.067150,0.059638,0.063667,0.066291",1.0707156658172607
per_sightline,16,46,3,3277,819,0.5344512195121951,0.41504065040650406,0.29817073170731706,0.26919557865547805,0.163174429600352,0.011031545751803451,0.08205524961592986,0.37342080048297616,0.014646102343376377,"0.648780,0.136585,0.180488,0.034146,0.307317,0.346341,0.312195,0.034146,0.377451,0.294118,0.250000,0.078431,0.029268,0.024390,0.053659,0.892683","0.044969,0.000000,0.037642,0.038292,0.034307,0.034894,0.035711,0.036033,0.036788,0.038540,0.042909,0.061557,0.079226,0.085504,0.061810,0.069428,0.065613,0.063943,0.066725,0.066111",0.8411633968353271
per_sightline,16,46,4,3277,819,0.5321257771401243,0.41519209309740157,0.30571496891439504,0.2642197681447037,0.029521028508546654,0.06382152621915056,0.041917072991106266,0.20325716468528343,0.00854256336681014,"0.634146,0.146341,0.195122,0.024390,0.392157,0.343137,0.235294,0.029412,0.351220,0.326829,0.268293,0.053659,0.004878,0.039024,0.073171,0.882927","0.047580,0.000000,0.039238,0.039439,0.036020,0.035901,0.035103,0.035927,0.037474,0.038115,0.040583,0.056786,0.078982,0.087868,0.066307,0.066548,0.065884,0.063098,0.063041,0.066106",0.8048989772796631
per_sightline,16,46,5,3277,819,0.49589909134385457,0.3798979754503427,0.25121951219512195,0.2700405252069781,0.17739367391858085,0.014738977615472876,0.031925585576105565,0.3531196726239343,-0.01097560975609757,"0.637255,0.137255,0.205882,0.019608,0.331707,0.326829,0.302439,0.039024,0.360976,0.351220,0.175610,0.112195,0.024390,0.034146,0.097561,0.843902","0.045945,0.000000,0.038690,0.039658,0.035636,0.034214,0.035318,0.036329,0.036864,0.036750,0.040840,0.063792,0.082258,0.083150,0.066768,0.067355,0.063468,0.061663,0.063773,0.067529",0.8041987419128418
per_sightline,16,47,1,3276,820,0.5292682926829269,0.4097560975609756,0.2780487804878049,0.27555557736476405,0.13488316349792057,0.21506186459949825,0.050692954432806504,0.28790529553618727,0.008536585365853666,"0.673171,0.165854,0.117073,0.043902,0.331707,0.321951,0.317073,0.029268,0.419512,0.278049,0.234146,0.068293,0.043902,0.034146,0.034146,0.887805","0.048277,0.000000,0.039313,0.037294,0.037635,0.035059,0.036453,0.037295,0.036377,0.036205,0.037610,0.060513,0.090177,0.087256,0.063085,0.057270,0.069239,0.061967,0.064320,0.064657",0.8833696842193604
per_sightline,16,47,2,3277,819,0.549838593974175,0.44390243902439025,0.3146341463414634,0.27894551405045087,0.1708427799160558,0.15340945924689248,0.15055808943107948,0.42151206762467475,0.013444524151123849,"0.702439,0.165854,0.112195,0.019512,0.360976,0.395122,0.214634,0.029268,0.390244,0.317073,0.234146,0.058537,0.014706,0.063725,0.053922,0.867647","0.048352,0.000000,0.037798,0.037059,0.037226,0.034588,0.035776,0.035389,0.035381,0.036132,0.040192,0.058354,0.087228,0.093172,0.063179,0.058114,0.065866,0.063542,0.066065,0.066589",0.8070991039276123
per_sightline,16,47,3,3277,819,0.5051052128168341,0.38079069025984374,0.2565518890483023,0.2818651845960157,0.21046740250497115,0.23999519847575543,0.13220887687072946,0.2932014326098907,0.0024390243902439046,"0.629268,0.146341,0.204878,0.019512,0.321951,0.326829,0.317073,0.034146,0.397059,0.352941,0.186275,0.063725,0.034146,0.058537,0.029268,0.878049","0.048947,0.000000,0.040042,0.039199,0.037892,0.035735,0.035342,0.035972,0.035870,0.036211,0.038719,0.059488,0.089120,0.094539,0.057961,0.059174,0.064841,0.061501,0.065212,0.064236",0.7996129989624023
per_sightline,16,47,4,3277,819,0.5065040650406504,0.38590785907859076,0.29349593495934956,0.2795866543789755,0.1975503714779839,0.0771072874930493,0.0204820273466858,0.14945000964635835,0.0012553802008608006,"0.570732,0.141463,0.248780,0.039024,0.348039,0.333333,0.269608,0.049020,0.365854,0.321951,0.253659,0.058537,0.024390,0.039024,0.068293,0.868293","0.048887,0.000000,0.039049,0.038432,0.037001,0.034267,0.035032,0.035206,0.036052,0.035830,0.039408,0.058698,0.091587,0.089893,0.062957,0.059924,0.066241,0.062634,0.065082,0.063819",0.7660155296325684
per_sightline,16,47,5,3277,819,0.5032161645145863,0.38640204049099314,0.26097560975609757,0.27841029246767335,0.20895002785422237,0.1679441854446871,0.1550692785466797,0.16874373957198818,0.0,"0.637255,0.122549,0.196078,0.044118,0.434146,0.321951,0.219512,0.024390,0.336585,0.395122,0.200000,0.068293,0.029268,0.068293,0.048780,0.853659","0.050538,0.000000,0.037903,0.037578,0.036764,0.035516,0.036299,0.035331,0.035165,0.036093,0.039179,0.057762,0.087314,0.094155,0.062027,0.060276,0.067341,0.061810,0.067169,0.061781",0.7628774642944336
per_sightline,16,48,1,3276,820,0.5292682926829269,0.4211382113821138,0.3170731707317073,0.25704835259250575,0.024482885435110877,0.21588105735453508,0.11023890235980201,0.34300230329826814,0.009756097560975618,"0.629268,0.151220,0.200000,0.019512,0.326829,0.409756,0.239024,0.024390,0.360976,0.351220,0.224390,0.063415,0.029268,0.034146,0.082927,0.853659","0.047878,0.000000,0.039098,0.037406,0.036059,0.035992,0.035892,0.036081,0.036073,0.038267,0.039956,0.061161,0.075659,0.080273,0.065189,0.066067,0.067666,0.062264,0.069541,0.069477",0.7875285148620605
per_sightline,16,48,2,3277,819,0.5217718794835007,0.4113821138211382,0.2975609756097561,0.2592932218511343,0.20115662290569777,0.2888739443299106,0.11943175635199656,0.2610684428971085,0.0024629363940698035,"0.639024,0.151220,0.160976,0.048780,0.385366,0.375610,0.209756,0.029268,0.341463,0.346341,0.219512,0.092683,0.044118,0.029412,0.073529,0.852941","0.046161,0.000000,0.037347,0.038504,0.035370,0.035296,0.036836,0.036486,0.036076,0.037850,0.040938,0.060930,0.072972,0.084454,0.067526,0.061801,0.066309,0.063552,0.071493,0.070100",0.8057763576507568
per_sightline,16,48,3,3277,819,0.5270863223338116,0.41335086880280564,0.2883189861310378,0.2565139842136105,0.27248307075768774,0.05352208153751787,0.08388914396622087,0.355473955954135,0.007346963175514087,"0.663415,0.165854,0.141463,0.029268,0.375610,0.365854,0.219512,0.039024,0.416667,0.264706,0.210784,0.107843,0.043902,0.043902,0.043902,0.868293","0.044619,0.000000,0.038397,0.037225,0.035419,0.036250,0.036801,0.037320,0.036126,0.037705,0.043293,0.061663,0.072308,0.079250,0.069300,0.067447,0.061706,0.062565,0.075349,0.067258",0.8421759605407715
per_sightline,16,48,4,3277,819,0.546849593495935,0.444579945799458,0.29857723577235773,0.2579509884912222,0.2888918898014718,0.26103870983953825,0.17124583717441222,0.2003105985521338,0.011017455762793005,"0.736585,0.102439,0.126829,0.034146,0.352941,0.416667,0.191176,0.039216,0.390244,0.326829,0.180488,0.102439,0.009756,0.053659,0.082927,0.853659","0.045856,0.000000,0.037742,0.038406,0.035934,0.037319,0.035967,0.035690,0.035895,0.037265,0.041460,0.060854,0.074164,0.081473,0.069610,0.065388,0.064500,0.062652,0.072570,0.067255",0.8459510803222656
per_sightline,16,48,5,3277,819,0.5153694404591105,0.3847202295552367,0.275609756097561,0.2586071892623595,0.12708138890929394,0.19441047983260554,0.21452518059813735,0.2066490102924404,0.00728718316594934,"0.602941,0.142157,0.210784,0.044118,0.356098,0.360976,0.248780,0.034146,0.375610,0.336585,0.190244,0.097561,0.014634,0.034146,0.043902,0.907317","0.046042,0.000000,0.037645,0.037545,0.035339,0.035377,0.035135,0.036868,0.035894,0.037728,0.040927,0.064016,0.070425,0.083240,0.067622,0.067076,0.062251,0.064590,0.073950,0.068329",0.7375521659851074
per_sightline,16,49,1,3276,820,0.5085365853658537,0.39024390243902435,0.25609756097560976,0.26674394333843227,0.18894570054294127,0.2310927462171101,0.194988982751294,0.24015072992183195,0.0012195121951219523,"0.658537,0.156098,0.146341,0.039024,0.404878,0.317073,0.253659,0.024390,0.351220,0.370732,0.195122,0.082927,0.014634,0.048780,0.073171,0.863415","0.048425,0.000000,0.039453,0.038632,0.037848,0.034927,0.035904,0.035963,0.036202,0.038654,0.039726,0.061324,0.084864,0.080830,0.065694,0.060420,0.061197,0.068510,0.067247,0.064180",0.8208181858062744
per_sightline,16,49,2,3277,819,0.5108500717360115,0.38211382113821135,0.275609756097561,0.2666316743862293,0.2257940858528408,0.1896197197966034,0.19161031941474094,0.1297523414934867,-0.020713773314203654,"0.595122,0.151220,0.219512,0.034146,0.341463,0.321951,0.287805,0.048780,0.346341,0.312195,0.229268,0.112195,0.029412,0.049020,0.024510,0.897059","0.046742,0.000000,0.039693,0.038687,0.036972,0.035794,0.035283,0.035756,0.036422,0.036800,0.041439,0.064061,0.081325,0.079806,0.067868,0.060303,0.060874,0.069157,0.068555,0.064461",0.7853987216949463
per_sightline,16,49,3,3277,819,0.5270982783357245,0.40686274509803927,0.27858680057388807,0.26305324228800503,0.1910349498777048,0.18563565156815126,0.1235972390396415,0.17898187200591778,0.009744141559062669,"0.663415,0.146341,0.136585,0.053659,0.351220,0.336585,0.263415,0.048780,0.372549,0.308824,0.220588,0.098039,0.024390,0.034146,0.053659,0.887805","0.047073,0.000000,0.038684,0.037434,0.038472,0.035516,0.035846,0.037118,0.037912,0.036786,0.040813,0.059960,0.083204,0.079076,0.070931,0.060307,0.058209,0.069401,0.066524,0.066733",0.7462193965911865
per_sightline,16,49,4,3277,819,0.5273194643711143,0.4104096923322174,0.3009803921568628,0.2608134050443239,0.09667781893746563,0.061869179289849696,0.016126487208233606,0.25027863177583237,0.00614538498326167,"0.629268,0.151220,0.185366,0.034146,0.328431,0.401961,0.220588,0.049020,0.409756,0.302439,0.200000,0.087805,0.019512,0.039024,0.063415,0.878049","0.046407,0.000000,0.037916,0.039085,0.036074,0.037218,0.035531,0.036018,0.036593,0.037302,0.041641,0.059085,0.078135,0.081953,0.075540,0.061650,0.060091,0.069408,0.064862,0.065490",0.8227670192718506
per_sightline,16,49,5,3277,819,0.4970229555236728,0.38302247728359634,0.2951219512195122,0.25775143787337507,0.2148275914295687,0.13354047584202117,0.11837679589849959,0.36682852772890634,-4.1846006695434035e-05,"0.558824,0.166667,0.240196,0.034314,0.326829,0.409756,0.248780,0.014634,0.404878,0.356098,0.180488,0.058537,0.034146,0.053659,0.073171,0.839024","0.047022,0.000000,0.039766,0.038971,0.036876,0.035822,0.036445,0.036454,0.035927,0.036422,0.040707,0.060865,0.078766,0.077413,0.071652,0.061401,0.062453,0.070649,0.067266,0.065123",0.8315308094024658
per_sightline,16,50,1,3276,820,0.5219512195121951,0.39024390243902435,0.2658536585365854,0.253393276530192,0.16250997660988462,0.12393166020814834,0.09544489336189863,0.17771421987109154,0.013414634146341475,"0.639024,0.131707,0.170732,0.058537,0.448780,0.326829,0.180488,0.043902,0.419512,0.282927,0.204878,0.092683,0.014634,0.034146,0.034146,0.917073","0.046381,0.000000,0.038855,0.039400,0.038045,0.035280,0.035868,0.035529,0.036173,0.037695,0.040019,0.056311,0.074816,0.082248,0.058985,0.068418,0.061210,0.071075,0.073409,0.070285",0.8714184761047363
per_sightline,16,50,2,3277,819,0.524240793878527,0.4065040650406504,0.2707317073170732,0.2619598185639871,0.1046052168022142,0.1416291946367112,0.14220838895240703,0.27736290346517195,-0.0024151123864180057,"0.678049,0.151220,0.146341,0.024390,0.331707,0.351220,0.282927,0.034146,0.414634,0.317073,0.190244,0.078049,0.024510,0.053922,0.044118,0.877451","0.046167,0.000000,0.036981,0.037554,0.037260,0.035665,0.035100,0.037088,0.036591,0.038411,0.040528,0.058193,0.077610,0.085629,0.056080,0.067606,0.062530,0.069072,0.073157,0.068778",0.8222293853759766
per_sightline,16,50,3,3277,819,0.5271281683405069,0.4199107285190499,0.2859636537541846,0.25820070749856044,0.15886334385052958,0.2262583270369801,0.055242397704041254,0.3214864408092856,-0.009756097560975618,"0.687805,0.151220,0.156098,0.004878,0.331707,0.326829,0.287805,0.053659,0.348039,0.318627,0.245098,0.088235,0.034146,0.058537,0.058537,0.848780","0.046957,0.000000,0.037375,0.038583,0.037761,0.035018,0.036080,0.037065,0.036556,0.037139,0.040145,0.055211,0.077444,0.085400,0.060800,0.065339,0.062023,0.070904,0.069107,0.071091",0.8650674819946289
per_sightline,16,50,4,3277,819,0.5248087039693926,0.40868802805675114,0.2959588713534194,0.2575927061943595,0.24063896900123824,0.23143362815247492,0.1618722299160894,0.2883652265916474,0.023200621712099356,"0.634146,0.165854,0.160976,0.039024,0.343137,0.343137,0.259804,0.053922,0.321951,0.356098,0.248780,0.073171,0.009756,0.063415,0.053659,0.873171","0.049157,0.000000,0.037855,0.037786,0.039204,0.035040,0.035335,0.035181,0.035321,0.037795,0.041880,0.060392,0.073127,0.082194,0.060111,0.068441,0.064459,0.067793,0.070234,0.068694",0.8005375862121582
per_sightline,16,50,5,3277,819,0.5324186991869919,0.4107046070460705,0.32439024390243903,0.2632161163996168,0.2773156610757185,0.360318766246376,0.24720596708619577,0.23801656138331545,-0.0024808703969392276,"0.583333,0.156863,0.230392,0.029412,0.273171,0.424390,0.248780,0.053659,0.351220,0.346341,0.224390,0.078049,0.024390,0.019512,0.058537,0.897561","0.045147,0.000000,0.038385,0.037694,0.038308,0.036064,0.035772,0.035632,0.037331,0.037049,0.041984,0.059479,0.075946,0.085807,0.055959,0.068939,0.063885,0.067342,0.071772,0.067504",0.8855526447296143
per_sightline,16,51,1,3276,820,0.5097560975609756,0.39186991869918697,0.25853658536585367,0.25871305189271837,0.10940036765493215,0.2529196746996699,0.13978397724977704,0.31742968941730204,0.013414634146341475,"0.658537,0.190244,0.126829,0.024390,0.385366,0.317073,0.268293,0.029268,0.356098,0.356098,0.200000,0.087805,0.029268,0.058537,0.048780,0.863415","0.046706,0.000000,0.038909,0.037344,0.035937,0.034329,0.034313,0.035188,0.034735,0.038950,0.038395,0.057097,0.084098,0.079123,0.067446,0.065351,0.065899,0.067158,0.069194,0.069826",0.7717998027801514
per_sightline,16,51,2,3277,819,0.536441893830703,0.4211382113821138,0.2975609756097561,0.2573385647864454,0.1298300724847158,0.2020957377772379,0.011545828958948056,0.16383581853304457,0.003718316594930604,"0.668293,0.121951,0.170732,0.039024,0.331707,0.370732,0.273171,0.024390,0.404878,0.292683,0.224390,0.078049,0.019608,0.044118,0.053922,0.882353","0.045380,0.000000,0.038777,0.038876,0.036351,0.035886,0.034490,0.035518,0.037023,0.038322,0.039297,0.056953,0.076549,0.084540,0.072723,0.062638,0.067011,0.065134,0.069489,0.065044",0.7969589233398438
per_sightline,16,51,3,3277,819,0.5173421807747489,0.3775944524151124,0.25907460545193683,0.25836563297925264,0.1544632260464613,0.07974388323223824,0.030921025217868534,0.3734892599002706,0.006073648971783863,"0.614634,0.126829,0.224390,0.034146,0.385366,0.297561,0.292683,0.024390,0.397059,0.279412,0.220588,0.102941,0.009756,0.019512,0.034146,0.936585","0.045812,0.000000,0.038570,0.037454,0.037246,0.036770,0.034335,0.036535,0.036456,0.039118,0.038148,0.056111,0.080178,0.083929,0.072417,0.061520,0.065824,0.062796,0.068491,0.068291",0.8191139698028564
per_sightline,16,51,4,3277,819,0.5443567670970827,0.4396301610074924,0.2984696317551411,0.26365157456109234,0.2781142510588876,0.1410174361503241,0.06701731676515053,0.295111909027105,5.978000956474716e-06,"0.721951,0.097561,0.131707,0.048780,0.343137,0.372549,0.250000,0.034314,0.336585,0.360976,0.224390,0.078049,0.024390,0.034146,0.082927,0.858537","0.045743,0.000000,0.037710,0.039172,0.036392,0.035302,0.034230,0.036055,0.035752,0.038154,0.039682,0.059942,0.081202,0.082825,0.068937,0.062370,0.064625,0.065594,0.068416,0.067896",0.8505194187164307
per_sightline,16,51,5,3277,819,0.5264108082257293,0.41245018332536265,0.2902439024390244,0.26187155554349534,0.12689145179687453,0.1181934584424074,0.14650779548171183,0.2649170352748044,0.0024151123864178947,"0.656863,0.122549,0.181373,0.039216,0.360976,0.380488,0.224390,0.034146,0.360976,0.341463,0.200000,0.097561,0.029268,0.043902,0.058537,0.868293","0.045834,0.000000,0.038283,0.039147,0.036282,0.036042,0.033504,0.035751,0.036149,0.037852,0.039301,0.059316,0.082543,0.080711,0.071378,0.061299,0.064065,0.067884,0.067473,0.067185",0.7849464416503906
per_sightline,32,42,1,1638,410,0.6467970683418998,0.5584745224950821,0.4250904245193223,0.3337823927592748,0.24933725299407064,0.15682206081429131,0.034077721238706137,0.1208842022349731,0.04157148296211677,"0.825243,0.038835,0.116505,0.019417,0.176471,0.568627,0.225490,0.029412,0.281553,0.398058,0.281553,0.038835,0.029412,0.029412,0.029412,0.911765","0.043890,0.000000,0.037167,0.037383,0.034028,0.030960,0.031752,0.033012,0.032021,0.033956,0.045926,0.086585,0.100116,0.101155,0.057644,0.049191,0.054072,0.059631,0.059373,0.072135",0.6302490234375
per_sightline,32,42,2,1638,410,0.5941128878735961,0.5105971191065423,0.3872549019607843,0.3372950689047491,0.31601424882964946,0.20699684505543917,0.07611017662244461,0.26376002996938047,-0.017180658671235416,"0.757282,0.116505,0.077670,0.048544,0.225490,0.519608,0.245098,0.009804,0.382353,0.333333,0.254902,0.029412,0.029126,0.038835,0.087379,0.844660","0.042064,0.000000,0.037066,0.035614,0.031701,0.029995,0.031891,0.032597,0.030765,0.034770,0.046070,0.089856,0.101256,0.100112,0.055377,0.054207,0.052838,0.057870,0.065652,0.070297",0.6341726779937744
per_sightline,32,42,3,1638,410,0.5968018275271274,0.4785836664762993,0.38944412716542925,0.32924592387148494,0.24983050564241907,0.048789305022534916,0.19073861303797437,0.19117325495430942,-0.02210641538168656,"0.656863,0.117647,0.196078,0.029412,0.233010,0.553398,0.174757,0.038835,0.235294,0.460784,0.225490,0.078431,0.009709,0.009709,0.029126,0.951456","0.044177,0.000000,0.037525,0.036603,0.032105,0.030449,0.032061,0.031563,0.032445,0.034218,0.046508,0.083880,0.098917,0.099941,0.057452,0.056276,0.053060,0.057284,0.062476,0.073060",0.6248846054077148
per_sightline,32,42,4,1639,409,0.618908242908814,0.5147534742052161,0.33585570150390254,0.33495596237878006,0.18054209923538744,0.2846618549202032,0.00042085231716349787,0.2602663620977265,-0.014610698648391485,"0.872549,0.068627,0.049020,0.009804,0.233010,0.485437,0.262136,0.019417,0.352941,0.372549,0.186275,0.088235,0.009804,0.029412,0.029412,0.931373","0.047061,0.000000,0.034997,0.037558,0.032075,0.031167,0.030596,0.032298,0.031539,0.033748,0.046095,0.089714,0.096954,0.102193,0.057052,0.053877,0.054372,0.058113,0.064134,0.066458",0.6277327537536621
per_sightline,32,42,5,1639,409,0.6023224823910146,0.4959071007043594,0.34680182752712735,0.33134544060964627,0.4304577948366728,0.1785606973516409,0.09727855127398254,0.47212010955469713,0.019607843137254832,"0.794118,0.088235,0.098039,0.019608,0.294118,0.441176,0.245098,0.019608,0.446602,0.262136,0.252427,0.038835,0.009804,0.029412,0.039216,0.921569","0.046379,0.000000,0.036269,0.038324,0.033272,0.031107,0.032571,0.033749,0.030345,0.033943,0.047433,0.087513,0.094705,0.101693,0.055776,0.054185,0.051427,0.056420,0.064703,0.070185",0.6293184757232666
per_sightline,32,43,1,1638,410,0.5881639063392347,0.48029697315819525,0.31267846944603084,0.3320602132236976,0.07239201500180785,0.07050801102940643,0.10069586861575094,0.1508785478332018,0.034337521416333394,"0.815534,0.058252,0.126214,0.000000,0.352941,0.411765,0.215686,0.019608,0.378641,0.378641,0.213592,0.029126,0.019608,0.009804,0.058824,0.911765","0.047833,0.000000,0.036858,0.035171,0.032947,0.031416,0.032818,0.029693,0.031444,0.032485,0.044760,0.076804,0.117279,0.093217,0.058162,0.054313,0.055546,0.056581,0.062546,0.070126",0.6183173656463623
per_sightline,32,43,2,1638,410,0.5793832095945175,0.47477631829430805,0.3529411764705882,0.3315314958008879,0.11767301682739609,0.18840059765599124,0.06962934641951919,0.33774804886737675,0.014586902722254047,"0.718447,0.126214,0.145631,0.009709,0.225490,0.470588,0.284314,0.019608,0.254902,0.460784,0.235294,0.049020,0.019417,0.038835,0.048544,0.893204","0.050615,0.000000,0.034926,0.035624,0.031513,0.029224,0.034050,0.033131,0.033118,0.032182,0.044842,0.078994,0.118822,0.088874,0.055936,0.050456,0.054733,0.058315,0.063267,0.071381",0.6276657581329346
per_sightline,32,43,3,1638,410,0.6070340757662288,0.4922266641284345,0.33147725109461257,0.3362766108042611,0.15261807501849725,0.23251462881672272,0.25208326066739656,0.26439261677131976,0.051161241195507245,"0.813725,0.058824,0.088235,0.039216,0.271845,0.378641,0.320388,0.029126,0.274510,0.411765,0.284314,0.029412,0.000000,0.009709,0.038835,0.951456","0.049290,0.000000,0.035155,0.037280,0.032599,0.031386,0.032853,0.033119,0.031481,0.032335,0.046498,0.075578,0.119350,0.094851,0.058484,0.049780,0.055173,0.050919,0.063161,0.070709",0.6233165264129639
per_sightline,32,43,4,1639,409,0.5847134970493052,0.48223237515070755,0.35079954311821815,0.33658309827301025,0.17152404555544082,0.12928611191856357,0.03806825564748934,0.23867924573384855,0.009851513420902402,"0.745098,0.058824,0.176471,0.019608,0.213592,0.436893,0.320388,0.029126,0.401961,0.313725,0.264706,0.019608,0.058824,0.019608,0.029412,0.892157","0.050015,0.000000,0.034564,0.034677,0.032918,0.031825,0.032154,0.030250,0.031862,0.033028,0.044828,0.076621,0.121256,0.093878,0.057400,0.049990,0.055638,0.055141,0.058939,0.075015",0.6316907405853271
per_sightline,32,43,5,1639,409,0.6244764896249761,0.5189098293038898,0.38130592042642303,0.34206951419940124,0.09396341806256422,0.09677025031737715,0.18153760011683392,0.1244915528078984,0.0072577574719208116,"0.794118,0.078431,0.117647,0.009804,0.186275,0.549020,0.245098,0.019608,0.281553,0.446602,0.213592,0.058252,0.029412,0.000000,0.029412,0.941176","0.046976,0.000000,0.036846,0.036359,0.032867,0.030615,0.032574,0.030524,0.034972,0.033230,0.046318,0.080122,0.119124,0.096505,0.054716,0.051911,0.050452,0.058474,0.058637,0.068778",0.6163363456726074
per_sightline,32,44,1,1638,410,0.5978964401294498,0.49327368487848205,0.3272891680944222,0.32842279436748156,0.10059621761276738,0.3992438328379828,0.033122653644652375,0.13423903064161186,0.04147629925756702,"0.825243,0.038835,0.116505,0.019417,0.294118,0.421569,0.264706,0.019608,0.368932,0.388350,0.233010,0.009709,0.019608,0.009804,0.058824,0.911765","0.045992,0.000000,0.036367,0.032787,0.034117,0.033057,0.032571,0.032851,0.033001,0.035499,0.045103,0.082011,0.109552,0.091757,0.057982,0.053977,0.054701,0.054757,0.058796,0.075122",0.6261980533599854
per_sightline,32,44,2,1638,410,0.5621311631448696,0.4582460816041627,0.29901960784313725,0.32556545750170396,0.3198137634997488,0.16739078687797165,0.10775662058495084,0.23078051867260835,-0.009827717494764965,"0.776699,0.145631,0.058252,0.019417,0.205882,0.401961,0.382353,0.009804,0.284314,0.480392,0.196078,0.039216,0.038835,0.029126,0.058252,0.873786","0.049982,0.000000,0.035363,0.034264,0.034750,0.032565,0.032168,0.032620,0.033516,0.036473,0.043763,0.081443,0.114062,0.086297,0.061660,0.054347,0.052619,0.051736,0.058821,0.073550",0.6113498210906982
per_sightline,32,44,3,1638,410,0.5899248048734057,0.4823592867567739,0.3362840281743765,0.3299184314785361,0.38725177818638873,0.07516203944033706,0.12945475219296396,0.29586054710354587,0.014610698648391485,"0.774510,0.088235,0.137255,0.000000,0.242718,0.398058,0.310680,0.048544,0.372549,0.294118,0.274510,0.058824,0.038835,0.009709,0.038835,0.912621","0.045940,0.000000,0.034435,0.033536,0.033352,0.032988,0.032869,0.034047,0.035988,0.034510,0.043951,0.087526,0.109240,0.089202,0.057245,0.052229,0.051267,0.053545,0.059641,0.078488",0.6180760860443115
per_sightline,32,44,4,1639,409,0.6162668951075576,0.5243035725617108,0.40410241766609556,0.328680800625873,0.34011602826707765,0.16408583668129986,0.1780058720329266,0.2510289944287825,0.002379592613744541,"0.764706,0.058824,0.137255,0.039216,0.203883,0.563107,0.194175,0.038835,0.264706,0.411765,0.245098,0.078431,0.000000,0.058824,0.049020,0.892157","0.048409,0.000000,0.035286,0.036405,0.035910,0.035009,0.034450,0.033737,0.031131,0.036727,0.045590,0.083903,0.111354,0.087834,0.056304,0.052693,0.051954,0.053190,0.061852,0.068262",0.6369137763977051
per_sightline,32,44,5,1639,409,0.6096992194936226,0.49593882860587596,0.3566533409480297,0.32418815615184843,0.3779992781955716,0.08976184498302811,0.002998786092945364,0.34448597532005865,0.019607843137254832,"0.774510,0.098039,0.107843,0.019608,0.303922,0.470588,0.225490,0.000000,0.359223,0.330097,0.242718,0.067961,0.019608,0.019608,0.009804,0.950980","0.049731,0.000000,0.037006,0.036258,0.032785,0.032002,0.032582,0.031657,0.032834,0.037200,0.043876,0.078501,0.112225,0.089586,0.059264,0.053914,0.052402,0.051061,0.063927,0.073188",0.6288127899169922
per_sightline,32,45,1,1638,410,0.6297829811536264,0.5259851513420902,0.4200456881781839,0.3309798386707074,0.37314115761297034,0.016460854888325684,0.08214043486928303,0.13818762991209288,0.021868456120312185,"0.737864,0.135922,0.106796,0.019417,0.215686,0.529412,0.235294,0.019608,0.262136,0.378641,0.310680,0.048544,0.019608,0.019608,0.019608,0.941176","0.049783,0.000000,0.036951,0.041093,0.034262,0.031353,0.030075,0.032190,0.030197,0.032697,0.042173,0.085708,0.119676,0.083423,0.054534,0.054149,0.055007,0.060143,0.062942,0.063643",0.6361560821533203
per_sightline,32,45,2,1638,410,0.5964448886350657,0.4845802398629355,0.3676470588235294,0.3321687683685961,0.2586399522655488,0.2822278285097288,0.12779020705446414,0.22593284568207386,0.01953645535884263,"0.718447,0.097087,0.145631,0.038835,0.166667,0.509804,0.313725,0.009804,0.343137,0.382353,0.225490,0.049020,0.009709,0.009709,0.048544,0.932039","0.053207,0.000000,0.036109,0.038726,0.034458,0.031217,0.030460,0.032204,0.031694,0.031880,0.046013,0.086697,0.113153,0.086305,0.058372,0.055261,0.056181,0.053847,0.058084,0.066134",0.605851411819458
per_sightline,32,45,3,1638,410,0.5971111745669142,0.49517735896947784,0.37511897963068724,0.33968583338006386,0.32458847718403233,0.10639103966599493,0.037762114847234095,0.15125951805485638,0.02919760137064542,"0.735294,0.078431,0.156863,0.029412,0.252427,0.475728,0.262136,0.009709,0.401961,0.284314,0.274510,0.039216,0.019417,0.019417,0.058252,0.902913","0.048837,0.000000,0.036153,0.039321,0.033593,0.031617,0.029916,0.031182,0.031329,0.031796,0.043924,0.085663,0.117993,0.092106,0.061672,0.053699,0.054591,0.052723,0.057779,0.066106",0.6130669116973877
per_sightline,32,45,4,1639,409,0.5848324766799924,0.47585506694587226,0.30201789453645533,0.3448037082339746,0.37817369608210505,0.15145707320736215,0.2656481299440892,0.22907010331468136,0.007305349324195687,"0.823529,0.039216,0.098039,0.039216,0.271845,0.388350,0.300971,0.038835,0.333333,0.382353,0.215686,0.068627,0.000000,0.049020,0.039216,0.911765","0.046166,0.000000,0.036105,0.038225,0.034306,0.031639,0.030691,0.031296,0.032695,0.033577,0.045296,0.087348,0.124280,0.087880,0.058466,0.049570,0.053769,0.053260,0.063133,0.062299",0.6455655097961426
per_sightline,32,45,5,1639,409,0.6266419189034838,0.5217970683418999,0.37093089663049683,0.3398747596626452,0.31088509557890454,0.27890894409448697,0.0769526903351447,0.348311644420001,0.03419474585950888,"0.823529,0.068627,0.078431,0.029412,0.254902,0.411765,0.313725,0.019608,0.203883,0.427184,0.330097,0.038835,0.000000,0.000000,0.058824,0.941176","0.048281,0.000000,0.035887,0.039466,0.033074,0.032411,0.028673,0.031020,0.031968,0.034224,0.047678,0.083488,0.119888,0.088821,0.062298,0.048731,0.051809,0.052838,0.061209,0.068238",0.617525577545166
per_sightline,32,46,1,1638,410,0.5805730059013896,0.4636398248619836,0.2876927470017133,0.33196622117405106,0.22283816316334767,0.15197119954949959,0.01525265618759252,0.5716440252132808,0.0,"0.815534,0.038835,0.145631,0.000000,0.382353,0.264706,0.333333,0.019608,0.223301,0.339806,0.310680,0.126214,0.009804,0.049020,0.009804,0.931373","0.047437,0.000000,0.038924,0.037968,0.033601,0.031452,0.030364,0.032719,0.033526,0.033608,0.047434,0.083782,0.099237,0.101513,0.058783,0.054226,0.051896,0.051480,0.061629,0.070421",0.6214034557342529
per_sightline,32,46,2,1638,410,0.5866171711403008,0.48442160035535253,0.3431372549019608,0.3361604143897675,0.3737204440357131,0.04872772496571714,0.011250605251674248,0.4167650238160923,0.04404625928041117,"0.766990,0.116505,0.077670,0.038835,0.254902,0.460784,0.245098,0.039216,0.372549,0.294118,0.225490,0.107843,0.038835,0.019417,0.048544,0.893204","0.044946,0.000000,0.039823,0.036355,0.031596,0.031399,0.030588,0.031183,0.033086,0.034472,0.047427,0.079072,0.112492,0.097169,0.061026,0.055006,0.053491,0.049584,0.059347,0.071940",0.6090624332427979
per_sightline,32,46,3,1638,410,0.6287359604035789,0.5243987562662605,0.38953931086997906,0.32590315800704106,0.11228188057700901,0.07008925278383493,0.09295166954571342,0.08909539523076031,-0.009827717494764854,"0.794118,0.058824,0.127451,0.019608,0.174757,0.533981,0.281553,0.009709,0.323529,0.401961,0.245098,0.029412,0.029126,0.009709,0.019417,0.941748","0.045486,0.000000,0.037863,0.037468,0.033112,0.031909,0.032294,0.033575,0.033716,0.033848,0.047337,0.081039,0.099159,0.098368,0.060320,0.056686,0.053438,0.048977,0.063428,0.071976",0.6274960041046143
per_sightline,32,46,4,1639,409,0.5674138587473825,0.45263024303572563,0.3505139920045688,0.32758419280397216,0.22606753701202684,0.0455175255640799,0.012358665116740945,0.2123184565715008,0.004830573005901395,"0.656863,0.147059,0.156863,0.039216,0.155340,0.495146,0.330097,0.019417,0.313725,0.411765,0.205882,0.068627,0.029412,0.058824,0.000000,0.911765","0.047645,0.000000,0.037256,0.038526,0.031286,0.030953,0.031693,0.031992,0.034154,0.033899,0.044739,0.077528,0.102073,0.103243,0.058721,0.056806,0.055307,0.054560,0.061320,0.068298",0.6298468112945557
per_sightline,32,46,5,1639,409,0.6073434228060155,0.49933371406815147,0.35684370835712925,0.3302517970382331,0.006992592461755374,0.16605089354988056,0.18834636703330362,0.24819218489439615,0.024486007995431103,"0.784314,0.058824,0.147059,0.009804,0.254902,0.509804,0.205882,0.029412,0.291262,0.417476,0.203883,0.087379,0.009804,0.049020,0.009804,0.931373","0.045393,0.000000,0.039746,0.038730,0.032158,0.030995,0.031074,0.032176,0.033519,0.033189,0.048377,0.075959,0.105489,0.100427,0.058350,0.053524,0.054462,0.054640,0.060147,0.071644",0.6412928104400635
per_sightline,32,47,1,1638,410,0.5834047211117456,0.47068341899866734,0.33223872073101085,0.3398289311323208,0.12412783701908714,0.1931210052096211,0.0682174455274911,0.22058740848537256,0.019679230915667145,"0.747573,0.087379,0.155340,0.009709,0.294118,0.441176,0.264706,0.000000,0.300971,0.398058,0.223301,0.077670,0.000000,0.039216,0.039216,0.921569","0.047316,0.000000,0.037707,0.039548,0.032856,0.030762,0.029556,0.030310,0.031562,0.032570,0.045391,0.075207,0.115424,0.103807,0.057339,0.050553,0.052793,0.060942,0.058730,0.067626",0.616851806640625
per_sightline,32,47,2,1638,410,0.5964686845612032,0.5007931975379148,0.37254901960784315,0.3382628806817177,0.30636051534444647,0.023177843271209524,0.10347636907295632,0.33914363618335924,0.019584047211117506,"0.757282,0.077670,0.145631,0.019417,0.274510,0.470588,0.254902,0.000000,0.284314,0.411765,0.274510,0.029412,0.029126,0.058252,0.029126,0.883495","0.050929,0.000000,0.033918,0.037767,0.035305,0.032353,0.032332,0.031736,0.032442,0.031568,0.045822,0.078048,0.120337,0.094056,0.055284,0.049634,0.052116,0.056387,0.058748,0.071218",0.6318390369415283
per_sightline,32,47,3,1638,410,0.6193127736531506,0.5183069991750746,0.346087949743004,0.34070796797894204,0.32407117582241846,0.10062743932799645,0.08383756246788387,0.08040726794660946,0.019393679802017894,"0.862745,0.058824,0.049020,0.029412,0.271845,0.398058,0.320388,0.009709,0.333333,0.323529,0.294118,0.049020,0.009709,0.038835,0.029126,0.922330","0.049460,0.000000,0.035797,0.037290,0.034487,0.030237,0.031442,0.031977,0.031333,0.033503,0.045435,0.079503,0.117436,0.098334,0.056320,0.047989,0.057686,0.056257,0.056935,0.068579",0.6150925159454346
per_sightline,32,47,4,1639,409,0.6286407766990292,0.5277301859255029,0.3994384161431563,0.3415546111907566,0.4883182777562478,0.016580405169776335,0.10951795844386834,0.3252200642490736,0.017061679040548228,"0.784314,0.088235,0.127451,0.000000,0.203883,0.514563,0.252427,0.029126,0.294118,0.401961,0.284314,0.019608,0.000000,0.009804,0.058824,0.931373","0.051068,0.000000,0.036305,0.040705,0.035157,0.031974,0.032809,0.031748,0.032418,0.032690,0.044094,0.083763,0.110668,0.103029,0.055714,0.046594,0.051896,0.054465,0.058029,0.066876",0.631152868270874
per_sightline,32,47,5,1639,409,0.6071292594707787,0.4957801890982931,0.3662193032552827,0.33640959579899016,0.38877278895035844,0.05125525427791164,0.11595902035381071,0.3004024860711996,0.022011231677136922,"0.754902,0.068627,0.147059,0.029412,0.176471,0.441176,0.372549,0.009804,0.300971,0.359223,0.291262,0.048544,0.019608,0.009804,0.029412,0.941176","0.047578,0.000000,0.040326,0.044023,0.034406,0.032302,0.030953,0.030962,0.032107,0.030885,0.046656,0.072555,0.111313,0.105885,0.055818,0.049838,0.053730,0.057489,0.057659,0.065515",0.6180729866027832
per_sightline,32,48,1,1638,410,0.6030125642490005,0.4935592359921315,0.37140681515324575,0.32866382670930644,0.32023377002699394,0.1123881046127129,0.06996721704121206,0.37482433639519985,-0.00478298115362652,"0.737864,0.126214,0.106796,0.029126,0.176471,0.509804,0.303922,0.009804,0.339806,0.339806,0.233010,0.087379,0.019608,0.009804,0.039216,0.931373","0.047498,0.000000,0.035414,0.034734,0.031024,0.032535,0.031362,0.031781,0.032591,0.036333,0.048135,0.083422,0.101757,0.095349,0.062318,0.050630,0.056251,0.057035,0.058649,0.073182",0.637761116027832
per_sightline,32,48,2,1638,410,0.574338473253379,0.461577511263405,0.3137254901960784,0.33311546463605046,0.06335165071267553,0.18248858820428815,0.025919024568725378,0.1996673588433223,0.0024033885398818677,"0.757282,0.097087,0.116505,0.029126,0.254902,0.421569,0.313725,0.009804,0.313725,0.352941,0.205882,0.127451,0.009709,0.048544,0.029126,0.912621","0.047007,0.000000,0.035657,0.035539,0.033042,0.035039,0.031095,0.031445,0.032056,0.036103,0.050814,0.080946,0.103047,0.098308,0.056936,0.050769,0.049008,0.059049,0.061091,0.073049",0.6700618267059326
per_sightline,32,48,3,1638,410,0.6164096706643822,0.5047274573259725,0.3796402055968018,0.3281911183435846,0.4323028080478945,0.12942436209042732,0.14988010645971114,0.38974226624354785,0.0072577574719208116,"0.754902,0.098039,0.137255,0.009804,0.165049,0.553398,0.271845,0.009709,0.215686,0.529412,0.205882,0.049020,0.009709,0.000000,0.038835,0.951456","0.048479,0.000000,0.035420,0.035476,0.032671,0.032947,0.032350,0.032221,0.033894,0.034105,0.047007,0.084949,0.100190,0.096046,0.056539,0.048985,0.049063,0.057338,0.063196,0.079125",0.6327950954437256
per_sightline,32,48,4,1639,409,0.6067009328003046,0.5115489561520401,0.34575480677707976,0.3314456559200557,0.24708613381886482,0.1371809348444708,0.28788571270241686,0.4004715777442806,2.379592613743764e-05,"0.843137,0.068627,0.078431,0.009804,0.330097,0.466019,0.184466,0.019417,0.303922,0.392157,0.225490,0.078431,0.009804,0.029412,0.068627,0.892157","0.047981,0.000000,0.036844,0.034512,0.031527,0.031443,0.031949,0.032180,0.032079,0.035240,0.048786,0.086695,0.100510,0.095454,0.060205,0.051766,0.050452,0.056294,0.058378,0.077705",0.6190402507781982
per_sightline,32,48,5,1639,409,0.5877593755948981,0.48302557268862234,0.33728345707214924,0.3234309265096836,0.2663121947900272,0.14148651952853472,0.062147399600104215,0.32608315408030897,0.014777270131353437,"0.774510,0.068627,0.127451,0.029412,0.254902,0.480392,0.245098,0.019608,0.388350,0.368932,0.194175,0.048544,0.019608,0.019608,0.058824,0.901961","0.051507,0.000000,0.036646,0.036259,0.031861,0.033657,0.031963,0.030569,0.031495,0.034269,0.046526,0.081424,0.102532,0.092949,0.060687,0.051581,0.051382,0.058592,0.058688,0.077413",0.6232407093048096
per_sightline,32,49,1,1638,410,0.5637968779744907,0.4445396281489942,0.322149248048734,0.3311050889992269,0.22732649744172392,0.11135334335125763,0.24267118237943128,0.20172927878133734,0.026936988387587957,"0.689320,0.087379,0.184466,0.038835,0.284314,0.362745,0.343137,0.009804,0.368932,0.300971,0.281553,0.048544,0.009804,0.009804,0.058824,0.921569","0.049433,0.000000,0.035678,0.036712,0.032859,0.032153,0.030292,0.030300,0.033459,0.034535,0.046816,0.073162,0.104041,0.107086,0.061972,0.052624,0.050878,0.058020,0.064148,0.065831",0.652092456817627
per_sightline,32,49,2,1638,410,0.6085570150390254,0.5007297417348816,0.3627450980392157,0.33410089253744274,0.2085278262036085,0.16916665221881153,0.029092282287610016,0.4176647947988931,-0.012445269369883882,"0.776699,0.067961,0.126214,0.029126,0.274510,0.480392,0.205882,0.039216,0.274510,0.421569,0.245098,0.058824,0.029126,0.029126,0.009709,0.932039","0.046039,0.000000,0.035515,0.035839,0.033752,0.032289,0.032100,0.032491,0.032539,0.035122,0.046901,0.075508,0.107025,0.104667,0.061917,0.049869,0.052483,0.054085,0.064163,0.067694",0.6328625679016113
per_sightline,32,49,3,1638,410,0.6314249000571103,0.5344565010470208,0.429135731962688,0.32367725865492647,0.27961481121548387,0.12437402848064863,0.16718538252772416,0.21602969775744021,0.01215971825623463,"0.745098,0.137255,0.107843,0.009804,0.262136,0.456311,0.262136,0.019417,0.264706,0.294118,0.401961,0.039216,0.019417,0.000000,0.058252,0.922330","0.046896,0.000000,0.035087,0.037419,0.035516,0.031712,0.033475,0.032297,0.033978,0.035121,0.047633,0.079596,0.099849,0.096599,0.061765,0.054991,0.054824,0.054977,0.060738,0.067526",0.6253480911254883
per_sightline,32,49,4,1639,409,0.5971587664191891,0.48575417221904943,0.3119645916619075,0.333969516048774,0.43584046887628664,0.14485465537780112,0.04171688561518613,0.28750550486589543,-0.0022844089091946795,"0.833333,0.039216,0.088235,0.039216,0.281553,0.359223,0.359223,0.000000,0.303922,0.392157,0.264706,0.039216,0.000000,0.019608,0.049020,0.931373","0.047879,0.000000,0.034695,0.035440,0.033664,0.032293,0.031507,0.031457,0.033057,0.038125,0.049007,0.076342,0.102689,0.105931,0.061678,0.051146,0.050955,0.054850,0.064409,0.064876",0.6181962490081787
per_sightline,32,49,5,1639,409,0.6120312202550924,0.49251221524208394,0.39563106796116504,0.33204331516951574,0.2957621429694601,0.3485353634051607,0.14553732667675767,0.08318846394983703,0.004901960784313708,"0.686275,0.127451,0.156863,0.029412,0.205882,0.500000,0.274510,0.019608,0.213592,0.446602,0.291262,0.048544,0.000000,0.009804,0.019608,0.970588","0.047494,0.000000,0.034571,0.034610,0.033009,0.031690,0.031772,0.030793,0.033828,0.036095,0.047842,0.081613,0.105970,0.096619,0.061661,0.051819,0.053992,0.056178,0.067165,0.063280",0.6464111804962158
per_sightline,32,50,1,1638,410,0.5928517037883114,0.49961926518180083,0.346516276413478,0.3200694282286771,0.1855946381867953,0.19860605996885905,0.13145429842678966,0.2609708916160594,0.019560251284979957,"0.805825,0.019417,0.135922,0.038835,0.284314,0.382353,0.313725,0.019608,0.330097,0.320388,0.310680,0.038835,0.029412,0.029412,0.068627,0.872549","0.048407,0.000000,0.036637,0.034694,0.035660,0.032463,0.031163,0.031016,0.032960,0.034877,0.043337,0.078864,0.102546,0.095323,0.054206,0.057407,0.053985,0.060909,0.065839,0.069706",0.6253304481506348
per_sightline,32,50,2,1638,410,0.5817628022082619,0.4714766165365823,0.3431372549019608,0.32339347176230554,0.2912112206138159,0.15467591426849445,0.109037826869663,0.419339248647832,0.004854368932038833,"0.728155,0.106796,0.135922,0.029126,0.313725,0.382353,0.294118,0.009804,0.294118,0.333333,0.303922,0.068627,0.009709,0.019417,0.058252,0.912621","0.045734,0.000000,0.036368,0.035886,0.038067,0.033346,0.031541,0.030137,0.033058,0.036254,0.046967,0.078120,0.102131,0.096176,0.054726,0.055257,0.053056,0.057862,0.062448,0.072868",0.6786153316497803
per_sightline,32,50,3,1638,410,0.6069150961355416,0.49530427057554416,0.3753093470397868,0.32018096630441784,0.46237311828680827,0.2871464719239845,0.16932598168862262,0.17857549230851386,0.009732533790215103,"0.735294,0.127451,0.117647,0.019608,0.310680,0.436893,0.233010,0.019417,0.284314,0.333333,0.313725,0.068627,0.009709,0.019417,0.029126,0.941748","0.047603,0.000000,0.037671,0.034266,0.035919,0.032887,0.032926,0.031199,0.033984,0.036478,0.046857,0.075361,0.101189,0.096774,0.055090,0.055664,0.053909,0.058815,0.061881,0.071527",0.6353273391723633
per_sightline,32,50,4,1639,409,0.5725537787930707,0.46275144361951903,0.31177422425280793,0.3278331299501312,0.3813387306316314,0.26579865432194444,0.2835125915929371,0.26881344343093494,0.007352941176470673,"0.764706,0.039216,0.117647,0.078431,0.252427,0.398058,0.300971,0.048544,0.352941,0.382353,0.225490,0.039216,0.000000,0.029412,0.068627,0.901961","0.047919,0.000000,0.037747,0.035459,0.034583,0.031458,0.033126,0.033313,0.034246,0.034190,0.048280,0.075666,0.106822,0.097064,0.053083,0.055252,0.054108,0.058213,0.064031,0.065440",0.6252264976501465
per_sightline,32,50,5,1639,409,0.5998001142204454,0.48927596928739137,0.3515610127546164,0.3212303429113966,0.2938312899895103,0.12235435475491889,0.024803232394874863,0.09407914899762364,0.007305349324195687,"0.764706,0.058824,0.147059,0.029412,0.245098,0.421569,0.274510,0.058824,0.407767,0.281553,0.281553,0.029126,0.019608,0.009804,0.039216,0.931373","0.045961,0.000000,0.035110,0.034567,0.034242,0.033086,0.030734,0.032202,0.033539,0.035881,0.046621,0.076285,0.101235,0.097090,0.056720,0.058355,0.053662,0.060303,0.063090,0.071319",0.7245774269104004
per_sightline,32,51,1,1638,410,0.6125785265562536,0.49977790468938377,0.34189986674281364,0.3318790049902566,0.3674693679166832,0.10190900229636372,0.07571932712598116,0.296933122929562,0.03417094993337133,"0.815534,0.097087,0.077670,0.009709,0.264706,0.431373,0.303922,0.000000,0.291262,0.417476,0.252427,0.038835,0.009804,0.019608,0.019608,0.950980","0.050200,0.000000,0.039484,0.036642,0.032637,0.030993,0.031385,0.031662,0.032721,0.034199,0.043815,0.078159,0.106853,0.103051,0.057534,0.056288,0.052871,0.053378,0.057725,0.070401",0.650641679763794
per_sightline,32,51,2,1638,410,0.5915667237768895,0.4813122660067264,0.3627450980392157,0.3367342463204083,0.11948894606618302,0.060460664064904246,0.016446230992479632,0.2921053492598197,-0.0024985722444317293,"0.718447,0.019417,0.203883,0.058252,0.254902,0.500000,0.205882,0.039216,0.323529,0.372549,0.225490,0.078431,0.029126,0.019417,0.029126,0.922330","0.047265,0.000000,0.035520,0.034904,0.032760,0.031994,0.031094,0.031132,0.033030,0.036763,0.045408,0.077375,0.113156,0.100795,0.057393,0.054866,0.055378,0.053656,0.059305,0.068205",0.6188223361968994
per_sightline,32,51,3,1638,410,0.5680325528269561,0.45640586331620026,0.3022558537978298,0.33775205355195753,0.27271598059209384,0.03584224173073194,0.09855481239904984,0.18344947088836827,0.01456310679611661,"0.764706,0.098039,0.098039,0.039216,0.300971,0.339806,0.330097,0.029126,0.284314,0.382353,0.264706,0.068627,0.038835,0.009709,0.048544,0.902913","0.048108,0.000000,0.036060,0.033869,0.030928,0.031092,0.030036,0.031021,0.032673,0.035118,0.047624,0.078604,0.108586,0.102938,0.061012,0.051692,0.056599,0.056498,0.059847,0.067695",0.6247406005859375
per_sightline,32,51,4,1639,409,0.6311631448695983,0.5343613173424709,0.4044831524842947,0.3302801339566574,0.33438541424890156,0.022034402436094294,0.11135217739936204,0.29272606239705573,-2.379592613743764e-05,"0.794118,0.058824,0.107843,0.039216,0.213592,0.485437,0.271845,0.029126,0.343137,0.254902,0.323529,0.078431,0.019608,0.009804,0.049020,0.921569","0.047634,0.000000,0.036870,0.033426,0.030863,0.030564,0.031872,0.032175,0.034334,0.033188,0.045012,0.076953,0.106370,0.101946,0.059819,0.056272,0.056476,0.056648,0.059663,0.069916",0.6240594387054443
per_sightline,32,51,5,1639,409,0.6047496668570341,0.5285551113649344,0.4104797258709309,0.3314499745791926,0.37418169485063213,0.06097171505760202,0.059125444538469345,0.2754171848591775,-0.004901960784313597,"0.764706,0.117647,0.117647,0.000000,0.186275,0.558824,0.245098,0.009804,0.281553,0.407767,0.262136,0.048544,0.039216,0.049020,0.078431,0.833333","0.046987,0.000000,0.037161,0.033232,0.033205,0.032370,0.030936,0.032141,0.032920,0.034504,0.043796,0.077456,0.109886,0.100312,0.059082,0.054932,0.058201,0.054952,0.059998,0.067928",0.6366288661956787
per_sightline,64,42,1,819,205,0.6865573152337858,0.595148315736551,0.4215686274509804,0.3816306157438273,0.4201368118722464,0.04010336424809754,0.015330014967525354,0.07716861778668298,0.014705882352941124,"0.942308,0.038462,0.019231,0.000000,0.176471,0.529412,0.294118,0.000000,0.254902,0.392157,0.313725,0.039216,0.000000,0.019608,0.019608,0.960784","0.053285,0.000000,0.039970,0.034555,0.028361,0.024893,0.029592,0.027149,0.022777,0.032103,0.052175,0.106953,0.113911,0.108591,0.043875,0.039347,0.040990,0.052214,0.064989,0.084269",0.5786926746368408
per_sightline,64,42,2,819,205,0.6591251885369532,0.5651080945198592,0.42609351432880843,0.3848058303083357,0.1498373939835797,0.16707998377019345,0.2798622741348056,0.30297087468744466,0.0051847662141779605,"0.843137,0.000000,0.117647,0.039216,0.153846,0.538462,0.307692,0.000000,0.235294,0.372549,0.313725,0.078431,0.000000,0.000000,0.058824,0.941176","0.046839,0.000000,0.034366,0.032739,0.030376,0.026239,0.026010,0.026965,0.024587,0.034651,0.055108,0.115499,0.116755,0.097444,0.047399,0.039363,0.043758,0.053949,0.064951,0.083004",0.5473265647888184
per_sightline,64,42,3,819,205,0.713895173453997,0.625062845651081,0.516025641025641,0.39053663072104866,0.3765397231981373,0.30220045253201394,0.190386256989025,0.19117637377850324,0.024792609351432904,"0.843137,0.098039,0.058824,0.000000,0.039216,0.666667,0.294118,0.000000,0.230769,0.384615,0.365385,0.019231,0.000000,0.000000,0.019608,0.980392","0.046612,0.000000,0.034209,0.035433,0.030147,0.027446,0.026575,0.028428,0.023390,0.034019,0.053240,0.108901,0.122729,0.105667,0.043882,0.037455,0.040417,0.054537,0.066923,0.079991",0.5852816104888916
per_sightline,64,42,4,819,205,0.686368778280543,0.5882352941176471,0.4803921568627451,0.3864603532397868,0.4522183775100956,0.2863858673860166,0.08789490437445592,0.04823269269450507,0.01932503770739058,"0.803922,0.058824,0.058824,0.078431,0.098039,0.588235,0.313725,0.000000,0.235294,0.352941,0.372549,0.039216,0.000000,0.019231,0.000000,0.980769","0.048671,0.000000,0.036065,0.040864,0.033065,0.025238,0.027813,0.028181,0.028016,0.031505,0.051480,0.107799,0.113097,0.114084,0.042725,0.038786,0.040680,0.049534,0.057625,0.084770",0.5821273326873779
per_sightline,64,42,5,820,204,0.7009803921568627,0.6078431372549019,0.45098039215686275,0.38542828482676417,0.5289232969685163,0.13460090697805066,0.07509758111467786,0.24652163749633002,0.004901960784313708,"0.921569,0.000000,0.078431,0.000000,0.117647,0.450980,0.431373,0.000000,0.137255,0.411765,0.450980,0.000000,0.000000,0.019608,0.000000,0.980392","0.052875,0.000000,0.035536,0.038455,0.033748,0.027799,0.027372,0.029757,0.023630,0.029809,0.054016,0.104873,0.123119,0.103421,0.045275,0.040888,0.041753,0.049764,0.061690,0.076220",0.5594480037689209
per_sightline,64,43,1,819,205,0.7163461538461539,0.6348667672197084,0.5196078431372548,0.37929946101213646,0.35092271699402927,0.3959320570962056,0.18924792598562745,0.10664737795698406,0.024415535444947234,"0.865385,0.115385,0.019231,0.000000,0.117647,0.627451,0.254902,0.000000,0.176471,0.411765,0.411765,0.000000,0.000000,0.019608,0.019608,0.960784","0.053158,0.000000,0.032097,0.033533,0.032717,0.026341,0.029708,0.026004,0.025755,0.029403,0.049070,0.092454,0.129329,0.108446,0.052429,0.038509,0.042808,0.052499,0.063413,0.082326",0.561063289642334
per_sightline,64,43,2,819,205,0.7273755656108597,0.6430367018602313,0.5331825037707391,0.37669511499715114,0.36099577671157873,0.018500675399958148,0.06945006664706274,0.5138951476322792,0.03893288084464552,"0.862745,0.078431,0.058824,0.000000,0.153846,0.615385,0.230769,0.000000,0.156863,0.372549,0.450980,0.019608,0.000000,0.000000,0.019608,0.980392","0.043485,0.000000,0.031986,0.033188,0.032097,0.026163,0.028323,0.027893,0.024166,0.028013,0.051172,0.086818,0.129462,0.109242,0.054675,0.039021,0.041967,0.047882,0.067332,0.097114",0.573643684387207
per_sightline,64,43,3,819,205,0.6506410256410257,0.5472599296128707,0.36990950226244346,0.3832245733466231,0.1515550020026445,0.3106817417579724,0.009867813571331962,0.33538834573264187,0.02450980392156865,"0.901961,0.019608,0.058824,0.019608,0.176471,0.470588,0.352941,0.000000,0.230769,0.461538,0.269231,0.038462,0.019608,0.000000,0.019608,0.960784","0.046617,0.000000,0.031597,0.031548,0.029229,0.024393,0.028430,0.029515,0.024100,0.031679,0.057509,0.093523,0.129320,0.102873,0.053474,0.038669,0.039896,0.053038,0.065591,0.089003",0.566380500793457
per_sightline,64,43,4,819,205,0.6621417797888386,0.5751633986928104,0.4509803921568627,0.3875656301455384,0.15545452791655553,0.0638371489391936,0.14476624341717348,0.4468982922448013,0.004807692307692291,"0.823529,0.039216,0.098039,0.039216,0.117647,0.607843,0.274510,0.000000,0.235294,0.470588,0.294118,0.000000,0.019231,0.038462,0.019231,0.923077","0.040065,0.000000,0.029202,0.032100,0.035143,0.027208,0.027758,0.027362,0.026772,0.030706,0.054967,0.094278,0.135803,0.102518,0.052772,0.036470,0.041848,0.048003,0.061407,0.095619",0.6000175476074219
per_sightline,64,43,5,820,204,0.7598039215686274,0.6928104575163397,0.5588235294117647,0.3777681676332697,0.15189716640023174,0.19655982031277658,0.045386398325996564,0.32811693619665044,0.02450980392156865,"0.960784,0.000000,0.039216,0.000000,0.039216,0.686275,0.274510,0.000000,0.196078,0.333333,0.431373,0.039216,0.019608,0.000000,0.019608,0.960784","0.050892,0.000000,0.030697,0.032703,0.031774,0.028684,0.030174,0.027176,0.027303,0.028861,0.053269,0.095227,0.124053,0.105220,0.053268,0.035885,0.037199,0.055030,0.063020,0.089565",0.5788595676422119
per_sightline,64,44,1,819,205,0.6867458521870287,0.6019356460532931,0.45098039215686275,0.3685995151853076,0.11086473900286677,0.25387294242682135,0.10937705202044004,0.27660334566919625,0.03412518853695323,"0.903846,0.057692,0.038462,0.000000,0.098039,0.588235,0.313725,0.000000,0.156863,0.529412,0.313725,0.000000,0.019608,0.019608,0.019608,0.941176","0.046713,0.000000,0.033896,0.031290,0.028380,0.024222,0.030471,0.027237,0.030689,0.031426,0.052664,0.094846,0.120778,0.100312,0.061599,0.038176,0.046604,0.052424,0.064335,0.083938",0.574244499206543
per_sightline,64,44,2,819,205,0.6981523378582202,0.5975364504776269,0.4845399698340874,0.36910548051435715,0.20320916805015438,0.20331609006533047,0.06597969301340195,0.06649729483296153,0.03412518853695323,"0.823529,0.019608,0.137255,0.019608,0.076923,0.576923,0.346154,0.000000,0.235294,0.352941,0.392157,0.019608,0.000000,0.000000,0.000000,1.000000","0.046306,0.000000,0.033767,0.031754,0.029469,0.025672,0.029087,0.027330,0.028365,0.030658,0.047207,0.094836,0.128118,0.098945,0.060344,0.041998,0.041251,0.049667,0.064189,0.091036",0.5669407844543457
per_sightline,64,44,3,819,205,0.7233220211161387,0.63763197586727,0.4956636500754148,0.3772062643604811,0.4437641045871899,0.23080655570175043,0.19626298854070276,0.3067419089235794,0.019513574660633415,"0.921569,0.000000,0.078431,0.000000,0.117647,0.549020,0.333333,0.000000,0.173077,0.326923,0.442308,0.057692,0.000000,0.000000,0.019608,0.980392","0.043608,0.000000,0.032452,0.032994,0.028251,0.027190,0.029770,0.029365,0.024963,0.030434,0.055954,0.104960,0.122678,0.093614,0.053708,0.038310,0.047545,0.052225,0.064769,0.087210",0.563784122467041
per_sightline,64,44,4,819,205,0.6816553544494721,0.5947712418300654,0.4215686274509804,0.3703049919895216,0.3085696947593057,0.003564842043819132,0.003930216559040601,0.3743958024553731,0.009803921568627416,"0.941176,0.019608,0.039216,0.000000,0.137255,0.431373,0.431373,0.000000,0.156863,0.411765,0.411765,0.019608,0.000000,0.000000,0.057692,0.942308","0.051736,0.000000,0.033650,0.034452,0.034245,0.025615,0.028878,0.027338,0.024511,0.033326,0.060759,0.101982,0.115732,0.091832,0.054688,0.036704,0.040829,0.046523,0.060968,0.096231",0.6000063419342041
per_sightline,64,44,5,820,204,0.7009803921568627,0.6209150326797386,0.5,0.37701823044485727,0.2086459385403754,0.2897670316772496,0.05155090280368368,0.00035179753948862385,0.03431372549019607,"0.862745,0.039216,0.098039,0.000000,0.078431,0.607843,0.313725,0.000000,0.137255,0.450980,0.392157,0.019608,0.019608,0.000000,0.039216,0.941176","0.046922,0.000000,0.033749,0.030349,0.028356,0.026787,0.028853,0.025906,0.027746,0.030750,0.051114,0.109661,0.128339,0.087904,0.055450,0.037475,0.041240,0.052999,0.062976,0.093423",0.5590376853942871
per_sightline,64,45,1,819,205,0.6625188536953243,0.5761689291101056,0.4411764705882353,0.3823760421903718,0.49978054016474655,0.2951011692892021,0.1769350405082728,0.5564737628743917,0.04383484162895923,"0.846154,0.057692,0.076923,0.019231,0.176471,0.509804,0.313725,0.000000,0.215686,0.392157,0.372549,0.019608,0.000000,0.000000,0.078431,0.921569","0.043757,0.000000,0.032167,0.031842,0.033741,0.025603,0.027071,0.026341,0.027020,0.036009,0.047117,0.098389,0.134621,0.102249,0.052666,0.034699,0.046564,0.046329,0.067687,0.086129",0.5476810932159424
per_sightline,64,45,2,819,205,0.6541289592760181,0.5519105077928608,0.42590497737556565,0.3749175139780934,0.3468782018037379,0.04977568247406082,0.23098452704477065,0.24114286880972632,0.014705882352941124,"0.803922,0.078431,0.078431,0.039216,0.096154,0.557692,0.307692,0.038462,0.274510,0.431373,0.294118,0.000000,0.000000,0.019608,0.019608,0.960784","0.044288,0.000000,0.033862,0.035265,0.031904,0.026341,0.027474,0.026093,0.026134,0.035939,0.053733,0.096211,0.129180,0.095793,0.054940,0.036517,0.049308,0.048016,0.066326,0.082675",0.5826034545898438
per_sightline,64,45,3,819,205,0.6849547511312217,0.5799396681749623,0.41892911010558065,0.3755446507830159,0.5488044301623539,0.10609664797697933,0.23177492725844825,0.2508417101618445,-0.009615384615384581,"0.901961,0.019608,0.078431,0.000000,0.156863,0.568627,0.274510,0.000000,0.230769,0.442308,0.269231,0.057692,0.000000,0.000000,0.000000,1.000000","0.041260,0.000000,0.032127,0.034381,0.032351,0.030493,0.026745,0.026208,0.028009,0.036167,0.051788,0.093435,0.133625,0.096697,0.053852,0.037428,0.045850,0.050308,0.067331,0.081947",0.5787298679351807
per_sightline,64,45,4,819,205,0.7110671191553545,0.6339869281045752,0.5,0.3782486446826711,0.4757602288241058,0.017543110592138013,0.0032204330665016622,0.3056373920141044,0.029317496229260942,"0.901961,0.078431,0.019608,0.000000,0.196078,0.568627,0.235294,0.000000,0.137255,0.431373,0.431373,0.000000,0.019231,0.000000,0.038462,0.942308","0.045716,0.000000,0.031780,0.034485,0.031130,0.028220,0.025051,0.026793,0.025888,0.033265,0.053336,0.090524,0.138259,0.096129,0.056005,0.036298,0.046996,0.053192,0.068761,0.078172",0.5606286525726318
per_sightline,64,45,5,820,204,0.6323529411764706,0.5294117647058824,0.4019607843137255,0.3853866841825253,0.5319756655013411,0.15194860888300482,0.15685992943534127,0.0590303820845146,-0.039215686274509776,"0.784314,0.098039,0.098039,0.019608,0.078431,0.411765,0.509804,0.000000,0.235294,0.313725,0.392157,0.058824,0.000000,0.019608,0.039216,0.941176","0.049528,0.000000,0.033518,0.032335,0.029540,0.026066,0.024076,0.026129,0.026612,0.032782,0.050991,0.095739,0.141251,0.097406,0.054973,0.035299,0.045809,0.049943,0.070123,0.077881",0.5916881561279297
per_sightline,64,46,1,819,205,0.672134238310709,0.5628456510809452,0.4019607843137255,0.38578349260097067,0.2618257265178538,0.3212575978534139,0.21395283499393877,0.33721229010526177,0.004901960784313819,"0.884615,0.038462,0.057692,0.019231,0.117647,0.431373,0.411765,0.039216,0.333333,0.235294,0.372549,0.058824,0.000000,0.000000,0.000000,1.000000","0.037204,0.000000,0.032844,0.031975,0.027591,0.029271,0.026954,0.025904,0.024731,0.031342,0.053365,0.095036,0.129072,0.108310,0.058190,0.041348,0.041569,0.053729,0.065864,0.085699",0.572878360748291
per_sightline,64,46,2,819,205,0.6496983408748114,0.5394670688788336,0.39743589743589747,0.38821240586999123,0.22011477887501216,0.04222378215094195,0.01187251533202812,0.503389217055511,0.03431372549019607,"0.823529,0.058824,0.098039,0.019608,0.096154,0.461538,0.442308,0.000000,0.196078,0.431373,0.333333,0.039216,0.000000,0.000000,0.019608,0.980392","0.046985,0.000000,0.029956,0.027882,0.027805,0.030034,0.026989,0.026128,0.024155,0.031185,0.056667,0.103173,0.115053,0.113319,0.054307,0.041168,0.042650,0.051188,0.065054,0.086302",0.6006886959075928
per_sightline,64,46,3,819,205,0.6743024132730016,0.5984162895927602,0.45644796380090497,0.3824629620691616,0.24166939849302121,0.10181167570301079,0.0723113223690595,0.09922371961960631,-9.426847662141746e-05,"0.882353,0.000000,0.117647,0.000000,0.176471,0.470588,0.352941,0.000000,0.153846,0.384615,0.442308,0.019231,0.000000,0.000000,0.098039,0.901961","0.039352,0.000000,0.031206,0.029395,0.029006,0.026539,0.028154,0.027483,0.025951,0.032617,0.050321,0.100920,0.118119,0.113102,0.056364,0.041786,0.043390,0.047954,0.063055,0.095286",0.56109619140625
per_sightline,64,46,4,819,205,0.6472473604826546,0.5424836601307189,0.4117647058823529,0.37235584977473274,0.22704312818638178,0.1725140254714553,0.006097615526287371,0.19936387847526105,0.009521116138763275,"0.803922,0.019608,0.156863,0.019608,0.117647,0.470588,0.392157,0.019608,0.176471,0.450980,0.352941,0.019608,0.019231,0.000000,0.019231,0.961538","0.047660,0.000000,0.031929,0.030928,0.029291,0.026933,0.025350,0.026290,0.027489,0.029504,0.049643,0.089714,0.120398,0.112602,0.060516,0.041112,0.041534,0.048909,0.067012,0.093186",0.5697958469390869
per_sightline,64,46,5,820,204,0.7107843137254902,0.6143790849673203,0.5294117647058824,0.37251194968557017,0.1959323407509701,0.3929405340338333,0.11855025603723476,0.25752108545028096,0.02450980392156865,"0.784314,0.098039,0.078431,0.039216,0.098039,0.686275,0.215686,0.000000,0.156863,0.431373,0.372549,0.039216,0.000000,0.000000,0.000000,1.000000","0.045616,0.000000,0.037041,0.032160,0.029187,0.030805,0.028612,0.026143,0.026942,0.029281,0.050189,0.092734,0.126650,0.102939,0.056497,0.040323,0.042580,0.051026,0.058710,0.092564",0.5773983001708984
per_sightline,64,47,1,819,205,0.6772247360482654,0.5761689291101055,0.4411764705882353,0.38473614761570407,0.32830738167421125,0.042534511570343964,0.26851407258153875,0.23061732840097882,-0.014705882352941235,"0.846154,0.076923,0.057692,0.019231,0.156863,0.549020,0.294118,0.000000,0.196078,0.431373,0.333333,0.039216,0.000000,0.000000,0.019608,0.980392","0.048630,0.000000,0.029467,0.028964,0.028009,0.023468,0.025249,0.026377,0.026464,0.030977,0.050370,0.081079,0.125723,0.127564,0.049274,0.042983,0.046726,0.054225,0.067973,0.086479",0.5851333141326904
per_sightline,64,47,2,819,205,0.6981523378582202,0.5975364504776269,0.5041478129713424,0.37557792768916615,0.24036166366374842,0.20988447873213423,0.16812182470282716,0.11141571943764758,0.009709653092005999,"0.784314,0.098039,0.117647,0.000000,0.115385,0.576923,0.307692,0.000000,0.137255,0.392157,0.431373,0.039216,0.000000,0.000000,0.000000,1.000000","0.049872,0.000000,0.032834,0.034038,0.030571,0.026255,0.027526,0.026517,0.027094,0.030087,0.050050,0.080190,0.113995,0.131342,0.045667,0.043224,0.045623,0.057044,0.059525,0.088545",0.5727050304412842
per_sightline,64,47,3,819,205,0.7085218702865761,0.6309703368526898,0.49547511312217196,0.37883049187065837,0.4947138952764711,0.09138235945797862,0.1191744290688748,0.28243201144863633,0.014517345399698178,"0.901961,0.058824,0.039216,0.000000,0.196078,0.529412,0.274510,0.000000,0.115385,0.423077,0.461538,0.000000,0.000000,0.000000,0.058824,0.941176","0.045941,0.000000,0.028467,0.031014,0.031110,0.025011,0.026065,0.029694,0.028646,0.032277,0.056263,0.084879,0.116145,0.121544,0.048444,0.038528,0.044451,0.057112,0.066326,0.088084",0.568023681640625
per_sightline,64,47,4,819,205,0.6669494720965309,0.5751633986928104,0.4215686274509804,0.3805121800782495,0.24931356397706042,0.12029333806199723,0.1807355648785545,0.2891105915633398,0.029128959276018107,"0.882353,0.039216,0.078431,0.000000,0.137255,0.450980,0.411765,0.000000,0.215686,0.352941,0.392157,0.039216,0.000000,0.000000,0.057692,0.942308","0.040591,0.000000,0.029974,0.031918,0.034770,0.025675,0.028151,0.026520,0.026453,0.032770,0.054644,0.095138,0.113017,0.117713,0.045376,0.039950,0.044898,0.062129,0.059406,0.090905",0.5793025493621826
per_sightline,64,47,5,820,204,0.7156862745098038,0.6405228758169934,0.5392156862745099,0.38515210710154735,0.4533632211979289,0.27199768496744464,0.2595024478302664,0.5840145549045773,0.02941176470588225,"0.843137,0.000000,0.137255,0.019608,0.117647,0.549020,0.333333,0.000000,0.117647,0.333333,0.529412,0.019608,0.000000,0.019608,0.039216,0.941176","0.049128,0.000000,0.032136,0.031037,0.030943,0.028016,0.026623,0.029667,0.026713,0.028718,0.053133,0.081924,0.119736,0.130359,0.046107,0.042031,0.049610,0.052338,0.058182,0.083598",0.5743207931518555
per_sightline,64,48,1,819,205,0.6572398190045249,0.5429864253393665,0.3529411764705882,0.3691237884594123,0.3865896116806063,0.04365581881622191,0.17900665566047833,0.27955190793208307,0.019607843137254943,"0.923077,0.038462,0.038462,0.000000,0.078431,0.450980,0.450980,0.019608,0.274510,0.470588,0.254902,0.000000,0.000000,0.000000,0.000000,1.000000","0.050707,0.000000,0.030050,0.029301,0.028333,0.029779,0.026388,0.024751,0.024988,0.031872,0.046815,0.101203,0.120525,0.100581,0.056024,0.042609,0.041859,0.047506,0.070627,0.096082",0.5488712787628174
per_sightline,64,48,2,819,205,0.6544117647058824,0.5588235294117647,0.41666666666666663,0.3639148582805285,0.03601749966318638,0.1084532811148469,0.1771246063016278,0.05314823225955927,-0.0049962292609352366,"0.843137,0.039216,0.078431,0.039216,0.115385,0.500000,0.365385,0.019231,0.215686,0.450980,0.333333,0.000000,0.019608,0.000000,0.039216,0.941176","0.049526,0.000000,0.034214,0.033125,0.029115,0.025623,0.028735,0.025898,0.025555,0.029027,0.046790,0.099601,0.119680,0.097844,0.056235,0.043298,0.045091,0.048128,0.069958,0.092558",0.5686826705932617
per_sightline,64,48,3,819,205,0.6649698340874812,0.55982905982906,0.4083710407239819,0.36257594846753277,0.42154683200691534,0.18371528702721504,0.26581942644838047,0.3947658991845626,0.004619155354449678,"0.862745,0.098039,0.019608,0.019608,0.137255,0.470588,0.392157,0.000000,0.134615,0.500000,0.346154,0.019231,0.000000,0.000000,0.019608,0.980392","0.051217,0.000000,0.031374,0.032848,0.032158,0.028843,0.025779,0.027597,0.024161,0.030309,0.049744,0.090771,0.124725,0.097337,0.057671,0.041655,0.046624,0.044315,0.069283,0.093590",0.568497896194458
per_sightline,64,48,4,819,205,0.6770361990950227,0.607843137254902,0.4607843137254902,0.369824271547884,0.2515006961790609,0.29197102178368795,0.1281643784151521,0.4379796219039965,0.03902714932126694,"0.901961,0.039216,0.039216,0.019608,0.098039,0.647059,0.235294,0.019608,0.215686,0.431373,0.274510,0.078431,0.000000,0.000000,0.115385,0.884615","0.049572,0.000000,0.034972,0.030213,0.032923,0.027113,0.028122,0.025629,0.023239,0.030646,0.050343,0.103841,0.116727,0.098913,0.057352,0.040769,0.040359,0.048386,0.067866,0.093017",0.5536885261535645
per_sightline,64,48,5,820,204,0.661764705882353,0.5686274509803922,0.4117647058823529,0.36650985327864966,0.11485475675188156,0.16117909687620438,0.05415604864617525,0.25475276075178754,0.044117647058823595,"0.882353,0.058824,0.058824,0.000000,0.196078,0.470588,0.333333,0.000000,0.117647,0.431373,0.352941,0.098039,0.039216,0.000000,0.019608,0.941176","0.049545,0.000000,0.034271,0.032869,0.030346,0.027033,0.028116,0.025261,0.025216,0.028391,0.049790,0.096831,0.118609,0.101280,0.052681,0.036822,0.045256,0.051348,0.070758,0.095578",0.6088757514953613
per_sightline,64,49,1,819,205,0.6430052790346907,0.5305429864253394,0.38235294117647056,0.37626618146709195,0.0563281026233456,0.05695416182109382,0.06119834999107708,0.12806862188026397,-0.03421945701357476,"0.826923,0.038462,0.134615,0.000000,0.176471,0.450980,0.352941,0.019608,0.215686,0.431373,0.313725,0.039216,0.019608,0.000000,0.000000,0.980392","0.047149,0.000000,0.031589,0.032774,0.028018,0.024604,0.027811,0.023256,0.026848,0.035569,0.057986,0.096969,0.108911,0.112400,0.054911,0.046154,0.040569,0.055302,0.065217,0.083963",0.5707769393920898
per_sightline,64,49,2,819,205,0.6837292609351433,0.5979135243841126,0.47530165912518857,0.37748757532780786,0.295815293345664,0.04440428472149426,0.12895029303499408,0.25142710220727327,0.014988687782805377,"0.843137,0.058824,0.098039,0.000000,0.173077,0.519231,0.288462,0.019231,0.176471,0.392157,0.431373,0.000000,0.000000,0.039216,0.019608,0.941176","0.046717,0.000000,0.031787,0.034754,0.031800,0.024560,0.027590,0.026018,0.025100,0.036220,0.060605,0.089654,0.100127,0.127101,0.051824,0.043871,0.040748,0.058622,0.063588,0.079313",0.568225622177124
per_sightline,64,49,3,819,205,0.7131410256410255,0.6371292106586224,0.5145173453996983,0.38220863369391156,0.20536461262953598,0.050169290036540796,0.12580051809492948,0.27750833524322854,0.0049962292609351255,"0.882353,0.019608,0.058824,0.039216,0.039216,0.509804,0.450980,0.000000,0.134615,0.346154,0.519231,0.000000,0.000000,0.019608,0.039216,0.941176","0.046974,0.000000,0.029463,0.035272,0.028999,0.028583,0.028253,0.024475,0.026409,0.036903,0.056861,0.088957,0.112961,0.123430,0.053194,0.040153,0.040653,0.056498,0.064748,0.077213",0.5899927616119385
per_sightline,64,49,4,819,205,0.6913650075414781,0.6013071895424836,0.4803921568627451,0.38181124513252873,0.39166219081221815,0.08020766272027112,0.17869882250521232,0.2755625852759746,0.02413273001508287,"0.843137,0.000000,0.117647,0.039216,0.137255,0.549020,0.313725,0.000000,0.117647,0.431373,0.411765,0.039216,0.000000,0.000000,0.038462,0.961538","0.047789,0.000000,0.030361,0.031086,0.029057,0.031045,0.028283,0.024514,0.026787,0.033376,0.054951,0.091051,0.112491,0.123318,0.057591,0.040274,0.039702,0.052326,0.060695,0.085301",0.5598793029785156
per_sightline,64,49,5,820,204,0.6911764705882353,0.5882352941176471,0.47058823529411764,0.3807447244658199,0.3760094131466546,0.44430562763412107,0.1651346392926011,0.0010111125431551884,0.004901960784313708,"0.823529,0.078431,0.098039,0.000000,0.098039,0.568627,0.313725,0.019608,0.235294,0.333333,0.372549,0.058824,0.000000,0.000000,0.000000,1.000000","0.044165,0.000000,0.030611,0.035600,0.030192,0.028411,0.029498,0.025190,0.026591,0.031979,0.063119,0.092544,0.113406,0.111675,0.053640,0.040100,0.044059,0.047237,0.065140,0.086842",0.5881061553955078
per_sightline,64,50,1,819,205,0.6530920060331825,0.5766716943187532,0.48039215686274506,0.3670128941526453,0.46317657771462867,0.0813801442678789,0.007376099268355771,0.4375387123496094,0.010275263951734614,"0.769231,0.038462,0.173077,0.019231,0.117647,0.450980,0.411765,0.019608,0.156863,0.294118,0.509804,0.039216,0.019608,0.000000,0.098039,0.882353","0.049233,0.000000,0.038015,0.032966,0.034417,0.028945,0.030128,0.025468,0.026936,0.034624,0.056684,0.094396,0.115757,0.100176,0.049495,0.038975,0.043020,0.053751,0.061499,0.085516",0.5728199481964111
per_sightline,64,50,2,819,205,0.7231334841628959,0.6308446455505279,0.4952865761689291,0.36607735951505926,0.4651180199598537,0.19524062330474076,0.025254226796834964,0.1592856379746997,0.02941176470588236,"0.901961,0.019608,0.078431,0.000000,0.134615,0.480769,0.384615,0.000000,0.235294,0.254902,0.509804,0.000000,0.000000,0.000000,0.000000,1.000000","0.050173,0.000000,0.039961,0.033742,0.029577,0.027755,0.027136,0.026444,0.028272,0.030449,0.055442,0.090270,0.115639,0.104727,0.052558,0.039020,0.041086,0.055109,0.068281,0.084360",0.5607037544250488
per_sightline,64,50,3,819,205,0.6941930618401206,0.6053293112116641,0.47662141779788836,0.3733279471957136,0.2354230725385536,0.05298793104208424,0.20377046091799791,0.34030530058100733,0.03893288084464552,"0.862745,0.019608,0.078431,0.039216,0.196078,0.568627,0.215686,0.019608,0.173077,0.384615,0.384615,0.057692,0.000000,0.019608,0.019608,0.960784","0.045016,0.000000,0.032930,0.030128,0.030797,0.027841,0.028000,0.025405,0.027211,0.028671,0.054189,0.085390,0.122141,0.111608,0.053699,0.036559,0.045626,0.058075,0.070750,0.085965",0.5890262126922607
per_sightline,64,50,4,819,205,0.657051282051282,0.5555555555555556,0.4019607843137255,0.36635674743730046,0.49727340149376303,0.055497883417148265,0.14891949086466572,0.5824565402427636,0.009238310708898911,"0.862745,0.078431,0.039216,0.019608,0.176471,0.470588,0.352941,0.000000,0.196078,0.431373,0.333333,0.039216,0.000000,0.000000,0.038462,0.961538","0.042882,0.000000,0.037817,0.034904,0.034228,0.027593,0.031901,0.025677,0.029022,0.029912,0.054785,0.089780,0.116358,0.105433,0.050497,0.039523,0.043757,0.058317,0.064159,0.083454",0.5655679702758789
per_sightline,64,50,5,820,204,0.7009803921568628,0.607843137254902,0.4803921568627451,0.3615185519377765,0.28500180250390855,0.054018884793230665,0.05933453615925766,0.17545702313094963,0.02450980392156865,"0.862745,0.058824,0.058824,0.019608,0.098039,0.549020,0.352941,0.000000,0.196078,0.392157,0.411765,0.000000,0.000000,0.000000,0.019608,0.980392","0.045863,0.000000,0.035164,0.033954,0.032088,0.027417,0.029493,0.028119,0.028573,0.030758,0.050266,0.092269,0.114144,0.104840,0.052833,0.042901,0.042506,0.056776,0.067125,0.084911",0.5996158123016357
per_sightline,64,51,1,819,205,0.7018288084464555,0.6089743589743589,0.5,0.3858461235300538,0.17060370986442375,0.1315246490035136,0.029624489399567976,0.14463049925053592,0.03921568627450989,"0.826923,0.115385,0.057692,0.000000,0.117647,0.607843,0.274510,0.000000,0.176471,0.372549,0.392157,0.058824,0.000000,0.000000,0.019608,0.980392","0.039877,0.000000,0.031500,0.027884,0.028768,0.029991,0.028123,0.026157,0.025461,0.032502,0.054392,0.091863,0.131481,0.108110,0.050436,0.035647,0.043316,0.055314,0.068602,0.090577",0.5810465812683105
per_sightline,64,51,2,819,205,0.6642156862745099,0.5718954248366014,0.4362745098039216,0.3861881464092668,0.4409474059758492,0.04929700479651139,0.188400570577767,0.30441551057075206,0.009615384615384692,"0.843137,0.039216,0.098039,0.019608,0.192308,0.500000,0.307692,0.000000,0.098039,0.509804,0.372549,0.019608,0.000000,0.000000,0.058824,0.941176","0.043028,0.000000,0.033808,0.033729,0.031105,0.028339,0.028104,0.025429,0.028015,0.027370,0.052874,0.103571,0.128513,0.101230,0.049697,0.035016,0.045912,0.050621,0.062289,0.091350",0.5685458183288574
per_sightline,64,51,3,819,205,0.7039027149321266,0.6052036199095022,0.44702111613876316,0.3835327305556595,0.2177613417563519,0.14175686960387138,0.169365050180372,0.43478489486027094,0.009992458521870251,"0.921569,0.019608,0.039216,0.019608,0.137255,0.490196,0.352941,0.019608,0.211538,0.384615,0.403846,0.000000,0.000000,0.000000,0.000000,1.000000","0.041526,0.000000,0.028672,0.029840,0.029673,0.030508,0.030775,0.025047,0.024258,0.030939,0.053700,0.095633,0.125345,0.108855,0.050390,0.035389,0.044456,0.051096,0.062759,0.101141",0.5999655723571777
per_sightline,64,51,4,819,205,0.6813725490196079,0.5751633986928104,0.47058823529411764,0.36949529734940906,0.05179426735127603,0.12410541839867478,0.08033657043367715,0.40106373019085534,0.004713423831070873,"0.784314,0.137255,0.058824,0.019608,0.078431,0.627451,0.294118,0.000000,0.176471,0.509804,0.313725,0.000000,0.000000,0.000000,0.000000,1.000000","0.043639,0.000000,0.032689,0.031430,0.029556,0.030246,0.029995,0.027077,0.023433,0.031382,0.052097,0.088196,0.128283,0.100920,0.051255,0.038953,0.043243,0.053334,0.063966,0.100306",0.5602817535400391
per_sightline,64,51,5,820,204,0.6911764705882353,0.5947712418300654,0.4117647058823529,0.3843659786422198,0.16117329623479063,0.18640249677944543,0.26923417917506437,0.07906137448259308,0.004901960784313708,"0.960784,0.000000,0.039216,0.000000,0.117647,0.490196,0.372549,0.019608,0.176471,0.470588,0.333333,0.019608,0.000000,0.000000,0.019608,0.980392","0.050895,0.000000,0.033713,0.029157,0.028038,0.028928,0.027764,0.025428,0.026453,0.029143,0.049817,0.093224,0.130416,0.110909,0.049561,0.038039,0.043796,0.044246,0.061672,0.098802",0.5697863101959229
per_sightline,128,42,1,409,103,0.7357692307692307,0.6476923076923077,0.51,0.38945299770469405,0.5737849504346221,0.27892419394644696,0.07080782364256438,0.05702192479600543,-0.009615384615384581,"0.923077,0.000000,0.076923,0.000000,0.076923,0.500000,0.423077,0.000000,0.080000,0.400000,0.520000,0.000000,0.000000,0.000000,0.000000,1.000000","0.034948,0.000000,0.027619,0.027773,0.036892,0.034186,0.032036,0.026282,0.025416,0.025166,0.054447,0.118111,0.113868,0.103028,0.035695,0.026692,0.037808,0.054771,0.065338,0.119924",0.5166840553283691
per_sightline,128,42,2,409,103,0.7749999999999999,0.6999999999999998,0.5884615384615384,0.3875284189976569,0.3517942424080197,0.26915607113773005,0.2533264943560606,0.12668882851030455,0.028461538461538316,"0.923077,0.000000,0.076923,0.000000,0.040000,0.600000,0.360000,0.000000,0.076923,0.346154,0.576923,0.000000,0.000000,0.000000,0.000000,1.000000","0.035532,0.000000,0.034684,0.036658,0.030128,0.019419,0.028715,0.022129,0.022073,0.028164,0.049996,0.115791,0.116083,0.105658,0.037911,0.029498,0.046575,0.051018,0.069523,0.120445",0.5097489356994629
per_sightline,128,42,3,410,102,0.8130769230769231,0.7507692307692309,0.6646153846153846,0.3843337489649278,0.5047198054478663,0.55291779570047,0.18743939081585437,0.2628201382947992,0.03961538461538472,"0.923077,0.000000,0.076923,0.000000,0.000000,0.560000,0.440000,0.000000,0.076923,0.153846,0.769231,0.000000,0.000000,0.000000,0.000000,1.000000","0.043753,0.000000,0.034964,0.036245,0.035891,0.025910,0.028580,0.029712,0.023212,0.021578,0.046285,0.119849,0.112119,0.106081,0.040002,0.024075,0.039089,0.049825,0.073377,0.109454",0.5089337825775146
per_sightline,128,42,4,410,102,0.8357692307692308,0.7810256410256411,0.7115384615384616,0.38854948588090643,0.3325808990381288,0.39280109356581977,0.1664366622414953,0.06798068660742841,0.019230769230769273,"0.920000,0.000000,0.080000,0.000000,0.000000,0.769231,0.230769,0.000000,0.038462,0.307692,0.653846,0.000000,0.000000,0.000000,0.000000,1.000000","0.048902,0.000000,0.039759,0.029611,0.028765,0.023271,0.029549,0.023026,0.017853,0.024864,0.051963,0.119570,0.117135,0.099882,0.037335,0.028944,0.041161,0.050396,0.070793,0.117222",0.490584135055542
per_sightline,128,42,5,410,102,0.8038461538461539,0.7512820512820513,0.6269230769230769,0.39119776706424536,0.23560433250885565,0.19633778050117348,0.02476156974128004,0.5293679451979515,0.008846153846153837,"1.000000,0.000000,0.000000,0.000000,0.076923,0.653846,0.269231,0.000000,0.040000,0.280000,0.600000,0.080000,0.000000,0.038462,0.000000,0.961538","0.041359,0.000000,0.035706,0.034995,0.031113,0.024619,0.029140,0.025598,0.021029,0.028480,0.057546,0.116957,0.123724,0.092970,0.035480,0.029354,0.038538,0.050664,0.068417,0.114310",0.5138397216796875
per_sightline,128,43,1,409,103,0.725,0.6333333333333333,0.48846153846153845,0.39342800681178686,0.03499781153996551,0.4765342762349869,0.16966740759137358,0.14644545636786058,-0.02000000000000013,"0.923077,0.000000,0.076923,0.000000,0.038462,0.576923,0.384615,0.000000,0.160000,0.440000,0.400000,0.000000,0.000000,0.000000,0.000000,1.000000","0.040974,0.000000,0.023918,0.023200,0.026778,0.033367,0.023845,0.021701,0.023744,0.022783,0.066614,0.100472,0.117310,0.109032,0.044034,0.036846,0.043022,0.063812,0.080599,0.097948",0.49617862701416016
per_sightline,128,43,2,409,103,0.726923076923077,0.635897435897436,0.5115384615384615,0.40238898309530086,0.03175837113544016,0.5551603797546313,0.10617126454008971,0.2964177897325389,0.00038461538461542766,"0.884615,0.000000,0.115385,0.000000,0.120000,0.600000,0.280000,0.000000,0.115385,0.384615,0.423077,0.076923,0.000000,0.000000,0.000000,1.000000","0.045816,0.000000,0.025923,0.022420,0.026103,0.023755,0.024823,0.025111,0.023496,0.024871,0.070413,0.107468,0.119250,0.105257,0.043448,0.038942,0.045701,0.050496,0.075320,0.101386",0.4785478115081787
per_sightline,128,43,3,410,102,0.7457692307692307,0.6610256410256411,0.53,0.3916151030263576,0.4690967125309229,0.09897421019207493,0.0490842067977547,0.20368964541995468,0.07846153846153847,"0.923077,0.038462,0.038462,0.000000,0.080000,0.560000,0.360000,0.000000,0.192308,0.307692,0.500000,0.000000,0.000000,0.000000,0.000000,1.000000","0.054872,0.000000,0.023284,0.024282,0.025864,0.024911,0.027128,0.028604,0.024291,0.026597,0.060337,0.094985,0.118069,0.118225,0.040182,0.037624,0.042976,0.053681,0.074501,0.099588",0.5095291137695312
per_sightline,128,43,4,410,102,0.7384615384615384,0.6912820512820512,0.5769230769230769,0.3994430404576455,0.20626030346785817,0.4670203155310393,0.29115210157474936,0.5433221747635587,-0.030000000000000027,"0.920000,0.000000,0.040000,0.040000,0.076923,0.615385,0.307692,0.000000,0.038462,0.384615,0.538462,0.038462,0.040000,0.000000,0.080000,0.880000","0.050726,0.000000,0.028308,0.025909,0.025309,0.020557,0.023293,0.027357,0.024682,0.027332,0.069222,0.093074,0.127328,0.109819,0.048531,0.038298,0.044746,0.050354,0.067797,0.097358",0.5225224494934082
per_sightline,128,43,5,410,102,0.7826923076923077,0.7102564102564103,0.6453846153846154,0.39478076019880903,0.3394140788415562,0.2018038582168682,0.15246894142692666,0.13126643502329846,0.00038461538461531664,"0.840000,0.040000,0.120000,0.000000,0.000000,0.730769,0.269231,0.000000,0.080000,0.360000,0.560000,0.000000,0.000000,0.000000,0.000000,1.000000","0.052376,0.000000,0.025045,0.024423,0.028340,0.028432,0.025676,0.024940,0.021943,0.023543,0.067202,0.098164,0.118292,0.111123,0.036696,0.037847,0.049972,0.053266,0.070546,0.102174",0.5432748794555664
per_sightline,128,44,1,409,103,0.6965384615384616,0.5953846153846154,0.4507692307692308,0.38054362107177214,0.5423906468137172,0.11387228360138676,0.15695872263472235,0.18461371302212015,0.010000000000000009,"0.884615,0.038462,0.076923,0.000000,0.076923,0.461538,0.461538,0.000000,0.120000,0.440000,0.440000,0.000000,0.000000,0.000000,0.000000,1.000000","0.039054,0.000000,0.028291,0.031852,0.030266,0.024150,0.029407,0.025781,0.025420,0.030562,0.055471,0.110194,0.119431,0.095447,0.048015,0.031600,0.042284,0.050607,0.066196,0.115973",0.520453929901123
per_sightline,128,44,2,409,103,0.7953846153846154,0.7271794871794871,0.6292307692307693,0.3856923881009214,0.3732416533362973,0.34963839229033844,0.07590212868009034,0.5847145089283912,0.038461538461538436,"0.923077,0.076923,0.000000,0.000000,0.000000,0.720000,0.280000,0.000000,0.115385,0.307692,0.538462,0.038462,0.000000,0.000000,0.000000,1.000000","0.035234,0.000000,0.026330,0.026104,0.028152,0.022247,0.030898,0.026798,0.025279,0.034226,0.061978,0.110513,0.119914,0.093288,0.042887,0.038062,0.043152,0.053376,0.070921,0.110641",0.5138084888458252
per_sightline,128,44,3,410,102,0.696923076923077,0.5958974358974359,0.4323076923076923,0.39368112319238113,0.2667878866704846,0.0008679837867325058,0.04881344139518759,0.11447292734378872,-0.028846153846153855,"0.923077,0.000000,0.076923,0.000000,0.080000,0.480000,0.440000,0.000000,0.153846,0.461538,0.384615,0.000000,0.000000,0.000000,0.000000,1.000000","0.030170,0.000000,0.024685,0.027134,0.024704,0.022541,0.031237,0.030543,0.024994,0.028914,0.053776,0.106440,0.122909,0.110557,0.044028,0.034078,0.045476,0.061129,0.073244,0.103442",0.5120251178741455
per_sightline,128,44,4,410,102,0.7207692307692308,0.6276923076923077,0.46153846153846156,0.38770431815149603,0.7414592169644764,0.42071559515783136,0.15836195136716177,0.05167228146682132,0.010384615384615437,"0.960000,0.040000,0.000000,0.000000,0.038462,0.500000,0.461538,0.000000,0.115385,0.461538,0.423077,0.000000,0.000000,0.000000,0.000000,1.000000","0.040983,0.000000,0.030698,0.025270,0.025487,0.023394,0.032125,0.029364,0.025079,0.035590,0.060854,0.108748,0.121255,0.096848,0.044474,0.031877,0.043101,0.054187,0.068859,0.101809",0.5097510814666748
per_sightline,128,44,5,410,102,0.7346153846153847,0.658974358974359,0.5284615384615384,0.3766411278809103,0.2125200911100683,0.286809828362169,0.09257933433424746,0.2427039024481898,0.009230769230769265,"0.920000,0.000000,0.080000,0.000000,0.115385,0.576923,0.307692,0.000000,0.120000,0.400000,0.480000,0.000000,0.000000,0.038462,0.000000,0.961538","0.039023,0.000000,0.030880,0.027942,0.026654,0.023854,0.030910,0.031854,0.022665,0.031626,0.053502,0.109119,0.115959,0.098061,0.039355,0.040447,0.040606,0.051664,0.068712,0.117167",0.5175111293792725
per_sightline,128,45,1,409,103,0.7946153846153846,0.7261538461538461,0.6276923076923078,0.3901505847318491,0.32089219518462736,0.05485017348080306,0.16812435272503676,0.4789029823877164,0.010000000000000009,"0.923077,0.038462,0.038462,0.000000,0.038462,0.615385,0.346154,0.000000,0.080000,0.280000,0.640000,0.000000,0.000000,0.000000,0.000000,1.000000","0.034706,0.000000,0.025828,0.026817,0.030932,0.025992,0.022239,0.027950,0.025932,0.035463,0.063373,0.107286,0.128672,0.090818,0.048613,0.034080,0.046487,0.055562,0.070658,0.098589",0.5117886066436768
per_sightline,128,45,2,409,103,0.7765384615384615,0.702051282051282,0.6107692307692307,0.3947617314293269,0.18744958820501886,0.14821492693177804,0.24713530407405856,0.32177906716210886,0.04923076923076919,"0.884615,0.000000,0.115385,0.000000,0.040000,0.760000,0.200000,0.000000,0.076923,0.461538,0.461538,0.000000,0.000000,0.000000,0.000000,1.000000","0.031647,0.000000,0.027041,0.030125,0.030316,0.023868,0.021413,0.024538,0.020452,0.030236,0.058884,0.106257,0.133744,0.095877,0.048723,0.036757,0.049606,0.057242,0.072460,0.100814",0.48827576637268066
per_sightline,128,45,3,410,102,0.7665384615384615,0.702051282051282,0.63,0.39167317929090645,0.17805203441092382,0.268875859149165,0.12964134110736297,0.06576736800106202,0.038846153846153864,"0.846154,0.000000,0.153846,0.000000,0.080000,0.760000,0.160000,0.000000,0.153846,0.346154,0.500000,0.000000,0.000000,0.000000,0.040000,0.960000","0.038977,0.000000,0.026160,0.027990,0.028655,0.026520,0.026000,0.024196,0.018230,0.027171,0.052611,0.101421,0.137038,0.100603,0.044457,0.033645,0.058818,0.057856,0.070119,0.099535",0.5212538242340088
per_sightline,128,45,4,410,102,0.74,0.6533333333333333,0.5,0.39722864270726005,0.4510249737598294,0.08979632579975741,0.08486783684430604,0.15034654150438784,0.020000000000000018,"0.960000,0.000000,0.040000,0.000000,0.076923,0.538462,0.384615,0.000000,0.153846,0.384615,0.461538,0.000000,0.000000,0.000000,0.000000,1.000000","0.037759,0.000000,0.025647,0.025715,0.032365,0.026956,0.024256,0.020779,0.022790,0.033458,0.059102,0.101602,0.129535,0.106990,0.041851,0.031959,0.048379,0.056183,0.077787,0.096887",0.5197808742523193
per_sightline,128,45,5,410,102,0.7519230769230769,0.682051282051282,0.543076923076923,0.4065130972127624,0.34136782251725317,0.21635413773714107,0.009592219154715784,0.08373742799884194,0.018846153846153846,"0.960000,0.000000,0.040000,0.000000,0.000000,0.846154,0.153846,0.000000,0.160000,0.600000,0.240000,0.000000,0.000000,0.000000,0.038462,0.961538","0.033764,0.000000,0.025067,0.029619,0.032070,0.027255,0.021301,0.023955,0.022099,0.024793,0.060746,0.109829,0.141727,0.094212,0.046234,0.035266,0.044772,0.060360,0.068171,0.098761",0.5095584392547607
per_sightline,128,46,1,409,103,0.7357692307692307,0.6476923076923077,0.4907692307692308,0.40632255542775536,0.61871014228231,0.36661130864872526,0.22345764609745528,0.020871373447854103,0.010384615384615326,"0.961538,0.000000,0.038462,0.000000,0.000000,0.461538,0.538462,0.000000,0.160000,0.320000,0.520000,0.000000,0.000000,0.000000,0.000000,1.000000","0.037151,0.000000,0.029985,0.023677,0.024935,0.023648,0.023698,0.023255,0.027250,0.028674,0.072940,0.113061,0.109721,0.110601,0.047818,0.042663,0.043991,0.057044,0.066577,0.093313",0.5524613857269287
per_sightline,128,46,2,409,103,0.7261538461538461,0.6348717948717949,0.51,0.3965458254618167,0.22460012447393246,0.4904823818930466,0.051650178760778626,0.09942527931476315,0.028461538461538427,"0.884615,0.000000,0.076923,0.038462,0.040000,0.520000,0.440000,0.000000,0.153846,0.346154,0.500000,0.000000,0.000000,0.000000,0.000000,1.000000","0.047263,0.000000,0.035265,0.026007,0.033436,0.022781,0.031825,0.021357,0.029415,0.030228,0.066037,0.100297,0.125014,0.105198,0.040891,0.031602,0.036446,0.046820,0.067886,0.102232",0.4933962821960449
per_sightline,128,46,3,410,102,0.7057692307692307,0.6076923076923076,0.4115384615384615,0.4011564165170479,0.45487899158456285,0.31183546891832187,0.20444796454371633,0.07489775698415702,0.009999999999999898,"1.000000,0.000000,0.000000,0.000000,0.120000,0.400000,0.480000,0.000000,0.153846,0.423077,0.423077,0.000000,0.000000,0.000000,0.000000,1.000000","0.045092,0.000000,0.029312,0.022610,0.030765,0.024240,0.027719,0.021540,0.023241,0.030466,0.063981,0.102716,0.126954,0.107506,0.048908,0.036563,0.038565,0.054357,0.065836,0.099631",0.4992702007293701
per_sightline,128,46,4,410,102,0.72,0.64,0.5,0.3966531819631639,0.5775812700449281,0.3292195376603879,0.030850033358147386,0.2961234513778412,0.0,"0.920000,0.040000,0.040000,0.000000,0.076923,0.653846,0.269231,0.000000,0.192308,0.461538,0.346154,0.000000,0.000000,0.000000,0.040000,0.960000","0.038767,0.000000,0.024333,0.022061,0.029652,0.025487,0.032538,0.024596,0.032710,0.033219,0.063024,0.102190,0.124097,0.107342,0.047276,0.035143,0.030683,0.054262,0.067581,0.105039",0.5142784118652344
per_sightline,128,46,5,410,102,0.7230769230769231,0.6307692307692307,0.5861538461538461,0.3950934071766858,0.05007128518393726,0.069591155145799,0.18853608143852804,0.2758471667188947,0.008846153846153837,"0.720000,0.040000,0.240000,0.000000,0.038462,0.692308,0.269231,0.000000,0.040000,0.480000,0.480000,0.000000,0.000000,0.000000,0.000000,1.000000","0.034193,0.000000,0.035542,0.025276,0.028521,0.027652,0.025873,0.026683,0.025781,0.027306,0.064353,0.111079,0.108713,0.110949,0.045682,0.030321,0.042240,0.058011,0.068677,0.103149",0.5075788497924805
per_sightline,128,47,1,409,103,0.8534615384615385,0.8046153846153846,0.7453846153846153,0.37748822460911424,0.1159271620852937,0.46079916848814506,0.2633858427297781,0.010337381967450583,0.06769230769230772,"0.923077,0.000000,0.076923,0.000000,0.038462,0.730769,0.230769,0.000000,0.080000,0.160000,0.760000,0.000000,0.000000,0.000000,0.000000,1.000000","0.044173,0.000000,0.031383,0.024890,0.024899,0.022796,0.021906,0.023753,0.023706,0.026781,0.061033,0.084313,0.108107,0.124035,0.047527,0.038485,0.043763,0.060365,0.079253,0.108833",0.5176680088043213
per_sightline,128,47,2,409,103,0.725,0.6461538461538462,0.48846153846153845,0.38521115104455633,0.1491287636521899,0.6512688635898265,0.1925997837500595,0.20432019390603767,-0.028461538461538427,"0.961538,0.000000,0.038462,0.000000,0.240000,0.400000,0.360000,0.000000,0.038462,0.384615,0.576923,0.000000,0.000000,0.000000,0.038462,0.961538","0.037750,0.000000,0.032836,0.030177,0.025540,0.020027,0.023588,0.024494,0.025449,0.028063,0.060779,0.089311,0.108037,0.127084,0.040765,0.030419,0.044902,0.065911,0.082021,0.102845",0.5170071125030518
per_sightline,128,47,3,410,102,0.785,0.7266666666666667,0.5900000000000001,0.38917353549556155,0.05166988110981613,0.08732826346103165,0.27277917741212665,0.2807198953956898,0.010769230769230753,"1.000000,0.000000,0.000000,0.000000,0.080000,0.680000,0.240000,0.000000,0.115385,0.384615,0.500000,0.000000,0.000000,0.000000,0.040000,0.960000","0.043306,0.000000,0.027888,0.030259,0.022822,0.022273,0.021499,0.021061,0.025716,0.027530,0.051118,0.094936,0.112976,0.130143,0.042430,0.037000,0.037150,0.057384,0.073459,0.121050",0.5042920112609863
per_sightline,128,47,4,410,102,0.8073076923076923,0.7430769230769231,0.6346153846153846,0.3906136101320456,0.6451186645305909,0.05663399623818326,0.34795777684866896,0.37563342173007397,0.01961538461538459,"0.960000,0.040000,0.000000,0.000000,0.000000,0.692308,0.307692,0.000000,0.038462,0.384615,0.576923,0.000000,0.000000,0.000000,0.000000,1.000000","0.046050,0.000000,0.028603,0.025826,0.020366,0.020885,0.027683,0.020032,0.024247,0.029092,0.062146,0.106025,0.112375,0.110068,0.043053,0.033190,0.041088,0.063031,0.083444,0.102795",0.5140423774719238
per_sightline,128,47,5,410,102,0.7838461538461539,0.7117948717948718,0.6276923076923078,0.37342972656473894,0.44230468374155646,0.05653351773670646,0.025204420445803916,0.16473184399591317,0.05807692307692314,"0.880000,0.080000,0.040000,0.000000,0.000000,0.615385,0.384615,0.000000,0.040000,0.320000,0.640000,0.000000,0.000000,0.000000,0.000000,1.000000","0.042583,0.000000,0.028420,0.026000,0.025213,0.022398,0.026810,0.027593,0.029596,0.028028,0.058108,0.096335,0.094551,0.124435,0.046734,0.036753,0.037742,0.063165,0.079993,0.105542",0.5104296207427979
per_sightline,128,48,1,409,103,0.735,0.6466666666666666,0.5276923076923077,0.37783222188213134,0.03072700305078156,0.20622433045897673,0.05619752434408631,0.03709931677410517,0.040000000000000036,"0.884615,0.038462,0.076923,0.000000,0.000000,0.615385,0.384615,0.000000,0.160000,0.400000,0.440000,0.000000,0.000000,0.000000,0.000000,1.000000","0.039253,0.000000,0.037583,0.031852,0.032008,0.028454,0.026101,0.020274,0.021162,0.021702,0.060767,0.112862,0.115772,0.088431,0.046045,0.036460,0.041630,0.042511,0.084021,0.113112",0.515805721282959
per_sightline,128,48,2,409,103,0.7753846153846154,0.7133333333333334,0.5892307692307692,0.3844597101450051,0.3239946617271623,0.4242476118223131,0.07126435069944799,0.0621307646927275,0.0296153846153846,"0.961538,0.000000,0.038462,0.000000,0.040000,0.640000,0.320000,0.000000,0.076923,0.384615,0.538462,0.000000,0.000000,0.000000,0.038462,0.961538","0.035936,0.000000,0.029249,0.028403,0.035360,0.027865,0.025753,0.026218,0.023612,0.025941,0.061645,0.115357,0.124049,0.083408,0.046075,0.032220,0.039838,0.049505,0.075137,0.114428",0.5204818248748779
per_sightline,128,48,3,410,102,0.7065384615384616,0.6087179487179487,0.49,0.38376221667513627,0.07694706197478096,0.05375276011716936,0.17483496980099533,0.26792366872228185,0.03961538461538461,"0.846154,0.038462,0.115385,0.000000,0.040000,0.480000,0.480000,0.000000,0.115385,0.384615,0.500000,0.000000,0.000000,0.000000,0.000000,1.000000","0.040572,0.000000,0.034101,0.026965,0.026154,0.027295,0.024390,0.020054,0.022747,0.029181,0.067179,0.115122,0.119511,0.081949,0.047433,0.037256,0.041333,0.048150,0.076649,0.113959",0.527540922164917
per_sightline,128,48,4,410,102,0.7492307692307693,0.6656410256410257,0.5384615384615385,0.3904731131650441,0.29758100623326506,0.5040369409453447,0.3106944550187807,0.4674438110135813,0.0,"0.920000,0.000000,0.080000,0.000000,0.000000,0.461538,0.538462,0.000000,0.000000,0.346154,0.615385,0.038462,0.000000,0.000000,0.000000,1.000000","0.041667,0.000000,0.033870,0.030078,0.032173,0.031112,0.021786,0.023934,0.021530,0.024744,0.067071,0.119212,0.118887,0.085303,0.044255,0.031244,0.038029,0.051287,0.071709,0.112111",0.514258623123169
per_sightline,128,48,5,410,102,0.715,0.62,0.49,0.38949673001811935,0.017141843265047342,0.1445211864464392,0.12537426187980372,0.15872714147157152,-0.0007692307692308553,"0.880000,0.000000,0.040000,0.080000,0.115385,0.500000,0.384615,0.000000,0.120000,0.360000,0.480000,0.040000,0.000000,0.000000,0.000000,1.000000","0.037601,0.000000,0.034068,0.027360,0.026469,0.029586,0.028885,0.019474,0.019815,0.022553,0.070092,0.113712,0.115184,0.090509,0.045357,0.035109,0.044999,0.053904,0.074576,0.110746",0.5107748508453369
per_sightline,128,49,1,409,103,0.765,0.6866666666666666,0.5876923076923077,0.40460577891314287,0.316572458380497,0.16514682584189425,0.011120638464854695,0.2126280994063271,0.008846153846153837,"0.884615,0.038462,0.076923,0.000000,0.038462,0.615385,0.346154,0.000000,0.080000,0.360000,0.560000,0.000000,0.000000,0.000000,0.000000,1.000000","0.043976,0.000000,0.022655,0.021299,0.027562,0.023649,0.026522,0.020133,0.028224,0.045345,0.068680,0.114005,0.106102,0.115818,0.044290,0.033699,0.040380,0.064733,0.074128,0.078799",0.5236668586730957
per_sightline,128,49,2,409,103,0.7746153846153846,0.6994871794871794,0.5492307692307692,0.3958366655574124,0.07713666036036783,0.04407271364128537,0.300941319219436,0.2863893102848804,0.03884615384615375,"1.000000,0.000000,0.000000,0.000000,0.120000,0.560000,0.320000,0.000000,0.192308,0.269231,0.538462,0.000000,0.000000,0.000000,0.000000,1.000000","0.037171,0.000000,0.018091,0.028010,0.039523,0.024365,0.021761,0.024913,0.025725,0.042419,0.069576,0.102612,0.111885,0.111763,0.033905,0.034740,0.042366,0.068071,0.073859,0.089245",0.5247313976287842
per_sightline,128,49,3,410,102,0.7061538461538461,0.6082051282051282,0.4507692307692308,0.41395732490926057,0.1408486140186745,0.17127275807964615,0.16207232037971048,0.2824674625994167,0.00038461538461531664,"0.923077,0.038462,0.038462,0.000000,0.040000,0.440000,0.520000,0.000000,0.153846,0.346154,0.461538,0.038462,0.000000,0.000000,0.000000,1.000000","0.038457,0.000000,0.021179,0.028213,0.034252,0.017788,0.019497,0.020221,0.022375,0.037258,0.066540,0.114698,0.124372,0.108347,0.045175,0.041500,0.044231,0.061268,0.071653,0.082973",0.48866915702819824
per_sightline,128,49,4,410,102,0.7780769230769231,0.7041025641025641,0.5961538461538461,0.41048804699178765,0.39272311420298067,0.3049070866285595,0.2828443100379812,0.23562845582666425,0.01961538461538459,"0.920000,0.000000,0.080000,0.000000,0.115385,0.692308,0.192308,0.000000,0.076923,0.423077,0.500000,0.000000,0.000000,0.000000,0.000000,1.000000","0.041650,0.000000,0.022480,0.025581,0.034185,0.021269,0.020738,0.022687,0.023672,0.035733,0.061546,0.109697,0.119152,0.120093,0.033838,0.037934,0.037160,0.063681,0.079019,0.089886",0.5128700733184814
per_sightline,128,49,5,410,102,0.8223076923076923,0.7630769230769231,0.6646153846153846,0.3932013749962499,0.369679517745953,0.25370790951396743,0.042889334266952565,0.19382165305356752,0.03923076923076929,"0.960000,0.000000,0.040000,0.000000,0.076923,0.769231,0.153846,0.000000,0.160000,0.280000,0.560000,0.000000,0.000000,0.000000,0.000000,1.000000","0.043436,0.000000,0.022196,0.024927,0.033742,0.024259,0.021686,0.021023,0.028765,0.034028,0.058557,0.107224,0.108828,0.118592,0.045237,0.037768,0.042912,0.059824,0.073410,0.093586",0.525287389755249
per_sightline,128,50,1,409,103,0.7742307692307693,0.7117948717948718,0.5869230769230769,0.3689184700941584,0.5785234652027328,0.011291906173979807,0.3087396462841908,0.2576991644263546,-0.010384615384615437,"0.961538,0.038462,0.000000,0.000000,0.000000,0.653846,0.346154,0.000000,0.000000,0.480000,0.520000,0.000000,0.000000,0.038462,0.000000,0.961538","0.034399,0.000000,0.026561,0.029764,0.032370,0.025765,0.023403,0.037775,0.025528,0.039986,0.060601,0.095576,0.106896,0.105846,0.056017,0.032996,0.040341,0.056206,0.072110,0.097861",0.5175826549530029
per_sightline,128,50,2,409,103,0.7261538461538461,0.6605128205128206,0.5676923076923077,0.3813528920894954,0.4344823468146067,0.6004987794377957,0.12635962892073777,0.36889825216804756,-0.008846153846153837,"0.846154,0.038462,0.115385,0.000000,0.040000,0.520000,0.440000,0.000000,0.076923,0.307692,0.615385,0.000000,0.000000,0.000000,0.076923,0.923077","0.038433,0.000000,0.030500,0.027029,0.031036,0.030271,0.026186,0.035440,0.024556,0.038710,0.071304,0.107592,0.107160,0.095297,0.038367,0.030339,0.037574,0.060851,0.069855,0.099501",0.5251772403717041
per_sightline,128,50,3,410,102,0.7353846153846153,0.6471794871794871,0.5284615384615384,0.38062347368663013,0.49710041745806754,0.07783518528718605,0.036115042299170834,0.215006519491117,-0.009230769230769376,"0.884615,0.038462,0.076923,0.000000,0.280000,0.480000,0.240000,0.000000,0.038462,0.384615,0.576923,0.000000,0.000000,0.000000,0.000000,1.000000","0.035722,0.000000,0.022952,0.024031,0.027270,0.025439,0.022744,0.036449,0.027501,0.035343,0.069406,0.093542,0.105887,0.111788,0.044875,0.035108,0.039208,0.069262,0.075799,0.097672",0.5009679794311523
per_sightline,128,50,4,410,102,0.7392307692307691,0.6523076923076923,0.5384615384615384,0.38107470418168254,0.4948409525893862,0.11576745575717734,0.3565440585272784,0.07811582427219198,0.00038461538461531664,"0.880000,0.040000,0.080000,0.000000,0.038462,0.500000,0.461538,0.000000,0.076923,0.346154,0.576923,0.000000,0.000000,0.000000,0.000000,1.000000","0.041989,0.000000,0.029863,0.030759,0.030844,0.023144,0.021026,0.033253,0.025492,0.034468,0.057954,0.103105,0.113769,0.106247,0.042337,0.032574,0.041383,0.056030,0.072839,0.102925",0.5150086879730225
per_sightline,128,50,5,410,102,0.7234615384615385,0.6312820512820513,0.5069230769230769,0.37002836813077083,0.5726289659271119,0.49509729250648643,0.03854747529001476,0.08825055458730983,-0.03961538461538461,"0.880000,0.080000,0.040000,0.000000,0.000000,0.653846,0.346154,0.000000,0.360000,0.280000,0.360000,0.000000,0.000000,0.000000,0.000000,1.000000","0.038444,0.000000,0.027009,0.028513,0.027845,0.027317,0.023492,0.035331,0.029559,0.035949,0.063648,0.104716,0.110625,0.091039,0.041699,0.030550,0.039042,0.065646,0.078056,0.101520",0.5510413646697998
per_sightline,128,51,1,409,103,0.8138461538461539,0.7517948717948718,0.6276923076923078,0.3807789709404548,0.0365858615856078,0.09922265913068333,0.0943158308813354,0.03613752371632204,0.03923076923076929,"1.000000,0.000000,0.000000,0.000000,0.115385,0.615385,0.269231,0.000000,0.160000,0.200000,0.640000,0.000000,0.000000,0.000000,0.000000,1.000000","0.043567,0.000000,0.036514,0.034796,0.030346,0.023839,0.027422,0.024288,0.026206,0.031136,0.055147,0.100108,0.119261,0.106263,0.044223,0.028493,0.037609,0.054874,0.071165,0.104742",0.5153114795684814
per_sightline,128,51,2,409,103,0.765,0.6866666666666666,0.53,0.38876552138282017,0.16144612292073002,0.18422088798939104,0.18855400206894055,0.2245670108321147,-0.010384615384615326,"1.000000,0.000000,0.000000,0.000000,0.080000,0.560000,0.360000,0.000000,0.076923,0.423077,0.500000,0.000000,0.000000,0.000000,0.000000,1.000000","0.042965,0.000000,0.035477,0.034879,0.027898,0.029306,0.027098,0.021052,0.023337,0.027820,0.054597,0.114413,0.124098,0.095658,0.045315,0.031188,0.039574,0.057102,0.070608,0.097613",0.5103797912597656
per_sightline,128,51,3,410,102,0.795,0.7266666666666667,0.6092307692307692,0.38441447502137266,0.26129305535816805,0.10629004381479312,0.14132778004427046,0.028645771032442834,-0.008846153846153837,"0.961538,0.000000,0.038462,0.000000,0.040000,0.680000,0.280000,0.000000,0.038462,0.423077,0.538462,0.000000,0.000000,0.000000,0.000000,1.000000","0.033694,0.000000,0.026876,0.031799,0.037240,0.027626,0.024423,0.024050,0.022242,0.025482,0.051236,0.115919,0.122095,0.095164,0.046283,0.028919,0.044960,0.065298,0.078328,0.098365",0.4898090362548828
per_sightline,128,51,4,410,102,0.73,0.64,0.5,0.3954174490331633,0.44007658963176294,0.02329919521856713,0.24097920111526852,0.1812199401012615,0.00038461538461542766,"0.920000,0.040000,0.040000,0.000000,0.038462,0.576923,0.384615,0.000000,0.115385,0.461538,0.423077,0.000000,0.000000,0.000000,0.000000,1.000000","0.036857,0.000000,0.026376,0.028890,0.029781,0.022489,0.022642,0.024408,0.019813,0.035690,0.053787,0.118506,0.118040,0.105085,0.046058,0.032180,0.042238,0.063320,0.071904,0.101935",0.4934651851654053
per_sightline,128,51,5,410,102,0.7649999999999999,0.6866666666666665,0.61,0.38054248088720144,0.5079731240790208,0.0037636095652231237,0.2761151701291977,0.3135747955902524,-0.019615384615384812,"0.840000,0.040000,0.120000,0.000000,0.115385,0.500000,0.384615,0.000000,0.040000,0.200000,0.720000,0.040000,0.000000,0.000000,0.000000,1.000000","0.045160,0.000000,0.034183,0.030659,0.029917,0.023637,0.027052,0.025038,0.021533,0.025688,0.052076,0.112060,0.114347,0.102059,0.046205,0.028311,0.038762,0.064728,0.072320,0.106263",0.5247461795806885
per_sightline,256,42,1,204,52,0.8461538461538461,0.7948717948717948,0.6923076923076923,0.4240711688788846,0.0823025957950637,0.10458950583323584,0.1010402652133981,0.03152691396799569,0.0,"1.000000,0.000000,0.000000,0.000000,0.000000,0.692308,0.307692,0.000000,0.000000,0.307692,0.692308,0.000000,0.000000,0.000000,0.000000,1.000000","0.025430,0.000000,0.025780,0.022821,0.026364,0.024337,0.028999,0.016911,0.015652,0.031862,0.070169,0.129855,0.127486,0.096561,0.041002,0.032515,0.042612,0.065063,0.072455,0.104126",0.4730665683746338
per_sightline,256,42,2,205,51,0.8846153846153846,0.8461538461538461,0.8076923076923077,0.42560590946887056,0.5583296175167143,0.0784725688740418,0.16999604011067557,0.43207496923223165,0.038461538461538436,"0.923077,0.000000,0.076923,0.000000,0.000000,0.846154,0.153846,0.000000,0.076923,0.153846,0.769231,0.000000,0.000000,0.000000,0.000000,1.000000","0.024138,0.000000,0.030260,0.027203,0.027685,0.029109,0.026502,0.015792,0.017512,0.035358,0.062063,0.120282,0.135029,0.108232,0.040730,0.026044,0.035222,0.057933,0.074532,0.106374",0.47658848762512207
per_sightline,256,42,3,205,51,0.8798076923076923,0.8397435897435898,0.7596153846153846,0.4241568796401243,0.21473330345043803,0.06243558920841489,0.10805258036564237,0.23365164116103085,0.019230769230769162,"1.000000,0.000000,0.000000,0.000000,0.000000,0.769231,0.230769,0.000000,0.000000,0.250000,0.750000,0.000000,0.000000,0.000000,0.000000,1.000000","0.027112,0.000000,0.028531,0.028426,0.030245,0.021899,0.021900,0.018589,0.017743,0.027943,0.070221,0.126555,0.126910,0.100470,0.044001,0.023532,0.038121,0.061290,0.075659,0.110854",0.47157835960388184
per_sightline,256,42,4,205,51,0.8205128205128205,0.7606837606837606,0.641025641025641,0.40053606601134273,0.522831185585259,0.5236719368483334,0.08267560019806752,0.4265794290847997,0.0625,"1.000000,0.000000,0.000000,0.000000,0.000000,0.666667,0.333333,0.000000,0.153846,0.230769,0.615385,0.000000,0.000000,0.000000,0.000000,1.000000","0.027368,0.000000,0.026544,0.022458,0.040849,0.026409,0.033908,0.021584,0.019260,0.038205,0.065074,0.116340,0.113686,0.105437,0.043060,0.027837,0.033153,0.069480,0.067009,0.102339",0.49888014793395996
per_sightline,256,42,5,205,51,0.9230769230769231,0.8974358974358975,0.8461538461538463,0.4159738536294543,0.011256118520633773,0.12590363643507396,0.16782546174563778,0.002796972985831195,0.05769230769230771,"1.000000,0.000000,0.000000,0.000000,0.000000,0.923077,0.076923,0.000000,0.076923,0.153846,0.769231,0.000000,0.000000,0.000000,0.000000,1.000000","0.026416,0.000000,0.028182,0.023750,0.033890,0.017109,0.026469,0.017596,0.018722,0.036026,0.064824,0.113450,0.115859,0.121842,0.038115,0.025138,0.039444,0.069859,0.073047,0.110261",0.4796030521392822
per_sightline,256,43,1,204,52,0.75,0.6666666666666666,0.5384615384615385,0.40187372151128253,0.19066637678258214,0.3244543358158943,0.07831444059843834,0.10930225671456632,-0.019230769230769273,"0.923077,0.000000,0.076923,0.000000,0.000000,0.769231,0.230769,0.000000,0.076923,0.615385,0.307692,0.000000,0.000000,0.000000,0.000000,1.000000","0.031239,0.000000,0.022492,0.023061,0.024461,0.020801,0.025722,0.018333,0.024896,0.029538,0.071484,0.109971,0.115104,0.105316,0.029333,0.030012,0.049266,0.056433,0.109578,0.102960",0.47846269607543945
per_sightline,256,43,2,205,51,0.75,0.6666666666666666,0.5,0.3919886109222109,0.48829332588612956,0.39085991365976547,0.23353909178151006,0.6628255023884649,0.02083333333333337,"1.000000,0.000000,0.000000,0.000000,0.000000,0.384615,0.615385,0.000000,0.000000,0.384615,0.615385,0.000000,0.000000,0.000000,0.000000,1.000000","0.037101,0.000000,0.017195,0.019610,0.019238,0.019485,0.032861,0.030794,0.025411,0.032870,0.075155,0.118647,0.105760,0.092426,0.033674,0.032911,0.044396,0.057650,0.102558,0.102258",0.5237827301025391
per_sightline,256,43,3,205,51,0.8189102564102564,0.7585470085470085,0.6378205128205128,0.38913516417609645,0.24536111330522867,0.512310975333819,0.09727575304016807,0.29476961147546743,0.02083333333333326,"1.000000,0.000000,0.000000,0.000000,0.000000,0.692308,0.307692,0.000000,0.083333,0.333333,0.583333,0.000000,0.000000,0.000000,0.000000,1.000000","0.028798,0.000000,0.021712,0.019266,0.019639,0.022640,0.025620,0.019519,0.017946,0.033562,0.057090,0.119677,0.105785,0.106583,0.036312,0.032534,0.053118,0.060386,0.106044,0.113769",0.4849419593811035
per_sightline,256,43,4,205,51,0.8974358974358974,0.8632478632478632,0.7948717948717949,0.3984890004971416,0.3110445795270305,0.5100608098227023,0.10434898375539732,0.061648480896124035,0.0,"1.000000,0.000000,0.000000,0.000000,0.000000,0.666667,0.333333,0.000000,0.000000,0.076923,0.923077,0.000000,0.000000,0.000000,0.000000,1.000000","0.026538,0.000000,0.020589,0.021541,0.019527,0.018951,0.022321,0.021991,0.020029,0.037070,0.059402,0.111867,0.109618,0.117602,0.046712,0.039348,0.049684,0.062385,0.095584,0.099240",0.4744696617126465
per_sightline,256,43,5,205,51,0.8269230769230769,0.7692307692307692,0.6538461538461539,0.38036834152973564,0.041442960240587405,0.44020656093212235,0.18113986064253784,0.17129583223179848,0.038461538461538436,"1.000000,0.000000,0.000000,0.000000,0.000000,0.615385,0.384615,0.000000,0.000000,0.307692,0.692308,0.000000,0.000000,0.000000,0.000000,1.000000","0.029899,0.000000,0.021862,0.016975,0.020816,0.020034,0.027800,0.022276,0.030806,0.035877,0.074701,0.089541,0.096313,0.119814,0.036080,0.039033,0.045224,0.060814,0.106382,0.105753",0.45230555534362793
per_sightline,256,44,1,204,52,0.8076923076923077,0.7435897435897436,0.6538461538461539,0.35909102777313634,0.08748609038995386,0.5194412345571776,0.4364478527510495,0.0635735215138356,-0.038461538461538436,"0.923077,0.000000,0.076923,0.000000,0.000000,0.538462,0.461538,0.000000,0.000000,0.230769,0.769231,0.000000,0.000000,0.000000,0.000000,1.000000","0.030786,0.000000,0.031399,0.024822,0.034633,0.021194,0.033225,0.029201,0.029134,0.033505,0.053392,0.114516,0.095769,0.095414,0.033501,0.025313,0.051991,0.073802,0.096388,0.092014",0.4832639694213867
per_sightline,256,44,2,205,51,0.8076923076923077,0.7435897435897436,0.6153846153846154,0.37296261396159586,0.6271540633631202,0.030001517526233392,0.19437236641094777,0.19788682898349605,0.0,"1.000000,0.000000,0.000000,0.000000,0.000000,0.538462,0.461538,0.000000,0.000000,0.307692,0.692308,0.000000,0.000000,0.000000,0.000000,1.000000","0.027624,0.000000,0.027047,0.023088,0.028318,0.020635,0.042575,0.027119,0.023925,0.022917,0.058829,0.120584,0.094955,0.098595,0.043579,0.034573,0.056499,0.076596,0.081338,0.091204",0.4838826656341553
per_sightline,256,44,3,205,51,0.8397435897435898,0.7863247863247863,0.6794871794871795,0.37631594815121794,0.30780626525584737,0.2984113624728142,0.19030638085344845,0.2491473073318975,0.019230769230769273,"1.000000,0.000000,0.000000,0.000000,0.000000,0.692308,0.307692,0.000000,0.000000,0.333333,0.666667,0.000000,0.000000,0.000000,0.000000,1.000000","0.022445,0.000000,0.017899,0.019731,0.031275,0.019950,0.036486,0.034527,0.028378,0.026853,0.042298,0.111820,0.103521,0.118677,0.038851,0.037037,0.051506,0.088922,0.087579,0.082245",0.4726996421813965
per_sightline,256,44,4,205,51,0.7980769230769231,0.7307692307692308,0.5961538461538461,0.39178503536949527,0.22513563479125223,0.5983576117451426,0.12112911441567326,0.03363313271742582,0.017628205128205177,"1.000000,0.000000,0.000000,0.000000,0.000000,0.500000,0.500000,0.000000,0.076923,0.230769,0.692308,0.000000,0.000000,0.000000,0.000000,1.000000","0.030937,0.000000,0.022856,0.025732,0.029477,0.014844,0.033707,0.022161,0.018238,0.024083,0.053456,0.125719,0.108401,0.104209,0.045862,0.032013,0.046725,0.081186,0.092555,0.087838",0.46720051765441895
per_sightline,256,44,5,205,51,0.8846153846153846,0.8461538461538461,0.7692307692307693,0.36971912144497154,0.2978227652859673,0.17267980711599862,0.33077476134262374,0.04533901662038025,0.038461538461538436,"1.000000,0.000000,0.000000,0.000000,0.000000,0.923077,0.076923,0.000000,0.076923,0.307692,0.615385,0.000000,0.000000,0.000000,0.000000,1.000000","0.026855,0.000000,0.022641,0.027170,0.029809,0.028947,0.039177,0.030501,0.027514,0.029115,0.058362,0.115942,0.093707,0.101708,0.027874,0.029542,0.042928,0.070186,0.092468,0.105554",0.455918550491333
per_sightline,256,45,1,204,52,0.7692307692307692,0.6923076923076922,0.5384615384615384,0.4008875301544789,0.20960153718220936,0.32175348858638836,0.23233434225172467,0.24722469868496938,-0.019230769230769273,"1.000000,0.000000,0.000000,0.000000,0.000000,0.538462,0.461538,0.000000,0.076923,0.384615,0.538462,0.000000,0.000000,0.000000,0.000000,1.000000","0.034572,0.000000,0.023850,0.023220,0.039233,0.033362,0.022957,0.023587,0.021080,0.026046,0.069478,0.104482,0.123247,0.103681,0.042492,0.034681,0.048220,0.067212,0.069793,0.088805",0.46004676818847656
per_sightline,256,45,2,205,51,0.8461538461538461,0.7948717948717948,0.6923076923076923,0.37036155045644104,0.08045426849834532,0.39091044919283907,0.46693600656261947,0.09585266014399156,0.059294871794871806,"1.000000,0.000000,0.000000,0.000000,0.000000,0.846154,0.153846,0.000000,0.076923,0.384615,0.538462,0.000000,0.000000,0.000000,0.000000,1.000000","0.032335,0.000000,0.026332,0.025155,0.037957,0.041725,0.028333,0.032853,0.026421,0.026186,0.063303,0.095597,0.118011,0.093451,0.035219,0.030808,0.053302,0.063066,0.067727,0.102220",0.4637563228607178
per_sightline,256,45,3,205,51,0.7387820512820513,0.6517094017094017,0.47756410256410253,0.389938861510336,0.6170442577392675,0.47472507467047864,0.33970189934052936,0.26086639833445924,0.019230769230769162,"1.000000,0.000000,0.000000,0.000000,0.076923,0.538462,0.384615,0.000000,0.250000,0.333333,0.416667,0.000000,0.000000,0.000000,0.000000,1.000000","0.041334,0.000000,0.027564,0.031747,0.037947,0.032910,0.021441,0.025533,0.021558,0.029052,0.063077,0.101050,0.125512,0.100300,0.038983,0.026756,0.047154,0.062375,0.075508,0.090198",0.46000099182128906
per_sightline,256,45,4,205,51,0.8381410256410257,0.7841880341880342,0.6762820512820513,0.37168213460249555,0.29991591183875416,0.3555028688483944,0.5821592418074275,0.49834628678297066,0.07852564102564108,"1.000000,0.000000,0.000000,0.000000,0.000000,0.583333,0.416667,0.000000,0.000000,0.230769,0.769231,0.000000,0.000000,0.000000,0.000000,1.000000","0.044877,0.000000,0.028307,0.027526,0.033562,0.028618,0.025857,0.035800,0.025910,0.028018,0.068037,0.097564,0.112297,0.093785,0.046752,0.033675,0.048215,0.062688,0.068893,0.089621",0.4927210807800293
per_sightline,256,45,5,205,51,0.8060897435897436,0.7414529914529915,0.6538461538461539,0.3758706084694371,0.19243395742045138,0.23388949790853103,0.0032022939002022592,0.1179212694890128,0.03846153846153855,"0.916667,0.000000,0.083333,0.000000,0.000000,0.615385,0.384615,0.000000,0.000000,0.307692,0.692308,0.000000,0.000000,0.000000,0.000000,1.000000","0.034914,0.000000,0.025124,0.031807,0.030448,0.033694,0.022262,0.025414,0.020113,0.028470,0.072532,0.088312,0.105329,0.109697,0.048202,0.034648,0.047183,0.059333,0.073181,0.109338",0.48567962646484375
per_sightline,256,46,1,204,52,0.8653846153846154,0.8205128205128206,0.7307692307692308,0.3711483657818663,0.29905103229277996,0.8255876679400832,0.0661978570533541,0.34426297075556533,0.03846153846153855,"1.000000,0.000000,0.000000,0.000000,0.000000,0.692308,0.307692,0.000000,0.000000,0.230769,0.769231,0.000000,0.000000,0.000000,0.000000,1.000000","0.029723,0.000000,0.027780,0.028699,0.028870,0.027279,0.025116,0.021707,0.025385,0.029668,0.067116,0.103082,0.111545,0.089405,0.046982,0.031281,0.050246,0.088517,0.085647,0.081952",0.49202871322631836
per_sightline,256,46,2,205,51,0.75,0.6666666666666666,0.5,0.3884544468196207,0.1412446537668076,0.3799438560346936,0.26005237141781484,0.38419263425947225,0.019230769230769273,"1.000000,0.000000,0.000000,0.000000,0.076923,0.615385,0.307692,0.000000,0.000000,0.615385,0.384615,0.000000,0.000000,0.000000,0.000000,1.000000","0.030042,0.000000,0.029298,0.023472,0.027238,0.021594,0.026028,0.021772,0.025606,0.027694,0.070574,0.110918,0.114184,0.092779,0.038023,0.028321,0.052661,0.089766,0.086567,0.083465",0.46859002113342285
per_sightline,256,46,3,205,51,0.7964743589743589,0.7286324786324786,0.592948717948718,0.3741385834930246,0.36165991926031416,0.22832925019213035,0.3649727584602456,0.5097172916798454,-0.022435897435897467,"1.000000,0.000000,0.000000,0.000000,0.000000,0.769231,0.230769,0.000000,0.083333,0.500000,0.416667,0.000000,0.000000,0.000000,0.000000,1.000000","0.040042,0.000000,0.027933,0.026625,0.025606,0.025825,0.030354,0.021970,0.023058,0.023406,0.071530,0.109800,0.107450,0.085358,0.039245,0.031675,0.049356,0.078588,0.082592,0.099586",0.48081088066101074
per_sightline,256,46,4,205,51,0.8205128205128205,0.7606837606837606,0.641025641025641,0.3794096587792166,0.44983246798855275,0.3990526663635709,0.2799567402264418,0.01151599024131557,0.05769230769230771,"1.000000,0.000000,0.000000,0.000000,0.000000,0.666667,0.333333,0.000000,0.076923,0.307692,0.615385,0.000000,0.000000,0.000000,0.000000,1.000000","0.026770,0.000000,0.027537,0.030750,0.028130,0.029000,0.023945,0.017433,0.024259,0.029755,0.075888,0.099847,0.113735,0.089940,0.044343,0.028052,0.044848,0.077106,0.088845,0.099819",0.47643351554870605
per_sightline,256,46,5,205,51,0.8269230769230769,0.7692307692307692,0.6538461538461539,0.3619455262074931,0.5700899050148517,0.41260268646310155,0.22094488721488373,0.04666022103382259,0.0,"1.000000,0.000000,0.000000,0.000000,0.000000,0.692308,0.307692,0.000000,0.000000,0.384615,0.615385,0.000000,0.000000,0.000000,0.000000,1.000000","0.032406,0.000000,0.028291,0.034883,0.028245,0.023392,0.027999,0.018271,0.022906,0.034192,0.066921,0.095431,0.101871,0.097722,0.038304,0.037092,0.047345,0.093315,0.081042,0.090373",0.49140095710754395
per_sightline,256,47,1,204,52,0.7884615384615385,0.7179487179487181,0.5769230769230769,0.3890988468113243,0.34423498579540823,0.14763957433042862,0.06049753324621834,0.5875536562804221,0.019230769230769273,"1.000000,0.000000,0.000000,0.000000,0.000000,0.846154,0.153846,0.000000,0.076923,0.615385,0.307692,0.000000,0.000000,0.000000,0.000000,1.000000","0.027187,0.000000,0.017339,0.020943,0.023055,0.025754,0.031745,0.027475,0.031915,0.018981,0.061414,0.090660,0.119048,0.117977,0.043020,0.026215,0.048903,0.065134,0.088539,0.114694",0.4710543155670166
per_sightline,256,47,2,205,51,0.8846153846153846,0.8461538461538461,0.7692307692307692,0.36227516954269073,0.11434122948199142,0.5516823798554499,0.002557636310934187,0.4149813948499584,0.019230769230769162,"1.000000,0.000000,0.000000,0.000000,0.000000,0.692308,0.307692,0.000000,0.000000,0.153846,0.846154,0.000000,0.000000,0.000000,0.000000,1.000000","0.035468,0.000000,0.024514,0.025539,0.029146,0.017054,0.032263,0.026363,0.029162,0.026749,0.053886,0.076478,0.103359,0.128552,0.048379,0.038166,0.040019,0.067343,0.103576,0.093983",0.4689927101135254
per_sightline,256,47,3,205,51,0.8637820512820512,0.8183760683760682,0.7275641025641025,0.40614315382213145,0.47247714763607956,0.5372546788199929,0.1569456291834263,0.33443438154717225,0.022435897435897356,"1.000000,0.000000,0.000000,0.000000,0.000000,0.538462,0.461538,0.000000,0.000000,0.083333,0.916667,0.000000,0.000000,0.000000,0.000000,1.000000","0.030903,0.000000,0.022606,0.028236,0.029698,0.025031,0.020528,0.022863,0.026574,0.025002,0.063957,0.094361,0.118704,0.129121,0.033301,0.024954,0.047440,0.064536,0.086604,0.105581",0.4723234176635742
per_sightline,256,47,4,205,51,0.8381410256410257,0.7841880341880342,0.6762820512820513,0.37319386493425893,0.5496770730437819,0.36513530812209405,0.11786845163604187,0.16175225699580786,-0.02083333333333326,"1.000000,0.000000,0.000000,0.000000,0.000000,0.583333,0.416667,0.000000,0.000000,0.230769,0.769231,0.000000,0.000000,0.000000,0.000000,1.000000","0.035265,0.000000,0.025438,0.024829,0.027218,0.023362,0.031132,0.031101,0.026750,0.024037,0.060024,0.095217,0.107309,0.110644,0.039608,0.028064,0.041242,0.071927,0.092468,0.104365",0.45096921920776367
per_sightline,256,47,5,205,51,0.7884615384615384,0.717948717948718,0.5769230769230769,0.3810263685426473,0.24672920935855716,0.29938854996694786,0.205029547749534,0.5407901871041397,0.0,"1.000000,0.000000,0.000000,0.000000,0.000000,0.692308,0.307692,0.000000,0.076923,0.461538,0.461538,0.000000,0.000000,0.000000,0.000000,1.000000","0.028947,0.000000,0.019457,0.025365,0.034559,0.029403,0.033536,0.020709,0.025514,0.019948,0.058466,0.089887,0.111021,0.121653,0.043655,0.024357,0.046901,0.068037,0.093575,0.105011",0.47098827362060547
per_sightline,256,48,1,204,52,0.7692307692307693,0.6923076923076924,0.5769230769230769,0.4004715342388751,0.042040765408108714,0.03753335580241272,0.2293397885497513,0.2148418501412417,-0.019230769230769162,"0.923077,0.000000,0.076923,0.000000,0.000000,0.615385,0.384615,0.000000,0.076923,0.384615,0.538462,0.000000,0.000000,0.000000,0.000000,1.000000","0.035761,0.000000,0.030285,0.025799,0.025441,0.020692,0.019008,0.018936,0.022362,0.024325,0.065819,0.112022,0.113097,0.109533,0.053471,0.038292,0.048097,0.066258,0.069265,0.101537",0.49645018577575684
per_sightline,256,48,2,205,51,0.8653846153846154,0.8205128205128206,0.7307692307692308,0.4014505397772461,0.619000745689578,0.45695760066913205,0.3725377447641032,0.2560292230417762,0.05769230769230771,"1.000000,0.000000,0.000000,0.000000,0.000000,0.692308,0.307692,0.000000,0.076923,0.153846,0.769231,0.000000,0.000000,0.000000,0.000000,1.000000","0.035300,0.000000,0.023395,0.015432,0.024290,0.025567,0.023413,0.027795,0.023449,0.029697,0.077239,0.118566,0.106643,0.099003,0.054276,0.034405,0.047535,0.055792,0.080633,0.097571",0.49438977241516113
per_sightline,256,48,3,205,51,0.8205128205128205,0.7606837606837606,0.641025641025641,0.39289050075305454,0.06673785010907747,0.07298907764082097,0.48607501158552224,0.06589195746742425,0.059294871794871695,"1.000000,0.000000,0.000000,0.000000,0.000000,0.615385,0.384615,0.000000,0.083333,0.250000,0.666667,0.000000,0.000000,0.000000,0.000000,1.000000","0.033746,0.000000,0.024518,0.022966,0.031052,0.029710,0.032997,0.018376,0.021650,0.032505,0.070242,0.112842,0.108809,0.100998,0.039373,0.031931,0.040112,0.060182,0.089701,0.098290",0.48052096366882324
per_sightline,256,48,4,205,51,0.7836538461538461,0.7115384615384616,0.6057692307692308,0.3991876080610592,0.05393475590140223,0.06350246753476127,0.39107402951780995,0.061390426817061305,-0.02083333333333337,"0.923077,0.000000,0.076923,0.000000,0.000000,0.750000,0.250000,0.000000,0.076923,0.461538,0.461538,0.000000,0.000000,0.000000,0.000000,1.000000","0.031164,0.000000,0.030518,0.019945,0.019998,0.029844,0.027877,0.020427,0.025498,0.030930,0.065808,0.121466,0.119568,0.092346,0.043888,0.030322,0.041387,0.061859,0.078990,0.108167",0.44370388984680176
per_sightline,256,48,5,205,51,0.7884615384615384,0.717948717948718,0.5769230769230769,0.38206735664061164,0.24784504247536474,0.6471834776320748,0.210803853210181,0.20213295864348385,0.0576923076923076,"1.000000,0.000000,0.000000,0.000000,0.076923,0.538462,0.384615,0.000000,0.000000,0.384615,0.615385,0.000000,0.000000,0.000000,0.000000,1.000000","0.031033,0.000000,0.034608,0.021254,0.022227,0.035148,0.024292,0.024447,0.024624,0.035271,0.070459,0.116351,0.099281,0.095976,0.044076,0.033409,0.041484,0.058838,0.081714,0.105508",0.46498632431030273
per_sightline,256,49,1,204,52,0.8846153846153846,0.8461538461538461,0.7692307692307693,0.4131463929545641,0.10295299692114221,0.4665260612967569,0.05779480662939221,0.24582809843898504,0.0,"1.000000,0.000000,0.000000,0.000000,0.000000,0.923077,0.076923,0.000000,0.000000,0.384615,0.615385,0.000000,0.000000,0.000000,0.000000,1.000000","0.043310,0.000000,0.014951,0.017461,0.022254,0.021917,0.024484,0.032324,0.023096,0.028275,0.080894,0.097369,0.109697,0.125186,0.038932,0.028921,0.045343,0.074260,0.081368,0.089959",0.476515531539917
per_sightline,256,49,2,205,51,0.8461538461538461,0.7948717948717948,0.6923076923076923,0.4154958747459845,0.36612670359312194,0.11247373929891517,0.6409068345111414,0.22735742980971393,0.07852564102564108,"1.000000,0.000000,0.000000,0.000000,0.076923,0.538462,0.384615,0.000000,0.000000,0.153846,0.846154,0.000000,0.000000,0.000000,0.000000,1.000000","0.036639,0.000000,0.017421,0.012865,0.028831,0.018556,0.019680,0.027208,0.023449,0.027971,0.071124,0.099780,0.114807,0.129785,0.045525,0.037232,0.044363,0.070097,0.078239,0.096428",0.4704709053039551
per_sightline,256,49,3,205,51,0.8173076923076923,0.7564102564102564,0.6346153846153846,0.43631477140718117,0.1419847683314224,0.26541676983472895,0.4847326376092669,0.059868538752387464,0.0,"1.000000,0.000000,0.000000,0.000000,0.000000,0.769231,0.230769,0.000000,0.083333,0.416667,0.500000,0.000000,0.000000,0.000000,0.000000,1.000000","0.026126,0.000000,0.013386,0.016131,0.017464,0.015728,0.020023,0.023860,0.020794,0.028780,0.078346,0.112971,0.106406,0.138591,0.048288,0.038344,0.057202,0.072461,0.085004,0.080094",0.4650447368621826
per_sightline,256,49,4,205,51,0.8605769230769231,0.8141025641025642,0.7211538461538461,0.4163221274643312,0.24664409054213743,0.07225780259439589,0.17598422533571814,0.16092573449151476,0.0,"1.000000,0.000000,0.000000,0.000000,0.000000,0.750000,0.250000,0.000000,0.000000,0.307692,0.692308,0.000000,0.000000,0.000000,0.000000,1.000000","0.045394,0.000000,0.018756,0.018044,0.022999,0.017294,0.019150,0.026222,0.019583,0.029129,0.067991,0.106527,0.106788,0.135016,0.044044,0.026078,0.049242,0.076299,0.080761,0.090683",0.4769163131713867
per_sightline,256,49,5,205,51,0.8653846153846154,0.8205128205128206,0.7307692307692308,0.3978191429709309,0.16947913912660023,0.6825412336688736,0.23640907324519986,0.5393165008014056,0.0,"1.000000,0.000000,0.000000,0.000000,0.000000,0.846154,0.153846,0.000000,0.153846,0.230769,0.615385,0.000000,0.000000,0.000000,0.000000,1.000000","0.038784,0.000000,0.015989,0.019431,0.020714,0.016923,0.013791,0.026479,0.027055,0.032716,0.060850,0.098962,0.106305,0.131702,0.053870,0.036998,0.052699,0.082238,0.076419,0.088075",0.46915769577026367
per_sightline,256,50,1,204,52,0.8653846153846154,0.8205128205128206,0.7307692307692308,0.37440147849587396,0.23000291293841246,0.24001572079783612,0.11226117207015603,0.8141814538505021,0.0,"1.000000,0.000000,0.000000,0.000000,0.000000,0.769231,0.230769,0.000000,0.000000,0.307692,0.692308,0.000000,0.000000,0.000000,0.000000,1.000000","0.025142,0.000000,0.016402,0.020960,0.036335,0.027272,0.024138,0.028448,0.016022,0.039553,0.054569,0.095203,0.098342,0.126288,0.046746,0.032080,0.039190,0.080016,0.091513,0.101781",0.4681985378265381
per_sightline,256,50,2,205,51,0.8060897435897435,0.7692307692307692,0.6538461538461539,0.3547719815305301,0.041382590938859536,0.28125756136565677,0.516433463994887,0.4692122687453698,0.04006410256410242,"1.000000,0.000000,0.000000,0.000000,0.076923,0.769231,0.153846,0.000000,0.000000,0.461538,0.538462,0.000000,0.000000,0.000000,0.083333,0.916667","0.023120,0.000000,0.016512,0.023363,0.046818,0.029824,0.019276,0.033878,0.018680,0.045406,0.058946,0.092917,0.093833,0.109075,0.046231,0.033032,0.042705,0.075432,0.100882,0.090068",0.5025174617767334
per_sightline,256,50,3,205,51,0.8413461538461539,0.7884615384615384,0.6826923076923077,0.34016976610663985,0.5734083043407615,0.20684062129710853,0.01014110803771759,0.17399234671458114,0.02083333333333337,"1.000000,0.000000,0.000000,0.000000,0.076923,0.615385,0.307692,0.000000,0.083333,0.166667,0.750000,0.000000,0.000000,0.000000,0.000000,1.000000","0.022350,0.000000,0.019146,0.024146,0.040908,0.026244,0.022954,0.026686,0.021961,0.041821,0.052621,0.098823,0.087737,0.100989,0.053635,0.036009,0.043413,0.079284,0.103782,0.097492",0.45502328872680664
per_sightline,256,50,4,205,51,0.8413461538461539,0.7884615384615384,0.6826923076923077,0.3789689250135539,0.33276220777643273,0.020627018343960923,0.23546728339959325,0.4466797637645716,0.0,"1.000000,0.000000,0.000000,0.000000,0.000000,0.750000,0.250000,0.000000,0.000000,0.384615,0.615385,0.000000,0.000000,0.000000,0.000000,1.000000","0.022353,0.000000,0.016804,0.022808,0.037973,0.023489,0.025018,0.025007,0.019425,0.040919,0.061240,0.104313,0.104639,0.108777,0.052178,0.027271,0.041326,0.072009,0.092180,0.102272",0.4786515235900879
per_sightline,256,50,5,205,51,0.8269230769230769,0.7692307692307692,0.6538461538461539,0.3883861602586914,0.6678714062093515,0.014208742311785769,0.4182960682960874,0.2619690545439743,-0.019230769230769273,"1.000000,0.000000,0.000000,0.000000,0.000000,0.615385,0.384615,0.000000,0.076923,0.230769,0.692308,0.000000,0.000000,0.000000,0.000000,1.000000","0.024109,0.000000,0.016895,0.016002,0.034815,0.022836,0.015678,0.027641,0.019466,0.046114,0.063595,0.101043,0.107943,0.115806,0.042254,0.027029,0.040447,0.082010,0.098406,0.097911",0.4929347038269043
per_sightline,256,51,1,204,52,0.7692307692307692,0.6923076923076922,0.5384615384615384,0.4103439469925901,0.6076165562355007,0.5246576696006627,0.17431586956364176,0.12668829056476377,-0.019230769230769273,"1.000000,0.000000,0.000000,0.000000,0.000000,0.538462,0.461538,0.000000,0.000000,0.461538,0.538462,0.000000,0.000000,0.000000,0.000000,1.000000","0.024415,0.000000,0.013999,0.019390,0.019347,0.022986,0.020027,0.030693,0.017975,0.033757,0.081437,0.095515,0.111701,0.121690,0.037114,0.030539,0.045048,0.087544,0.083370,0.103452",0.47434473037719727
per_sightline,256,51,2,205,51,0.8653846153846154,0.8205128205128206,0.7307692307692308,0.40017723149269846,0.1276218194706874,0.6899841081718582,0.6413298478396019,0.3310472877253689,0.019230769230769273,"1.000000,0.000000,0.000000,0.000000,0.000000,0.846154,0.153846,0.000000,0.000000,0.384615,0.615385,0.000000,0.000000,0.000000,0.000000,1.000000","0.029977,0.000000,0.027212,0.026367,0.022410,0.032913,0.016416,0.023406,0.020776,0.029693,0.068956,0.103958,0.108143,0.119121,0.038158,0.029552,0.039581,0.083775,0.075365,0.104222",0.4627845287322998
per_sightline,256,51,3,205,51,0.842948717948718,0.7905982905982906,0.6858974358974359,0.41354600051914503,0.4234564046156396,0.37958817228200126,0.05374240384702335,0.1434402514155356,-0.038461538461538436,"1.000000,0.000000,0.000000,0.000000,0.076923,0.538462,0.384615,0.000000,0.083333,0.083333,0.833333,0.000000,0.000000,0.000000,0.000000,1.000000","0.025157,0.000000,0.022811,0.020119,0.024275,0.024751,0.019863,0.018120,0.020515,0.020781,0.073027,0.102223,0.102087,0.136209,0.047833,0.028538,0.048428,0.081388,0.082813,0.101065",0.4801216125488281
per_sightline,256,51,4,205,51,0.8381410256410257,0.7841880341880342,0.6762820512820513,0.42028033828893113,0.060719476308572794,0.016108646438567437,0.41034324683340984,0.04783026771713376,0.0,"1.000000,0.000000,0.000000,0.000000,0.000000,0.583333,0.416667,0.000000,0.000000,0.230769,0.769231,0.000000,0.000000,0.000000,0.000000,1.000000","0.023135,0.000000,0.019861,0.019526,0.019412,0.027996,0.019109,0.016995,0.025197,0.025359,0.073724,0.106211,0.105987,0.134359,0.043597,0.032781,0.040712,0.075753,0.078618,0.111667",0.47775769233703613
per_sightline,256,51,5,205,51,0.9038461538461539,0.8717948717948718,0.8076923076923077,0.3921500094846267,0.16961536213200282,0.20988635830831662,0.3808887547687503,0.32530999757344675,0.019230769230769273,"1.000000,0.000000,0.000000,0.000000,0.000000,0.923077,0.076923,0.000000,0.000000,0.307692,0.692308,0.000000,0.000000,0.000000,0.000000,1.000000","0.022213,0.000000,0.034412,0.025517,0.020416,0.024169,0.027187,0.018769,0.019296,0.026208,0.067719,0.097901,0.102573,0.123957,0.042408,0.033337,0.046907,0.085247,0.080903,0.100861",0.49193716049194336
global,1,42,1,52428,13108,0.29417149832163564,0.15858000203438105,0.1553249923710711,0.20050210398793883,0.07715530596044852,0.02251444432363409,0.03375731639543107,0.14793786421705885,-0.00267012511443393,"0.165090,0.465365,0.268843,0.100702,0.450412,0.124809,0.314007,0.110772,0.307598,0.350626,0.185841,0.155935,0.101312,0.086665,0.111077,0.700946","0.000000,0.053021,0.051752,0.050024,0.048789,0.047964,0.047321,0.047132,0.047528,0.048195,0.048136,0.050910,0.053261,0.054667,0.059856,0.064124,0.067322,0.080723,0.079275",12.158592700958252
global,1,42,2,52429,13107,0.29804010581016993,0.16081782117790663,0.15440952090326518,0.20044814054813273,0.08315739711888073,0.014717233154080592,0.017163547859820518,0.17193008102525983,-0.0054932246914242144,"0.173634,0.451938,0.264571,0.109857,0.480317,0.125725,0.301190,0.092768,0.321636,0.338419,0.183094,0.156851,0.112027,0.068376,0.109890,0.709707","0.000000,0.052567,0.051818,0.050454,0.048768,0.048306,0.047309,0.046799,0.047476,0.047888,0.048150,0.050715,0.053695,0.055389,0.060509,0.064825,0.066381,0.079607,0.079342",12.106162309646606
global,1,42,3,52429,13107,0.2938804532869226,0.15229223697334773,0.14863975918293892,0.20015473491819744,0.08660611939001338,0.019825117348242136,0.025256351024981305,0.15942500561938802,-0.007171565761739718,"0.159597,0.464144,0.269454,0.106805,0.459872,0.112298,0.322551,0.105279,0.315018,0.344933,0.184982,0.155067,0.094904,0.074153,0.112298,0.718645","0.000000,0.052736,0.051907,0.050269,0.048593,0.048294,0.047221,0.047054,0.047598,0.048073,0.047960,0.050504,0.053617,0.055001,0.061175,0.064811,0.066993,0.078969,0.079224",11.758581399917603
global,1,42,4,52429,13107,0.29021309489344277,0.15126774975722182,0.14450919253329994,0.20054547795412417,0.06496828382604453,0.07080464473319356,0.053489142430514676,0.15194060909790744,-0.005875253319562124,"0.164785,0.456820,0.263045,0.115349,0.469475,0.113248,0.307387,0.109890,0.319805,0.355813,0.175771,0.148612,0.093988,0.087885,0.111077,0.707049","0.000000,0.052692,0.051916,0.050132,0.048647,0.047843,0.047146,0.047021,0.047527,0.048096,0.048457,0.050585,0.053408,0.055623,0.060501,0.064976,0.067728,0.078842,0.078860",12.391916751861572
global,1,42,5,52429,13107,0.29174321211626675,0.1554440061458676,0.14815379920659139,0.20013040050040812,0.08279964926228983,0.004374835382739619,0.03252978691451868,0.16323442065992905,-0.005187578501585188,"0.170024,0.460317,0.255495,0.114164,0.471773,0.115349,0.300275,0.112603,0.308209,0.371681,0.180958,0.139152,0.108941,0.082698,0.107720,0.700641","0.000000,0.053035,0.052092,0.050275,0.048703,0.048069,0.047225,0.047122,0.047527,0.047986,0.048397,0.050686,0.053061,0.055526,0.059738,0.064559,0.068751,0.079162,0.078085",12.203653573989868
global,1,43,1,52428,13108,0.28982300884955753,0.1516631064998474,0.1478486420506561,0.1991560554542959,0.051390403691745024,0.03486695206328343,0.019196996105423796,0.1734370970585455,-0.00701861458651204,"0.159292,0.462923,0.258468,0.119316,0.466890,0.120842,0.307598,0.104669,0.327739,0.350320,0.174855,0.147086,0.114739,0.077205,0.103753,0.704303","0.000000,0.052760,0.051775,0.050128,0.048496,0.048369,0.047132,0.046990,0.047179,0.047735,0.047780,0.050836,0.052805,0.055991,0.060928,0.064318,0.068917,0.079083,0.078779",12.18567943572998
global,1,43,2,52429,13107,0.3032276377370976,0.16834503102431086,0.16539517851693622,0.19967661321096136,0.06971624216773706,0.005901356893940744,0.02454805389778069,0.23630983042600565,-0.0012969412000538583,"0.174245,0.466890,0.256637,0.102228,0.453464,0.134879,0.306683,0.104974,0.300275,0.362832,0.195911,0.140983,0.101343,0.085470,0.105311,0.707875","0.000000,0.053248,0.051975,0.049809,0.048807,0.048204,0.047329,0.047325,0.047292,0.048105,0.048265,0.050560,0.052746,0.055130,0.059679,0.064342,0.068991,0.079135,0.079059",11.962164163589478
global,1,43,3,52429,13107,0.30074646600813826,0.1614469206016353,0.15687895581853473,0.19941265257763302,0.057932818962136735,0.004374655919153409,0.0103498279091303,0.16353891152266295,-0.005569490693079326,"0.170583,0.438206,0.276472,0.114739,0.452853,0.129081,0.304242,0.113824,0.299451,0.356532,0.184676,0.159341,0.102838,0.073848,0.104669,0.718645","0.000000,0.052907,0.051940,0.049761,0.048804,0.048292,0.047232,0.047115,0.047402,0.047946,0.048551,0.050601,0.052314,0.055377,0.059968,0.064465,0.068552,0.079621,0.079151",11.90737509727478
global,1,43,4,52429,13107,0.2961640786060987,0.16164365195491226,0.15503795275690302,0.19880613496599236,0.0818176280703091,0.03229665217516935,0.03611477574418976,0.13714933153026895,-0.0009921799287072597,"0.174855,0.444614,0.272810,0.107720,0.458486,0.118742,0.321123,0.101648,0.316448,0.340555,0.191334,0.151663,0.113518,0.074764,0.111993,0.699725","0.000000,0.052673,0.052022,0.050265,0.048967,0.048061,0.047458,0.047221,0.047175,0.047731,0.047822,0.050524,0.052729,0.055316,0.060353,0.065866,0.068596,0.078620,0.078602",12.053319931030273
global,1,43,5,52429,13107,0.2991439251929029,0.16388755685368442,0.15654562099481234,0.19933611926711037,0.10018208208637452,0.05911677845211576,0.04375172456794234,0.14132893474174668,-0.0006869529107856875,"0.178571,0.456654,0.260989,0.103785,0.464449,0.117486,0.305462,0.112603,0.329875,0.328044,0.195606,0.146475,0.100702,0.085139,0.109246,0.704913","0.000000,0.052484,0.051882,0.050083,0.048545,0.048032,0.047339,0.047149,0.047150,0.047450,0.048152,0.050706,0.053028,0.056026,0.060887,0.063669,0.068481,0.079798,0.079139",12.4638831615448
global,1,44,1,52428,13108,0.2983674092157461,0.15949547350218696,0.15257857796765334,0.20005682135481273,0.061101282677062566,0.06851425044777786,0.003012525580260449,0.19762226880237777,-0.00030515715593526505,"0.173329,0.469332,0.253586,0.103753,0.472078,0.121147,0.309429,0.097345,0.318584,0.352457,0.184010,0.144950,0.097955,0.080561,0.106500,0.714983","0.000000,0.052619,0.051918,0.050416,0.048895,0.047859,0.047006,0.047136,0.047814,0.047929,0.048325,0.050488,0.053314,0.054517,0.061184,0.064866,0.065538,0.081885,0.078290",12.183233737945557
global,1,44,2,52429,13107,0.2901819597349045,0.1518665446038043,0.1461702776930119,0.20058260571900954,0.08950513444565575,0.03427114678086878,0.03902240468775711,0.16166130281949848,-0.008391495765618429,"0.163259,0.472994,0.263961,0.099786,0.444614,0.106500,0.331096,0.117791,0.313396,0.357034,0.185841,0.143729,0.108669,0.080891,0.105311,0.705128","0.000000,0.052277,0.051572,0.050135,0.048968,0.047913,0.047370,0.047060,0.047498,0.047729,0.048341,0.050970,0.053543,0.055085,0.061059,0.065266,0.066150,0.081540,0.077524",11.876941680908203
global,1,44,3,52429,13107,0.29731354115318104,0.15951438281313166,0.15535335633748817,0.2003552130967568,0.06909898150133552,0.06079749430618567,0.03948847210162502,0.135073800382076,-0.0011438503008536771,"0.167836,0.438511,0.276778,0.116875,0.471773,0.124809,0.299359,0.104059,0.300366,0.364164,0.185897,0.149573,0.099481,0.073543,0.116265,0.710711","0.000000,0.052872,0.052151,0.050061,0.048786,0.048229,0.047428,0.046942,0.047651,0.047681,0.047871,0.050788,0.054015,0.055152,0.060992,0.064481,0.065325,0.082368,0.077207",11.898143768310547
global,1,44,4,52429,13107,0.2934938370550211,0.15604894884723997,0.14847684103100645,0.19922786650047258,0.0808988049786822,0.030726514825221093,0.013616157207788934,0.21792369658325206,-0.0014499156626102128,"0.171193,0.462618,0.257553,0.108636,0.469780,0.117216,0.305861,0.107143,0.320415,0.350015,0.179738,0.149832,0.103448,0.080256,0.110467,0.705829","0.000000,0.052491,0.052484,0.050058,0.048856,0.048432,0.047405,0.047235,0.047683,0.047411,0.047905,0.050541,0.053371,0.055055,0.060682,0.065538,0.065381,0.081594,0.077878",12.009039640426636
global,1,44,5,52429,13107,0.28891964679270143,0.1530016000568335,0.15013732072017089,0.20032958725822284,0.08638719547885747,0.009291243805422587,0.015571298631641547,0.12442206782432572,-0.004959828426413737,"0.158730,0.462149,0.264652,0.114469,0.452853,0.117486,0.323772,0.105890,0.310345,0.348795,0.182789,0.158071,0.111077,0.079951,0.112298,0.696674","0.000000,0.052779,0.051502,0.049920,0.048482,0.048138,0.047204,0.047003,0.047836,0.047753,0.047924,0.050775,0.053878,0.054651,0.062042,0.064632,0.065840,0.081515,0.078126",11.93794298171997
global,1,45,1,52428,13108,0.28791577662496187,0.1504424778761062,0.1464754348489472,0.1986041285101245,0.06333828489218232,0.009860437348550239,0.025271416455277914,0.14944144589841768,-0.008925846811107696,"0.158377,0.461703,0.268538,0.111382,0.458956,0.121147,0.307904,0.111993,0.317669,0.364052,0.171803,0.146475,0.106195,0.072933,0.120537,0.700336","0.000000,0.052783,0.051939,0.050162,0.048538,0.047887,0.047316,0.047164,0.047636,0.047560,0.048446,0.050385,0.052213,0.054058,0.061492,0.065376,0.067755,0.080183,0.079107",12.517003536224365
global,1,45,2,52429,13107,0.2922416773881529,0.15501983521513582,0.14952700640830027,0.19905704884210298,0.10424044548400763,0.03400130116971306,0.04301244472429862,0.18028976117932308,-0.008391961512193402,"0.166005,0.454989,0.270369,0.108636,0.457125,0.117791,0.324687,0.100397,0.318584,0.358865,0.181263,0.141288,0.102259,0.082112,0.111722,0.703907","0.000000,0.052804,0.052216,0.050257,0.048718,0.048319,0.047492,0.046948,0.047595,0.047663,0.048647,0.050366,0.052381,0.055121,0.061800,0.064439,0.067676,0.078138,0.079421",12.125153541564941
global,1,45,3,52429,13107,0.2998317164475236,0.1638891403920394,0.15794844967869076,0.1989638509601805,0.062460978144699995,0.04471748502785826,0.02727998735772075,0.13953468007174502,-0.0001527183019401357,"0.175771,0.444004,0.270369,0.109857,0.451633,0.121758,0.314312,0.112298,0.309219,0.351038,0.194139,0.145604,0.103753,0.084834,0.103753,0.707659","0.000000,0.052751,0.052060,0.050090,0.048592,0.047880,0.047448,0.047150,0.047732,0.047559,0.048399,0.049988,0.053018,0.055026,0.061898,0.064163,0.067646,0.079905,0.078695",12.117801189422607
global,1,45,4,52429,13107,0.2983760022400547,0.16032068328375929,0.15045966392472343,0.19898527838939067,0.07090196405311944,0.014280671408024331,0.018420878890860873,0.15108800035739678,-0.0037390833660287393,"0.180043,0.436680,0.276167,0.107110,0.452076,0.112637,0.323260,0.112027,0.312176,0.344828,0.188282,0.154715,0.096430,0.086054,0.104974,0.712542","0.000000,0.052954,0.052391,0.050498,0.048788,0.048160,0.047396,0.046838,0.047799,0.047831,0.048392,0.050502,0.052260,0.054436,0.061591,0.064755,0.066832,0.079695,0.078880",11.95077133178711
global,1,45,5,52429,13107,0.2963209420525563,0.15920810786541637,0.1513579493439121,0.19825770827083192,0.0859150118691356,0.043155599131394363,0.021651577957378185,0.18735075024183115,-0.0046542055239033875,"0.174908,0.443223,0.271368,0.110501,0.474214,0.119316,0.310650,0.095819,0.304547,0.346964,0.183399,0.165090,0.115349,0.073238,0.103753,0.707659","0.000000,0.052542,0.052333,0.049982,0.048790,0.047930,0.047303,0.047224,0.047345,0.047558,0.047948,0.050256,0.052496,0.054749,0.062376,0.065273,0.067907,0.078733,0.079255",12.0539710521698
global,1,46,1,52428,13108,0.29562099481232834,0.1581731258264673,0.1498321635642356,0.20011784990205458,0.0713003145534505,0.01718951489887412,0.012344397819315032,0.18666783802669884,-0.006179432407689978,"0.174855,0.447666,0.267318,0.110162,0.451938,0.113824,0.322246,0.111993,0.303021,0.349710,0.185841,0.161428,0.104059,0.078120,0.109857,0.707965","0.000000,0.052655,0.052095,0.050201,0.048678,0.047958,0.047351,0.047367,0.047838,0.047287,0.048759,0.051132,0.052940,0.055634,0.061106,0.064337,0.066103,0.080812,0.077745",12.250637292861938
global,1,46,2,52429,13107,0.29193649694488877,0.15471467805920047,0.14876411351846203,0.20028539293736414,0.056945856407643484,0.029311459385746395,0.008277700815177851,0.16163067537779144,-0.008849790395411394,"0.166616,0.450412,0.262740,0.120232,0.462618,0.115960,0.310040,0.111382,0.314922,0.352457,0.181569,0.151053,0.108059,0.083028,0.105311,0.703602","0.000000,0.052857,0.052017,0.049970,0.048583,0.048189,0.047285,0.046853,0.047432,0.047329,0.049175,0.050776,0.053005,0.055197,0.061066,0.064860,0.066845,0.080404,0.078156",12.071210861206055
global,1,46,3,52429,13107,0.29113361971158735,0.1549363734288971,0.14345124918820373,0.1998865768224221,0.07521109095261269,0.06573225022196527,0.021436374722263028,0.15601845562844327,-0.007934575088221707,"0.177907,0.451633,0.270064,0.100397,0.472994,0.107415,0.313702,0.105890,0.318987,0.353785,0.179487,0.147741,0.106500,0.083003,0.110772,0.699725","0.000000,0.052933,0.051997,0.050099,0.048776,0.048478,0.047370,0.047298,0.047684,0.047422,0.048911,0.050860,0.052694,0.055061,0.061624,0.064413,0.066495,0.079778,0.078107",12.282916069030762
global,1,46,4,52429,13107,0.29524839755233406,0.1559471055961749,0.14771376184253815,0.19968177890713382,0.07508587971333075,0.035783216633305345,0.02103641664135329,0.14455685872895604,-0.009995503682565021,"0.172414,0.455294,0.263656,0.108636,0.460317,0.115995,0.323260,0.100427,0.322856,0.349405,0.179432,0.148306,0.102838,0.083308,0.100702,0.713152","0.000000,0.052891,0.051763,0.050097,0.048586,0.048190,0.047619,0.047163,0.047478,0.047350,0.048792,0.051092,0.052448,0.055506,0.061350,0.063933,0.067870,0.079643,0.078230",12.002294778823853
global,1,46,5,52429,13107,0.2959394956076372,0.16083561269707136,0.15379920659139457,0.19988290613510076,0.08564822189947652,0.01861230251552824,0.043339822388054214,0.18805739847942354,-0.008316044820469548,"0.174908,0.448413,0.269231,0.107448,0.463229,0.127861,0.308209,0.100702,0.327434,0.352151,0.179738,0.140677,0.108636,0.080867,0.109246,0.701251","0.000000,0.052445,0.052056,0.050046,0.048918,0.048137,0.047400,0.046966,0.047617,0.047508,0.048820,0.050889,0.052666,0.055029,0.061276,0.064666,0.065451,0.081221,0.078890",12.167238235473633
global,1,47,1,52428,13108,0.2889838266707354,0.15044247787610618,0.14479707049130303,0.2013967244486499,0.07543029255885522,0.07427450768940946,0.015708464724286653,0.2008759701970507,-0.007781507476350313,"0.161733,0.458346,0.258773,0.121147,0.455905,0.110162,0.324077,0.109857,0.312176,0.355813,0.179432,0.152579,0.113518,0.081782,0.100092,0.704608","0.000000,0.053019,0.052006,0.050053,0.048643,0.047894,0.047071,0.047026,0.047430,0.047836,0.049188,0.051420,0.052953,0.054772,0.059480,0.068490,0.066313,0.076861,0.079546",12.30292010307312
global,1,47,2,52429,13107,0.2920130423944889,0.15369748753941614,0.14708574916081782,0.20031847499610725,0.0687775443534852,0.02393202657957784,0.05430930808284281,0.12418826875697708,-0.005263471905980199,"0.166921,0.454379,0.271590,0.107110,0.480317,0.111993,0.305157,0.102533,0.318584,0.350931,0.182179,0.148306,0.115079,0.079060,0.098901,0.706960","0.000000,0.052737,0.052490,0.049885,0.048375,0.047733,0.047724,0.047169,0.047560,0.047408,0.048987,0.051154,0.052770,0.054623,0.059700,0.066788,0.068794,0.077577,0.078526",12.468297958374023
global,1,47,3,52429,13107,0.2942617367205405,0.15585218644419133,0.15077553325188356,0.20112475928675858,0.04714953298472263,0.04426498701757162,0.008520374769097413,0.171898244058917,-0.0054170052644266775,"0.166005,0.461703,0.266097,0.106195,0.463534,0.118706,0.313396,0.104364,0.311661,0.347985,0.182845,0.157509,0.098871,0.080256,0.111382,0.709490","0.000000,0.052911,0.052122,0.050328,0.048982,0.047967,0.047353,0.046951,0.047448,0.047541,0.049019,0.051389,0.053176,0.054765,0.059852,0.066982,0.066464,0.077861,0.078891",12.218377590179443
global,1,47,4,52429,13107,0.29196847044726204,0.1541168457555397,0.15122409377825918,0.20122828567107945,0.09149412741636723,0.04928109714181736,0.05356378965257829,0.1524366540006004,-0.006027971621502259,"0.159902,0.469027,0.259994,0.111077,0.453297,0.122711,0.315629,0.108364,0.318889,0.346353,0.179738,0.155020,0.105584,0.076900,0.111993,0.705523","0.000000,0.052334,0.051747,0.050250,0.048782,0.047972,0.047600,0.047175,0.047479,0.047331,0.049127,0.051497,0.053274,0.055201,0.060171,0.067800,0.067032,0.077871,0.077357",12.299360513687134
global,1,47,5,52429,13107,0.29838082271710586,0.1612425820543001,0.15395178516936223,0.2009548314695043,0.07653231858219163,0.017736449056547844,0.009117889590688634,0.179635594463841,-0.0030516647086681337,"0.175824,0.457265,0.260073,0.106838,0.461398,0.123589,0.303021,0.111993,0.314617,0.349405,0.184315,0.151663,0.105890,0.076900,0.107415,0.709796","0.000000,0.052752,0.052398,0.050348,0.048626,0.048160,0.047148,0.047329,0.047492,0.047892,0.049030,0.051035,0.052997,0.055019,0.059594,0.067801,0.065510,0.078637,0.078233",11.943775415420532
global,1,48,1,52428,13108,0.29646017699115046,0.16030922591801447,0.15883429966432713,0.19996578465662707,0.08639434463405045,0.05386631867234988,0.028796716975211512,0.21103918866111052,-0.006179432407689922,"0.163259,0.439731,0.284101,0.112908,0.451327,0.126030,0.311260,0.111382,0.303326,0.354287,0.191639,0.150748,0.102838,0.080867,0.111382,0.704913","0.000000,0.052663,0.052125,0.050427,0.048865,0.048292,0.047507,0.046884,0.047486,0.047309,0.048794,0.050492,0.053371,0.055025,0.060554,0.065604,0.067083,0.078895,0.078622",12.047479629516602
global,1,48,2,52429,13107,0.29445450922793004,0.15603702573492015,0.15227342081171805,0.19956256042921267,0.06875622767912591,0.029569425291666764,0.008769679676028062,0.1456918900857776,-0.0036619091585524677,"0.163564,0.472078,0.252975,0.111382,0.470857,0.111382,0.310955,0.106805,0.315227,0.347269,0.193164,0.144339,0.110501,0.080891,0.098901,0.709707","0.000000,0.052876,0.052012,0.050401,0.048911,0.048214,0.047732,0.046932,0.047538,0.047413,0.048451,0.050809,0.052889,0.055291,0.059665,0.066076,0.066432,0.080920,0.077437",12.270233869552612
global,1,48,3,52429,13107,0.29861001660665987,0.16134473580308184,0.15046995692403076,0.19978163976945149,0.07262844954898613,0.03798357528140153,0.059763414067067616,0.14937297071178327,-0.0032807654489070415,"0.183094,0.454989,0.260604,0.101312,0.461398,0.120842,0.307598,0.110162,0.304335,0.361722,0.180098,0.153846,0.097040,0.075069,0.117486,0.710406","0.000000,0.053064,0.052273,0.049913,0.048676,0.048181,0.047544,0.047033,0.047777,0.047572,0.048389,0.051004,0.052816,0.055045,0.060573,0.065489,0.066359,0.080190,0.078102",11.917698621749878
global,1,48,4,52429,13107,0.29189187842300446,0.1506579943412412,0.15000285968397045,0.20005209548173258,0.09153032750434968,0.003884131545233571,0.04074438870263074,0.17981518136676639,-0.010528946522233074,"0.151968,0.463839,0.273421,0.110772,0.457570,0.118742,0.322344,0.101343,0.311565,0.347879,0.181263,0.159292,0.103448,0.070186,0.110772,0.715594","0.000000,0.052905,0.052206,0.050215,0.048718,0.047917,0.047568,0.046938,0.047573,0.047677,0.048457,0.050825,0.053093,0.055034,0.059974,0.065950,0.065593,0.081320,0.078038",12.214933633804321
global,1,48,5,52429,13107,0.29250678033863875,0.1579878828887068,0.1475434848947208,0.19919521777543328,0.06012134717171557,0.011662846509190245,0.018230734245025425,0.14404499296027629,-0.004424895197705669,"0.178877,0.452991,0.254274,0.113858,0.478486,0.120842,0.295087,0.105584,0.335673,0.343302,0.174245,0.146781,0.110162,0.077510,0.116265,0.696063","0.000000,0.052833,0.052008,0.050412,0.048632,0.047720,0.047440,0.046830,0.047487,0.047135,0.048176,0.050607,0.053277,0.055528,0.060251,0.066254,0.067080,0.079949,0.078380",12.065938234329224
global,1,49,1,52428,13108,0.29501068050045776,0.15908859729427322,0.1595971925541654,0.19877500633897735,0.07032465845078299,0.005847549302033914,0.016006423713360758,0.1323687625443732,-0.003967043027159001,"0.158071,0.461703,0.262435,0.117791,0.452243,0.126030,0.321330,0.100397,0.305462,0.340250,0.193164,0.161123,0.110162,0.081782,0.105279,0.702777","0.000000,0.052568,0.052151,0.050417,0.048657,0.048244,0.047526,0.047122,0.047474,0.047197,0.048323,0.050811,0.052444,0.053844,0.060930,0.064388,0.068118,0.080584,0.079202",12.0202054977417
global,1,49,2,52429,13107,0.2934620964259353,0.1575628115145967,0.15257857796765334,0.20000833037414706,0.09717131451508117,0.017741719989863184,0.0475257702379613,0.18152941950187657,-0.005721789823102008,"0.167531,0.458956,0.257858,0.115655,0.478486,0.119622,0.299054,0.102838,0.307598,0.346659,0.185536,0.160208,0.105617,0.085470,0.107753,0.701160","0.000000,0.052559,0.052355,0.049965,0.048774,0.048222,0.047240,0.047093,0.047516,0.047679,0.048437,0.051071,0.052822,0.054130,0.060793,0.064239,0.067687,0.080701,0.078719",12.405812501907349
global,1,49,3,52429,13107,0.29525335775335776,0.15473309057379855,0.145740160731006,0.1989777065904669,0.05922245945019994,0.051826241079934145,0.05589400276657733,0.20337799053145236,-0.00556925781979184,"0.172719,0.441257,0.274336,0.111688,0.462618,0.110467,0.319194,0.107720,0.318987,0.345543,0.181013,0.154457,0.103448,0.071102,0.108636,0.716814","0.000000,0.052861,0.052107,0.050310,0.048332,0.048313,0.047154,0.046868,0.047400,0.047481,0.048342,0.050621,0.052534,0.054046,0.060624,0.066178,0.066189,0.081049,0.079592",12.208165168762207
global,1,49,4,52429,13107,0.29242618289383626,0.15452369091368176,0.15229209724937526,0.19989469478037825,0.05608084254255673,0.01893033015329865,0.05056328930683699,0.14946324278343,-0.012054592577937062,"0.158987,0.478486,0.261825,0.100702,0.455433,0.122405,0.315018,0.107143,0.321636,0.350931,0.182179,0.145255,0.104364,0.081172,0.108331,0.706134","0.000000,0.052783,0.051842,0.050146,0.048540,0.048291,0.047349,0.046994,0.047238,0.047470,0.048722,0.051232,0.052471,0.053991,0.061130,0.065742,0.066943,0.079882,0.079234",12.282219171524048
global,1,49,5,52429,13107,0.2930393848344718,0.15656192212493708,0.15471467805920047,0.19832867222475753,0.0742513981630857,0.017533534845231638,0.04061510336836397,0.17436953754798643,-0.0032809983221945282,"0.160256,0.459402,0.271062,0.109280,0.463534,0.119011,0.303326,0.114129,0.309124,0.366189,0.190418,0.134269,0.104669,0.079036,0.113824,0.702472","0.000000,0.052737,0.052298,0.050191,0.048577,0.048184,0.047452,0.047147,0.047447,0.047274,0.048201,0.050696,0.052157,0.054109,0.061313,0.065432,0.068502,0.079304,0.078979",11.979848623275757
global,1,50,1,52428,13108,0.29554470552334455,0.1556301495270064,0.14510222764723832,0.1999498387957905,0.06922428090802887,0.024506577953012518,0.05472264260367813,0.211439946299368,-0.005569118095819281,"0.176686,0.458651,0.256027,0.108636,0.476045,0.107720,0.312176,0.104059,0.317669,0.342691,0.182484,0.157156,0.099176,0.074764,0.110772,0.715288","0.000000,0.052711,0.052219,0.050344,0.048912,0.048155,0.047334,0.047177,0.047336,0.047774,0.048957,0.051129,0.052089,0.053544,0.060737,0.063195,0.068370,0.081810,0.078208",12.197478771209717
global,1,50,2,52429,13107,0.28972366510511155,0.15369748753941612,0.14952700640830027,0.19891086242718295,0.09398942126821651,0.04131018658017287,0.02017246612689903,0.12592430603078789,-0.006407974252038928,"0.162038,0.454379,0.268538,0.115044,0.458041,0.114739,0.318279,0.108941,0.312481,0.351846,0.184315,0.151358,0.113553,0.086386,0.102259,0.697802","0.000000,0.052754,0.051845,0.049808,0.049157,0.048203,0.047473,0.047069,0.047530,0.047748,0.048949,0.050641,0.051573,0.053515,0.061188,0.065253,0.067739,0.081422,0.078134",12.019947528839111
global,1,50,3,52429,13107,0.29738994687880865,0.15941281901001156,0.1529123319632932,0.19989689585937098,0.054749686567388225,0.0589873165236966,0.008817085364680318,0.13985026832610647,-0.007476862641647486,"0.172414,0.450107,0.274641,0.102838,0.466890,0.118401,0.301495,0.113213,0.326923,0.345849,0.187424,0.139805,0.100397,0.076289,0.111993,0.711321","0.000000,0.052711,0.052363,0.050163,0.048714,0.048095,0.047356,0.046924,0.047479,0.047809,0.048847,0.051210,0.052031,0.053164,0.060842,0.063671,0.068325,0.081880,0.078417",12.285263776779175
global,1,50,4,52429,13107,0.302877955208593,0.16306827757850034,0.1567171554583822,0.1996249907438607,0.0758734266101637,0.057215155689358144,0.03861537867706446,0.2029644172770051,-0.0023654569924023705,"0.175771,0.447666,0.267623,0.108941,0.470085,0.124237,0.304945,0.100733,0.311260,0.349100,0.189197,0.150442,0.084529,0.081782,0.111382,0.722307","0.000000,0.052717,0.052486,0.049922,0.049055,0.048337,0.047370,0.047230,0.047305,0.047931,0.048773,0.051015,0.051906,0.053844,0.060254,0.063587,0.068338,0.081205,0.078725",12.672525882720947
global,1,50,5,52429,13107,0.2910560961941798,0.1549347277909988,0.1507476350320415,0.19964206355591468,0.08486794541547485,0.06412193139600476,0.011406950805057405,0.18522671732287485,-0.0009918771934334658,"0.163309,0.474664,0.253663,0.108364,0.457736,0.120232,0.307598,0.114434,0.303937,0.356424,0.181263,0.158377,0.104059,0.082087,0.114434,0.699420","0.000000,0.052414,0.052324,0.050102,0.048994,0.048215,0.047618,0.046877,0.047334,0.047973,0.048949,0.050963,0.051757,0.053553,0.060702,0.063930,0.067723,0.082227,0.078345",12.189617156982422
global,1,51,1,52428,13108,0.2937137625877327,0.15573186857898486,0.14922184925236498,0.2001496542802479,0.04779902669509069,0.03856782892727813,0.03582708856573974,0.1458586901534498,-0.007094903875495884,"0.168752,0.456820,0.260604,0.113824,0.477266,0.111382,0.311871,0.099481,0.302716,0.355508,0.187061,0.154715,0.103448,0.077815,0.111077,0.707659","0.000000,0.052812,0.052086,0.050063,0.049083,0.048093,0.047525,0.046905,0.047676,0.047786,0.048667,0.051023,0.052673,0.054109,0.060607,0.064848,0.066731,0.081108,0.078204",12.159337759017944
global,1,51,2,52429,13107,0.2942255482116636,0.1561387447868986,0.15349404943545925,0.19921903325397544,0.06726802042084505,0.000606326631551562,0.003212176648968205,0.15325658012463145,-0.005034557464371314,"0.161428,0.464449,0.267623,0.106500,0.458956,0.119011,0.314007,0.108026,0.318584,0.345133,0.187977,0.148306,0.103785,0.082112,0.105617,0.708486","0.000000,0.052326,0.052184,0.049739,0.048593,0.048078,0.047408,0.047119,0.047439,0.047106,0.049004,0.050653,0.052456,0.054674,0.060751,0.066245,0.066003,0.081679,0.078543",12.444348096847534
global,1,51,3,52429,13107,0.2912101418738587,0.152902302887045,0.15077548667722607,0.20106297170459186,0.06602774703328065,0.06886064392554063,0.004359502663098176,0.19372841114324138,-0.0077057305085989625,"0.157156,0.463229,0.270369,0.109246,0.482759,0.119011,0.293866,0.104364,0.325702,0.346459,0.182540,0.145299,0.108636,0.071712,0.113518,0.706134","0.000000,0.052641,0.052275,0.050257,0.048542,0.048251,0.047674,0.046939,0.047277,0.047595,0.049273,0.051162,0.053033,0.054160,0.059539,0.066874,0.064851,0.081757,0.077900",12.171746015548706
global,1,51,4,52429,13107,0.3017335692991781,0.16347509168687077,0.15671706230906718,0.20024645610302955,0.0793005671101237,0.05467860783453876,0.030483236992914543,0.13847897028206127,-0.0015259953656352465,"0.176991,0.449191,0.261825,0.111993,0.458486,0.123626,0.310745,0.107143,0.308514,0.349100,0.189808,0.152579,0.095514,0.082087,0.105890,0.716509","0.000000,0.052948,0.052396,0.050482,0.048988,0.047921,0.047348,0.046907,0.047591,0.047578,0.048945,0.050995,0.052729,0.053565,0.060123,0.065605,0.066644,0.081742,0.077495",11.833588600158691
global,1,51,5,52429,13107,0.28930172199549675,0.15432478607638814,0.14800122062862375,0.19959987463488016,0.10090007907299628,0.05927393120891723,0.026190385444442677,0.182567486406401,-0.007629371357628978,"0.166972,0.460623,0.265568,0.106838,0.455600,0.115044,0.317363,0.111993,0.320415,0.350015,0.180958,0.148612,0.106195,0.085139,0.114434,0.694233","0.000000,0.052641,0.051789,0.050169,0.048565,0.047998,0.047572,0.046716,0.047412,0.047779,0.048652,0.050653,0.052515,0.053794,0.061323,0.065734,0.067419,0.081413,0.077855",11.874024152755737
global,4,42,1,13107,3277,0.3775037970159921,0.23186912455205136,0.19902319902319904,0.2060910118762096,0.05766448764348713,0.02631096185690047,0.007987057044812467,0.2576769295013056,-0.008844441466392683,"0.297561,0.363415,0.269512,0.069512,0.476190,0.191697,0.283272,0.048840,0.362637,0.308913,0.206349,0.122100,0.065934,0.068376,0.051282,0.814408","0.000000,0.048148,0.045406,0.045396,0.043528,0.043442,0.042009,0.042471,0.042989,0.044841,0.049598,0.053817,0.057834,0.061669,0.072599,0.071678,0.074899,0.084421,0.075255",2.5618488788604736
global,4,42,2,13107,3277,0.38028083028083026,0.23475783475783477,0.2056166056166056,0.2042859120897824,0.04583554589660244,0.03580885189025632,0.04342362839577587,0.18460892702324802,-0.0054945054945055305,"0.293040,0.371184,0.272283,0.063492,0.454878,0.200000,0.281707,0.063415,0.358974,0.307692,0.211233,0.122100,0.058608,0.043956,0.080586,0.816850","0.000000,0.048792,0.045840,0.046164,0.043198,0.043432,0.043062,0.042622,0.043666,0.044801,0.048887,0.052318,0.058279,0.061575,0.068841,0.074828,0.071825,0.087649,0.074220",2.623972177505493
global,4,42,3,13107,3277,0.3879083653473897,0.24859088517625103,0.21171416659221537,0.20542722611298908,0.009392737416458028,0.036643604943571766,0.028753108191188613,0.1707178776585946,-0.0027450192084338965,"0.322344,0.379731,0.221001,0.076923,0.473748,0.211233,0.245421,0.069597,0.340244,0.328049,0.212195,0.119512,0.062271,0.050061,0.081807,0.805861","0.000000,0.048735,0.046210,0.045638,0.042952,0.043651,0.042209,0.042003,0.043151,0.045125,0.049901,0.053205,0.057197,0.061420,0.069421,0.073449,0.074660,0.085222,0.075852",2.581045627593994
global,4,42,4,13107,3277,0.3819262038774234,0.23931623931623927,0.20757020757020755,0.2071012396483233,0.06853246574277856,0.04904009504851448,0.0610998554395528,0.19975496256912592,-0.002443491467881753,"0.302808,0.387057,0.241758,0.068376,0.437118,0.212454,0.273504,0.076923,0.327228,0.339438,0.202686,0.130647,0.065854,0.058537,0.065854,0.809756","0.000000,0.047920,0.045698,0.045271,0.043399,0.043490,0.042541,0.042790,0.043230,0.044818,0.049554,0.054888,0.057841,0.060801,0.071157,0.074288,0.074662,0.083283,0.074370",2.5510928630828857
global,4,42,5,13108,3276,0.37545787545787546,0.23768823768823766,0.1978021978021978,0.20623837859573846,0.08373102617112296,0.008207196163527717,0.013138107268683226,0.31977762212758526,-0.00946275946275943,"0.317460,0.384615,0.221001,0.076923,0.477411,0.196581,0.256410,0.069597,0.357753,0.310134,0.199023,0.133089,0.067155,0.065934,0.078144,0.788767","0.000000,0.047995,0.045847,0.045659,0.043180,0.042918,0.042122,0.042588,0.044305,0.045588,0.048831,0.053772,0.058048,0.061405,0.070343,0.075156,0.072976,0.084060,0.075208",2.560781717300415
global,4,43,1,13107,3277,0.3848193811608446,0.2501702452921965,0.2094017094017094,0.2026105153862546,0.05883097714815927,0.03517015114578478,0.019710372249707744,0.2655396182262172,-0.0018281515232734247,"0.331707,0.354878,0.241463,0.071951,0.456654,0.216117,0.261294,0.065934,0.330891,0.335775,0.202686,0.130647,0.059829,0.069597,0.081807,0.788767","0.000000,0.047087,0.046338,0.044303,0.042985,0.042750,0.042417,0.042917,0.043341,0.044546,0.048784,0.053098,0.056182,0.062095,0.068746,0.077614,0.082821,0.079894,0.074083",2.58333683013916
global,4,43,2,13107,3277,0.36594039429405284,0.22133525914013719,0.1824302391375562,0.20162744984517883,0.05048864660824928,0.0005141949685379978,0.05411920062447541,0.2482413373642859,-0.012812323178176821,"0.299145,0.384615,0.258852,0.057387,0.471951,0.179268,0.275610,0.073171,0.380952,0.306471,0.185592,0.126984,0.062271,0.053724,0.084249,0.799756","0.000000,0.048186,0.047089,0.044862,0.043108,0.042886,0.042439,0.042851,0.043285,0.044339,0.048305,0.051474,0.057508,0.061344,0.067868,0.081601,0.079766,0.078923,0.074165",2.659367322921753
global,4,43,3,13107,3277,0.3790628071115876,0.23476180549351278,0.1940230501206111,0.2041047725284993,0.10963970545526706,0.026116577121238608,0.040646189263431796,0.2140179359887072,-0.007322657017779011,"0.316239,0.368742,0.249084,0.065934,0.451770,0.197802,0.278388,0.072039,0.365854,0.330488,0.190244,0.113415,0.057387,0.064713,0.065934,0.811966","0.000000,0.047756,0.046571,0.043682,0.043632,0.042891,0.042353,0.042822,0.043503,0.045138,0.048565,0.052697,0.057705,0.061070,0.068586,0.077589,0.079645,0.081598,0.074196",2.7142651081085205
global,4,43,4,13107,3277,0.3752073468536883,0.2266992266992267,0.184981684981685,0.20473294354448926,0.03443005830766986,0.0412164634631297,0.02508014307405755,0.25447975564894765,-0.0051940945233628355,"0.310134,0.385836,0.231990,0.072039,0.481074,0.180708,0.289377,0.048840,0.363858,0.326007,0.189255,0.120879,0.063415,0.051220,0.064634,0.820732","0.000000,0.047740,0.046482,0.044530,0.043496,0.042580,0.042707,0.043488,0.043961,0.044391,0.049022,0.053486,0.057834,0.061397,0.069654,0.078694,0.078413,0.079847,0.072279",2.6122632026672363
global,4,43,5,13108,3276,0.3858363858363858,0.2401302401302401,0.17826617826617824,0.20234426547122183,0.002462216582315993,0.05315220293617593,0.013122623832425611,0.20868845817275644,-0.0012210012210012722,"0.363858,0.341880,0.233211,0.061050,0.473748,0.181929,0.261294,0.083028,0.351648,0.330891,0.174603,0.142857,0.053724,0.050061,0.073260,0.822955","0.000000,0.048014,0.046955,0.044562,0.043130,0.042657,0.043039,0.042869,0.043930,0.044734,0.048753,0.051813,0.057045,0.062065,0.070299,0.078672,0.078618,0.077867,0.074978",2.5937323570251465
global,4,44,1,13107,3277,0.3704867625599333,0.22943208552964647,0.20146520146520147,0.20728742706588507,0.06618695251662361,0.07579911081532968,0.0034633123703178437,0.2233581650742449,-0.008236918907650603,"0.285366,0.393902,0.242683,0.078049,0.433455,0.207570,0.280830,0.078144,0.362637,0.321123,0.195360,0.120879,0.057387,0.050061,0.098901,0.793651","0.000000,0.047351,0.047146,0.044979,0.043835,0.042608,0.042564,0.042899,0.043101,0.044173,0.048337,0.054149,0.060629,0.061254,0.074977,0.074469,0.074420,0.080115,0.072994",2.5350472927093506
global,4,44,2,13107,3277,0.37081323148396317,0.22498337254434816,0.20133342267488608,0.20544705266595764,0.05467518307174753,0.04556625305945872,0.007674574076831026,0.2519043044716442,-0.007020757020756996,"0.272283,0.417582,0.231990,0.078144,0.426829,0.215854,0.286585,0.070732,0.340659,0.347985,0.186813,0.124542,0.057387,0.072039,0.062271,0.808303","0.000000,0.048028,0.047765,0.044957,0.043413,0.042895,0.042449,0.042705,0.043713,0.044202,0.048445,0.053767,0.059034,0.059846,0.077533,0.072597,0.074201,0.080307,0.074143",2.6664817333221436
global,4,44,3,13107,3277,0.3726547842401501,0.23395078273127057,0.18059650376723546,0.20665314643982602,0.03201811354180954,0.05708529828550691,0.05476201027478112,0.2811166446376548,-0.0012146728610143431,"0.340659,0.367521,0.229548,0.062271,0.507937,0.178266,0.253968,0.059829,0.359756,0.330488,0.182927,0.126829,0.069597,0.068376,0.073260,0.788767","0.000000,0.047292,0.046988,0.044896,0.043708,0.042908,0.042691,0.042931,0.043572,0.044318,0.049288,0.053868,0.059179,0.060088,0.074613,0.070854,0.073156,0.085822,0.073829",2.569420099258423
global,4,44,4,13107,3277,0.3822299651567944,0.2380952380952381,0.19963369963369965,0.2092864230165008,0.06482490057063679,0.04928420400334585,0.048701061293726894,0.17191493065029897,-0.006106495130885403,"0.315018,0.369963,0.246642,0.068376,0.472527,0.188034,0.275946,0.063492,0.367521,0.299145,0.211233,0.122100,0.051220,0.060976,0.073171,0.814634","0.000000,0.047749,0.046359,0.044340,0.044024,0.042847,0.042543,0.042970,0.043912,0.044146,0.050124,0.054752,0.060265,0.060507,0.076610,0.074559,0.071967,0.079255,0.073071",2.65862774848938
global,4,44,5,13108,3276,0.3785103785103785,0.24216524216524216,0.20207570207570208,0.20984300721709814,0.023226454862466175,0.0477096360041578,0.01563740706859866,0.21390827961941364,-0.010378510378510342,"0.322344,0.405372,0.203907,0.068376,0.493284,0.208791,0.244200,0.053724,0.363858,0.328449,0.195360,0.112332,0.072039,0.063492,0.076923,0.787546","0.000000,0.047823,0.046978,0.044699,0.043458,0.043029,0.042470,0.043242,0.043704,0.045278,0.049441,0.054310,0.060813,0.060121,0.073291,0.073510,0.073857,0.079922,0.074052",2.601905584335327
global,4,45,1,13107,3277,0.37658618481789213,0.23471564569125544,0.20024420024420025,0.2036172567248606,0.017662564367791764,0.08656222363805142,0.043379938389836586,0.2975790293289426,-0.009149319515173171,"0.303659,0.374390,0.280488,0.041463,0.454212,0.203907,0.268620,0.073260,0.354090,0.336996,0.196581,0.112332,0.067155,0.053724,0.076923,0.802198","0.000000,0.047376,0.046816,0.045051,0.043470,0.043177,0.042445,0.042710,0.044618,0.044535,0.048940,0.052578,0.057564,0.058115,0.071691,0.079297,0.075075,0.079022,0.077521",2.5547571182250977
global,4,45,2,13107,3277,0.3775332052771077,0.2343503380088746,0.19218484767265254,0.20348326565130406,0.02714021299939412,0.007635695626664431,0.0007789654119739858,0.25388943636613415,-0.016176777152386912,"0.318681,0.372405,0.227106,0.081807,0.450000,0.201220,0.278049,0.070732,0.362637,0.335775,0.183150,0.118437,0.080586,0.050061,0.062271,0.807082","0.000000,0.046885,0.047077,0.045576,0.043555,0.043718,0.043358,0.043478,0.044601,0.044182,0.049159,0.053818,0.056324,0.058974,0.069087,0.078216,0.074745,0.081129,0.076116",2.6242010593414307
global,4,45,3,13107,3277,0.3839494177908812,0.24127728639923762,0.18853375621668306,0.2024984710912782,0.01735011502460499,0.01742424306236466,0.048578670292048994,0.20270280560612228,-0.005494133238035659,"0.346764,0.367521,0.217338,0.068376,0.484737,0.195360,0.252747,0.067155,0.350000,0.325610,0.181707,0.142683,0.057387,0.056166,0.074481,0.811966","0.000000,0.047231,0.046346,0.045534,0.043703,0.043183,0.042759,0.043046,0.043709,0.044674,0.048450,0.052482,0.056893,0.059541,0.069845,0.079887,0.075843,0.078355,0.078521",2.7370071411132812
global,4,45,4,13107,3277,0.37948866851305874,0.24094424094424094,0.20512820512820512,0.2043202629784961,0.0978015607425511,0.05802998468098031,0.05246262459305583,0.18543612289951447,-0.005806456416212524,"0.312576,0.349206,0.264957,0.073260,0.454212,0.194139,0.285714,0.065934,0.357753,0.311355,0.216117,0.114774,0.060976,0.059756,0.084146,0.795122","0.000000,0.048027,0.046765,0.044769,0.043652,0.042980,0.042863,0.043074,0.044314,0.044467,0.048729,0.052210,0.058914,0.060464,0.074881,0.079783,0.073455,0.076677,0.073977",2.6736016273498535
global,4,45,5,13108,3276,0.36630036630036633,0.22344322344322345,0.18681318681318682,0.20462028429229034,0.05370764759968527,0.08753892583452273,0.0704536434833632,0.21614457755542102,-0.018009768009767946,"0.296703,0.394383,0.227106,0.081807,0.482295,0.170940,0.284493,0.062271,0.328449,0.356532,0.202686,0.112332,0.067155,0.059829,0.078144,0.794872","0.000000,0.047282,0.047740,0.045702,0.043805,0.043387,0.042397,0.042982,0.044291,0.044532,0.048629,0.052230,0.059229,0.059543,0.068615,0.078236,0.076309,0.080395,0.074695",2.572000741958618
global,4,46,1,13107,3277,0.37322805920366897,0.23837815301229937,0.20512820512820512,0.20271059897682897,0.0009078809065757067,0.10771151383005283,0.014959097340014842,0.1740784350752162,-0.0024386521337740885,"0.304878,0.389024,0.235366,0.070732,0.454212,0.192918,0.271062,0.081807,0.334554,0.315018,0.217338,0.133089,0.076923,0.054945,0.090354,0.777778","0.000000,0.046822,0.045261,0.044907,0.043716,0.043262,0.043114,0.042863,0.043894,0.044325,0.050038,0.053777,0.054571,0.060383,0.072428,0.078062,0.079422,0.077931,0.075223",2.603933334350586
global,4,46,2,13107,3277,0.38394606748265286,0.24330782135660187,0.19707406414723488,0.20317541352574767,0.018401252649935623,0.02837760185452559,0.06727622357277152,0.24883356569870027,-0.00579677774799725,"0.335775,0.362637,0.229548,0.072039,0.471951,0.192683,0.258537,0.076829,0.369963,0.318681,0.201465,0.109890,0.058608,0.059829,0.075702,0.805861","0.000000,0.047076,0.045584,0.044489,0.043832,0.043402,0.043210,0.043889,0.044173,0.044883,0.049995,0.053814,0.054483,0.059906,0.073329,0.076903,0.075698,0.080652,0.074680",2.5661067962646484
global,4,46,3,13107,3277,0.37814668393936685,0.23150530589554977,0.18913830072366658,0.20270730071498502,0.0006009722292390083,0.0035880207497788127,4.7252738365251814e-05,0.30667366563459847,-0.006096444206200313,"0.316239,0.385836,0.225885,0.072039,0.433455,0.186813,0.302808,0.076923,0.376829,0.300000,0.191463,0.131707,0.058608,0.050061,0.073260,0.818071","0.000000,0.046928,0.045508,0.044699,0.043897,0.043214,0.043073,0.043626,0.044100,0.044989,0.050280,0.052901,0.054538,0.059266,0.072665,0.076294,0.078828,0.078034,0.077161",2.735097885131836
global,4,46,4,13107,3277,0.38589818041037555,0.2486772486772487,0.19902319902319904,0.20311295454161724,0.00046073806192974744,0.09443558691988051,0.003415197075785361,0.1922094052907816,0.004273504273504314,"0.347985,0.351648,0.225885,0.074481,0.489621,0.194139,0.244200,0.072039,0.350427,0.323565,0.203907,0.122100,0.071951,0.051220,0.079268,0.797561","0.000000,0.046314,0.045029,0.044184,0.043583,0.042881,0.043092,0.043895,0.044275,0.044481,0.049747,0.053617,0.055269,0.060459,0.072070,0.075659,0.081041,0.078472,0.075933",2.6159043312072754
global,4,46,5,13108,3276,0.4053724053724054,0.26577126577126575,0.21978021978021978,0.20303420602785593,0.03365844922700924,0.03711115914433587,0.004514086776897503,0.20330303330040417,0.009157509157509125,"0.357753,0.350427,0.223443,0.068376,0.459096,0.217338,0.277167,0.046398,0.357753,0.284493,0.222222,0.135531,0.072039,0.047619,0.056166,0.824176","0.000000,0.047549,0.045766,0.044774,0.043792,0.043421,0.043133,0.043623,0.043708,0.043987,0.050311,0.052872,0.055864,0.060286,0.070341,0.074379,0.079518,0.082810,0.073866",2.595512866973877
global,4,47,1,13107,3277,0.39427581226361713,0.2526038099208831,0.2026862026862027,0.20913404830994078,0.00439273840962378,0.004547073537919759,0.05303731080179166,0.20797534032303172,-0.0021334018285237843,"0.352439,0.337805,0.237805,0.071951,0.471306,0.190476,0.253968,0.084249,0.377289,0.291819,0.214896,0.115995,0.057387,0.040293,0.083028,0.819292","0.000000,0.047211,0.046417,0.045187,0.043586,0.043028,0.042841,0.042625,0.043618,0.044805,0.050327,0.056037,0.057965,0.059678,0.065477,0.086141,0.073263,0.078872,0.072921",2.6562767028808594
global,4,47,2,13107,3277,0.38821584919145896,0.24777986241400876,0.20317162512284465,0.20767802305596286,0.07894977304272427,0.02560517231020906,0.15669273786158686,0.2807001363237015,-0.0018307573185621928,"0.336996,0.372405,0.230769,0.059829,0.443902,0.204878,0.274390,0.076829,0.374847,0.308913,0.201465,0.114774,0.054945,0.054945,0.080586,0.809524","0.000000,0.047018,0.045844,0.045879,0.043271,0.043047,0.042343,0.042179,0.043599,0.044598,0.050781,0.054036,0.058264,0.060923,0.066183,0.087284,0.070653,0.079709,0.074389",2.6865084171295166
global,4,47,3,13107,3277,0.38058086899550314,0.24085589207540425,0.20804818487745316,0.20720378857962996,0.06142108347438465,0.009140092470778807,0.0032351092435955204,0.187648872982109,-0.015872643616546056,"0.306471,0.351648,0.260073,0.081807,0.462759,0.199023,0.286935,0.051282,0.337805,0.319512,0.217073,0.125610,0.064713,0.056166,0.079365,0.799756","0.000000,0.047349,0.045711,0.044919,0.042809,0.042565,0.042670,0.042346,0.044151,0.044246,0.050267,0.053774,0.058917,0.059868,0.066024,0.086141,0.075104,0.078132,0.075007",2.792365550994873
global,4,47,4,13107,3277,0.3938250096786682,0.2486772486772487,0.20207570207570208,0.2055418111482672,0.054419463373709696,0.06258374306358938,0.009621693148863361,0.21304129723799897,-0.003971976532952115,"0.341880,0.363858,0.225885,0.068376,0.465201,0.213675,0.258852,0.062271,0.362637,0.316239,0.190476,0.130647,0.051220,0.057317,0.062195,0.829268","0.000000,0.047280,0.046993,0.045568,0.042927,0.043256,0.042378,0.043056,0.044066,0.044442,0.049788,0.053496,0.057816,0.061236,0.066799,0.085275,0.073914,0.078875,0.072837",2.6343514919281006
global,4,47,5,13108,3276,0.3894993894993895,0.24786324786324787,0.2026862026862027,0.20770890914141757,0.05363573614153431,0.06173066176253469,0.03506483015892944,0.19492822162656584,-0.00915750915750918,"0.338217,0.368742,0.233211,0.059829,0.481074,0.185592,0.274725,0.058608,0.340659,0.330891,0.219780,0.108669,0.046398,0.065934,0.073260,0.814408","0.000000,0.047727,0.046008,0.045193,0.043343,0.043176,0.042784,0.042561,0.043671,0.044297,0.051089,0.053507,0.058816,0.060888,0.065684,0.085084,0.072032,0.081069,0.073071",2.6705052852630615
global,4,48,1,13107,3277,0.3768836177372763,0.23958922739410546,0.19474969474969475,0.20520303553265268,0.059891967875106644,6.380252843420553e-05,0.04595706208348939,0.32181895677359484,-0.008843696953452995,"0.329268,0.368293,0.237805,0.064634,0.454212,0.210012,0.268620,0.067155,0.357753,0.344322,0.179487,0.118437,0.068376,0.051282,0.091575,0.788767","0.000000,0.047545,0.046881,0.044632,0.043316,0.042966,0.042517,0.042981,0.043173,0.044598,0.049631,0.054442,0.056532,0.060873,0.067847,0.078638,0.070519,0.086990,0.075918",2.70619797706604
global,4,48,2,13107,3277,0.3781478007087763,0.2335417969564311,0.18730903243098365,0.2044110082548118,0.0005820189257256786,0.014816223094971888,0.010649842950664984,0.28545966066990786,-0.011896572262425964,"0.326007,0.374847,0.235653,0.063492,0.459756,0.187805,0.260976,0.091463,0.374847,0.310134,0.186813,0.128205,0.059829,0.047619,0.080586,0.811966","0.000000,0.046815,0.046974,0.044309,0.043326,0.042603,0.042090,0.043269,0.043347,0.043777,0.050092,0.053713,0.056829,0.061745,0.069088,0.078269,0.073448,0.085703,0.074602",2.665165662765503
global,4,48,3,13107,3277,0.3796721909526788,0.24452832623564333,0.2001258226867983,0.2039722904701704,0.08478928556777969,0.04819607993902622,0.027758916539949982,0.20850130034433104,-0.001220628964531345,"0.333333,0.355311,0.241758,0.069597,0.457875,0.206349,0.280830,0.054945,0.371951,0.321951,0.193902,0.112195,0.065934,0.058608,0.090354,0.785104","0.000000,0.047407,0.047555,0.044433,0.043221,0.042863,0.042207,0.042979,0.043626,0.044318,0.048819,0.054225,0.056611,0.059066,0.069227,0.078215,0.075881,0.082525,0.076823",2.6602721214294434
global,4,48,4,13107,3277,0.38802674290479167,0.24257224257224255,0.18864468864468864,0.2048718838733033,0.04620330210391131,0.0121879382560888,0.031061069520260106,0.1792735313873158,-0.0033588701271628496,"0.350427,0.352869,0.229548,0.067155,0.468864,0.192918,0.258852,0.079365,0.365079,0.300366,0.184371,0.150183,0.063415,0.048780,0.063415,0.824390","0.000000,0.047355,0.048476,0.044884,0.043341,0.043201,0.042580,0.042865,0.043138,0.043985,0.048554,0.054718,0.057615,0.059703,0.066967,0.080015,0.073668,0.084422,0.074515",2.7216343879699707
global,4,48,5,13108,3276,0.38125763125763124,0.2372812372812373,0.19536019536019536,0.20344109354146034,0.009543121342026135,0.0009621230750122876,0.030023820729109096,0.22282537486052315,-0.008547008547008572,"0.321123,0.350427,0.258852,0.069597,0.468864,0.196581,0.283272,0.051282,0.346764,0.341880,0.194139,0.117216,0.070818,0.046398,0.069597,0.813187","0.000000,0.047410,0.047242,0.044648,0.043172,0.042829,0.042083,0.042718,0.043653,0.044820,0.049050,0.054284,0.055287,0.059547,0.070825,0.080270,0.072385,0.083169,0.076609",2.6813113689422607
global,4,49,1,13107,3277,0.3781046189582775,0.24284523065010868,0.19963369963369965,0.20535649887400162,0.07296072097471962,0.042041036443430164,0.01673954312537836,0.18021284900541434,-0.002745019208433841,"0.329268,0.380488,0.208537,0.081707,0.488400,0.197802,0.258852,0.054945,0.388278,0.304029,0.201465,0.106227,0.065934,0.059829,0.090354,0.783883","0.000000,0.047833,0.046503,0.043804,0.043116,0.042924,0.042311,0.043387,0.043632,0.043965,0.048089,0.054389,0.058914,0.058495,0.072774,0.079201,0.079685,0.074854,0.076124",2.672759532928467
global,4,49,2,13107,3277,0.3845532177849251,0.2526643636399734,0.2123298787932934,0.20789012215052535,0.024237429382704952,0.03828423699660522,0.03865312010229691,0.17295136226375582,-0.00976354269037194,"0.333333,0.361416,0.244200,0.061050,0.460976,0.203659,0.256098,0.079268,0.343101,0.330891,0.221001,0.105006,0.074481,0.061050,0.084249,0.780220","0.000000,0.047568,0.045950,0.044315,0.043401,0.042907,0.042202,0.043029,0.042952,0.044010,0.049058,0.054053,0.060769,0.059006,0.072741,0.078539,0.078961,0.075200,0.075339",2.6029601097106934
global,4,49,3,13107,3277,0.38272283272283275,0.2412698412698413,0.19951159951159952,0.20598005435842426,0.01777597514732294,0.025932648360545055,0.030194048960647084,0.21193976878016466,-0.0036603978677149374,"0.324786,0.368742,0.251526,0.054945,0.457875,0.199023,0.275946,0.067155,0.335366,0.319512,0.200000,0.145122,0.064713,0.048840,0.079365,0.807082","0.000000,0.047627,0.046934,0.044361,0.043263,0.042757,0.042589,0.042965,0.043180,0.044330,0.049369,0.054076,0.058205,0.059445,0.073240,0.077525,0.081115,0.074538,0.074481",2.7123947143554688
global,4,49,4,13107,3277,0.3721578218529438,0.2258852258852259,0.19047619047619047,0.20794085178249994,0.030457962726488343,0.0013345776295665022,0.08704162092873555,0.27350899369610343,-0.016180127460615257,"0.296703,0.383394,0.250305,0.069597,0.440781,0.192918,0.279609,0.086691,0.340659,0.316239,0.188034,0.155067,0.053659,0.057317,0.078049,0.810976","0.000000,0.047543,0.046622,0.043648,0.043038,0.042470,0.042709,0.042918,0.043373,0.044776,0.049272,0.054211,0.059682,0.058520,0.073463,0.078470,0.076414,0.079116,0.073755",2.6785976886749268
global,4,49,5,13108,3276,0.3724053724053724,0.22222222222222224,0.17155067155067155,0.2054962825697929,0.0702399035759251,0.02823726147933115,0.009452102918679366,0.21868267770232236,0.008547008547008517,"0.323565,0.393162,0.216117,0.067155,0.522589,0.173382,0.253968,0.050061,0.404151,0.311355,0.169719,0.114774,0.050061,0.048840,0.078144,0.822955","0.000000,0.047947,0.046745,0.043806,0.042975,0.042852,0.042675,0.042734,0.043231,0.044077,0.048964,0.054371,0.058085,0.059977,0.073856,0.079606,0.074317,0.077330,0.076452",2.578068494796753
global,4,50,1,13107,3277,0.3808533607314095,0.23633520950594122,0.19230769230769232,0.20460923537053682,0.03474000105020054,0.032830052088329585,0.005936096454879397,0.22253834108978657,-0.009762425920962492,"0.324390,0.373171,0.239024,0.063415,0.462759,0.177045,0.286935,0.073260,0.371184,0.321123,0.207570,0.100122,0.048840,0.062271,0.074481,0.814408","0.000000,0.048436,0.046771,0.045204,0.043851,0.043188,0.042648,0.042521,0.043662,0.044672,0.049094,0.053201,0.057643,0.058989,0.071425,0.075258,0.079668,0.082150,0.071618",2.628610134124756
global,4,50,2,13107,3277,0.3918825754191608,0.2477848258336063,0.20501057208374282,0.20534955980643643,0.027492069099611577,0.035398133905729906,0.04366389370748744,0.2358334533762536,-0.005800128056225595,"0.333333,0.362637,0.242979,0.061050,0.446341,0.192683,0.278049,0.082927,0.327228,0.321123,0.217338,0.134310,0.052503,0.043956,0.079365,0.824176","0.000000,0.047910,0.046470,0.045217,0.044107,0.043393,0.043251,0.042939,0.043039,0.044226,0.049527,0.053989,0.057608,0.060138,0.070155,0.071954,0.082269,0.082466,0.071341",2.629286289215088
global,4,50,3,13107,3277,0.390960496143423,0.24655538679928923,0.21171342207927574,0.2058546098434693,0.10448695213293703,0.003338585742642767,0.043777085059580625,0.23221017249100942,-0.005189627445724987,"0.316239,0.349206,0.251526,0.083028,0.468864,0.210012,0.264957,0.056166,0.365854,0.289024,0.213415,0.131707,0.054945,0.056166,0.064713,0.824176","0.000000,0.047526,0.046770,0.045634,0.043678,0.043235,0.042573,0.042353,0.043435,0.045011,0.049489,0.054309,0.057045,0.059441,0.074439,0.069182,0.082210,0.081981,0.071688",2.644916534423828
global,4,50,4,13107,3277,0.3700225587420709,0.22466422466422464,0.18864468864468864,0.20490498473862678,0.06863837481726942,0.06321791058105072,0.08883828385371452,0.29079964507192035,-0.006407278358497859,"0.296703,0.373626,0.261294,0.068376,0.466422,0.183150,0.273504,0.076923,0.352869,0.344322,0.194139,0.108669,0.054878,0.054878,0.084146,0.806098","0.000000,0.047471,0.046874,0.045416,0.043462,0.043371,0.042804,0.043160,0.043460,0.044327,0.050090,0.053842,0.056646,0.059180,0.069389,0.076254,0.083458,0.080559,0.070235",2.6013119220733643
global,4,50,5,13108,3276,0.38095238095238093,0.2389092389092389,0.2026862026862027,0.20211676805370873,0.04404531337832337,0.017939026594950107,0.013969306072802674,0.2130939305284348,-0.0030525030525030417,"0.311355,0.369963,0.245421,0.073260,0.413919,0.208791,0.311355,0.065934,0.362637,0.317460,0.196581,0.123321,0.056166,0.045177,0.091575,0.807082","0.000000,0.047813,0.046959,0.045172,0.043189,0.043633,0.042757,0.042453,0.043008,0.044125,0.048500,0.053020,0.056472,0.060096,0.073431,0.073766,0.083451,0.081665,0.070489",2.5981569290161133
global,4,51,1,13107,3277,0.374445337859972,0.22941918063869285,0.1855921855921856,0.205815327332652,9.229165883532745e-05,0.014075066382522634,0.01951469406622038,0.2714598544203602,-0.0033503082283569685,"0.317073,0.393902,0.242683,0.046341,0.467643,0.194139,0.271062,0.067155,0.357753,0.329670,0.177045,0.135531,0.057387,0.065934,0.067155,0.809524","0.000000,0.047415,0.046396,0.045410,0.043634,0.042667,0.042941,0.042896,0.043139,0.044476,0.050359,0.053389,0.057591,0.061248,0.073177,0.074634,0.070971,0.085556,0.074102",2.5763795375823975
global,4,51,2,13107,3277,0.3750956699127431,0.23679829655439413,0.18669927633342268,0.2018956286762775,0.05117510014996709,0.038494164922939465,0.05087820434865699,0.2546006414105429,-0.012818279281693878,"0.336996,0.335775,0.257631,0.069597,0.462195,0.186585,0.268293,0.082927,0.351648,0.340659,0.186813,0.120879,0.054945,0.062271,0.092796,0.789988","0.000000,0.047547,0.046646,0.045454,0.043195,0.043345,0.042922,0.042596,0.043019,0.043812,0.049491,0.053071,0.055522,0.062056,0.071477,0.080139,0.073053,0.080466,0.076189",2.6193923950195312
global,4,51,3,13107,3277,0.3857719854671074,0.24289337582020507,0.19889439828464217,0.20410057828384964,0.022268917259342415,0.046879900507478534,0.09567462196105525,0.2684375059533133,-0.002745391464903657,"0.330891,0.374847,0.223443,0.070818,0.487179,0.186813,0.258852,0.067155,0.343902,0.309756,0.210976,0.135366,0.053724,0.051282,0.080586,0.814408","0.000000,0.046896,0.046461,0.045694,0.043551,0.043000,0.042457,0.042914,0.043558,0.044879,0.049099,0.053023,0.057100,0.059060,0.073150,0.078748,0.071835,0.082842,0.075734",2.6134979724884033
global,4,51,4,13107,3277,0.3776538163733286,0.23483923483923486,0.18986568986568986,0.20413263616314364,0.009386586587860337,0.04512315118020871,0.025884323570039003,0.11496770591503204,0.0012143006045445826,"0.324786,0.379731,0.228327,0.067155,0.474969,0.199023,0.268620,0.057387,0.341880,0.362637,0.180708,0.114774,0.070732,0.052439,0.070732,0.806098","0.000000,0.046777,0.046646,0.045419,0.043383,0.043321,0.042664,0.043629,0.043256,0.044114,0.049151,0.052728,0.058139,0.059737,0.073426,0.078764,0.074456,0.081148,0.073241",2.7339816093444824
global,4,51,5,13108,3276,0.38217338217338215,0.24216524216524216,0.20207570207570208,0.20473673567631845,0.03858058598459248,0.0044921778375612495,0.08162723251011177,0.18905359802679933,0.0009157509157509125,"0.322344,0.384615,0.231990,0.061050,0.439560,0.177045,0.289377,0.094017,0.324786,0.316239,0.227106,0.131868,0.069597,0.053724,0.074481,0.802198","0.000000,0.047082,0.045013,0.045003,0.043799,0.043308,0.042866,0.043117,0.043418,0.044287,0.049981,0.053722,0.056746,0.061929,0.069976,0.079290,0.072415,0.082041,0.076006",2.772597551345825
global,16,42,1,3276,820,0.525609756097561,0.41300813008130083,0.2682926829268293,0.28412393466840963,0.3495214342550264,0.05030541688858873,0.05261895839957942,0.1672056754561275,0.004878048780487809,"0.702439,0.121951,0.151220,0.024390,0.395122,0.336585,0.229268,0.039024,0.434146,0.287805,0.200000,0.078049,0.019512,0.068293,0.048780,0.863415","0.000000,0.042365,0.040051,0.039866,0.036647,0.037693,0.037094,0.037290,0.040406,0.044577,0.059700,0.086668,0.093179,0.066029,0.065615,0.061946,0.066129,0.072208,0.072537",0.767662763595581
global,16,42,2,3277,819,0.5010581061692969,0.37886178861788616,0.24634146341463414,0.28326293544551717,0.1784966932953388,0.08234727321834329,0.01884784592029752,0.30107481535167707,-0.019470349115255914,"0.643902,0.190244,0.160976,0.004878,0.434146,0.336585,0.200000,0.029268,0.448780,0.336585,0.156098,0.058537,0.029412,0.044118,0.058824,0.867647","0.000000,0.045018,0.041923,0.041506,0.038195,0.039157,0.036489,0.037369,0.038680,0.043717,0.065012,0.085368,0.089166,0.061995,0.063188,0.062684,0.065951,0.072454,0.072127",0.7416660785675049
global,16,42,3,3277,819,0.5271102343376375,0.4133827514745736,0.2932448589191774,0.27783123209799426,0.18009854876535397,0.06263526558967461,0.06592194635814344,0.3236912163574288,0.03176709708273551,"0.653659,0.141463,0.180488,0.024390,0.365854,0.356098,0.253659,0.024390,0.401961,0.284314,0.230392,0.083333,0.053659,0.029268,0.048780,0.868293","0.000000,0.042611,0.041499,0.040623,0.036651,0.040396,0.036749,0.036046,0.038966,0.042311,0.063376,0.083656,0.088488,0.061056,0.068777,0.066115,0.068679,0.072481,0.071521",0.7962214946746826
global,16,42,4,3277,819,0.5028993304638929,0.3680934162282799,0.2838474414155906,0.28442492611894565,0.1678158582334497,0.03416579332585464,0.12536354327794824,0.16930509850507552,5.978000956474716e-06,"0.536585,0.165854,0.229268,0.068293,0.308824,0.377451,0.289216,0.024510,0.356098,0.356098,0.190244,0.097561,0.014634,0.029268,0.048780,0.907317","0.000000,0.044940,0.041053,0.040110,0.036597,0.038224,0.038906,0.038357,0.039303,0.042705,0.066100,0.080367,0.095253,0.066157,0.065804,0.062063,0.064833,0.068884,0.070343",0.8032553195953369
global,16,42,5,3277,819,0.5043938307030129,0.3798421807747489,0.2682926829268293,0.2802161060469941,0.01925778568109382,0.013270306207637524,0.059928160535536526,0.23031947735998262,-0.013480392156862697,"0.602941,0.186275,0.176471,0.034314,0.302439,0.370732,0.287805,0.039024,0.400000,0.302439,0.165854,0.131707,0.039024,0.034146,0.048780,0.878049","0.000000,0.041842,0.042167,0.039169,0.038328,0.038027,0.037012,0.037578,0.040194,0.044089,0.064134,0.084353,0.087640,0.065764,0.066550,0.065425,0.062933,0.073022,0.071772",0.8440942764282227
global,16,43,1,3276,820,0.5134146341463415,0.38048780487804873,0.25121951219512195,0.2760681707287194,0.13763525946565353,0.012369301262350993,0.01898425203514625,0.3162062352080954,0.007317073170731714,"0.639024,0.170732,0.146341,0.043902,0.346341,0.326829,0.302439,0.024390,0.429268,0.336585,0.175610,0.058537,0.039024,0.009756,0.039024,0.912195","0.000000,0.042714,0.040257,0.038870,0.037824,0.036795,0.036941,0.037554,0.038657,0.041594,0.062651,0.093702,0.078121,0.069344,0.068309,0.066032,0.070560,0.072288,0.067787",0.7766566276550293
global,16,43,2,3277,819,0.5035210425633667,0.3756097560975609,0.2707317073170732,0.2766828355687868,0.0977413973029918,0.003813384894720329,0.11756838448094949,0.1613291356800421,0.007352941176470562,"0.585366,0.195122,0.204878,0.014634,0.365854,0.336585,0.229268,0.068293,0.390244,0.326829,0.204878,0.078049,0.034314,0.044118,0.034314,0.887255","0.000000,0.043785,0.040950,0.039060,0.037835,0.037534,0.036370,0.037505,0.039450,0.042128,0.060865,0.093437,0.080253,0.066880,0.069984,0.069787,0.069174,0.068001,0.067002",0.8258159160614014
global,16,43,3,3277,819,0.4966403634624581,0.37926032201498483,0.27376853180296506,0.2806368530688971,0.16133724672830893,0.11491165034299215,0.05353556436237981,0.18963442531126817,0.00612147297943566,"0.590244,0.180488,0.214634,0.014634,0.385366,0.302439,0.273171,0.039024,0.343137,0.313725,0.245098,0.098039,0.029268,0.063415,0.058537,0.848780","0.000000,0.043081,0.038929,0.038554,0.037191,0.037721,0.038180,0.037945,0.038939,0.041422,0.062274,0.094222,0.082718,0.065216,0.069819,0.067352,0.068846,0.068351,0.069239",0.7289226055145264
global,16,43,4,3277,819,0.5443866571018652,0.4201578192252511,0.3009684361549498,0.2753987013661936,0.061081395933402255,0.10046725412618383,0.04075760498913873,0.21001240174277525,0.012195121951219523,"0.658537,0.180488,0.131707,0.029268,0.352941,0.397059,0.215686,0.034314,0.385366,0.351220,0.204878,0.058537,0.034146,0.014634,0.034146,0.917073","0.000000,0.044258,0.040037,0.039076,0.038270,0.037447,0.036971,0.038391,0.037601,0.041118,0.064369,0.088821,0.081091,0.066711,0.071755,0.067819,0.066077,0.069449,0.070741",0.8118922710418701
global,16,43,5,3277,819,0.512960306073649,0.39776821297624737,0.2829268292682927,0.27952152215922,0.03622845699052244,0.042797656552331954,0.10185568414473094,0.12891101118356194,0.007311095169775239,"0.627451,0.147059,0.171569,0.053922,0.331707,0.380488,0.268293,0.019512,0.400000,0.351220,0.185366,0.063415,0.014634,0.039024,0.087805,0.858537","0.000000,0.042828,0.040039,0.038851,0.036436,0.037759,0.036065,0.038052,0.038118,0.042366,0.059440,0.095491,0.082225,0.067835,0.067287,0.068754,0.067085,0.072234,0.069136",0.8046367168426514
global,16,44,1,3276,820,0.5195121951219512,0.408130081300813,0.3146341463414634,0.27403955773572314,0.27730084229331803,0.018325727060454797,0.008294720897203114,0.3007552764455677,0.024390243902439046,"0.595122,0.175610,0.214634,0.014634,0.326829,0.419512,0.200000,0.053659,0.365854,0.351220,0.209756,0.073171,0.019512,0.068293,0.058537,0.853659","0.000000,0.040789,0.041904,0.038634,0.037786,0.038624,0.038194,0.037425,0.039200,0.040942,0.061585,0.084809,0.086704,0.073939,0.063956,0.070804,0.068459,0.068319,0.067929",0.8059358596801758
global,16,44,2,3277,819,0.5291367766618843,0.408130081300813,0.3048780487804878,0.27234793037671345,0.25888091719780454,0.18224689584806042,0.1983513736260986,0.24770304246321118,0.021981109516977626,"0.614634,0.170732,0.170732,0.043902,0.346341,0.356098,0.263415,0.034146,0.400000,0.292683,0.253659,0.053659,0.029412,0.053922,0.024510,0.892157","0.000000,0.042935,0.041944,0.037350,0.038802,0.037316,0.037484,0.037859,0.040267,0.042691,0.063004,0.083159,0.083494,0.073374,0.065629,0.069860,0.066585,0.071646,0.066600",0.7599961757659912
global,16,44,3,3277,819,0.5112625538020086,0.38737446197991393,0.30057388809182206,0.27451104697043993,0.12247563384601005,0.016057359209533228,0.04256601099143347,0.26609167828298325,0.015895504543280703,"0.560976,0.243902,0.165854,0.029268,0.370732,0.365854,0.219512,0.043902,0.406863,0.308824,0.235294,0.049020,0.024390,0.058537,0.034146,0.882927","0.000000,0.042693,0.042581,0.038221,0.037256,0.038721,0.036864,0.038186,0.040212,0.039573,0.064505,0.082749,0.087684,0.076081,0.063223,0.066323,0.067395,0.068790,0.068943",0.8094823360443115
global,16,44,4,3277,819,0.5174019607843138,0.4004383867368086,0.26895026303204206,0.2713555921405603,0.06259146271037798,0.028709006629830044,0.04267551750091261,0.20198036388398347,0.01344452415112396,"0.663415,0.146341,0.170732,0.019512,0.426471,0.269608,0.259804,0.044118,0.351220,0.317073,0.268293,0.063415,0.039024,0.029268,0.063415,0.868293","0.000000,0.045685,0.042322,0.038301,0.037234,0.036907,0.037969,0.037945,0.039376,0.042580,0.060226,0.083468,0.085082,0.069744,0.063178,0.068689,0.072796,0.070720,0.067780",0.819256067276001
global,16,44,5,3277,819,0.5031324725011956,0.38303841861948035,0.2902439024390244,0.2722237405310234,0.29905319297447563,0.010705707841140893,0.03624934406928716,0.2707765703498337,-0.003676470588235281,"0.568627,0.200980,0.205882,0.024510,0.307317,0.385366,0.282927,0.024390,0.331707,0.375610,0.195122,0.097561,0.029268,0.053659,0.053659,0.863415","0.000000,0.042710,0.042920,0.038737,0.038522,0.038260,0.037669,0.038843,0.039926,0.041732,0.061852,0.085414,0.083226,0.070139,0.067792,0.069300,0.068075,0.068656,0.066227",0.777836799621582
global,16,45,1,3276,820,0.5304878048780488,0.4065040650406504,0.2975609756097561,0.28369553592144897,0.05161240154783591,0.021454051395266384,0.3086938835739248,0.2531251526075157,-0.0060975609756097615,"0.624390,0.160976,0.200000,0.014634,0.317073,0.365854,0.278049,0.039024,0.351220,0.336585,0.229268,0.082927,0.019512,0.024390,0.053659,0.902439","0.000000,0.042435,0.039942,0.037790,0.037156,0.037508,0.037463,0.037337,0.038800,0.043032,0.061637,0.094140,0.084887,0.070815,0.065583,0.068187,0.067092,0.065547,0.070648",0.7735159397125244
global,16,45,2,3277,819,0.535210425633668,0.42276422764227645,0.3073170731707317,0.28294181338432756,0.26460063391582406,0.004144776022226459,0.03691129227364458,0.3477661411847635,0.0061394069823050845,"0.653659,0.112195,0.224390,0.009756,0.321951,0.385366,0.263415,0.029268,0.307317,0.409756,0.229268,0.053659,0.034314,0.039216,0.053922,0.872549","0.000000,0.041814,0.039732,0.038397,0.039657,0.038369,0.036688,0.037769,0.039640,0.041991,0.063400,0.088130,0.089420,0.068095,0.062642,0.068685,0.066644,0.066384,0.072542",0.7819778919219971
global,16,45,3,3277,819,0.5343974175035868,0.4214729794356767,0.3053802008608322,0.2884632742804511,0.061112409127354224,0.1240107873611002,0.05818694678193841,0.1051406629040176,0.019494261119081813,"0.653659,0.170732,0.131707,0.043902,0.321951,0.404878,0.243902,0.029268,0.377451,0.318627,0.205882,0.098039,0.014634,0.034146,0.078049,0.873171","0.000000,0.042246,0.040681,0.040392,0.038377,0.037636,0.037095,0.038703,0.038803,0.043168,0.066475,0.087708,0.091113,0.070205,0.058859,0.066839,0.067418,0.065137,0.069146",0.7941799163818359
global,16,45,4,3277,819,0.5199605451936873,0.3989717838354854,0.2813845050215208,0.28274673058509736,0.12137897650475166,0.07125485610260432,0.0056164762538447035,0.18052983728582586,0.007340985174557724,"0.634146,0.185366,0.156098,0.024390,0.357843,0.367647,0.259804,0.014706,0.370732,0.365854,0.195122,0.068293,0.009756,0.024390,0.082927,0.882927","0.000000,0.042010,0.041687,0.040358,0.037462,0.037478,0.037737,0.037761,0.038562,0.041713,0.061468,0.088428,0.091139,0.065393,0.061757,0.070250,0.066480,0.064664,0.075654",0.8136105537414551
global,16,45,5,3277,819,0.5312709230033477,0.41242627132153675,0.2975609756097561,0.2886788162724416,0.17211737202681102,0.054361090665924296,0.024058844908597703,0.14808358612529487,0.004919894787183132,"0.642157,0.107843,0.205882,0.044118,0.336585,0.385366,0.243902,0.034146,0.429268,0.307317,0.209756,0.053659,0.034146,0.029268,0.048780,0.887805","0.000000,0.042459,0.039912,0.038312,0.038898,0.038396,0.037566,0.037647,0.039603,0.044887,0.066129,0.089718,0.087945,0.067290,0.057830,0.067273,0.066429,0.067343,0.072364",0.8140294551849365
global,16,46,1,3276,820,0.524390243902439,0.3983739837398374,0.2926829268292683,0.28371324025421063,0.0753090224486803,0.16007456021071778,0.03000988269015526,0.29248351006209367,0.004878048780487809,"0.609756,0.224390,0.121951,0.043902,0.341463,0.409756,0.219512,0.029268,0.395122,0.365854,0.175610,0.063415,0.019512,0.019512,0.058537,0.902439","0.000000,0.043266,0.040928,0.038915,0.037326,0.037444,0.037282,0.038502,0.039780,0.044037,0.061065,0.087788,0.090823,0.075199,0.065227,0.063089,0.065849,0.067962,0.065516",0.7663884162902832
global,16,46,2,3277,819,0.5242467718794834,0.4048780487804878,0.2951219512195122,0.28720123022598487,0.24962654603836879,0.05309001821282684,0.047314790793792735,0.1354432971598361,0.018304638928742234,"0.624390,0.170732,0.160976,0.043902,0.351220,0.356098,0.263415,0.029268,0.370732,0.307317,0.234146,0.087805,0.024510,0.024510,0.068627,0.882353","0.000000,0.043830,0.041453,0.039691,0.037457,0.037176,0.036982,0.037037,0.041146,0.043757,0.060509,0.085952,0.096984,0.075565,0.066901,0.064114,0.061161,0.063669,0.066619",0.8097338676452637
global,16,46,3,3277,819,0.5430117168818747,0.4199505818587597,0.3055356288857006,0.2771320654655229,0.12096911139635741,0.04236052504982244,0.008641562064233837,0.34730047467502717,0.018304638928742234,"0.648780,0.121951,0.200000,0.029268,0.346341,0.341463,0.278049,0.034146,0.367647,0.289216,0.269608,0.073529,0.024390,0.024390,0.039024,0.912195","0.000000,0.041735,0.040551,0.037454,0.036122,0.038217,0.039185,0.038428,0.040349,0.043215,0.063232,0.082543,0.088143,0.077396,0.068753,0.065362,0.063911,0.067990,0.067414",0.7735249996185303
global,16,46,4,3277,819,0.5346126255380201,0.4168818747011,0.3033715925394548,0.2798890053281151,0.04080344422518996,0.03602780299957256,0.10587365501759356,0.17728952237211995,0.01588952654232434,"0.643902,0.146341,0.180488,0.029268,0.352941,0.382353,0.240196,0.024510,0.385366,0.326829,0.224390,0.063415,0.004878,0.034146,0.073171,0.887805","0.000000,0.043966,0.041046,0.038972,0.037849,0.038293,0.038545,0.039168,0.040059,0.041893,0.059596,0.088261,0.090138,0.075020,0.066240,0.065031,0.062097,0.064569,0.069254",0.8377907276153564
global,16,46,5,3277,819,0.5239658058345289,0.4075641638769329,0.2853658536585366,0.28148445132704025,0.11766409940916411,0.047565031259692574,0.018621432952435617,0.31549111760051035,0.025627690100430423,"0.651961,0.137255,0.191176,0.019608,0.336585,0.375610,0.248780,0.039024,0.346341,0.346341,0.195122,0.112195,0.024390,0.029268,0.073171,0.873171","0.000000,0.043647,0.042212,0.038589,0.036584,0.037242,0.037761,0.038107,0.040423,0.041428,0.065269,0.085670,0.089119,0.076405,0.067838,0.063893,0.063315,0.063903,0.068597",0.8738720417022705
global,16,47,1,3276,820,0.5085365853658537,0.3886178861788618,0.2780487804878049,0.28898006460391445,0.14063959367859896,0.002197085522949899,0.03401874603441239,0.24953912512157317,0.007317073170731714,"0.609756,0.170732,0.175610,0.043902,0.351220,0.312195,0.317073,0.019512,0.375610,0.302439,0.243902,0.078049,0.043902,0.024390,0.063415,0.868293","0.000000,0.045705,0.040255,0.040994,0.037968,0.038586,0.038648,0.037730,0.038367,0.040206,0.068138,0.091416,0.089220,0.065158,0.062271,0.069526,0.065975,0.064132,0.065707",0.7546224594116211
global,16,47,2,3277,819,0.5522955523672883,0.4422764227642277,0.3170731707317073,0.29159446410747974,0.13419959565877507,0.0335127397834303,0.06086453100520713,0.3847182153342045,0.028102582496413175,"0.692683,0.200000,0.097561,0.009756,0.360976,0.370732,0.243902,0.024390,0.370732,0.312195,0.263415,0.053659,0.019608,0.058824,0.039216,0.882353","0.000000,0.042134,0.041083,0.040629,0.036881,0.037682,0.038067,0.037102,0.038936,0.042194,0.068380,0.092098,0.088922,0.063635,0.062109,0.070315,0.063969,0.067893,0.067970",0.7646267414093018
global,16,47,3,3277,819,0.5124581539933046,0.38571656304798346,0.2615016738402678,0.29130431000985235,0.10326679919739963,0.08003061870615594,0.0010199441938887486,0.25142352283945624,1.7934002869424148e-05,"0.634146,0.156098,0.190244,0.019512,0.336585,0.307317,0.317073,0.039024,0.382353,0.328431,0.215686,0.073529,0.029268,0.043902,0.034146,0.892683","0.000000,0.045782,0.042199,0.040937,0.036973,0.037742,0.037754,0.037619,0.038322,0.041764,0.065237,0.092793,0.091510,0.062483,0.060925,0.069587,0.067201,0.066250,0.064923",0.7731177806854248
global,16,47,4,3277,819,0.49918699186991866,0.37127371273712734,0.26666666666666666,0.29162566117920713,0.15276783024307033,0.034727237544716724,0.04208603171109803,0.11687543250815158,-0.009750119560019144,"0.580488,0.151220,0.224390,0.043902,0.367647,0.333333,0.250000,0.049020,0.385366,0.351220,0.200000,0.063415,0.019512,0.043902,0.053659,0.882927","0.000000,0.044524,0.042595,0.040248,0.036334,0.037268,0.037438,0.038222,0.038143,0.043191,0.065694,0.091756,0.090984,0.062909,0.060827,0.068614,0.066549,0.067674,0.067030",0.796656608581543
global,16,47,5,3277,819,0.520319225251076,0.4075801052128168,0.2804878048780488,0.292620105719714,0.17875743088684212,0.13117070553747404,0.027468657459343414,0.15501407739173242,-0.0036465805834529075,"0.661765,0.117647,0.181373,0.039216,0.400000,0.326829,0.248780,0.024390,0.336585,0.375610,0.234146,0.053659,0.034146,0.058537,0.048780,0.858537","0.000000,0.044277,0.040946,0.040041,0.037121,0.037949,0.037373,0.037634,0.038146,0.041441,0.067477,0.089747,0.093956,0.062927,0.064710,0.070555,0.064483,0.068297,0.062920",0.8218996524810791
global,16,48,1,3276,820,0.525609756097561,0.41300813008130083,0.2975609756097561,0.27654058755767597,0.10071930207075003,0.13261903409957806,0.06612393310121767,0.31392627155745556,0.017073170731707332,"0.643902,0.146341,0.190244,0.019512,0.336585,0.380488,0.248780,0.034146,0.375610,0.341463,0.214634,0.068293,0.024390,0.048780,0.063415,0.863415","0.000000,0.044129,0.040275,0.038885,0.037987,0.038004,0.038651,0.038724,0.040235,0.041824,0.063028,0.075507,0.096181,0.070069,0.060012,0.068273,0.065299,0.070717,0.072200",0.7669141292572021
global,16,48,2,3277,819,0.5217898134863701,0.4065040650406504,0.3048780487804878,0.2781286100701628,0.13956937088379706,0.08894847366512491,0.027530433011243687,0.21121434202694458,0.014664036346245801,"0.609756,0.190244,0.160976,0.039024,0.390244,0.380488,0.200000,0.029268,0.351220,0.312195,0.229268,0.107317,0.044118,0.034314,0.053922,0.867647","0.000000,0.043654,0.040430,0.039729,0.037264,0.037366,0.037456,0.037916,0.040962,0.042141,0.061954,0.075414,0.098620,0.071969,0.060836,0.066284,0.064046,0.072428,0.071531",0.782135009765625
global,16,48,3,3277,819,0.5160927785748446,0.4035708592380041,0.27364897178383546,0.2786984906487554,0.22320136334264415,0.08443885151044954,0.022903884817107072,0.34151208584781756,-0.0012195121951219523,"0.663415,0.185366,0.126829,0.024390,0.390244,0.351220,0.219512,0.039024,0.387255,0.303922,0.196078,0.112745,0.053659,0.039024,0.053659,0.853659","0.000000,0.043983,0.041232,0.038076,0.037877,0.038095,0.039132,0.038159,0.039589,0.042376,0.066095,0.072670,0.097558,0.072679,0.062577,0.062537,0.066244,0.071675,0.069446",0.807976484298706
global,16,48,4,3277,819,0.5346425155428025,0.42830384186194803,0.2912362505978001,0.2795692487378663,0.28667550540118175,0.007646291764971528,0.03173860724799959,0.17027293231820181,0.018358440937350617,"0.702439,0.126829,0.131707,0.039024,0.387255,0.406863,0.171569,0.034314,0.390244,0.341463,0.175610,0.092683,0.009756,0.058537,0.078049,0.853659","0.000000,0.043097,0.041930,0.039691,0.038696,0.038424,0.038516,0.037267,0.039453,0.042457,0.064403,0.077000,0.095710,0.073839,0.061492,0.062795,0.064863,0.071448,0.068918",0.8165035247802734
global,16,48,5,3277,819,0.4958692013390722,0.36197194324884424,0.23658536585365852,0.2772836795096625,0.06239578152825742,0.001177605851548329,0.21946320678506864,0.14833289742300979,-0.00854256336681014,"0.612745,0.132353,0.215686,0.039216,0.400000,0.287805,0.278049,0.034146,0.360976,0.346341,0.185366,0.107317,0.014634,0.024390,0.063415,0.897561","0.000000,0.044279,0.039808,0.038932,0.037511,0.036893,0.037950,0.038519,0.039161,0.042891,0.063900,0.073881,0.096611,0.072518,0.063415,0.062994,0.065760,0.073796,0.071180",0.791391134262085
global,16,49,1,3276,820,0.5134146341463415,0.39999999999999997,0.2658536585365854,0.28001474987573105,0.1894344343892043,0.03572786308744982,0.09519241725172818,0.21675925418450728,0.007317073170731714,"0.668293,0.156098,0.136585,0.039024,0.375610,0.312195,0.282927,0.029268,0.326829,0.375610,0.219512,0.078049,0.029268,0.043902,0.073171,0.853659","0.000000,0.045455,0.042185,0.040208,0.038065,0.038364,0.038091,0.038272,0.039256,0.040615,0.062455,0.090315,0.086630,0.066256,0.066631,0.063478,0.068374,0.068882,0.066467",0.8785066604614258
global,16,49,2,3277,819,0.5242706838833094,0.3983739837398374,0.2853658536585366,0.28637878245707726,0.1622498207305978,0.028074985082283344,0.08147220595850568,0.0775789271622785,5.978000956474716e-06,"0.624390,0.146341,0.200000,0.029268,0.317073,0.331707,0.297561,0.053659,0.360976,0.307317,0.239024,0.092683,0.024510,0.034314,0.039216,0.901961","0.000000,0.044161,0.042638,0.039185,0.036852,0.038013,0.037672,0.038167,0.038357,0.041831,0.065502,0.090817,0.088228,0.064218,0.065895,0.061064,0.067923,0.071339,0.068137",0.7774367332458496
global,16,49,3,3277,819,0.5234098517455763,0.40031882671767893,0.2687709230033477,0.275941350878979,0.17807285413390994,0.07801986317316337,0.0012417635348968704,0.12866851643741364,0.0023792443806791574,"0.663415,0.146341,0.141463,0.048780,0.346341,0.341463,0.258537,0.053659,0.372549,0.308824,0.196078,0.122549,0.034146,0.024390,0.048780,0.892683","0.000000,0.044095,0.040939,0.040312,0.037568,0.038200,0.038523,0.039710,0.038745,0.040980,0.059782,0.088824,0.086356,0.069364,0.067858,0.060555,0.066955,0.071499,0.069734",0.7779772281646729
global,16,49,4,3277,819,0.5273194643711143,0.4152877411127052,0.30341941654710664,0.27343781430072245,0.17062954345131162,0.021520792498686932,0.052838862669427354,0.23870080974244062,0.014681970349115336,"0.639024,0.141463,0.180488,0.039024,0.313725,0.401961,0.235294,0.049020,0.419512,0.292683,0.204878,0.082927,0.024390,0.039024,0.073171,0.863415","0.000000,0.042288,0.041503,0.039440,0.037687,0.038386,0.039085,0.038655,0.038559,0.041677,0.062238,0.081798,0.087725,0.075135,0.068215,0.063862,0.067451,0.069599,0.066698",0.7957937717437744
global,16,49,5,3277,819,0.4896819703491152,0.37160848079069025,0.2878048780487805,0.2721356989629321,0.14578066923251362,0.026674278676877255,0.03788399129055772,0.34931200405045304,-0.009774031563845154,"0.539216,0.171569,0.254902,0.034314,0.336585,0.390244,0.248780,0.024390,0.414634,0.346341,0.185366,0.053659,0.029268,0.058537,0.068293,0.843902","0.000000,0.045125,0.042738,0.039092,0.037704,0.038382,0.038216,0.038779,0.038828,0.040189,0.060244,0.086072,0.085631,0.071114,0.067323,0.065545,0.068293,0.071644,0.065082",0.8063037395477295
global,16,50,1,3276,820,0.5060975609756098,0.3707317073170732,0.24878048780487805,0.27268285361968625,0.20199084677219228,0.0729556790531886,0.063965824776411,0.12949784839600598,-0.0024390243902439046,"0.614634,0.146341,0.175610,0.063415,0.463415,0.278049,0.219512,0.039024,0.414634,0.287805,0.219512,0.078049,0.014634,0.034146,0.039024,0.912195","0.000000,0.044191,0.041816,0.041390,0.037156,0.037473,0.037395,0.037223,0.038861,0.041705,0.059867,0.079107,0.092004,0.064228,0.067421,0.058799,0.072568,0.074176,0.074621",0.818645715713501
global,16,50,2,3277,819,0.5230153036824485,0.4065040650406504,0.2682926829268293,0.28577842711554907,0.09350807086249535,0.05253913945360665,0.07394874177700113,0.24487742373986018,0.002468914395026278,"0.682927,0.175610,0.117073,0.024390,0.326829,0.356098,0.268293,0.048780,0.395122,0.356098,0.180488,0.068293,0.024510,0.053922,0.049020,0.872549","0.000000,0.041556,0.039635,0.040197,0.037796,0.038253,0.038013,0.037529,0.039834,0.043264,0.063382,0.085035,0.094098,0.060150,0.064485,0.062686,0.069409,0.075586,0.069092",0.7817306518554688
global,16,50,3,3277,819,0.528323768531803,0.411748764546469,0.28835485413677664,0.2785101067628774,0.12096911176959008,0.10344812300306588,0.05167126145933356,0.35231292937322917,-0.013468436154949748,"0.658537,0.175610,0.160976,0.004878,0.346341,0.351220,0.248780,0.053659,0.343137,0.357843,0.225490,0.073529,0.029268,0.043902,0.048780,0.878049","0.000000,0.042655,0.040407,0.040886,0.037662,0.036597,0.038630,0.038504,0.039594,0.041052,0.060035,0.084185,0.093238,0.064532,0.064564,0.062281,0.071268,0.071783,0.072126",0.7842400074005127
global,16,50,4,3277,819,0.5186692969870875,0.3956241032998566,0.2836800573888092,0.27796408446394466,0.193262402500572,0.0982008181345126,0.09252379040694719,0.23896788090745558,0.014622190339550478,"0.619512,0.165854,0.180488,0.034146,0.357843,0.308824,0.269608,0.063725,0.321951,0.341463,0.258537,0.078049,0.009756,0.053659,0.048780,0.887805","0.000000,0.043620,0.040427,0.042399,0.038340,0.037338,0.037241,0.037752,0.039514,0.043029,0.062144,0.081138,0.091654,0.062884,0.067827,0.061197,0.070355,0.070401,0.072740",0.7571136951446533
global,16,50,5,3277,819,0.5250478240076518,0.4025027897337797,0.3341463414634146,0.2830827960804889,0.2300175652661818,0.16858594311966826,0.004284229832212338,0.19978806406839145,-0.007364897178383623,"0.539216,0.196078,0.240196,0.024510,0.278049,0.424390,0.248780,0.048780,0.360976,0.326829,0.243902,0.068293,0.034146,0.019512,0.053659,0.892683","0.000000,0.042045,0.040212,0.041166,0.037230,0.038364,0.037425,0.039556,0.038916,0.043440,0.064187,0.082048,0.093408,0.060709,0.066289,0.063793,0.070885,0.073374,0.066953",0.8787693977355957
global,16,51,1,3276,820,0.5073170731707317,0.38048780487804873,0.2634146341463415,0.2681794839131455,0.15685040112845114,0.01669034157475275,0.0597602104829458,0.31738604732935705,0.007317073170731714,"0.614634,0.234146,0.126829,0.024390,0.356098,0.351220,0.258537,0.034146,0.346341,0.395122,0.175610,0.082927,0.024390,0.043902,0.043902,0.887805","0.000000,0.043836,0.039844,0.038643,0.036910,0.035908,0.038475,0.037811,0.040640,0.041112,0.058740,0.085896,0.082432,0.075886,0.065064,0.070145,0.064807,0.072414,0.071437",0.8358187675476074
global,16,51,2,3277,819,0.523021281683405,0.4048780487804878,0.2902439024390244,0.27262428037774133,0.1957187019100952,0.07818208114519205,0.008120484333159426,0.11508522005904998,-0.004836202773792486,"0.634146,0.151220,0.170732,0.043902,0.336585,0.336585,0.302439,0.024390,0.429268,0.243902,0.243902,0.082927,0.029412,0.049020,0.044118,0.877451","0.000000,0.041767,0.040736,0.039306,0.037686,0.036861,0.037405,0.040156,0.040868,0.040579,0.059002,0.086065,0.086979,0.077782,0.061997,0.069661,0.065246,0.069418,0.068487",0.8732361793518066
global,16,51,3,3277,819,0.5210126733620277,0.38899250757213455,0.278610712577714,0.2680038299272582,0.17972299962966562,0.009390878863522387,0.08547033058976045,0.328135787855937,0.01587757054041128,"0.609756,0.136585,0.219512,0.034146,0.395122,0.326829,0.258537,0.019512,0.406863,0.269608,0.230392,0.093137,0.014634,0.029268,0.039024,0.917073","0.000000,0.043063,0.039771,0.039320,0.039157,0.036641,0.038094,0.038054,0.041353,0.040928,0.058784,0.084518,0.083774,0.079429,0.061212,0.067618,0.065614,0.070282,0.072389",0.7789249420166016
global,16,51,4,3277,819,0.5236011477761836,0.4119560019129603,0.27890961262553804,0.2772280918063981,0.22404905670000833,0.032253800650204265,0.16657239314944708,0.24818541299396096,-0.014610234337637529,"0.678049,0.117073,0.170732,0.034146,0.357843,0.352941,0.259804,0.029412,0.395122,0.312195,0.204878,0.087805,0.014634,0.043902,0.082927,0.858537","0.000000,0.042889,0.040654,0.039262,0.037592,0.037115,0.038444,0.038543,0.039968,0.041649,0.062732,0.087575,0.085272,0.074976,0.061481,0.064605,0.066373,0.068180,0.072689",0.7697389125823975
global,16,51,5,3277,819,0.5398553323768532,0.4320022317870238,0.3073170731707317,0.2711955835161427,0.10177082434357736,0.04328906789508572,0.08353854181369677,0.2410856976497129,0.014664036346245912,"0.681373,0.132353,0.156863,0.029412,0.351220,0.400000,0.219512,0.029268,0.380488,0.317073,0.214634,0.087805,0.024390,0.039024,0.073171,0.863415","0.000000,0.044042,0.042082,0.037606,0.038682,0.035903,0.037606,0.037203,0.039955,0.040979,0.063273,0.087729,0.079215,0.081197,0.061571,0.065629,0.066658,0.069499,0.071171",0.7877800464630127
global,32,42,1,1638,410,0.6125071387778411,0.5127546164096706,0.356510565391205,0.34438781608272384,0.20316774019282266,0.024335517301271762,0.032830455185326866,0.09747116078886267,0.00975632971635243,"0.825243,0.048544,0.106796,0.019417,0.196078,0.441176,0.333333,0.029412,0.271845,0.417476,0.271845,0.038835,0.029412,0.029412,0.029412,0.911765","0.000000,0.045127,0.040256,0.036294,0.033237,0.033354,0.034339,0.033293,0.037376,0.051187,0.074135,0.103076,0.115990,0.058788,0.053379,0.053710,0.056898,0.068665,0.070897",0.6304981708526611
global,32,42,2,1638,410,0.5915905197030269,0.4942889777270132,0.36764705882352944,0.34613535027745757,0.31373144390500146,0.007899428717825044,0.01422905939562657,0.2138897782592589,0.007233961545783374,"0.747573,0.126214,0.077670,0.048544,0.215686,0.500000,0.284314,0.000000,0.382353,0.352941,0.235294,0.029412,0.029126,0.048544,0.038835,0.883495","0.000000,0.041719,0.040962,0.034954,0.032604,0.035224,0.032432,0.032282,0.037443,0.051697,0.078463,0.103830,0.112146,0.057393,0.057299,0.054109,0.056766,0.067416,0.073260",0.6187756061553955
global,32,42,3,1638,410,0.591971254521226,0.47537914842312334,0.38953931086997906,0.3391017883226791,0.19104483648417606,0.0847655767850698,0.07087636336222293,0.20477829703474015,-0.012183514182371957,"0.647059,0.117647,0.205882,0.029412,0.223301,0.533981,0.203883,0.038835,0.245098,0.450980,0.245098,0.058824,0.009709,0.009709,0.038835,0.941748","0.000000,0.043531,0.041645,0.035214,0.032519,0.034325,0.033044,0.034509,0.037799,0.052693,0.073873,0.099891,0.112644,0.059610,0.056972,0.055913,0.058076,0.064593,0.073148",0.6244504451751709
global,32,42,4,1639,409,0.6335189415572055,0.540770353448823,0.37488102036931276,0.3440806854868261,0.10568485343584325,0.08878560273859956,0.1260740128176626,0.26558324938716427,0.014801066057490986,"0.872549,0.058824,0.068627,0.000000,0.233010,0.524272,0.223301,0.019417,0.382353,0.294118,0.225490,0.098039,0.029412,0.019608,0.039216,0.911765","0.000000,0.042328,0.042151,0.035128,0.032311,0.036040,0.032162,0.032353,0.037077,0.051311,0.078634,0.102299,0.111837,0.055684,0.057666,0.055462,0.061866,0.065116,0.070574",0.6282021999359131
global,32,42,5,1639,409,0.6072244431753284,0.4959071007043594,0.3566057490957548,0.34170472010956887,0.42103251138080167,0.04774730651855167,0.12289644968906839,0.4575940772057166,0.01953645535884263,"0.774510,0.127451,0.078431,0.019608,0.313725,0.460784,0.215686,0.009804,0.466019,0.242718,0.252427,0.038835,0.009804,0.029412,0.019608,0.941176","0.000000,0.043086,0.042945,0.036656,0.032465,0.035685,0.035353,0.033459,0.036766,0.054444,0.075997,0.096901,0.114364,0.056583,0.055950,0.053629,0.056290,0.067758,0.071670",0.620159387588501
global,32,43,1,1638,410,0.5833333333333333,0.46732026143790845,0.29806777079763946,0.3427334472332443,0.07702330346019429,0.06555554363128173,0.045031702782231016,0.12594434479254418,-0.009518370454978164,"0.805825,0.067961,0.116505,0.009709,0.343137,0.401961,0.245098,0.009804,0.359223,0.407767,0.194175,0.038835,0.029412,0.009804,0.029412,0.931373","0.000000,0.043034,0.037812,0.036512,0.033960,0.032945,0.031425,0.032990,0.035365,0.045623,0.072720,0.119554,0.104837,0.061814,0.058663,0.055197,0.060965,0.060256,0.076328",0.6506788730621338
global,32,43,2,1638,410,0.5574433656957929,0.44228694714131606,0.33333333333333337,0.3397948043045178,0.13957802753309592,0.13748580339788402,0.016549331835649796,0.30425891312314135,0.007376737102608,"0.660194,0.165049,0.155340,0.019417,0.205882,0.450980,0.323529,0.019608,0.254902,0.470588,0.215686,0.058824,0.019417,0.029126,0.048544,0.902913","0.000000,0.041451,0.038722,0.035154,0.030890,0.037111,0.033474,0.035672,0.035693,0.043123,0.075815,0.122877,0.097981,0.061167,0.058194,0.056678,0.057978,0.066206,0.071815",0.6655440330505371
global,32,43,3,1638,410,0.5947791738054445,0.4758867948473888,0.32657529031029886,0.3451452568340087,0.1951579542821866,0.1258912760243412,0.07530375205970995,0.257571875670478,0.014515514943841623,"0.774510,0.098039,0.088235,0.039216,0.242718,0.378641,0.349515,0.029126,0.264706,0.441176,0.274510,0.019608,0.000000,0.009709,0.038835,0.951456","0.000000,0.042283,0.040379,0.037512,0.033983,0.034085,0.032182,0.033427,0.034636,0.047168,0.073640,0.117733,0.106604,0.062011,0.054798,0.055209,0.055506,0.063345,0.075500",0.65812087059021
global,32,43,4,1639,409,0.5579668760708167,0.4465702138460563,0.2973063011612412,0.34885922651781387,0.1090233159439458,0.15471930638569428,0.15004133200757863,0.21090518702533564,0.0025461640967067156,"0.745098,0.058824,0.176471,0.019608,0.233010,0.349515,0.388350,0.029126,0.362745,0.372549,0.245098,0.019608,0.039216,0.019608,0.049020,0.892157","0.000000,0.041176,0.037932,0.035391,0.032299,0.034943,0.031904,0.035421,0.035759,0.047534,0.075830,0.122567,0.102928,0.061063,0.055480,0.054016,0.059442,0.061084,0.075231",0.6229965686798096
global,32,43,5,1639,409,0.6048448505615838,0.4927343105527,0.34694460308395203,0.3520111867961804,0.03405254877083403,0.03586719642913969,0.14060639790269053,0.13736634854530383,-0.017275842375785277,"0.784314,0.117647,0.088235,0.009804,0.196078,0.470588,0.294118,0.039216,0.281553,0.446602,0.223301,0.048544,0.029412,0.000000,0.029412,0.941176","0.000000,0.044716,0.038604,0.035033,0.033977,0.034172,0.032546,0.036174,0.035700,0.047437,0.077519,0.124465,0.102590,0.059778,0.057515,0.052051,0.056345,0.060083,0.071295",0.6681485176086426
global,32,44,1,1638,410,0.5954692556634303,0.4867694650675804,0.33209594517418617,0.3407997312277831,0.07927908221053974,0.16121431244978832,0.19401343599068516,0.11870649184125842,0.014610698648391374,"0.796117,0.048544,0.135922,0.019417,0.264706,0.411765,0.303922,0.019608,0.368932,0.368932,0.252427,0.009709,0.029412,0.009804,0.039216,0.921569","0.000000,0.041403,0.035119,0.037466,0.035929,0.034150,0.033469,0.035685,0.038688,0.046926,0.084276,0.112704,0.096894,0.063867,0.054435,0.060104,0.056335,0.059749,0.072800",0.6162378787994385
global,32,44,2,1638,410,0.5694841043213401,0.45834126530871244,0.3137254901960784,0.33715850102132033,0.3273236839910022,0.02493502806862542,0.01331585807422653,0.1707166151012954,0.012231106034646722,"0.747573,0.155340,0.077670,0.019417,0.196078,0.441176,0.352941,0.009804,0.274510,0.500000,0.186275,0.039216,0.029126,0.029126,0.038835,0.902913","0.000000,0.040644,0.038140,0.036596,0.035601,0.036705,0.033978,0.033585,0.036733,0.044675,0.089485,0.110746,0.092252,0.068673,0.054580,0.056580,0.055233,0.061459,0.074335",0.6256387233734131
global,32,44,3,1638,410,0.5777412906910337,0.46287835522558546,0.3217685132305349,0.34186513830035015,0.34257856965773786,0.24478675259316598,0.0212127842224327,0.25945088821679857,0.0072577574719208116,"0.745098,0.107843,0.137255,0.009804,0.252427,0.359223,0.339806,0.048544,0.343137,0.313725,0.284314,0.058824,0.019417,0.019417,0.038835,0.922330","0.000000,0.038538,0.036913,0.036830,0.035534,0.033898,0.034686,0.036406,0.035956,0.046994,0.090840,0.109307,0.094725,0.066355,0.050845,0.056708,0.053611,0.061434,0.080421",0.6360704898834229
global,32,44,4,1639,409,0.6114363221016562,0.5211307824100514,0.40424519322292024,0.34443643582107225,0.317335894757712,0.00905754077069086,0.09720391974104627,0.19918030764269434,0.014634494574528811,"0.754902,0.078431,0.127451,0.039216,0.213592,0.533981,0.223301,0.029126,0.274510,0.382353,0.274510,0.068627,0.009804,0.029412,0.078431,0.882353","0.000000,0.041841,0.038860,0.037837,0.035652,0.036482,0.035072,0.034094,0.037327,0.046886,0.088583,0.112497,0.096471,0.063916,0.052853,0.054091,0.054256,0.057599,0.075683",0.618304967880249
global,32,44,5,1639,409,0.621906529602132,0.5122152420838885,0.390871882733676,0.33840206997355243,0.35696548361567604,0.13029494173563588,0.18427109393751845,0.29273366248112287,0.0392394822006471,"0.754902,0.117647,0.107843,0.019608,0.264706,0.519608,0.215686,0.000000,0.349515,0.310680,0.262136,0.077670,0.019608,0.019608,0.009804,0.950980","0.000000,0.042996,0.039635,0.035084,0.034604,0.033472,0.034189,0.034240,0.038398,0.044941,0.087572,0.109940,0.095949,0.066418,0.052526,0.054979,0.057569,0.067559,0.069930",0.6540119647979736
global,32,45,1,1638,410,0.6006567675613934,0.4838822260295704,0.3860175138016372,0.3470910829164277,0.27322381933873086,0.12369545190583958,0.12948119267014044,0.10766266361648337,-0.002379592613744541,"0.679612,0.135922,0.165049,0.019417,0.225490,0.519608,0.235294,0.019608,0.242718,0.446602,0.252427,0.058252,0.009804,0.019608,0.019608,0.950980","0.000000,0.043847,0.045111,0.034853,0.033342,0.033080,0.033132,0.034315,0.035778,0.047270,0.088751,0.120212,0.090858,0.058334,0.053209,0.056175,0.061494,0.061479,0.068759",0.6349608898162842
global,32,45,2,1638,410,0.5817628022082619,0.47147661653658224,0.3431372549019608,0.34943167496276206,0.29446222475123657,0.1112913515052659,0.019238605858393227,0.18524094614040035,-0.0024747763182944027,"0.728155,0.097087,0.116505,0.058252,0.215686,0.470588,0.313725,0.000000,0.352941,0.372549,0.215686,0.058824,0.019417,0.009709,0.058252,0.912621","0.000000,0.043678,0.044039,0.036162,0.034167,0.033204,0.032581,0.034284,0.035706,0.048611,0.094715,0.114569,0.091537,0.061808,0.055137,0.059327,0.052237,0.058855,0.069383",0.614936113357544
global,32,45,3,1638,410,0.5751475347420523,0.4626562599149693,0.32633733104892443,0.35624265508565384,0.2946225631960553,0.15960102885274977,0.05256436480404733,0.12277629734474588,0.007210165619646047,"0.735294,0.088235,0.147059,0.029412,0.281553,0.427184,0.281553,0.009709,0.382353,0.352941,0.225490,0.039216,0.019417,0.038835,0.029126,0.912621","0.000000,0.041939,0.044773,0.036274,0.034060,0.031984,0.033284,0.034840,0.035036,0.049456,0.092864,0.116859,0.097064,0.063141,0.052578,0.055073,0.058835,0.056788,0.065152",0.6166069507598877
global,32,45,4,1639,409,0.560441652389111,0.449869915603782,0.29245193222920235,0.35688199830858774,0.3322686456416156,0.034620571149508686,0.19181542413857575,0.21665329288669208,-0.017061679040548228,"0.764706,0.078431,0.117647,0.039216,0.271845,0.339806,0.349515,0.038835,0.343137,0.352941,0.245098,0.058824,0.000000,0.029412,0.078431,0.892157","0.000000,0.045138,0.040986,0.037036,0.033286,0.034197,0.033162,0.035256,0.036113,0.049949,0.093624,0.122611,0.090698,0.061457,0.051378,0.052847,0.054651,0.062514,0.065097",0.6382699012756348
global,32,45,5,1639,409,0.6120550161812298,0.49581191699980964,0.35646297353893014,0.356594883424217,0.316415332030871,0.008913759515302261,0.05981603219282101,0.2737390031761278,0.009851513420902402,"0.774510,0.117647,0.088235,0.019608,0.254902,0.431373,0.274510,0.039216,0.203883,0.485437,0.281553,0.029126,0.019608,0.009804,0.009804,0.960784","0.000000,0.040923,0.041694,0.035884,0.033370,0.031374,0.033345,0.033805,0.037139,0.049724,0.089277,0.123553,0.094042,0.063304,0.051051,0.054345,0.055286,0.059114,0.072771",0.6189594268798828
global,32,46,1,1638,410,0.5904245193222921,0.4767751760898535,0.31225014277555685,0.3459727647049081,0.20744264085291392,0.06081813216180668,0.013277579316485362,0.5296471632062862,0.002522368170569278,"0.805825,0.029126,0.155340,0.009709,0.362745,0.323529,0.294118,0.019608,0.242718,0.339806,0.300971,0.116505,0.000000,0.039216,0.029412,0.931373","0.000000,0.043279,0.040041,0.036239,0.034156,0.031599,0.035214,0.034561,0.035002,0.044806,0.086254,0.104285,0.110628,0.066712,0.055664,0.050078,0.053067,0.065570,0.072846",0.6312456130981445
global,32,46,2,1638,410,0.5793118218161051,0.47791738054445077,0.3382352941176471,0.3483887089443985,0.3773125685580731,0.07934973058110546,0.020358897184428904,0.37992914835713004,0.014610698648391374,"0.757282,0.135922,0.067961,0.038835,0.284314,0.441176,0.235294,0.039216,0.382353,0.284314,0.235294,0.098039,0.038835,0.009709,0.067961,0.883495","0.000000,0.040882,0.038733,0.036151,0.033333,0.032891,0.033701,0.034056,0.037540,0.047348,0.081477,0.114880,0.104684,0.070690,0.052995,0.052276,0.054443,0.060637,0.073282",0.6380915641784668
global,32,46,3,1638,410,0.6190034266133638,0.5178945364553589,0.38958690272225394,0.3379276178198305,0.21066241530466187,0.06144195221038425,0.12156935588346275,0.0029053264078901593,-0.014658290500666249,"0.774510,0.088235,0.117647,0.019608,0.184466,0.524272,0.281553,0.009709,0.323529,0.392157,0.254902,0.029412,0.038835,0.009709,0.029126,0.922330","0.000000,0.043229,0.041295,0.036565,0.035285,0.033942,0.034365,0.036191,0.035601,0.046739,0.086237,0.101474,0.103478,0.069545,0.056248,0.053077,0.054588,0.061733,0.070407",0.6471586227416992
global,32,46,4,1639,409,0.5650580620597754,0.44295323307316464,0.3409004378450409,0.34094294200676656,0.21612907012340918,0.07951281039205337,0.07291131287049554,0.16652149169640312,0.004830573005901395,"0.647059,0.117647,0.196078,0.039216,0.165049,0.456311,0.368932,0.009709,0.323529,0.392157,0.225490,0.058824,0.029412,0.029412,0.009804,0.931373","0.000000,0.043268,0.039930,0.034890,0.034776,0.032324,0.033419,0.037227,0.036137,0.045207,0.084590,0.104988,0.106158,0.067924,0.055573,0.054680,0.056222,0.062175,0.070512",0.624755859375
global,32,46,5,1639,409,0.5950409289929564,0.4829303889840726,0.3420426422996383,0.34552832961095026,0.04894783776048825,0.04235160716280115,0.12533248873691769,0.18707286771661316,0.017061679040548228,"0.764706,0.088235,0.137255,0.009804,0.294118,0.460784,0.225490,0.019608,0.310680,0.388350,0.223301,0.077670,0.009804,0.049020,0.009804,0.931373","0.000000,0.043375,0.038327,0.035317,0.034172,0.033587,0.033919,0.033908,0.034590,0.047325,0.081804,0.108210,0.108189,0.067736,0.054417,0.054319,0.056113,0.062058,0.072636",0.613438606262207
global,32,47,1,1638,410,0.5761231677136874,0.464242654990799,0.3371406815153246,0.3512739430008264,0.19585947900508555,0.23367049519672564,0.17377554978379903,0.16481733359860085,0.007471920807157861,"0.718447,0.097087,0.165049,0.019417,0.274510,0.450980,0.274510,0.000000,0.339806,0.359223,0.223301,0.077670,0.000000,0.039216,0.049020,0.911765","0.000000,0.039800,0.043305,0.034070,0.033276,0.034164,0.032155,0.032351,0.035873,0.047409,0.083923,0.113432,0.106510,0.059159,0.056889,0.055968,0.064911,0.057560,0.069244",0.6323513984680176
global,32,47,2,1638,410,0.6014420331239292,0.5041880830001904,0.3970588235294118,0.3534770699904724,0.27137539842361014,0.02772555629279556,0.1590963698930575,0.2839058604985249,0.007376737102608,"0.718447,0.097087,0.155340,0.029126,0.274510,0.470588,0.254902,0.000000,0.284314,0.362745,0.323529,0.029412,0.019417,0.048544,0.038835,0.893204","0.000000,0.040976,0.039195,0.038437,0.035304,0.034211,0.033318,0.034324,0.034282,0.049065,0.093062,0.119108,0.092243,0.056467,0.051628,0.054478,0.059240,0.059633,0.075030",0.6284539699554443
global,32,47,3,1638,410,0.6216923662668952,0.5214797893267339,0.3802588996763754,0.3540286706413679,0.28081341543594107,0.14071180963129937,0.036903813934364434,0.03930752459779595,0.02191604797258717,"0.803922,0.088235,0.088235,0.019608,0.252427,0.427184,0.310680,0.009709,0.303922,0.313725,0.333333,0.049020,0.009709,0.029126,0.038835,0.922330","0.000000,0.044133,0.041501,0.037828,0.032950,0.033301,0.033411,0.032813,0.034916,0.048444,0.085668,0.118100,0.101816,0.057761,0.052446,0.057346,0.059807,0.055945,0.071813",0.6209471225738525
global,32,47,4,1639,409,0.6190034266133638,0.5083444380988642,0.3703597944031982,0.3507643201824698,0.4603435264914082,0.014157304824413474,0.15815241241868103,0.30274482300095173,2.379592613743764e-05,"0.784314,0.068627,0.147059,0.000000,0.252427,0.446602,0.262136,0.038835,0.303922,0.372549,0.294118,0.029412,0.000000,0.009804,0.039216,0.950980","0.000000,0.043739,0.044503,0.038743,0.035424,0.035589,0.034267,0.032884,0.035996,0.047359,0.090724,0.112701,0.099980,0.057394,0.048581,0.053939,0.059300,0.059059,0.069817",0.645920991897583
global,32,47,5,1639,409,0.5827146392537597,0.46322736214226784,0.32719398438987246,0.34887986763996176,0.3722791583177472,0.09037919419683736,0.1542679992198349,0.27086161114862656,9.518370454963954e-05,"0.735294,0.098039,0.137255,0.029412,0.196078,0.401961,0.392157,0.009804,0.310680,0.368932,0.252427,0.067961,0.019608,0.000000,0.039216,0.941176","0.000000,0.047698,0.047666,0.036536,0.034630,0.033828,0.032067,0.033071,0.033367,0.048016,0.084066,0.111666,0.105133,0.058930,0.054004,0.053440,0.058309,0.057636,0.069938",0.6223444938659668
global,32,48,1,1638,410,0.5835474966685703,0.46433783869534867,0.33728345707214924,0.3531091028846439,0.3037580271613678,0.030019519629587373,0.08310507516777613,0.3205635151661434,-0.014515514943841623,"0.718447,0.165049,0.087379,0.029126,0.176471,0.480392,0.333333,0.009804,0.339806,0.378641,0.194175,0.087379,0.009804,0.009804,0.039216,0.941176","0.000000,0.042646,0.035410,0.034196,0.034869,0.033043,0.032997,0.035168,0.036833,0.047019,0.080851,0.113449,0.111790,0.062893,0.050351,0.053961,0.058796,0.057025,0.078704",0.6439974308013916
global,32,48,2,1638,410,0.5841661907481439,0.4714448886350657,0.3382352941176471,0.35538546009100713,0.03501164761397394,0.07312498116263726,0.012796200145801611,0.11559938539053921,0.016990291262135915,"0.737864,0.126214,0.106796,0.029126,0.245098,0.431373,0.294118,0.029412,0.294118,0.352941,0.245098,0.107843,0.009709,0.009709,0.058252,0.922330","0.000000,0.042687,0.036029,0.036221,0.036048,0.034255,0.033185,0.032987,0.038730,0.047923,0.079459,0.112110,0.115893,0.059096,0.049724,0.049245,0.059779,0.059752,0.076879",0.6190187931060791
global,32,48,3,1638,410,0.6065343613173424,0.48832413224189347,0.38934894346087945,0.3502446873620393,0.3157909089778885,0.026043823651647945,0.07024949840598153,0.33088821652755573,-0.00997049305158959,"0.686275,0.137255,0.156863,0.019608,0.155340,0.572816,0.262136,0.009709,0.225490,0.519608,0.205882,0.049020,0.009709,0.000000,0.029126,0.961165","0.000000,0.041940,0.037030,0.035358,0.035476,0.033881,0.033558,0.033552,0.035078,0.047499,0.085938,0.108874,0.107933,0.061450,0.049283,0.049315,0.061014,0.065669,0.077153",0.6376731395721436
global,32,48,4,1639,409,0.5944698267656577,0.4985087886287201,0.3458023986293547,0.355740909631872,0.1678130092943058,0.09729325046871255,0.2025921501790567,0.35684060505516374,0.019560251284980068,"0.803922,0.088235,0.088235,0.019608,0.349515,0.456311,0.174757,0.019417,0.333333,0.382353,0.235294,0.049020,0.019608,0.039216,0.058824,0.882353","0.000000,0.044620,0.039072,0.033894,0.033694,0.034063,0.032385,0.033040,0.036688,0.048072,0.088224,0.102539,0.116905,0.060496,0.049299,0.048999,0.057574,0.060883,0.079552",0.6544344425201416
global,32,48,5,1639,409,0.5803826384922901,0.4764578970746875,0.3421378260041881,0.34465893255940505,0.24771304894144058,0.051150440741847235,0.029577766002363236,0.2700923643085848,0.007424328954882875,"0.745098,0.058824,0.166667,0.029412,0.254902,0.480392,0.235294,0.029412,0.398058,0.368932,0.203883,0.029126,0.019608,0.019608,0.068627,0.892157","0.000000,0.044660,0.039044,0.037419,0.036303,0.033620,0.031731,0.033337,0.034415,0.046155,0.076128,0.107855,0.114522,0.061912,0.048834,0.052769,0.057555,0.062776,0.080966",0.6175463199615479
global,32,49,1,1638,410,0.5709356558157244,0.45405799860397233,0.32671806586712354,0.34422199380987517,0.28502547430295144,0.13485460302944977,0.1750850409718887,0.15149436100116423,0.02919760137064531,"0.708738,0.087379,0.165049,0.038835,0.323529,0.303922,0.362745,0.009804,0.378641,0.242718,0.349515,0.029126,0.009804,0.009804,0.058824,0.921569","0.000000,0.041451,0.038408,0.037106,0.035763,0.032665,0.031950,0.036183,0.037251,0.047182,0.070184,0.107303,0.119552,0.062621,0.052959,0.053332,0.059863,0.068191,0.068035",0.6295599937438965
global,32,49,2,1638,410,0.6207405292213973,0.5169744273113777,0.37254901960784315,0.34413491111751476,0.1642482828811293,0.12871833389842494,0.017448190249194858,0.3695334416621747,0.007114981915096075,"0.805825,0.048544,0.135922,0.009709,0.323529,0.450980,0.186275,0.039216,0.274510,0.362745,0.294118,0.068627,0.019417,0.019417,0.029126,0.932039","0.000000,0.041146,0.038445,0.036489,0.035021,0.034556,0.034191,0.035582,0.037111,0.043945,0.075482,0.112557,0.112152,0.065480,0.055197,0.054572,0.054535,0.066124,0.067417",0.6168925762176514
global,32,49,3,1638,410,0.5851180277936417,0.475950250650422,0.34627831715210355,0.3368362999047336,0.28822195773615394,0.11276631521177956,0.06183390006819086,0.1554837975756003,-0.01941747572815533,"0.735294,0.117647,0.137255,0.009804,0.320388,0.359223,0.310680,0.009709,0.274510,0.343137,0.333333,0.049020,0.029126,0.000000,0.058252,0.912621","0.000000,0.042234,0.039406,0.036476,0.034860,0.035238,0.034309,0.035810,0.035458,0.043939,0.078337,0.111375,0.103186,0.065301,0.057284,0.054402,0.056011,0.064422,0.071954",0.6264188289642334
global,32,49,4,1639,409,0.6045592994479345,0.4956215495907101,0.3316676185037122,0.3490486742334743,0.39949513667116365,0.05260551047563464,0.13342770720145694,0.2269050934026071,0.03431372549019607,"0.823529,0.078431,0.049020,0.049020,0.281553,0.339806,0.378641,0.000000,0.313725,0.333333,0.323529,0.029412,0.000000,0.019608,0.049020,0.931373","0.000000,0.041863,0.037379,0.036519,0.034182,0.033380,0.034897,0.035627,0.038191,0.049082,0.072397,0.112097,0.115473,0.063378,0.054955,0.050897,0.055082,0.067732,0.066871",0.6481485366821289
global,32,49,5,1639,409,0.6143632210165619,0.4988895234469192,0.405197030268418,0.34661636315690364,0.3226402819012324,0.25622200730667866,0.02534465255477198,0.05202602573300657,0.014777270131353437,"0.686275,0.127451,0.156863,0.029412,0.235294,0.470588,0.274510,0.019608,0.203883,0.417476,0.339806,0.038835,0.009804,0.000000,0.029412,0.960784","0.000000,0.040166,0.036864,0.037214,0.034426,0.034024,0.033639,0.035090,0.036522,0.046234,0.083851,0.112144,0.104387,0.061714,0.056286,0.056426,0.056152,0.069102,0.065758",0.6275296211242676
global,32,50,1,1638,410,0.5807395773843518,0.4802017894536455,0.3368075385494003,0.3435341372192863,0.1259147199273735,0.1536441046957884,0.1036170118606229,0.20177996782716978,0.004973348562726021,"0.766990,0.087379,0.126214,0.019417,0.294118,0.382353,0.294118,0.029412,0.330097,0.330097,0.291262,0.048544,0.029412,0.029412,0.058824,0.882353","0.000000,0.045383,0.036668,0.038017,0.033296,0.034038,0.032665,0.034109,0.036813,0.043864,0.084738,0.112100,0.102833,0.055661,0.056514,0.055028,0.059150,0.069750,0.069374",0.6220204830169678
global,32,50,2,1638,410,0.601323053493242,0.49108445967383724,0.37254901960784315,0.3484682682622727,0.277197576892562,0.06702258383104046,0.07580334832677903,0.383347117644229,0.007281553398058249,"0.728155,0.116505,0.126214,0.029126,0.284314,0.450980,0.254902,0.009804,0.284314,0.343137,0.294118,0.078431,0.009709,0.009709,0.048544,0.932039","0.000000,0.042617,0.038994,0.040885,0.033001,0.033935,0.031178,0.034325,0.038903,0.047122,0.083706,0.114838,0.102802,0.056971,0.052423,0.054286,0.057244,0.064287,0.072484",0.6058683395385742
global,32,50,3,1638,410,0.611745669141443,0.5049812805381052,0.3898248619836284,0.3442484853960676,0.4134336394155268,0.18169834273629687,0.008706262431651684,0.13787017971459792,0.009708737864077666,"0.735294,0.127451,0.117647,0.019608,0.291262,0.475728,0.233010,0.000000,0.284314,0.313725,0.303922,0.098039,0.009709,0.009709,0.048544,0.932039","0.000000,0.042147,0.036023,0.039029,0.034961,0.034879,0.032503,0.034827,0.039674,0.047705,0.081593,0.110819,0.104132,0.056711,0.054949,0.053509,0.056204,0.066109,0.074227",0.6459343433380127
global,32,50,4,1639,409,0.5823101085094232,0.47249190938511326,0.3263849229011993,0.35013665459865956,0.33893763473995103,0.13498055811901521,0.21456494391569492,0.23785418167221692,0.01965543498952982,"0.764706,0.049020,0.127451,0.058824,0.262136,0.417476,0.291262,0.029126,0.333333,0.392157,0.235294,0.039216,0.000000,0.029412,0.058824,0.911765","0.000000,0.042613,0.038400,0.038723,0.032878,0.036273,0.034052,0.035329,0.036276,0.047554,0.079350,0.115208,0.108024,0.054438,0.052908,0.054560,0.059771,0.066351,0.067292",0.6544601917266846
global,32,50,5,1639,409,0.5827146392537597,0.466495335998477,0.317390062821245,0.34619737955386515,0.26936474090076706,0.12649656261700387,0.0798017867978205,0.073256098398794,0.012326289739196583,"0.764706,0.078431,0.127451,0.029412,0.284314,0.382353,0.303922,0.029412,0.427184,0.281553,0.252427,0.038835,0.019608,0.000000,0.049020,0.931373","0.000000,0.041056,0.036414,0.037926,0.033117,0.032503,0.033102,0.034333,0.037109,0.046318,0.079612,0.115786,0.104482,0.058233,0.056091,0.053414,0.060964,0.068179,0.071364",0.6271264553070068
global,32,51,1,1638,410,0.6028935846183132,0.48686464877213015,0.3516561964591662,0.3448190019371901,0.32046380620606374,0.05444926763635484,0.08426202942562237,0.2799586068459406,0.043998667428136184,"0.757282,0.145631,0.087379,0.009709,0.254902,0.441176,0.303922,0.000000,0.291262,0.417476,0.262136,0.029126,0.019608,0.019608,0.009804,0.950980","0.000000,0.044362,0.039394,0.034661,0.034244,0.035521,0.034511,0.034487,0.035150,0.046295,0.079664,0.114071,0.104788,0.062900,0.052661,0.057607,0.053138,0.063036,0.073512",0.6147048473358154
global,32,51,2,1638,410,0.5744812488102037,0.458531632717812,0.3431372549019608,0.35182705143664555,0.11288345480036877,0.052626948042094675,0.0700578827718116,0.2241922540570038,0.01453931086997906,"0.689320,0.029126,0.213592,0.067961,0.294118,0.470588,0.225490,0.009804,0.343137,0.362745,0.215686,0.078431,0.038835,0.019417,0.019417,0.922330","0.000000,0.040831,0.036224,0.034378,0.034081,0.032424,0.034701,0.035077,0.037795,0.051097,0.081592,0.117718,0.101420,0.063331,0.051405,0.059470,0.052930,0.063385,0.072141",0.6678080558776855
global,32,51,3,1638,410,0.5802398629354655,0.4694460308395203,0.32181610508280983,0.3505115712504123,0.19838739944874684,0.12233755670324688,0.1868932205970059,0.170247240930669,0.01706167904054834,"0.764706,0.088235,0.117647,0.029412,0.291262,0.349515,0.339806,0.019417,0.343137,0.313725,0.294118,0.049020,0.038835,0.019417,0.029126,0.912621","0.000000,0.041478,0.037807,0.034084,0.032899,0.033843,0.033048,0.034426,0.037927,0.051677,0.080133,0.116190,0.102512,0.064902,0.050794,0.057402,0.054206,0.064607,0.072064",0.6508893966674805
global,32,51,4,1639,409,0.6166238339996193,0.5084396218034138,0.37540453074433655,0.3446450008670278,0.29968169501683517,0.024989002745063212,0.18647698752629874,0.23797760047662697,0.00014277555682462584,"0.774510,0.039216,0.156863,0.029412,0.233010,0.417476,0.330097,0.019417,0.352941,0.254902,0.333333,0.058824,0.019608,0.009804,0.029412,0.941176","0.000000,0.042369,0.036873,0.034585,0.034097,0.033860,0.034530,0.034747,0.035376,0.049898,0.077090,0.115168,0.102489,0.064354,0.055670,0.057945,0.056358,0.066476,0.068114",0.6448924541473389
global,32,51,5,1639,409,0.5999190938511327,0.5123104257884384,0.3959166190748144,0.34507852618397794,0.2755479315071455,0.04982581263773983,0.11097932924999009,0.2269981185941449,0.014705882352941235,"0.745098,0.156863,0.098039,0.000000,0.225490,0.558824,0.205882,0.009804,0.281553,0.427184,0.233010,0.058252,0.039216,0.029412,0.068627,0.862745","0.000000,0.040304,0.036313,0.035921,0.034102,0.033617,0.034905,0.034559,0.035741,0.045240,0.081982,0.117356,0.100502,0.065103,0.054675,0.064008,0.054327,0.062285,0.069061",0.6310250759124756
global,64,42,1,819,205,0.6719457013574661,0.5625942684766215,0.38235294117647056,0.39049619635291544,0.2531762255399951,0.01117935894573114,0.08128238914397003,0.09112965268450604,0.014705882352941235,"0.923077,0.038462,0.038462,0.000000,0.156863,0.490196,0.352941,0.000000,0.294118,0.411765,0.274510,0.019608,0.000000,0.000000,0.000000,1.000000","0.000000,0.044904,0.045944,0.032063,0.026344,0.031247,0.029964,0.027072,0.032772,0.056336,0.098548,0.116811,0.118801,0.046902,0.039569,0.045072,0.050969,0.062748,0.093935",0.6004552841186523
global,64,42,2,819,205,0.644419306184012,0.5455002513826043,0.40648567119155354,0.3934828135664885,0.10034926613160834,0.0029749888976617115,0.24109688920673047,0.28131281088405247,-9.426847662141746e-05,"0.823529,0.019608,0.098039,0.058824,0.153846,0.538462,0.307692,0.000000,0.235294,0.411765,0.274510,0.078431,0.000000,0.000000,0.058824,0.941176","0.000000,0.038592,0.040619,0.036058,0.028964,0.031874,0.027694,0.026786,0.032944,0.062381,0.096476,0.123175,0.111450,0.046342,0.039407,0.043170,0.050935,0.065214,0.097919",0.5491344928741455
global,64,42,3,819,205,0.7235105580693816,0.6378833584715937,0.5254524886877828,0.39645524171662594,0.3699553358685238,0.10711590158530594,0.03005791962042372,0.1347567940574211,0.05401583710407232,"0.862745,0.078431,0.058824,0.000000,0.078431,0.647059,0.274510,0.000000,0.192308,0.384615,0.403846,0.019231,0.000000,0.000000,0.019608,0.980392","0.000000,0.040397,0.042843,0.034430,0.027305,0.026858,0.031282,0.025125,0.034693,0.061614,0.092582,0.127798,0.114461,0.048398,0.039997,0.043126,0.050398,0.066408,0.092284",0.5512228012084961
global,64,42,4,819,205,0.7010746606334841,0.6078431372549019,0.5,0.3940392607027131,0.3363003572768244,0.08248225122263038,0.1138901612844703,0.042061301075560206,0.029128959276017996,"0.823529,0.039216,0.078431,0.058824,0.098039,0.588235,0.313725,0.000000,0.196078,0.352941,0.411765,0.039216,0.000000,0.000000,0.019231,0.980769","0.000000,0.044401,0.045722,0.035811,0.027068,0.031967,0.030653,0.029893,0.033800,0.059016,0.089731,0.119740,0.125553,0.043575,0.038134,0.042279,0.045312,0.063384,0.093963",0.5637314319610596
global,64,42,5,820,204,0.7009803921568627,0.6078431372549019,0.45098039215686275,0.38779503073745514,0.340194819838807,0.1361136852160723,0.02285937298777569,0.2509802490615451,0.0,"0.921569,0.000000,0.078431,0.000000,0.117647,0.450980,0.431373,0.000000,0.117647,0.431373,0.450980,0.000000,0.000000,0.019608,0.000000,0.980392","0.000000,0.042939,0.045023,0.041291,0.029897,0.030788,0.029327,0.026432,0.032534,0.062211,0.090016,0.124889,0.110680,0.049685,0.043471,0.045338,0.049925,0.058999,0.086554",0.5842070579528809
global,64,43,1,819,205,0.7016402714932127,0.6152589240824535,0.4901960784313726,0.38626490191528234,0.20771838640499632,0.2661816819401161,0.14197279846691843,0.09913198181860253,0.009898190045248945,"0.865385,0.096154,0.038462,0.000000,0.098039,0.588235,0.313725,0.000000,0.215686,0.392157,0.392157,0.000000,0.000000,0.019608,0.019608,0.960784","0.000000,0.041382,0.037688,0.034847,0.030554,0.033340,0.027447,0.027277,0.030711,0.048571,0.087443,0.124090,0.126160,0.060653,0.038959,0.046726,0.052841,0.062382,0.088929",0.6002016067504883
global,64,43,2,819,205,0.6884426847662142,0.5911261940673705,0.4651206636500754,0.3858124850615049,0.37984002267518474,0.05258709100391571,0.2084440611131995,0.5754875632499404,0.019513574660633526,"0.843137,0.098039,0.058824,0.000000,0.192308,0.557692,0.250000,0.000000,0.156863,0.450980,0.372549,0.019608,0.000000,0.000000,0.019608,0.980392","0.000000,0.034984,0.037741,0.032503,0.028594,0.031371,0.025233,0.026947,0.032672,0.054492,0.080926,0.124052,0.126343,0.061278,0.039583,0.047894,0.059007,0.066741,0.089640",0.5603883266448975
global,64,43,3,819,205,0.6845776772247361,0.5925087983911513,0.43778280542986425,0.38688132254205543,0.1827883216361404,0.2396340363813192,0.025303678428304405,0.37903799619252887,0.02413273001508298,"0.901961,0.039216,0.039216,0.019608,0.196078,0.529412,0.274510,0.000000,0.250000,0.384615,0.346154,0.019231,0.019608,0.000000,0.019608,0.960784","0.000000,0.039412,0.035747,0.031570,0.026654,0.034410,0.027812,0.025165,0.030469,0.057805,0.086287,0.123167,0.119623,0.063174,0.043301,0.045648,0.057253,0.062664,0.089839",0.5755212306976318
global,64,43,4,819,205,0.6717571644042232,0.5751633986928104,0.47058823529411764,0.3950946883534011,0.14842752741568283,0.00035423397771392905,0.032431951562753684,0.4237662558948279,0.024226998491704288,"0.784314,0.098039,0.058824,0.058824,0.098039,0.607843,0.294118,0.000000,0.215686,0.431373,0.333333,0.019608,0.019231,0.000000,0.019231,0.961538","0.000000,0.036483,0.033902,0.037340,0.029387,0.029480,0.027304,0.026288,0.031926,0.053678,0.092530,0.137960,0.110926,0.060728,0.036232,0.045517,0.054349,0.067686,0.088284",0.5635864734649658
global,64,43,5,820,204,0.7401960784313726,0.6666666666666666,0.5196078431372548,0.3875204073610164,0.14956248875114617,0.14232229204028857,0.062470016517576846,0.2560345489161389,0.0,"0.960784,0.019608,0.019608,0.000000,0.058824,0.627451,0.313725,0.000000,0.156863,0.372549,0.411765,0.058824,0.019608,0.000000,0.019608,0.960784","0.000000,0.040045,0.037757,0.034704,0.030320,0.033861,0.027040,0.028413,0.031084,0.052393,0.095274,0.121830,0.118024,0.058070,0.040676,0.044876,0.054068,0.063796,0.087770",0.6025068759918213
global,64,44,1,819,205,0.6820324283559578,0.6021870286576169,0.47058823529411764,0.3818001162522544,0.029382212870199327,0.14365961098019298,0.013398317921196008,0.2831065776976007,0.044117647058823484,"0.865385,0.057692,0.076923,0.000000,0.117647,0.647059,0.235294,0.000000,0.156863,0.549020,0.294118,0.000000,0.039216,0.019608,0.019608,0.921569","0.000000,0.038826,0.034217,0.032938,0.026015,0.033671,0.029814,0.030980,0.034210,0.052891,0.098728,0.126708,0.103473,0.066840,0.036043,0.046066,0.051682,0.069693,0.087205",0.5565872192382812
global,64,44,2,819,205,0.6690233785822022,0.5586978381096028,0.4262820512820513,0.3780207295896351,0.23626415067299508,0.11358376297892586,0.07110147481094738,0.04081525216525534,0.00018853695324283493,"0.823529,0.058824,0.117647,0.000000,0.153846,0.519231,0.326923,0.000000,0.254902,0.392157,0.333333,0.019608,0.000000,0.000000,0.000000,1.000000","0.000000,0.042659,0.033543,0.032880,0.027344,0.035693,0.027360,0.027617,0.031627,0.049140,0.099475,0.124350,0.105056,0.066917,0.038185,0.040242,0.056832,0.069466,0.091614",0.5728254318237305
global,64,44,3,819,205,0.6939102564102564,0.6049522373051784,0.4858597285067873,0.3875150582550756,0.45977476582581506,0.04573858958147216,0.08910996985079575,0.27980248990358353,0.028846153846153855,"0.843137,0.039216,0.098039,0.019608,0.137255,0.529412,0.333333,0.000000,0.153846,0.346154,0.442308,0.057692,0.019608,0.000000,0.019608,0.960784","0.000000,0.038419,0.035860,0.029455,0.027931,0.033521,0.028233,0.026217,0.033983,0.055832,0.108234,0.128321,0.095128,0.058685,0.042442,0.050873,0.056164,0.065527,0.085175",0.5482892990112305
global,64,44,4,819,205,0.7061651583710407,0.6274509803921569,0.4509803921568627,0.3751020065310928,0.14356096917404787,0.011806267043958709,0.13497066535451135,0.2777686520534651,0.01970211161387625,"0.980392,0.000000,0.019608,0.000000,0.137255,0.509804,0.352941,0.000000,0.176471,0.392157,0.392157,0.039216,0.000000,0.000000,0.057692,0.942308","0.000000,0.041753,0.037969,0.036372,0.027566,0.034084,0.029149,0.024985,0.037164,0.056315,0.104182,0.121163,0.093442,0.064113,0.039151,0.044145,0.053279,0.061742,0.093427",0.5678672790527344
global,64,44,5,820,204,0.6715686274509804,0.5816993464052288,0.4509803921568627,0.38904410286434077,0.25059167604671584,0.3013435983424265,0.18270918935576694,0.003356929377712122,-0.004901960784313708,"0.843137,0.058824,0.098039,0.000000,0.058824,0.607843,0.333333,0.000000,0.196078,0.509804,0.294118,0.000000,0.000000,0.000000,0.058824,0.941176","0.000000,0.039550,0.030377,0.033212,0.027522,0.031622,0.027344,0.027576,0.031314,0.053067,0.116300,0.129083,0.090594,0.063167,0.037488,0.043233,0.052853,0.064346,0.101352",0.5954763889312744
global,64,45,1,819,205,0.6188725490196079,0.5179738562091504,0.4019607843137255,0.3972672326161273,0.5677813630785548,0.16976293291005912,0.13956964915991266,0.49260635855597434,-0.009709653092005999,"0.750000,0.057692,0.173077,0.019231,0.196078,0.470588,0.333333,0.000000,0.235294,0.411765,0.333333,0.019608,0.000000,0.000000,0.078431,0.921569","0.000000,0.037752,0.034964,0.035537,0.027685,0.027062,0.027098,0.029418,0.037529,0.054686,0.101340,0.135809,0.105432,0.054949,0.041576,0.043556,0.058611,0.062434,0.084562",0.5532088279724121
global,64,45,2,819,205,0.6544117647058824,0.5457516339869282,0.3970588235294118,0.38562928151040077,0.35720553890813506,0.07680931977622604,0.052935428286642876,0.16032115578367745,0.043740573152337814,"0.843137,0.019608,0.117647,0.019608,0.076923,0.500000,0.384615,0.038462,0.274510,0.431373,0.294118,0.000000,0.000000,0.000000,0.019608,0.980392","0.000000,0.040353,0.039520,0.034581,0.028781,0.027682,0.027393,0.027102,0.041126,0.057304,0.109521,0.128408,0.090396,0.058366,0.041233,0.045912,0.054380,0.066790,0.081152",0.5679922103881836
global,64,45,3,819,205,0.7094645550527903,0.6126194067370537,0.45814479638009054,0.3841374289151691,0.5256496851216012,0.11683015497245912,0.17115563152490848,0.24507908972709244,0.06325414781297123,"0.921569,0.019608,0.058824,0.000000,0.137255,0.647059,0.215686,0.000000,0.230769,0.500000,0.269231,0.000000,0.000000,0.000000,0.000000,1.000000","0.000000,0.040078,0.034723,0.035005,0.029593,0.029222,0.026738,0.028272,0.039364,0.050034,0.105276,0.133000,0.095828,0.059764,0.038827,0.046508,0.052238,0.064892,0.090637",0.6038353443145752
global,64,45,4,819,205,0.6914592760180995,0.6078431372549019,0.45098039215686275,0.39437646354278716,0.408557141977109,0.07208915375852783,0.07409287658382595,0.19828726803875432,0.029223227752639525,"0.921569,0.039216,0.039216,0.000000,0.156863,0.529412,0.313725,0.000000,0.176471,0.450980,0.372549,0.000000,0.019231,0.000000,0.038462,0.942308","0.000000,0.038702,0.038389,0.035964,0.028204,0.026391,0.026611,0.026848,0.036390,0.060852,0.101258,0.133647,0.098619,0.054530,0.039228,0.044930,0.053202,0.064502,0.091731",0.5957298278808594
global,64,45,5,820,204,0.6372549019607843,0.5359477124183006,0.4215686274509804,0.3965697470089977,0.48897105039408906,0.19453243045802981,0.18926014151015788,0.018052883619910674,-0.044117647058823595,"0.764706,0.098039,0.117647,0.019608,0.039216,0.450980,0.509804,0.000000,0.235294,0.313725,0.392157,0.058824,0.000000,0.000000,0.058824,0.941176","0.000000,0.041641,0.035418,0.031117,0.028020,0.027177,0.026629,0.029410,0.035921,0.056260,0.102276,0.141687,0.096347,0.058646,0.039275,0.046970,0.055337,0.064268,0.083602",0.5703744888305664
global,64,46,1,819,205,0.6723227752639518,0.563097033685269,0.4215686274509804,0.3917662935906794,0.21094878667593095,0.19553950175250362,0.13705188597640486,0.38950139177252613,0.019796380090497778,"0.846154,0.038462,0.096154,0.019231,0.117647,0.490196,0.372549,0.019608,0.333333,0.254902,0.352941,0.058824,0.000000,0.000000,0.000000,1.000000","0.000000,0.037831,0.033219,0.028518,0.029838,0.027036,0.027014,0.028545,0.031532,0.050205,0.101969,0.117175,0.122418,0.068742,0.041976,0.045968,0.046947,0.068566,0.092501",0.5681023597717285
global,64,46,2,819,205,0.6737368024132729,0.5715183509301156,0.43570889894419307,0.3951204692792972,0.19140187695395552,0.04230680521129326,0.07982792794907227,0.3946494180873265,0.024321266968325705,"0.843137,0.058824,0.078431,0.019608,0.076923,0.557692,0.346154,0.019231,0.196078,0.450980,0.313725,0.039216,0.000000,0.000000,0.019608,0.980392","0.000000,0.036809,0.029459,0.029779,0.031916,0.029268,0.026616,0.027283,0.031050,0.056149,0.114064,0.106460,0.118448,0.064652,0.041651,0.043404,0.050498,0.067174,0.095320",0.5380816459655762
global,64,46,3,819,205,0.6890082956259427,0.618024132730015,0.47605580693815985,0.3934069456635907,0.2749239103667375,0.20809811848141493,0.13142958477630654,0.04532574024121786,0.014328808446455565,"0.901961,0.000000,0.098039,0.000000,0.137255,0.509804,0.352941,0.000000,0.153846,0.403846,0.442308,0.000000,0.000000,0.019608,0.078431,0.901961","0.000000,0.034753,0.030827,0.031319,0.027884,0.028784,0.026603,0.029080,0.031026,0.045687,0.104479,0.120293,0.122947,0.070531,0.043262,0.045307,0.048726,0.064729,0.093762",0.5804681777954102
global,64,46,4,819,205,0.6765648567119156,0.5751633986928105,0.47058823529411764,0.3837527903905533,0.164534997946076,0.0849233338692188,0.07213106600741968,0.19168814751321767,0.053450226244343924,"0.784314,0.039216,0.156863,0.019608,0.098039,0.529412,0.372549,0.000000,0.117647,0.450980,0.411765,0.019608,0.000000,0.000000,0.019231,0.980769","0.000000,0.042935,0.032507,0.030592,0.029565,0.028904,0.027788,0.028660,0.031637,0.048478,0.097712,0.120743,0.116820,0.063886,0.042715,0.046641,0.051212,0.064284,0.094923",0.5760102272033691
global,64,46,5,820,204,0.7058823529411765,0.607843137254902,0.5098039215686274,0.38270209002598526,0.24863064058985807,0.2663152781611186,0.11133404459425383,0.21547892435201987,0.02450980392156865,"0.803922,0.098039,0.058824,0.039216,0.098039,0.666667,0.235294,0.000000,0.215686,0.392157,0.352941,0.039216,0.000000,0.000000,0.000000,1.000000","0.000000,0.039722,0.033372,0.033497,0.033096,0.027869,0.028264,0.026627,0.031233,0.046802,0.097134,0.118934,0.119832,0.068833,0.040315,0.044868,0.051688,0.067457,0.090457",0.5841069221496582
global,64,47,1,819,205,0.6868401206636501,0.5889894419306184,0.4411764705882353,0.39800038506057916,0.3715891167534312,0.1805139811998139,0.24010832046739108,0.23197732164760926,-0.024415535444947234,"0.884615,0.038462,0.076923,0.000000,0.156863,0.549020,0.294118,0.000000,0.215686,0.411765,0.333333,0.039216,0.000000,0.000000,0.019608,0.980392","0.000000,0.034467,0.032112,0.031355,0.025671,0.028693,0.030291,0.029356,0.033716,0.056667,0.090739,0.127630,0.122965,0.051811,0.042104,0.048709,0.054645,0.066148,0.092921",0.5921449661254883
global,64,47,2,819,205,0.6836349924585219,0.5781799899446958,0.48491704374057315,0.39291835039131967,0.19556907321510683,0.21936884858391079,0.04630466305958323,0.05581016349737667,0.014705882352941235,"0.764706,0.058824,0.176471,0.000000,0.134615,0.538462,0.326923,0.000000,0.156863,0.372549,0.431373,0.039216,0.000000,0.000000,0.000000,1.000000","0.000000,0.035530,0.033563,0.035226,0.026368,0.030094,0.027084,0.029338,0.031915,0.057548,0.093127,0.121459,0.120785,0.049197,0.044795,0.043484,0.061431,0.061317,0.097739",0.5464317798614502
global,64,47,3,819,205,0.6940045248868779,0.6246857717445954,0.4860482654600302,0.3984750246778936,0.46031217411607794,0.09273626486902872,0.039607508801057324,0.26616750574773473,0.004713423831070984,"0.901961,0.078431,0.019608,0.000000,0.215686,0.549020,0.235294,0.000000,0.173077,0.403846,0.423077,0.000000,0.000000,0.039216,0.058824,0.901961","0.000000,0.035493,0.030243,0.035366,0.028417,0.028982,0.028397,0.029551,0.035020,0.060736,0.092391,0.116521,0.128827,0.050186,0.039219,0.047418,0.054833,0.066221,0.092180",0.5756411552429199
global,64,47,4,819,205,0.6670437405731524,0.5816993464052288,0.4215686274509804,0.3876081853308379,0.22418071466199904,0.10400493853325479,0.1380548555883096,0.2619786667515584,-0.005090497737556543,"0.901961,0.019608,0.078431,0.000000,0.137255,0.470588,0.392157,0.000000,0.274510,0.313725,0.372549,0.039216,0.000000,0.000000,0.076923,0.923077","0.000000,0.034516,0.035270,0.040056,0.027177,0.030119,0.027283,0.029421,0.036176,0.059465,0.103405,0.116417,0.108320,0.051564,0.039702,0.049315,0.060019,0.059425,0.092349",0.5780329704284668
global,64,47,5,820,204,0.7107843137254902,0.6274509803921569,0.5098039215686274,0.3986453892826249,0.318582546663616,0.3360140574687206,0.17359206927381374,0.5811265129724829,0.02941176470588236,"0.862745,0.019608,0.117647,0.000000,0.117647,0.450980,0.431373,0.000000,0.098039,0.313725,0.568627,0.019608,0.019608,0.019608,0.000000,0.960784","0.000000,0.034078,0.032302,0.033517,0.029793,0.030617,0.030986,0.028292,0.030734,0.056290,0.086134,0.126342,0.129880,0.049602,0.044615,0.049445,0.051799,0.068221,0.087353",0.5912051200866699
global,64,48,1,819,205,0.6621417797888387,0.5495223730517849,0.3627450980392157,0.38350280388860125,0.36700242845914094,0.007540370998022837,0.15153562623502204,0.18301112270544978,0.0490196078431373,"0.923077,0.019231,0.057692,0.000000,0.117647,0.490196,0.372549,0.019608,0.294118,0.470588,0.235294,0.000000,0.000000,0.000000,0.000000,1.000000","0.000000,0.040925,0.034172,0.032145,0.029688,0.028172,0.026094,0.026168,0.035217,0.047556,0.095690,0.126320,0.113937,0.060419,0.038663,0.046207,0.048285,0.070343,0.099999",0.5533275604248047
global,64,48,2,819,205,0.6592194570135747,0.5586978381096028,0.4262820512820513,0.38105971068303257,0.06927983634855232,0.11099819854562697,0.22768669080929838,0.08652781309915475,0.03374811463046756,"0.823529,0.039216,0.098039,0.039216,0.134615,0.519231,0.326923,0.019231,0.235294,0.431373,0.333333,0.000000,0.000000,0.000000,0.039216,0.960784","0.000000,0.044125,0.034056,0.029464,0.027515,0.030484,0.027887,0.025800,0.034219,0.042769,0.091971,0.126610,0.119709,0.061868,0.045873,0.045607,0.048940,0.072743,0.090359",0.6134259700775146
global,64,48,3,819,205,0.6891968325791855,0.5921317244846657,0.43721719457013575,0.38295865084927616,0.228215762028053,0.03475719655894549,0.05156112761528892,0.342330563706594,0.04873680241327305,"0.901961,0.098039,0.000000,0.000000,0.156863,0.470588,0.372549,0.000000,0.096154,0.480769,0.403846,0.019231,0.000000,0.000000,0.019608,0.980392","0.000000,0.039979,0.033856,0.037200,0.030109,0.026512,0.030643,0.026478,0.030747,0.047436,0.086604,0.131998,0.116920,0.061263,0.043195,0.047122,0.051346,0.068184,0.090408",0.5730993747711182
global,64,48,4,819,205,0.6623303167420814,0.5882352941176471,0.43137254901960786,0.39024466516787165,0.3602634815207406,0.324893584512049,0.11653087298359349,0.37573340760557106,-0.0002828054298642524,"0.901961,0.039216,0.039216,0.019608,0.058824,0.627451,0.294118,0.019608,0.196078,0.490196,0.235294,0.078431,0.000000,0.000000,0.115385,0.884615","0.000000,0.040225,0.033949,0.034069,0.030009,0.028607,0.028452,0.027178,0.034046,0.047222,0.100405,0.123804,0.118813,0.059753,0.041635,0.041693,0.047036,0.067278,0.095826",0.5715537071228027
global,64,48,5,820,204,0.6568627450980393,0.562091503267974,0.4117647058823529,0.3860005357372462,0.13293485043843242,0.036678562658027464,0.21154240802786717,0.2208440708937941,0.014705882352941235,"0.862745,0.039216,0.098039,0.000000,0.215686,0.470588,0.313725,0.000000,0.156863,0.392157,0.352941,0.098039,0.039216,0.000000,0.019608,0.941176","0.000000,0.041214,0.034555,0.031067,0.028207,0.027495,0.028216,0.027447,0.031016,0.047330,0.086707,0.131716,0.120248,0.059405,0.040898,0.045642,0.056171,0.065797,0.096869",0.5936856269836426
global,64,49,1,819,205,0.6822209653092006,0.5828305681246858,0.4607843137254902,0.3872512373476353,0.06283264792759329,0.14388489924773806,0.1368914285399685,0.030314678788997143,-0.009709653092005999,"0.826923,0.057692,0.115385,0.000000,0.176471,0.490196,0.333333,0.000000,0.196078,0.333333,0.431373,0.039216,0.019608,0.000000,0.000000,0.980392","0.000000,0.040230,0.036007,0.033633,0.025769,0.026316,0.024687,0.030570,0.036732,0.053815,0.100068,0.117208,0.116161,0.059383,0.045757,0.040433,0.050072,0.068929,0.094232",0.5888617038726807
global,64,49,2,819,205,0.6644042232277526,0.572146807440925,0.4464555052790347,0.38966359192701155,0.34460797502620505,0.05934853158055615,0.2538120994033009,0.1693873716844033,0.009898190045248834,"0.823529,0.058824,0.117647,0.000000,0.192308,0.461538,0.326923,0.019231,0.196078,0.372549,0.431373,0.000000,0.000000,0.019608,0.039216,0.941176","0.000000,0.038762,0.034013,0.038044,0.024898,0.028924,0.027814,0.028320,0.036605,0.053287,0.097068,0.108981,0.130327,0.058742,0.047783,0.041733,0.051224,0.070173,0.083300",0.5704314708709717
global,64,49,3,819,205,0.727658371040724,0.6564856711915535,0.5337481146304676,0.3959119778373227,0.14860163589303707,0.1687086947495464,0.06891040997287622,0.22001963539695835,0.004901960784313708,"0.901961,0.039216,0.039216,0.019608,0.058824,0.509804,0.431373,0.000000,0.134615,0.307692,0.557692,0.000000,0.000000,0.019608,0.039216,0.941176","0.000000,0.034962,0.033327,0.034227,0.030507,0.028145,0.025250,0.028968,0.037805,0.053156,0.087121,0.125924,0.129711,0.059232,0.043202,0.043345,0.049770,0.067436,0.087913",0.5990817546844482
global,64,49,4,819,205,0.6619532428355958,0.5620915032679737,0.4509803921568627,0.3877531947458811,0.4161588198930692,0.040462628871125894,0.15586347684798899,0.2559428184472097,0.019230769230769273,"0.784314,0.078431,0.098039,0.039216,0.176471,0.509804,0.313725,0.000000,0.098039,0.470588,0.392157,0.039216,0.000000,0.000000,0.038462,0.961538","0.000000,0.037972,0.031524,0.033319,0.033546,0.030772,0.026591,0.028404,0.035525,0.052031,0.095642,0.115977,0.124103,0.061746,0.042777,0.046430,0.050723,0.066909,0.086008",0.5743880271911621
global,64,49,5,820,204,0.6715686274509803,0.5686274509803921,0.4509803921568627,0.38780116402609316,0.45205067415606304,0.23752982576487272,0.020376994810896977,0.03900447336178925,0.009803921568627305,"0.803922,0.078431,0.117647,0.000000,0.117647,0.568627,0.294118,0.019608,0.235294,0.392157,0.333333,0.039216,0.019608,0.000000,0.000000,0.980392","0.000000,0.038374,0.038462,0.033506,0.031611,0.028794,0.024655,0.028482,0.035744,0.054491,0.087724,0.122752,0.122835,0.059224,0.043182,0.045213,0.049129,0.069176,0.086649",0.5463142395019531
global,64,50,1,819,205,0.6432880844645551,0.5635997988939166,0.4607843137254902,0.3900785624399406,0.48960359056977687,0.12592327187628616,0.04270953888409422,0.39115017025436805,-0.04873680241327294,"0.769231,0.038462,0.173077,0.019231,0.098039,0.431373,0.450980,0.019608,0.176471,0.313725,0.490196,0.019608,0.039216,0.000000,0.078431,0.882353","0.000000,0.043949,0.034828,0.036769,0.031391,0.032623,0.028411,0.029341,0.031741,0.056162,0.096084,0.129782,0.108051,0.049986,0.039375,0.044885,0.053248,0.067892,0.085483",0.5744521617889404
global,64,50,2,819,205,0.6793929110105581,0.5725238813474108,0.4078054298642534,0.388509739886541,0.32939239813114,0.11128260119343907,0.03320021260548812,0.14846490737722767,0.005279034690799489,"0.901961,0.019608,0.078431,0.000000,0.153846,0.403846,0.442308,0.000000,0.254902,0.333333,0.411765,0.000000,0.000000,0.000000,0.000000,1.000000","0.000000,0.048603,0.036045,0.033161,0.029794,0.029355,0.027127,0.028379,0.032555,0.054665,0.097016,0.129569,0.107260,0.050565,0.040175,0.045303,0.056370,0.074763,0.079294",0.5841431617736816
global,64,50,3,819,205,0.6745852187028658,0.5857214680744093,0.4570135746606335,0.3905221452432923,0.16114063564490347,0.0628388660868945,0.08440848255241888,0.3100284462183744,0.048548265460030215,"0.843137,0.019608,0.098039,0.039216,0.215686,0.529412,0.235294,0.019608,0.173077,0.384615,0.384615,0.057692,0.000000,0.019608,0.039216,0.941176","0.000000,0.038975,0.031308,0.034590,0.026706,0.032883,0.028276,0.028416,0.030840,0.056091,0.094097,0.125505,0.114829,0.052864,0.039112,0.045517,0.052098,0.077856,0.090037",0.5541942119598389
global,64,50,4,819,205,0.6619532428355958,0.5620915032679739,0.39215686274509803,0.38803862749064144,0.4473742103064059,0.0255928480881627,0.30852630551456905,0.4849989846013738,-0.005373303167420795,"0.901961,0.039216,0.039216,0.019608,0.196078,0.470588,0.333333,0.000000,0.215686,0.450980,0.313725,0.019608,0.000000,0.000000,0.038462,0.961538","0.000000,0.049854,0.035541,0.035032,0.030584,0.031354,0.027269,0.029821,0.030442,0.055574,0.090036,0.127391,0.115037,0.048779,0.040624,0.041318,0.052840,0.073616,0.084887",0.5799956321716309
global,64,50,5,820,204,0.6470588235294117,0.5359477124183006,0.39215686274509803,0.37532367511019726,0.2408454544713134,0.2021272188962111,0.14713829017799715,0.1488057479576605,-0.06862745098039225,"0.823529,0.058824,0.098039,0.019608,0.137255,0.470588,0.392157,0.000000,0.196078,0.490196,0.313725,0.000000,0.000000,0.000000,0.019608,0.980392","0.000000,0.043715,0.035982,0.033841,0.029697,0.033354,0.029674,0.027307,0.031799,0.051271,0.087228,0.127582,0.109243,0.054436,0.041045,0.049584,0.058616,0.073335,0.082291",0.5848565101623535
global,64,51,1,819,205,0.692024886877828,0.6024384112619406,0.4901960784313726,0.39708862008175455,0.15548986029790887,0.24252747216356202,0.016123852259525794,0.08623117530700529,0.06344268476621417,"0.826923,0.096154,0.076923,0.000000,0.156863,0.588235,0.254902,0.000000,0.196078,0.352941,0.392157,0.058824,0.000000,0.000000,0.039216,0.960784","0.000000,0.037061,0.029210,0.031337,0.031789,0.030054,0.027958,0.028352,0.032376,0.053797,0.098515,0.138567,0.106210,0.055946,0.036132,0.045243,0.049459,0.070288,0.097706",0.5656611919403076
global,64,51,2,819,205,0.6788273001508296,0.5979135243841126,0.47530165912518857,0.39533608194671976,0.38113243557800414,0.06861184167666043,0.03942369155332701,0.3017611028302008,0.02450980392156865,"0.843137,0.039216,0.098039,0.019608,0.173077,0.519231,0.307692,0.000000,0.078431,0.470588,0.431373,0.019608,0.000000,0.000000,0.078431,0.921569","0.000000,0.042708,0.034307,0.034308,0.029358,0.029992,0.027670,0.026244,0.029623,0.056908,0.099740,0.137346,0.101342,0.058205,0.038137,0.044889,0.052108,0.067050,0.090065",0.5628206729888916
global,64,51,3,819,205,0.6648755656108598,0.5531674208144797,0.3787707390648567,0.39879238394474714,0.2883889749140166,0.13036135187388034,0.293952427003868,0.3038368089916472,-0.009709653092005888,"0.901961,0.039216,0.039216,0.019608,0.215686,0.392157,0.392157,0.000000,0.230769,0.403846,0.365385,0.000000,0.000000,0.000000,0.000000,1.000000","0.000000,0.034569,0.032723,0.031713,0.029293,0.032983,0.026183,0.023639,0.030594,0.055763,0.097004,0.139329,0.106696,0.054732,0.042173,0.045213,0.050146,0.069310,0.097936",0.5455312728881836
global,64,51,4,819,205,0.6862745098039216,0.5816993464052288,0.47058823529411764,0.3888078647621308,0.05812683234013795,0.14211621905433708,0.002309738716144746,0.3116888387507362,0.009709653092005999,"0.803922,0.117647,0.058824,0.019608,0.098039,0.588235,0.313725,0.000000,0.176471,0.470588,0.352941,0.000000,0.000000,0.000000,0.000000,1.000000","0.000000,0.040505,0.033041,0.032152,0.027335,0.029231,0.029817,0.028147,0.028464,0.054561,0.090687,0.134911,0.108648,0.055204,0.036694,0.044059,0.053235,0.067242,0.106067",0.5574030876159668
global,64,51,5,820,204,0.7009803921568627,0.6078431372549019,0.4509803921568627,0.4013169105688203,0.05286005890490776,0.18550852919438054,0.14647815742573841,0.038151861002691266,0.02941176470588236,"0.921569,0.000000,0.058824,0.019608,0.117647,0.509804,0.352941,0.019608,0.274510,0.313725,0.392157,0.019608,0.000000,0.000000,0.019608,0.980392","0.000000,0.038121,0.032571,0.030310,0.029548,0.029863,0.027070,0.029858,0.029638,0.056670,0.092010,0.140283,0.112354,0.055123,0.038325,0.046341,0.052801,0.065779,0.093335",0.5579752922058105
global,128,42,1,409,103,0.7357692307692307,0.6476923076923077,0.51,0.3923350281784307,0.4871938380278041,0.10374293211708377,0.05688819034790106,0.09263515733492517,0.00038461538461542766,"0.923077,0.000000,0.076923,0.000000,0.076923,0.500000,0.423077,0.000000,0.080000,0.400000,0.520000,0.000000,0.000000,0.000000,0.000000,1.000000","0.000000,0.037731,0.032361,0.044312,0.028774,0.034898,0.032570,0.024917,0.023952,0.062249,0.100422,0.129348,0.100315,0.029241,0.025519,0.042030,0.049413,0.070034,0.131915",0.4815952777862549
global,128,42,2,409,103,0.7557692307692307,0.6743589743589743,0.55,0.3918468937073166,0.3765512862671853,0.2933589161155235,0.23043621620176144,0.09115614233149075,0.019230769230769162,"0.923077,0.000000,0.076923,0.000000,0.040000,0.600000,0.360000,0.000000,0.115385,0.384615,0.500000,0.000000,0.000000,0.000000,0.000000,1.000000","0.000000,0.046538,0.035580,0.033578,0.020250,0.027127,0.025082,0.025451,0.026851,0.055949,0.100138,0.128017,0.107742,0.032548,0.027250,0.044482,0.053553,0.075916,0.133948",0.49404430389404297
global,128,42,3,410,102,0.823076923076923,0.764102564102564,0.6653846153846154,0.40096838601830853,0.4114910847537438,0.20761241931468724,0.05880428659073112,0.24466618731473566,0.010000000000000009,"0.961538,0.000000,0.038462,0.000000,0.040000,0.600000,0.360000,0.000000,0.076923,0.192308,0.730769,0.000000,0.000000,0.000000,0.000000,1.000000","0.000000,0.041963,0.036574,0.036774,0.023860,0.030454,0.035813,0.019461,0.020168,0.059820,0.099316,0.128534,0.113298,0.035461,0.027253,0.041179,0.047870,0.069780,0.132421",0.49754953384399414
global,128,42,4,410,102,0.8361538461538461,0.7815384615384615,0.6923076923076923,0.39467475714192984,0.3644284099177887,0.35725925505064593,0.16004846297107359,0.20670277376425306,0.010000000000000009,"0.960000,0.000000,0.040000,0.000000,0.000000,0.692308,0.307692,0.000000,0.038462,0.269231,0.692308,0.000000,0.000000,0.000000,0.000000,1.000000","0.000000,0.047892,0.040341,0.035242,0.024473,0.031363,0.024510,0.020418,0.023991,0.060517,0.096216,0.128092,0.109849,0.039071,0.026089,0.044885,0.053026,0.071040,0.122986",0.5062997341156006
global,128,42,5,410,102,0.7842307692307693,0.7251282051282052,0.5876923076923077,0.3903972686889059,0.31156782007033446,0.04366401390712718,0.13821718736657082,0.5216344160688621,-0.040000000000000036,"1.000000,0.000000,0.000000,0.000000,0.076923,0.615385,0.307692,0.000000,0.080000,0.320000,0.560000,0.040000,0.000000,0.000000,0.038462,0.961538","0.000000,0.043787,0.044264,0.036304,0.022882,0.032627,0.027266,0.020223,0.026793,0.065843,0.104434,0.121376,0.098744,0.036609,0.026951,0.045394,0.055125,0.075586,0.115789",0.5125470161437988
global,128,43,1,409,103,0.7546153846153847,0.6728205128205129,0.5476923076923077,0.4078899447994149,0.009915694501562647,0.3234211914507504,0.014528708459210825,0.2633230419047247,0.009615384615384692,"0.923077,0.000000,0.076923,0.000000,0.038462,0.615385,0.346154,0.000000,0.160000,0.360000,0.480000,0.000000,0.000000,0.000000,0.000000,1.000000","0.000000,0.026424,0.024793,0.025923,0.028213,0.027752,0.025376,0.021944,0.026248,0.065861,0.094352,0.115476,0.132201,0.051271,0.035136,0.043301,0.075462,0.082801,0.097466",0.4938545227050781
global,128,43,2,409,103,0.7373076923076923,0.6497435897435898,0.5130769230769231,0.4175835495649878,0.06071366747829742,0.44157549122006223,0.016414669178668934,0.009512821051392208,0.020384615384615334,"0.923077,0.000000,0.076923,0.000000,0.120000,0.680000,0.200000,0.000000,0.153846,0.423077,0.346154,0.076923,0.000000,0.000000,0.000000,1.000000","0.000000,0.028168,0.021819,0.031835,0.022990,0.025968,0.025075,0.024067,0.025225,0.075290,0.099409,0.121040,0.121846,0.050356,0.036108,0.046333,0.067549,0.070782,0.106141",0.509880781173706
global,128,43,3,410,102,0.7661538461538462,0.6882051282051282,0.5707692307692308,0.3996995235432201,0.35001104619821893,0.0375194830904022,0.01843939553329998,0.10386796366450544,0.0296153846153846,"0.923077,0.076923,0.000000,0.000000,0.080000,0.680000,0.240000,0.000000,0.192308,0.346154,0.461538,0.000000,0.000000,0.000000,0.000000,1.000000","0.000000,0.026626,0.025836,0.031981,0.021619,0.025651,0.028011,0.026156,0.029397,0.070893,0.081454,0.119327,0.128025,0.054153,0.033988,0.044495,0.069657,0.065488,0.117242",0.5114567279815674
global,128,43,4,410,102,0.7192307692307692,0.6523076923076924,0.5384615384615384,0.411597980615354,0.1996306051927938,0.3527194267127339,0.13816534800876396,0.5733611560602788,0.009230769230769265,"0.880000,0.040000,0.040000,0.040000,0.038462,0.576923,0.384615,0.000000,0.038462,0.461538,0.500000,0.000000,0.000000,0.000000,0.080000,0.920000","0.000000,0.034794,0.023377,0.032595,0.021078,0.026037,0.026027,0.024282,0.027514,0.074850,0.089901,0.119266,0.127582,0.058587,0.037530,0.045563,0.061028,0.066134,0.103858",0.5159871578216553
global,128,43,5,410,102,0.791923076923077,0.7225641025641026,0.6838461538461539,0.399942122688004,0.20666059246028365,0.06535788374937215,0.22327106248086304,0.1564512991777982,0.03923076923076929,"0.800000,0.040000,0.160000,0.000000,0.000000,0.807692,0.192308,0.000000,0.080000,0.360000,0.560000,0.000000,0.000000,0.000000,0.000000,1.000000","0.000000,0.031668,0.022807,0.029490,0.022696,0.028366,0.022805,0.024110,0.027266,0.070762,0.088729,0.119018,0.121433,0.052276,0.035123,0.049586,0.064251,0.061731,0.127882",0.513228178024292
global,128,44,1,409,103,0.676923076923077,0.5692307692307693,0.4307692307692308,0.382041263240957,0.5729695510612545,0.22838459366445857,0.10341740298243428,0.12181499689181552,0.00038461538461542766,"0.846154,0.076923,0.076923,0.000000,0.076923,0.461538,0.461538,0.000000,0.120000,0.480000,0.400000,0.000000,0.000000,0.000000,0.000000,1.000000","0.000000,0.033959,0.032762,0.032257,0.023899,0.035689,0.026832,0.028282,0.031371,0.058897,0.111783,0.114832,0.096529,0.056600,0.031096,0.043271,0.062450,0.071840,0.107651",0.5063884258270264
global,128,44,2,409,103,0.8061538461538461,0.7415384615384615,0.6892307692307692,0.3878734500030201,0.42303527626389387,0.2517668813930212,0.10041178839111549,0.5870398781455609,0.0888461538461538,"0.846154,0.115385,0.038462,0.000000,0.000000,0.840000,0.160000,0.000000,0.115385,0.307692,0.538462,0.038462,0.000000,0.000000,0.000000,1.000000","0.000000,0.034581,0.027799,0.028460,0.022142,0.034611,0.026441,0.027859,0.035302,0.063184,0.112110,0.112292,0.100287,0.056928,0.038068,0.044596,0.055966,0.078398,0.100975",0.4758446216583252
global,128,44,3,410,102,0.7065384615384616,0.6087179487179487,0.4323076923076923,0.40261902754294004,0.29213204367874107,0.17458326157226164,0.009541826943287953,0.05266210576327267,0.00038461538461542766,"0.961538,0.000000,0.038462,0.000000,0.120000,0.480000,0.400000,0.000000,0.230769,0.384615,0.384615,0.000000,0.000000,0.000000,0.000000,1.000000","0.000000,0.029276,0.028837,0.027139,0.021640,0.030378,0.030181,0.029000,0.032988,0.057710,0.109268,0.122928,0.112714,0.050381,0.035191,0.043318,0.061986,0.074038,0.103030",0.5027163028717041
global,128,44,4,410,102,0.74,0.6533333333333333,0.5,0.3916134123364786,0.5221763100164099,0.505399622599078,0.059008701111530795,0.02883418363482635,0.0296153846153846,"0.960000,0.040000,0.000000,0.000000,0.038462,0.576923,0.384615,0.000000,0.115385,0.461538,0.423077,0.000000,0.000000,0.000000,0.000000,1.000000","0.000000,0.032609,0.029299,0.029611,0.023860,0.033695,0.030929,0.026144,0.041869,0.059557,0.114160,0.117898,0.099998,0.051468,0.038123,0.043332,0.055351,0.067148,0.104948",0.5015552043914795
global,128,44,5,410,102,0.7253846153846154,0.6466666666666666,0.51,0.3876718446650908,0.21227014975079145,0.1508862451487652,0.07125628855250087,0.25001388312409845,0.018846153846153846,"0.920000,0.000000,0.080000,0.000000,0.153846,0.500000,0.346154,0.000000,0.120000,0.360000,0.520000,0.000000,0.000000,0.000000,0.038462,0.961538","0.000000,0.034216,0.034341,0.029064,0.022478,0.034230,0.029294,0.021508,0.033195,0.061968,0.111394,0.116031,0.098279,0.051676,0.036413,0.038377,0.055682,0.079390,0.112464",0.522996187210083
global,128,45,1,409,103,0.775,0.7000000000000001,0.5692307692307692,0.40182672521783713,0.34236129491849615,0.08837826268859686,0.06876190978589591,0.4741415775607966,-0.020000000000000018,"0.961538,0.000000,0.038462,0.000000,0.038462,0.538462,0.423077,0.000000,0.120000,0.280000,0.600000,0.000000,0.000000,0.000000,0.000000,1.000000","0.000000,0.029186,0.030540,0.034146,0.027912,0.024483,0.023661,0.025531,0.035588,0.070809,0.113546,0.129120,0.088351,0.052144,0.041404,0.047330,0.056329,0.075325,0.094593",0.5388729572296143
global,128,45,2,409,103,0.688076923076923,0.5841025641025641,0.4723076923076923,0.40092153571446665,0.16840299976116935,0.03975938041469931,0.26877540309344616,0.2156889223397691,-0.08769230769230774,"0.807692,0.000000,0.192308,0.000000,0.040000,0.560000,0.400000,0.000000,0.115385,0.500000,0.384615,0.000000,0.000000,0.000000,0.000000,1.000000","0.000000,0.032369,0.031528,0.028239,0.024465,0.020016,0.024553,0.020993,0.031128,0.063908,0.110127,0.132799,0.094087,0.055598,0.040708,0.050434,0.064168,0.073626,0.101253",0.48528623580932617
global,128,45,3,410,102,0.7657692307692308,0.701025641025641,0.6092307692307692,0.406558957677776,0.0001852914862921086,0.3416586942731537,0.09647864212018589,0.06966322811228709,0.008846153846153837,"0.884615,0.000000,0.115385,0.000000,0.080000,0.680000,0.240000,0.000000,0.153846,0.307692,0.538462,0.000000,0.000000,0.000000,0.040000,0.960000","0.000000,0.029962,0.029220,0.029613,0.027965,0.024139,0.022805,0.020007,0.028115,0.065664,0.101330,0.138444,0.101121,0.051117,0.039314,0.049974,0.057275,0.076243,0.107691",0.48358678817749023
global,128,45,4,410,102,0.7596153846153846,0.6794871794871794,0.5192307692307692,0.40875834565337416,0.4248893777889467,0.016328547923417473,0.1964314557960185,0.1409664073103774,0.03961538461538461,"1.000000,0.000000,0.000000,0.000000,0.038462,0.538462,0.423077,0.000000,0.153846,0.346154,0.500000,0.000000,0.000000,0.000000,0.000000,1.000000","0.000000,0.031840,0.030615,0.035135,0.025822,0.026454,0.020973,0.021834,0.027449,0.068149,0.109380,0.130427,0.100802,0.049915,0.034868,0.045523,0.062179,0.072331,0.106303",0.49588561058044434
global,128,45,5,410,102,0.713076923076923,0.6302564102564102,0.4653846153846154,0.4149789072794006,0.42595967078786406,0.1714220740828737,0.025302124665000217,0.1177228335284084,-0.00038461538461542766,"0.960000,0.000000,0.040000,0.000000,0.000000,0.730769,0.269231,0.000000,0.160000,0.640000,0.200000,0.000000,0.000000,0.000000,0.038462,0.961538","0.000000,0.033994,0.033726,0.032932,0.028949,0.020907,0.020998,0.021992,0.027632,0.067983,0.118717,0.137532,0.090746,0.049845,0.037031,0.045995,0.051944,0.073685,0.105391",0.5148119926452637
global,128,46,1,409,103,0.7453846153846154,0.6605128205128206,0.51,0.4022150299153906,0.6681977645004846,0.4508729678855796,0.3191667809060961,0.09067480509088786,-0.02923076923076917,"0.961538,0.000000,0.038462,0.000000,0.038462,0.500000,0.461538,0.000000,0.160000,0.320000,0.520000,0.000000,0.000000,0.000000,0.000000,1.000000","0.000000,0.037220,0.023896,0.028146,0.025994,0.025538,0.026222,0.031705,0.032830,0.062219,0.112043,0.119130,0.108823,0.058717,0.040410,0.049518,0.053386,0.071396,0.092808",0.5108158588409424
global,128,46,2,409,103,0.7361538461538462,0.6482051282051282,0.5107692307692309,0.3981595706079197,0.04104623684155245,0.20617047778477024,0.08447597443214099,0.15338013871985598,0.019230769230769162,"0.923077,0.000000,0.038462,0.038462,0.040000,0.560000,0.400000,0.000000,0.153846,0.384615,0.461538,0.000000,0.000000,0.000000,0.000000,1.000000","0.000000,0.044871,0.025536,0.035746,0.030586,0.026781,0.024168,0.031227,0.034591,0.062857,0.097589,0.119240,0.118473,0.051437,0.035011,0.034951,0.051311,0.071549,0.104074",0.49449682235717773
global,128,46,3,410,102,0.7253846153846154,0.6338461538461538,0.47,0.404427178025744,0.36768243432750014,0.22697730930845955,0.0746078821931046,0.08256128268028788,0.020000000000000018,"0.961538,0.000000,0.038462,0.000000,0.080000,0.440000,0.480000,0.000000,0.153846,0.346154,0.500000,0.000000,0.000000,0.000000,0.000000,1.000000","0.000000,0.036743,0.024503,0.030259,0.024719,0.030423,0.023434,0.025627,0.031757,0.061108,0.103200,0.126112,0.114007,0.056559,0.042483,0.034279,0.055721,0.076064,0.103001",0.48515868186950684
global,128,46,4,410,102,0.72,0.64,0.5,0.3964591613457129,0.5426339877765227,0.019084316037043365,0.0806042683102385,0.20266683362603122,-0.00038461538461542766,"0.920000,0.040000,0.040000,0.000000,0.038462,0.653846,0.307692,0.000000,0.153846,0.500000,0.346154,0.000000,0.000000,0.000000,0.040000,0.960000","0.000000,0.034987,0.021641,0.035726,0.028811,0.029475,0.025060,0.031888,0.036229,0.059664,0.102637,0.124598,0.109560,0.055344,0.036348,0.034393,0.051456,0.071563,0.110620",0.5316348075866699
global,128,46,5,410,102,0.6934615384615385,0.5912820512820512,0.5269230769230769,0.3975235018104647,0.04928975270181296,0.02734549699084064,0.08422105419878391,0.2528243492321448,0.028846153846153855,"0.720000,0.000000,0.280000,0.000000,0.038462,0.653846,0.307692,0.000000,0.040000,0.560000,0.400000,0.000000,0.000000,0.000000,0.000000,1.000000","0.000000,0.042973,0.023775,0.030107,0.028564,0.028738,0.028425,0.031006,0.029173,0.055030,0.112502,0.120578,0.109413,0.048520,0.030571,0.040123,0.059274,0.076936,0.104293",0.5047392845153809
global,128,47,1,409,103,0.8530769230769231,0.8041025641025641,0.7253846153846153,0.3880399048777494,0.1582733974322689,0.09735952746607915,0.45282809220466036,0.004520159699508132,0.10730769230769233,"0.961538,0.000000,0.038462,0.000000,0.038462,0.730769,0.230769,0.000000,0.040000,0.240000,0.720000,0.000000,0.000000,0.000000,0.000000,1.000000","0.000000,0.039409,0.033316,0.023538,0.022016,0.021809,0.024142,0.025981,0.033765,0.067986,0.096719,0.109650,0.113685,0.046945,0.037638,0.049358,0.060280,0.082548,0.111216",0.5116417407989502
global,128,47,2,409,103,0.7150000000000001,0.6328205128205129,0.4876923076923077,0.4010074655831818,0.20055302031383349,0.2175207955830474,0.28835033154428624,0.21036893051183672,-0.009615384615384581,"0.923077,0.000000,0.076923,0.000000,0.240000,0.360000,0.400000,0.000000,0.038462,0.346154,0.615385,0.000000,0.000000,0.000000,0.038462,0.961538","0.000000,0.040424,0.032317,0.027852,0.022891,0.022376,0.022311,0.025412,0.029150,0.067874,0.102983,0.115617,0.114533,0.039478,0.033129,0.042663,0.062079,0.089474,0.109436",0.5072536468505859
global,128,47,3,410,102,0.7357692307692307,0.6610256410256411,0.4915384615384616,0.3949217264099821,0.058875128473974685,0.028426679459899747,0.027015606015228975,0.2208058277493052,0.00038461538461531664,"1.000000,0.000000,0.000000,0.000000,0.080000,0.560000,0.360000,0.000000,0.115385,0.461538,0.423077,0.000000,0.000000,0.000000,0.040000,0.960000","0.000000,0.036711,0.035077,0.026758,0.024352,0.023266,0.022706,0.024024,0.031233,0.065195,0.114291,0.110157,0.105278,0.048818,0.040046,0.041412,0.053179,0.087643,0.109851",0.5419409275054932
global,128,47,4,410,102,0.7296153846153847,0.6394871794871796,0.5192307692307692,0.40227730518023985,0.643420360431386,0.3169652163155053,0.10986344714544787,0.2572786330257107,-0.038846153846153864,"0.880000,0.040000,0.080000,0.000000,0.000000,0.576923,0.423077,0.000000,0.038462,0.461538,0.461538,0.038462,0.000000,0.000000,0.000000,1.000000","0.000000,0.034757,0.031868,0.024425,0.021478,0.026595,0.026120,0.024922,0.033677,0.071392,0.111491,0.116216,0.103177,0.041164,0.038556,0.045063,0.057531,0.084992,0.106575",0.4961986541748047
global,128,47,5,410,102,0.7346153846153847,0.6461538461538462,0.5092307692307692,0.38250393131476323,0.3950761162541589,0.021348196696357916,0.006460827908526837,0.1422251726941293,-0.010000000000000009,"0.920000,0.000000,0.080000,0.000000,0.000000,0.538462,0.461538,0.000000,0.040000,0.480000,0.480000,0.000000,0.000000,0.000000,0.000000,1.000000","0.000000,0.039539,0.028660,0.024802,0.022615,0.026998,0.026868,0.030128,0.033311,0.073017,0.107938,0.092584,0.108965,0.046869,0.040790,0.047532,0.050809,0.080840,0.117736",0.5043015480041504
global,128,48,1,409,103,0.7246153846153846,0.6328205128205128,0.5069230769230769,0.4008663956761237,0.022291717333940027,0.2835338271157675,0.14135155177813735,0.058165260816672455,0.01961538461538459,"0.884615,0.038462,0.076923,0.000000,0.000000,0.653846,0.346154,0.000000,0.160000,0.480000,0.360000,0.000000,0.000000,0.000000,0.000000,1.000000","0.000000,0.039506,0.035593,0.039033,0.027994,0.026275,0.021975,0.022535,0.023259,0.055960,0.108108,0.124744,0.112055,0.040630,0.036000,0.042511,0.057503,0.073917,0.112402",0.5168495178222656
global,128,48,2,409,103,0.7553846153846154,0.6866666666666666,0.5492307692307692,0.3931035835637364,0.42337571377396677,0.26195763731820576,0.05395011220367307,0.025740100405436398,0.0,"0.961538,0.000000,0.038462,0.000000,0.040000,0.560000,0.400000,0.000000,0.076923,0.384615,0.538462,0.000000,0.000000,0.000000,0.038462,0.961538","0.000000,0.036671,0.030021,0.034521,0.031441,0.025182,0.027116,0.027322,0.030753,0.051790,0.114588,0.118452,0.108273,0.047240,0.034339,0.046001,0.052157,0.079820,0.104311",0.48843860626220703
global,128,48,3,410,102,0.7157692307692307,0.6210256410256411,0.5084615384615384,0.39538981260800315,0.08109055527655835,0.1374943124482789,0.05083635213232375,0.24334990356140576,0.009615384615384581,"0.846154,0.038462,0.115385,0.000000,0.040000,0.440000,0.520000,0.000000,0.115385,0.307692,0.576923,0.000000,0.000000,0.000000,0.000000,1.000000","0.000000,0.040354,0.027950,0.031439,0.026694,0.029569,0.021905,0.021641,0.028581,0.056763,0.115213,0.119784,0.103630,0.046982,0.039890,0.049173,0.054510,0.076722,0.109200",0.4846229553222656
global,128,48,4,410,102,0.7784615384615384,0.7046153846153845,0.5769230769230769,0.40186812297313046,0.31167489999655584,0.11241153821868848,0.23743022135298913,0.4346743944948737,0.01961538461538459,"0.960000,0.000000,0.040000,0.000000,0.000000,0.615385,0.384615,0.000000,0.000000,0.423077,0.538462,0.038462,0.000000,0.000000,0.000000,1.000000","0.000000,0.038098,0.032233,0.036203,0.031140,0.022439,0.023531,0.022842,0.028870,0.058127,0.120509,0.117305,0.105928,0.052519,0.035093,0.044173,0.055643,0.077331,0.098016",0.47443056106567383
global,128,48,5,410,102,0.7046153846153846,0.6061538461538462,0.48923076923076925,0.402825196885395,0.0958686705010932,0.19049407977839716,0.054362843246142926,0.17897204675301726,-0.01115384615384618,"0.840000,0.040000,0.040000,0.080000,0.076923,0.538462,0.384615,0.000000,0.200000,0.320000,0.440000,0.040000,0.000000,0.000000,0.000000,1.000000","0.000000,0.041906,0.030942,0.030665,0.032565,0.028023,0.020123,0.018954,0.025736,0.064419,0.111504,0.116524,0.110378,0.049433,0.035733,0.043382,0.057643,0.074710,0.107359",0.49307942390441895
global,128,49,1,409,103,0.7753846153846154,0.7005128205128206,0.6276923076923078,0.4184027488213332,0.21457523642278992,0.2002484049521906,0.2591050970689043,0.2054253326712062,0.029230769230769282,"0.846154,0.038462,0.115385,0.000000,0.038462,0.615385,0.346154,0.000000,0.040000,0.320000,0.640000,0.000000,0.000000,0.000000,0.000000,1.000000","0.000000,0.022006,0.025196,0.037553,0.027933,0.022286,0.021820,0.033047,0.039305,0.056838,0.100370,0.122401,0.138793,0.043055,0.034678,0.038114,0.055942,0.083768,0.096891",0.4894113540649414
global,128,49,2,409,103,0.7253846153846154,0.6338461538461538,0.4507692307692308,0.3926600210708864,0.07362878931018928,0.17774882481105897,0.2677932299779718,0.2526067608835491,0.018461538461538418,"1.000000,0.000000,0.000000,0.000000,0.120000,0.440000,0.440000,0.000000,0.192308,0.346154,0.461538,0.000000,0.000000,0.000000,0.000000,1.000000","0.000000,0.027839,0.029670,0.049541,0.024629,0.023929,0.026087,0.027185,0.038731,0.057116,0.102731,0.116377,0.116436,0.038478,0.033939,0.042995,0.057895,0.088874,0.097547",0.5103785991668701
global,128,49,3,410,102,0.7153846153846154,0.6205128205128205,0.45,0.4149587815290578,0.14454140327726753,0.4506469240876007,0.1991215580664749,0.0734381358696793,0.010000000000000009,"0.961538,0.000000,0.038462,0.000000,0.000000,0.400000,0.600000,0.000000,0.076923,0.384615,0.500000,0.038462,0.000000,0.000000,0.000000,1.000000","0.000000,0.028771,0.029521,0.046350,0.022996,0.020179,0.018719,0.022197,0.036277,0.059395,0.107038,0.124713,0.123813,0.049008,0.035987,0.040783,0.057059,0.082833,0.094361",0.5506060123443604
global,128,49,4,410,102,0.8061538461538461,0.7548717948717948,0.6923076923076923,0.41294161854355405,0.36319917157234755,0.11676291488617932,0.1392703648975113,0.2248679422183653,-0.01000000000000012,"0.880000,0.080000,0.040000,0.000000,0.115385,0.730769,0.153846,0.000000,0.076923,0.269231,0.653846,0.000000,0.000000,0.000000,0.040000,0.960000","0.000000,0.028090,0.026072,0.044069,0.024718,0.023470,0.021982,0.026585,0.038072,0.052978,0.113895,0.127920,0.118149,0.040044,0.034787,0.041921,0.062206,0.083086,0.091955",0.5211248397827148
global,128,49,5,410,102,0.8030769230769231,0.7374358974358975,0.6461538461538461,0.3962395722120733,0.26265973569618073,0.26083843401459567,0.16724976998644794,0.17897026160476984,0.02961538461538471,"0.920000,0.000000,0.080000,0.000000,0.038462,0.692308,0.269231,0.000000,0.160000,0.240000,0.600000,0.000000,0.000000,0.000000,0.000000,1.000000","0.000000,0.028592,0.026535,0.042721,0.026664,0.021910,0.022746,0.028416,0.037765,0.053723,0.104968,0.119360,0.118188,0.051825,0.036519,0.037131,0.059436,0.088191,0.095311",0.5184981822967529
global,128,50,1,409,103,0.7738461538461539,0.7112820512820512,0.5861538461538461,0.38783891105844054,0.5250855529638631,0.06375829828792967,0.07852722205955082,0.2414504713766081,-0.0007692307692308553,"0.961538,0.038462,0.000000,0.000000,0.000000,0.692308,0.307692,0.000000,0.000000,0.520000,0.480000,0.000000,0.000000,0.000000,0.038462,0.961538","0.000000,0.030189,0.033903,0.032729,0.028858,0.023860,0.036403,0.023444,0.034335,0.064048,0.098292,0.121960,0.103540,0.062747,0.036500,0.046949,0.051968,0.078827,0.091449",0.5087573528289795
global,128,50,2,409,103,0.745,0.6728205128205128,0.5669230769230769,0.41268908511696234,0.4113501077040954,0.5414477471498736,0.037010144514543576,0.3635456565994461,-0.04961538461538473,"0.884615,0.038462,0.076923,0.000000,0.040000,0.480000,0.480000,0.000000,0.076923,0.269231,0.653846,0.000000,0.000000,0.000000,0.038462,0.961538","0.000000,0.030741,0.030691,0.032426,0.031252,0.025944,0.035939,0.023197,0.030244,0.074450,0.109441,0.122971,0.105827,0.042457,0.030300,0.042676,0.051547,0.083196,0.096700",0.5083181858062744
global,128,50,3,410,102,0.7261538461538461,0.6348717948717949,0.5292307692307692,0.40752571743121047,0.4781735520431039,0.16570347421300444,0.03763301505492023,0.1575068132672366,0.0007692307692307443,"0.846154,0.038462,0.115385,0.000000,0.280000,0.520000,0.200000,0.000000,0.000000,0.461538,0.538462,0.000000,0.000000,0.000000,0.000000,1.000000","0.000000,0.028806,0.023421,0.028730,0.027379,0.021632,0.036332,0.026519,0.031496,0.067460,0.092782,0.124035,0.123249,0.045685,0.037210,0.044322,0.058544,0.088434,0.093964",0.5149126052856445
global,128,50,4,410,102,0.71,0.6133333333333333,0.5,0.4084676690035901,0.4665273199862255,0.1480127243834861,0.034637672841520965,0.09287811964243686,-0.028846153846153855,"0.840000,0.080000,0.080000,0.000000,0.038462,0.461538,0.500000,0.000000,0.076923,0.384615,0.538462,0.000000,0.000000,0.000000,0.000000,1.000000","0.000000,0.033156,0.032820,0.032108,0.027742,0.023288,0.035365,0.021895,0.037859,0.064624,0.096186,0.130269,0.117388,0.039704,0.032221,0.047744,0.053398,0.078736,0.095498",0.5067684650421143
global,128,50,5,410,102,0.7434615384615385,0.657948717948718,0.5269230769230769,0.3980523385220886,0.5958098866884162,0.04544237024680485,0.24495919892861104,0.05828454477429061,0.010000000000000009,"0.920000,0.080000,0.000000,0.000000,0.000000,0.653846,0.346154,0.000000,0.320000,0.280000,0.400000,0.000000,0.000000,0.000000,0.000000,1.000000","0.000000,0.029807,0.031957,0.031438,0.030880,0.020772,0.035964,0.027297,0.031652,0.068088,0.104698,0.126421,0.098845,0.046243,0.033664,0.045577,0.055803,0.082065,0.098829",0.517549991607666
global,128,51,1,409,103,0.8142307692307692,0.7523076923076922,0.6284615384615384,0.39909066581091684,0.22029760623967648,0.296287676736846,0.1927753743731415,0.007219733988184734,0.010384615384615326,"1.000000,0.000000,0.000000,0.000000,0.115385,0.576923,0.307692,0.000000,0.120000,0.200000,0.680000,0.000000,0.000000,0.000000,0.000000,1.000000","0.000000,0.050338,0.036396,0.031340,0.025773,0.028292,0.024698,0.027392,0.024772,0.062171,0.115411,0.117141,0.104367,0.048081,0.031077,0.041859,0.058453,0.071111,0.101328",0.49062371253967285
global,128,51,2,409,103,0.7646153846153846,0.6861538461538461,0.5292307692307692,0.40849544010436223,0.12310162044983838,0.2263442211443152,0.2656051013467435,0.22389891534373185,0.028846153846153855,"1.000000,0.000000,0.000000,0.000000,0.040000,0.520000,0.440000,0.000000,0.076923,0.384615,0.538462,0.000000,0.000000,0.000000,0.000000,1.000000","0.000000,0.049417,0.040349,0.028548,0.029363,0.023119,0.021461,0.024538,0.022065,0.065995,0.115052,0.128582,0.098867,0.046929,0.031386,0.038879,0.058259,0.073807,0.103383",0.5132060050964355
global,128,51,3,410,102,0.7946153846153846,0.7261538461538461,0.6084615384615384,0.4026142977134141,0.30533836736869374,0.03135863868619622,0.23921932643888766,0.07180848338182942,-0.028846153846153855,"0.961538,0.000000,0.038462,0.000000,0.080000,0.640000,0.280000,0.000000,0.038462,0.384615,0.576923,0.000000,0.000000,0.000000,0.000000,1.000000","0.000000,0.039586,0.032856,0.033514,0.026879,0.025529,0.022392,0.022977,0.023063,0.055202,0.124558,0.125291,0.097563,0.047292,0.034953,0.044152,0.059106,0.083098,0.101989",0.517988920211792
global,128,51,4,410,102,0.7107692307692308,0.6143589743589745,0.4615384615384615,0.4166217046034004,0.35404818970517116,0.13657735103946286,0.11445195111658979,0.09787487443385175,-0.018846153846153735,"0.920000,0.040000,0.040000,0.000000,0.038462,0.576923,0.384615,0.000000,0.115385,0.538462,0.346154,0.000000,0.000000,0.000000,0.000000,1.000000","0.000000,0.035223,0.029157,0.030065,0.023480,0.022344,0.026468,0.023143,0.030280,0.064459,0.118441,0.126845,0.106876,0.043309,0.035164,0.042928,0.058257,0.076380,0.107177",0.5147171020507812
global,128,51,5,410,102,0.7561538461538462,0.6748717948717949,0.5923076923076923,0.3988566787494969,0.5068042989479026,0.13508103998434856,0.4602024061684845,0.32044784130156817,0.00038461538461542766,"0.840000,0.040000,0.120000,0.000000,0.115385,0.384615,0.500000,0.000000,0.040000,0.120000,0.800000,0.040000,0.000000,0.000000,0.000000,1.000000","0.000000,0.048088,0.034419,0.025914,0.022512,0.026365,0.024422,0.025274,0.025480,0.062896,0.111650,0.119587,0.104724,0.045022,0.034764,0.040633,0.059004,0.078358,0.110889",0.5342202186584473
global,256,42,1,204,52,0.8653846153846154,0.8205128205128206,0.7307692307692308,0.42236502194056635,0.07431596635100612,0.031758976744917414,0.168974867121785,0.07136975766529992,0.0,"1.000000,0.000000,0.000000,0.000000,0.000000,0.692308,0.307692,0.000000,0.000000,0.230769,0.769231,0.000000,0.000000,0.000000,0.000000,1.000000","0.000000,0.029541,0.024855,0.029156,0.023904,0.023347,0.019017,0.017085,0.025455,0.072454,0.115072,0.114657,0.120181,0.048803,0.033271,0.051311,0.069265,0.079520,0.103104",0.4696016311645508
global,256,42,2,205,51,0.8846153846153846,0.8461538461538461,0.7692307692307693,0.43079047430900064,0.531153011703588,0.1322802533453809,0.3560013855882933,0.5505377419649304,0.05769230769230771,"1.000000,0.000000,0.000000,0.000000,0.000000,0.769231,0.230769,0.000000,0.076923,0.153846,0.769231,0.000000,0.000000,0.000000,0.000000,1.000000","0.000000,0.040979,0.024613,0.036299,0.020550,0.025639,0.015994,0.019400,0.036636,0.085448,0.107827,0.121289,0.116226,0.029425,0.019218,0.043854,0.071458,0.081075,0.104068",0.4539830684661865
global,256,42,3,205,51,0.9006410256410257,0.8675213675213675,0.8012820512820513,0.4199803961685985,0.15430482051457617,0.24919453744281073,0.03334121466766502,0.261072898258245,0.059294871794871806,"1.000000,0.000000,0.000000,0.000000,0.000000,0.769231,0.230769,0.000000,0.000000,0.166667,0.833333,0.000000,0.000000,0.000000,0.000000,1.000000","0.000000,0.046054,0.031937,0.026725,0.023321,0.021272,0.020152,0.016335,0.031464,0.080170,0.106772,0.111331,0.121708,0.032900,0.025977,0.046439,0.059339,0.087449,0.110655",0.4743802547454834
global,256,42,4,205,51,0.8814102564102564,0.8418803418803419,0.7628205128205128,0.40245148041926915,0.5486390980523725,0.3168212243579459,0.09843986493005512,0.43421248441260624,0.04006410256410253,"1.000000,0.000000,0.000000,0.000000,0.000000,0.833333,0.166667,0.000000,0.153846,0.153846,0.692308,0.000000,0.000000,0.000000,0.000000,1.000000","0.000000,0.029166,0.028741,0.048599,0.024716,0.027307,0.023862,0.026026,0.041267,0.070466,0.112790,0.101673,0.117522,0.033519,0.024479,0.041935,0.070743,0.079260,0.097929",0.44875645637512207
global,256,42,5,205,51,0.8846153846153846,0.8461538461538461,0.7692307692307692,0.4248618789854145,0.017186655401651443,0.3965700540304828,0.3674799587789913,0.1964894865626683,0.05769230769230771,"1.000000,0.000000,0.000000,0.000000,0.000000,0.846154,0.153846,0.000000,0.076923,0.230769,0.692308,0.000000,0.000000,0.000000,0.000000,1.000000","0.000000,0.034645,0.029278,0.028196,0.015213,0.023509,0.017786,0.020775,0.037230,0.083288,0.101609,0.109425,0.130541,0.032472,0.024684,0.048792,0.073456,0.076796,0.112306",0.46309661865234375
global,256,43,1,204,52,0.7884615384615384,0.717948717948718,0.5769230769230769,0.39293629761025584,0.1358919509636365,0.16444162634047513,0.08423512167660027,0.1266993905870266,0.0,"1.000000,0.000000,0.000000,0.000000,0.000000,0.692308,0.307692,0.000000,0.076923,0.461538,0.461538,0.000000,0.000000,0.000000,0.000000,1.000000","0.000000,0.031801,0.017405,0.024536,0.021960,0.030583,0.027899,0.023210,0.025024,0.069553,0.112366,0.079797,0.131220,0.042465,0.029218,0.047701,0.088810,0.093728,0.102724",0.45972347259521484
global,256,43,2,205,51,0.75,0.6666666666666666,0.5,0.3915060178852646,0.12036829182084961,0.6489463550841861,0.19810135000749018,0.6066457588763234,0.04006410256410253,"1.000000,0.000000,0.000000,0.000000,0.000000,0.384615,0.615385,0.000000,0.000000,0.384615,0.615385,0.000000,0.000000,0.000000,0.000000,1.000000","0.000000,0.024447,0.015547,0.024063,0.025622,0.038842,0.025234,0.027880,0.029859,0.077529,0.114460,0.081560,0.117957,0.043891,0.029798,0.041049,0.086546,0.086359,0.109355",0.47005367279052734
global,256,43,3,205,51,0.8189102564102564,0.7585470085470085,0.6378205128205128,0.4005601169608942,0.5554760386736334,0.3607064321198171,0.0032474418311104407,0.29617613566464124,0.0016025641025640969,"1.000000,0.000000,0.000000,0.000000,0.000000,0.692308,0.307692,0.000000,0.083333,0.333333,0.583333,0.000000,0.000000,0.000000,0.000000,1.000000","0.000000,0.020538,0.017043,0.027082,0.019594,0.024242,0.021029,0.022074,0.026811,0.066139,0.114743,0.091490,0.128188,0.048831,0.031969,0.047318,0.083077,0.092764,0.117067",0.465059757232666
global,256,43,4,205,51,0.8589743589743589,0.8119658119658119,0.717948717948718,0.4017545781277707,0.2567134600526649,0.18435583623162802,0.11636329425411428,0.014242412056137901,0.0,"1.000000,0.000000,0.000000,0.000000,0.000000,0.666667,0.333333,0.000000,0.076923,0.153846,0.769231,0.000000,0.000000,0.000000,0.000000,1.000000","0.000000,0.027378,0.023561,0.022598,0.020011,0.027266,0.019916,0.021307,0.032561,0.067162,0.110702,0.092175,0.131715,0.053551,0.032718,0.044523,0.091041,0.074929,0.106885",0.4765434265136719
global,256,43,5,205,51,0.8269230769230769,0.7692307692307692,0.6538461538461539,0.3981682962722093,0.07104013662644669,0.3477203959088591,0.38254117918618663,0.0033128783882129895,0.019230769230769162,"1.000000,0.000000,0.000000,0.000000,0.000000,0.615385,0.384615,0.000000,0.000000,0.307692,0.692308,0.000000,0.000000,0.000000,0.000000,1.000000","0.000000,0.019175,0.015615,0.020328,0.024694,0.028073,0.020208,0.027146,0.031316,0.087973,0.092604,0.078604,0.138988,0.052058,0.029314,0.045802,0.090105,0.085912,0.112086",0.4736802577972412
global,256,44,1,204,52,0.8653846153846154,0.8205128205128206,0.7307692307692308,0.36391182125035476,0.17466269627619757,0.5827817695174573,0.011468189314688038,0.007079963298522978,-0.038461538461538436,"1.000000,0.000000,0.000000,0.000000,0.000000,0.692308,0.307692,0.000000,0.000000,0.230769,0.769231,0.000000,0.000000,0.000000,0.000000,1.000000","0.000000,0.029890,0.032424,0.037232,0.021661,0.026615,0.023273,0.034341,0.036709,0.072043,0.114447,0.084617,0.092804,0.038090,0.035392,0.047115,0.069612,0.104979,0.098754",0.4833385944366455
global,256,44,2,205,51,0.8269230769230769,0.7692307692307692,0.6538461538461539,0.3750691688063347,0.6320910521688007,0.35694308518052054,0.11797261650906285,0.15545754671687204,0.019230769230769162,"1.000000,0.000000,0.000000,0.000000,0.000000,0.692308,0.307692,0.000000,0.000000,0.384615,0.615385,0.000000,0.000000,0.000000,0.000000,1.000000","0.000000,0.029429,0.029993,0.040090,0.024562,0.039617,0.022683,0.020501,0.026795,0.065315,0.108918,0.100373,0.100463,0.043756,0.036568,0.061560,0.066431,0.091758,0.091189",0.49083518981933594
global,256,44,3,205,51,0.7996794871794872,0.732905982905983,0.5993589743589745,0.39353334226410575,0.2661803790845242,0.24993037034958446,0.07988957043812844,0.2388701009402351,0.0,"1.000000,0.000000,0.000000,0.000000,0.000000,0.615385,0.384615,0.000000,0.083333,0.333333,0.583333,0.000000,0.000000,0.000000,0.000000,1.000000","0.000000,0.021739,0.020994,0.039574,0.013599,0.029855,0.029510,0.028404,0.027183,0.057030,0.096986,0.105705,0.133813,0.044153,0.035619,0.052013,0.082269,0.090682,0.090874",0.5011074542999268
global,256,44,4,205,51,0.7980769230769231,0.7307692307692308,0.5961538461538461,0.3885210056816752,0.3314124310719881,0.22531768416419848,0.09238229838517166,0.05769401189932886,-0.0016025641025640969,"1.000000,0.000000,0.000000,0.000000,0.000000,0.500000,0.500000,0.000000,0.076923,0.230769,0.692308,0.000000,0.000000,0.000000,0.000000,1.000000","0.000000,0.024005,0.025889,0.039190,0.019442,0.033401,0.024825,0.025219,0.027866,0.063342,0.117666,0.103966,0.103547,0.038884,0.036788,0.050937,0.070773,0.106496,0.087764",0.469022274017334
global,256,44,5,205,51,0.8076923076923077,0.7435897435897436,0.6153846153846154,0.37626735894202007,0.3029015017459525,0.003535191980386108,0.2228652680502381,0.11114725108694601,0.02083333333333337,"1.000000,0.000000,0.000000,0.000000,0.000000,0.769231,0.230769,0.000000,0.076923,0.461538,0.461538,0.000000,0.000000,0.000000,0.000000,1.000000","0.000000,0.028419,0.031235,0.036890,0.019224,0.032248,0.030035,0.024907,0.036633,0.066150,0.103440,0.104127,0.102550,0.039268,0.034174,0.045950,0.065592,0.100913,0.098244",0.47869396209716797
global,256,45,1,204,52,0.75,0.6666666666666666,0.5769230769230769,0.39558738524136994,0.13235153886664114,0.2189768119363958,0.08107244362896515,0.09087105043869899,0.019230769230769162,"0.846154,0.000000,0.153846,0.000000,0.000000,0.538462,0.461538,0.000000,0.076923,0.307692,0.615385,0.000000,0.000000,0.000000,0.000000,1.000000","0.000000,0.029747,0.031880,0.041038,0.041808,0.024176,0.020894,0.016801,0.030812,0.067100,0.113693,0.114005,0.100790,0.048008,0.037723,0.043638,0.075137,0.080530,0.082220",0.467221736907959
global,256,45,2,205,51,0.8846153846153846,0.8461538461538461,0.7692307692307692,0.38154504671380285,0.13094755114312445,0.11097740939016469,0.4777644281354517,0.05788338566791561,0.09775641025641024,"1.000000,0.000000,0.000000,0.000000,0.000000,0.846154,0.153846,0.000000,0.076923,0.230769,0.692308,0.000000,0.000000,0.000000,0.000000,1.000000","0.000000,0.029233,0.030415,0.039244,0.041016,0.021806,0.028681,0.018494,0.028405,0.071721,0.095031,0.115300,0.099493,0.037947,0.035940,0.041938,0.072901,0.088235,0.104199",0.48272085189819336
global,256,45,3,205,51,0.7788461538461539,0.7051282051282052,0.5576923076923077,0.40852923659726725,0.24345265528483814,0.18072262862577843,0.050023411980384375,0.08952024506079546,0.04166666666666663,"1.000000,0.000000,0.000000,0.000000,0.076923,0.615385,0.307692,0.000000,0.250000,0.250000,0.500000,0.000000,0.000000,0.000000,0.000000,1.000000","0.000000,0.033749,0.032992,0.038115,0.034893,0.022958,0.022524,0.018508,0.028552,0.080121,0.111453,0.109616,0.107339,0.033232,0.033062,0.038988,0.077806,0.081358,0.094734",0.4755101203918457
global,256,45,4,205,51,0.8413461538461539,0.7884615384615384,0.6826923076923077,0.39036634769274603,0.34858947429819764,0.48276329877459745,0.5472097405321636,0.49484632943843476,0.08173076923076927,"1.000000,0.000000,0.000000,0.000000,0.000000,0.750000,0.250000,0.000000,0.000000,0.384615,0.615385,0.000000,0.000000,0.000000,0.000000,1.000000","0.000000,0.028482,0.036394,0.033667,0.030062,0.022051,0.029686,0.022658,0.030743,0.082982,0.115085,0.094620,0.097680,0.042598,0.032186,0.049395,0.071016,0.080404,0.100293",0.4610555171966553
global,256,45,5,205,51,0.8060897435897436,0.7414529914529915,0.6538461538461539,0.3861327869821802,0.252661150977293,0.3396337347187319,0.25647239468667066,0.10320122469661727,0.03846153846153855,"0.916667,0.000000,0.083333,0.000000,0.000000,0.615385,0.384615,0.000000,0.000000,0.307692,0.692308,0.000000,0.000000,0.000000,0.000000,1.000000","0.000000,0.032619,0.036218,0.029798,0.031740,0.023570,0.026911,0.016131,0.026889,0.076599,0.096709,0.104152,0.108673,0.051940,0.037899,0.042357,0.079977,0.084366,0.093452",0.4952051639556885
global,256,46,1,204,52,0.8461538461538461,0.7948717948717948,0.6923076923076923,0.3887114385739662,0.2750216691717149,0.7818013702098608,0.3940160628895676,0.3232297329919889,0.038461538461538436,"1.000000,0.000000,0.000000,0.000000,0.000000,0.615385,0.384615,0.000000,0.000000,0.230769,0.769231,0.000000,0.000000,0.000000,0.000000,1.000000","0.000000,0.038293,0.023079,0.023711,0.021040,0.028241,0.020598,0.028189,0.032747,0.056296,0.115210,0.111707,0.105498,0.050157,0.033513,0.040587,0.090047,0.085126,0.095961",0.4754483699798584
global,256,46,2,205,51,0.7692307692307693,0.6923076923076924,0.5384615384615385,0.40135207369577064,0.23893151445138078,0.3076759852070373,0.1901034307720173,0.20523747339032378,0.019230769230769273,"1.000000,0.000000,0.000000,0.000000,0.076923,0.615385,0.307692,0.000000,0.000000,0.538462,0.461538,0.000000,0.000000,0.000000,0.000000,1.000000","0.000000,0.033453,0.022151,0.028163,0.024253,0.024789,0.020314,0.028117,0.028435,0.062518,0.128352,0.112479,0.098003,0.047263,0.030185,0.040008,0.092915,0.078709,0.099894",0.4716517925262451
global,256,46,3,205,51,0.8782051282051282,0.8376068376068376,0.7564102564102564,0.38251511821636874,0.3347532547521442,0.28455461266177273,0.3295780866437082,0.37213704142852716,0.019230769230769273,"1.000000,0.000000,0.000000,0.000000,0.000000,0.846154,0.153846,0.000000,0.083333,0.250000,0.666667,0.000000,0.000000,0.000000,0.000000,1.000000","0.000000,0.041675,0.020076,0.030791,0.025070,0.031436,0.018188,0.020320,0.029645,0.060274,0.116652,0.100074,0.105515,0.048367,0.033580,0.041294,0.088819,0.081308,0.106916",0.48944783210754395
global,256,46,4,205,51,0.7612179487179488,0.6816239316239318,0.5224358974358975,0.38013783574049403,0.48127768519418274,0.4172902359525177,0.3807978317825495,0.026312139262995665,0.019230769230769273,"1.000000,0.000000,0.000000,0.000000,0.000000,0.583333,0.416667,0.000000,0.076923,0.461538,0.461538,0.000000,0.000000,0.000000,0.000000,1.000000","0.000000,0.037200,0.024556,0.025805,0.032479,0.025102,0.017411,0.034225,0.028987,0.061159,0.107640,0.109923,0.101416,0.045600,0.031475,0.030878,0.081214,0.088502,0.116428",0.49803876876831055
global,256,46,5,205,51,0.8269230769230769,0.7692307692307692,0.6538461538461539,0.37209296982681034,0.43861551799991233,0.5699795458750148,0.23095654484652167,0.05736229168776358,0.0,"1.000000,0.000000,0.000000,0.000000,0.000000,0.692308,0.307692,0.000000,0.076923,0.307692,0.615385,0.000000,0.000000,0.000000,0.000000,1.000000","0.000000,0.047230,0.023036,0.027683,0.025821,0.028523,0.016254,0.028764,0.024096,0.063231,0.109958,0.091903,0.107001,0.051394,0.035020,0.041283,0.098858,0.084868,0.095076",0.48337626457214355
global,256,47,1,204,52,0.7692307692307692,0.6923076923076922,0.5384615384615385,0.39387938178246096,0.28914589954199554,0.42488939502584044,0.035041870112498555,0.5207409694657289,-0.03846153846153855,"1.000000,0.000000,0.000000,0.000000,0.076923,0.769231,0.153846,0.000000,0.076923,0.615385,0.307692,0.000000,0.000000,0.000000,0.000000,1.000000","0.000000,0.030524,0.026191,0.026991,0.019295,0.019753,0.027166,0.029430,0.028543,0.068617,0.104817,0.105979,0.114466,0.046151,0.034307,0.051231,0.059916,0.092922,0.113703",0.4531443119049072
global,256,47,2,205,51,0.8461538461538461,0.7948717948717948,0.7307692307692308,0.38252319793219475,0.060958284460585946,0.27080823548769806,0.12817641314418116,0.33337914176224076,0.0,"0.923077,0.000000,0.076923,0.000000,0.000000,0.692308,0.307692,0.000000,0.000000,0.230769,0.769231,0.000000,0.000000,0.000000,0.000000,1.000000","0.000000,0.040141,0.037998,0.025180,0.016425,0.020426,0.030374,0.023761,0.024901,0.062015,0.092849,0.109047,0.118612,0.046429,0.050383,0.058948,0.063921,0.087389,0.091202",0.46329498291015625
global,256,47,3,205,51,0.8637820512820512,0.8183760683760682,0.7275641025641025,0.40621297125946604,0.5176844338534489,0.030334032242926166,0.24143847069200133,0.22752797040831962,0.024038461538461453,"1.000000,0.000000,0.000000,0.000000,0.000000,0.538462,0.461538,0.000000,0.000000,0.083333,0.916667,0.000000,0.000000,0.000000,0.000000,1.000000","0.000000,0.033643,0.040439,0.032555,0.028038,0.016715,0.021250,0.026360,0.026530,0.081351,0.096211,0.108112,0.120539,0.028721,0.032319,0.056200,0.060058,0.079875,0.111085",0.4674508571624756
global,256,47,4,205,51,0.8605769230769231,0.8141025641025642,0.7211538461538461,0.38819554440229276,0.5574274027117038,0.4277318107215502,0.3030788018979216,0.14643048366600356,0.02083333333333348,"1.000000,0.000000,0.000000,0.000000,0.000000,0.750000,0.250000,0.000000,0.000000,0.307692,0.692308,0.000000,0.000000,0.000000,0.000000,1.000000","0.000000,0.041111,0.031419,0.030386,0.027244,0.019574,0.033686,0.024874,0.024835,0.066214,0.099406,0.107440,0.115135,0.037933,0.031511,0.052317,0.073454,0.079840,0.103620",0.49446845054626465
global,256,47,5,205,51,0.7692307692307693,0.6923076923076924,0.5384615384615384,0.40253621570387144,0.17097066521992535,0.2987007151528982,0.002363077665255675,0.5305651439172745,0.019230769230769273,"1.000000,0.000000,0.000000,0.000000,0.000000,0.692308,0.307692,0.000000,0.153846,0.461538,0.384615,0.000000,0.000000,0.000000,0.000000,1.000000","0.000000,0.029691,0.032861,0.036264,0.023165,0.026908,0.022662,0.021268,0.021156,0.070267,0.102625,0.106959,0.122686,0.034159,0.032512,0.054045,0.061503,0.083655,0.117615",0.4710056781768799
global,256,48,1,204,52,0.7115384615384616,0.6153846153846154,0.5,0.40021613512887066,0.10422607740274302,0.322181236143175,0.24890118048188284,0.21502404946531478,0.019230769230769273,"0.846154,0.000000,0.153846,0.000000,0.000000,0.615385,0.384615,0.000000,0.076923,0.538462,0.384615,0.000000,0.000000,0.000000,0.000000,1.000000","0.000000,0.037081,0.034785,0.020247,0.019867,0.026810,0.020026,0.025980,0.027442,0.050627,0.096635,0.120067,0.132887,0.052622,0.036596,0.055180,0.073217,0.082611,0.087319",0.45220279693603516
global,256,48,2,205,51,0.8461538461538461,0.7948717948717948,0.6923076923076923,0.4095189917748007,0.4536835391304451,0.2724605470074406,0.34247673572948756,0.3175139427367099,0.038461538461538436,"1.000000,0.000000,0.000000,0.000000,0.000000,0.692308,0.307692,0.000000,0.076923,0.230769,0.692308,0.000000,0.000000,0.000000,0.000000,1.000000","0.000000,0.025933,0.021026,0.030678,0.025830,0.021893,0.027165,0.028122,0.024088,0.066369,0.107653,0.116270,0.119227,0.058286,0.032190,0.051550,0.064302,0.087745,0.091673",0.48719143867492676
global,256,48,3,205,51,0.8221153846153846,0.7628205128205128,0.6442307692307692,0.3993513661355106,0.07375199139396384,0.015292016162994772,0.13497229276827813,0.06090900924711412,0.022435897435897356,"1.000000,0.000000,0.000000,0.000000,0.000000,0.538462,0.461538,0.000000,0.083333,0.166667,0.750000,0.000000,0.000000,0.000000,0.000000,1.000000","0.000000,0.036332,0.026206,0.030525,0.025032,0.031839,0.023146,0.023173,0.025855,0.059232,0.107448,0.112658,0.120013,0.045003,0.031893,0.045441,0.067879,0.095438,0.092888",0.47127246856689453
global,256,48,4,205,51,0.764423076923077,0.685897435897436,0.5673076923076923,0.40782840834232714,0.022061589691823022,0.5190855695443012,0.15120840873245942,0.09824347681397076,0.0,"0.923077,0.000000,0.076923,0.000000,0.000000,0.750000,0.250000,0.000000,0.076923,0.538462,0.384615,0.000000,0.000000,0.000000,0.000000,1.000000","0.000000,0.031596,0.025848,0.022080,0.027775,0.032618,0.022221,0.020992,0.027731,0.055316,0.118752,0.123688,0.110073,0.048736,0.028488,0.046974,0.067327,0.090515,0.099270",0.478222131729126
global,256,48,5,205,51,0.7884615384615384,0.717948717948718,0.5769230769230769,0.3938578913571651,0.28301257946498337,0.5440373458755838,0.13891439676645867,0.24732850565253287,0.07692307692307698,"1.000000,0.000000,0.000000,0.000000,0.076923,0.615385,0.307692,0.000000,0.000000,0.461538,0.538462,0.000000,0.000000,0.000000,0.000000,1.000000","0.000000,0.035990,0.023714,0.027978,0.031529,0.030902,0.019318,0.026283,0.034624,0.060014,0.103572,0.114011,0.116261,0.047022,0.034135,0.044822,0.067941,0.093169,0.088713",0.492232084274292
global,256,49,1,204,52,0.8461538461538461,0.7948717948717948,0.6923076923076923,0.41402327294145014,0.20278077590716592,0.04735012724279557,0.013773452906245442,0.2686448360452874,0.019230769230769162,"1.000000,0.000000,0.000000,0.000000,0.000000,0.846154,0.153846,0.000000,0.000000,0.461538,0.538462,0.000000,0.000000,0.000000,0.000000,1.000000","0.000000,0.018198,0.024605,0.025541,0.031317,0.029063,0.032105,0.023362,0.029238,0.068532,0.097943,0.106966,0.140583,0.034323,0.034069,0.051432,0.061016,0.094748,0.096959",0.44182419776916504
global,256,49,2,205,51,0.8461538461538461,0.7948717948717948,0.6923076923076923,0.41000633915563717,0.29803138324486195,0.07626205386612066,0.6950301529018338,0.24622526471488373,0.019230769230769162,"1.000000,0.000000,0.000000,0.000000,0.076923,0.538462,0.384615,0.000000,0.000000,0.153846,0.846154,0.000000,0.000000,0.000000,0.000000,1.000000","0.000000,0.015268,0.020031,0.032989,0.021730,0.023687,0.029389,0.024332,0.031975,0.072328,0.098758,0.100517,0.138403,0.046525,0.035317,0.047103,0.057017,0.097614,0.107017",0.45930981636047363
global,256,49,3,205,51,0.8173076923076923,0.7564102564102564,0.6346153846153846,0.42042605468352656,0.27587581089239127,0.14022329761383148,0.5907035401348626,0.08855431289523717,0.038461538461538436,"1.000000,0.000000,0.000000,0.000000,0.000000,0.769231,0.230769,0.000000,0.083333,0.416667,0.500000,0.000000,0.000000,0.000000,0.000000,1.000000","0.000000,0.016598,0.023819,0.025551,0.016474,0.022812,0.022697,0.024265,0.037067,0.060647,0.094651,0.101409,0.163719,0.044964,0.037423,0.057585,0.064061,0.096579,0.089678",0.478168249130249
global,256,49,4,205,51,0.8221153846153846,0.7628205128205128,0.7211538461538461,0.41381704415533055,0.27419829669362344,0.1007018578112074,0.7334488829381021,0.10974214840422325,0.019230769230769162,"0.846154,0.076923,0.076923,0.000000,0.000000,0.750000,0.250000,0.000000,0.000000,0.307692,0.692308,0.000000,0.000000,0.000000,0.000000,1.000000","0.000000,0.019374,0.021639,0.021315,0.021986,0.022696,0.028202,0.019756,0.034468,0.061257,0.101089,0.109622,0.141849,0.045566,0.031723,0.047411,0.067053,0.096639,0.108355",0.4679901599884033
global,256,49,5,205,51,0.9038461538461539,0.8717948717948718,0.8076923076923077,0.40391882083537034,0.2551330106036166,0.42339149520887154,0.11156503482650779,0.523602959607202,-1.1102230246251565e-16,"1.000000,0.000000,0.000000,0.000000,0.000000,0.846154,0.153846,0.000000,0.076923,0.153846,0.769231,0.000000,0.000000,0.000000,0.000000,1.000000","0.000000,0.016586,0.027007,0.021253,0.022345,0.026136,0.017509,0.023944,0.029034,0.058143,0.096561,0.102358,0.146858,0.049229,0.040998,0.056835,0.072098,0.093688,0.099419",0.477802038192749
global,256,50,1,204,52,0.9038461538461539,0.8717948717948718,0.8076923076923077,0.40603926510109406,0.190337156525225,0.08186252618207673,0.22851189609357153,0.4676771131001202,0.038461538461538436,"1.000000,0.000000,0.000000,0.000000,0.000000,0.923077,0.076923,0.000000,0.000000,0.307692,0.692308,0.000000,0.000000,0.000000,0.000000,1.000000","0.000000,0.022209,0.027994,0.035367,0.026235,0.020580,0.024164,0.016324,0.031316,0.055242,0.108343,0.117533,0.124921,0.045142,0.032623,0.043425,0.066316,0.101218,0.101048",0.4739341735839844
global,256,50,2,205,51,0.8253205128205128,0.7948717948717948,0.6923076923076923,0.375193939412039,0.02539637824303116,0.32429287070583673,0.31259426737237117,0.47336845341465705,0.038461538461538436,"1.000000,0.000000,0.000000,0.000000,0.076923,0.769231,0.153846,0.000000,0.000000,0.384615,0.615385,0.000000,0.000000,0.000000,0.083333,0.916667","0.000000,0.023396,0.026815,0.040890,0.029981,0.016229,0.034014,0.017106,0.044151,0.063418,0.094809,0.108585,0.108382,0.039479,0.039312,0.044356,0.066582,0.106363,0.096132",0.4878048896789551
global,256,50,3,205,51,0.8621794871794872,0.8162393162393163,0.7243589743589745,0.37584399019477943,0.5804770151209475,0.08965701679482949,0.13577250342786845,0.22340001297692408,0.040064102564102644,"1.000000,0.000000,0.000000,0.000000,0.076923,0.615385,0.307692,0.000000,0.083333,0.083333,0.833333,0.000000,0.000000,0.000000,0.000000,1.000000","0.000000,0.032090,0.032461,0.032720,0.026554,0.015716,0.021909,0.018078,0.037278,0.050365,0.103778,0.111496,0.110205,0.054986,0.033636,0.048004,0.064820,0.105152,0.100753",0.4705088138580322
global,256,50,4,205,51,0.8605769230769231,0.8141025641025642,0.7211538461538461,0.4058368931297627,0.2474197526230449,0.17356727971277786,0.20760128139922562,0.4010993890045735,0.019230769230769273,"1.000000,0.000000,0.000000,0.000000,0.000000,0.750000,0.250000,0.000000,0.000000,0.307692,0.692308,0.000000,0.000000,0.000000,0.000000,1.000000","0.000000,0.020021,0.029692,0.030878,0.019365,0.025565,0.027017,0.015175,0.034359,0.070252,0.098680,0.125489,0.111416,0.052767,0.030290,0.043679,0.061024,0.102339,0.101992",0.4878716468811035
global,256,50,5,205,51,0.8076923076923077,0.7435897435897436,0.6153846153846154,0.4055583520812963,0.6640394112293683,0.23895742843928428,0.38690907735267266,0.2052140160959914,-0.05769230769230771,"1.000000,0.000000,0.000000,0.000000,0.000000,0.615385,0.384615,0.000000,0.076923,0.307692,0.615385,0.000000,0.000000,0.000000,0.000000,1.000000","0.000000,0.017708,0.019520,0.037914,0.027742,0.020170,0.028581,0.021433,0.038909,0.063620,0.116429,0.117370,0.108140,0.037006,0.028892,0.052147,0.061310,0.101810,0.101301",0.49158143997192383
global,256,51,1,204,52,0.75,0.6666666666666666,0.5,0.42634930877083177,0.6000749867835959,0.44322697637821856,0.17697894070003448,0.011483213014675267,-0.05769230769230771,"1.000000,0.000000,0.000000,0.000000,0.000000,0.538462,0.461538,0.000000,0.000000,0.538462,0.461538,0.000000,0.000000,0.000000,0.000000,1.000000","0.000000,0.024201,0.021441,0.026085,0.022512,0.016547,0.034425,0.020954,0.018868,0.081582,0.101158,0.125036,0.118573,0.035998,0.036161,0.044771,0.087192,0.088695,0.095800",0.4729459285736084
global,256,51,2,205,51,0.9038461538461539,0.8717948717948718,0.8076923076923077,0.41521978787978886,0.18200828666602054,0.6115219951661705,0.13618509677782822,0.33758307399345977,0.038461538461538436,"1.000000,0.000000,0.000000,0.000000,0.000000,0.923077,0.076923,0.000000,0.000000,0.307692,0.692308,0.000000,0.000000,0.000000,0.000000,1.000000","0.000000,0.042816,0.023840,0.025158,0.025803,0.016636,0.031277,0.018298,0.021872,0.078299,0.109406,0.121161,0.106355,0.040313,0.032410,0.040115,0.080723,0.089887,0.095632",0.4784533977508545
global,256,51,3,205,51,0.7836538461538461,0.7115384615384616,0.5673076923076923,0.43151671475432446,0.3854619296164965,0.6231532477880259,0.09423480628945347,0.31721893206697205,-0.07692307692307698,"1.000000,0.000000,0.000000,0.000000,0.076923,0.384615,0.538462,0.000000,0.083333,0.166667,0.750000,0.000000,0.000000,0.000000,0.000000,1.000000","0.000000,0.033548,0.021901,0.021705,0.022825,0.020069,0.021095,0.018165,0.019195,0.072004,0.109241,0.126580,0.123691,0.042489,0.033706,0.047335,0.078819,0.092332,0.095297",0.4809854030609131
global,256,51,4,205,51,0.8365384615384616,0.782051282051282,0.6730769230769231,0.42665480188652805,0.04314243972697588,0.16453210903723334,0.2834682788519956,0.11596092247460782,0.04006410256410253,"1.000000,0.000000,0.000000,0.000000,0.000000,0.500000,0.500000,0.000000,0.000000,0.153846,0.846154,0.000000,0.000000,0.000000,0.000000,1.000000","0.000000,0.035926,0.024141,0.020349,0.024783,0.017278,0.022441,0.019352,0.017191,0.077937,0.109539,0.124172,0.115006,0.047450,0.034556,0.045960,0.078023,0.081694,0.104201",0.4828648567199707
global,256,51,5,205,51,0.9230769230769231,0.8974358974358975,0.8461538461538463,0.39364239265253986,0.019625052204158857,0.05194181886814262,0.3708560999421504,0.3255103331110402,0.0,"1.000000,0.000000,0.000000,0.000000,0.000000,0.923077,0.076923,0.000000,0.000000,0.230769,0.769231,0.000000,0.000000,0.000000,0.000000,1.000000","0.000000,0.041276,0.027789,0.023518,0.030192,0.016735,0.024036,0.024777,0.022419,0.071522,0.093736,0.124214,0.104170,0.041026,0.031160,0.052352,0.093222,0.085430,0.092424",0.487041711807251
