pixel,wavelength_angstrom,velocity_kms,flux
0,1580.371130000001,6.656729789611403e-11,0.9308604473030258
1,1580.385030021109,2.6365028404112696,0.9402088787454668
2,1580.3989301644754,5.273005680677699,0.9480432142379738
3,1580.4128304300975,7.909508521040221,0.95505071037584
4,1580.4267308179783,10.546011361406908,0.96161814284863
5,1580.4406313281188,13.182514201952026,0.9678359277748916
6,1580.4545319605218,15.819017042383878,0.9736119431900649
7,1580.468432715185,18.455519882743523,0.9788000175122666
8,1580.4823335921108,21.092022723005442,0.9832870149759382
9,1580.4962345913025,23.728525563410273,0.9870281494524737
10,1580.5101357127576,26.365028403832557,0.9900455987054111
11,1580.5240369564788,29.001531244146793,0.992410067330563
12,1580.5379383224672,31.638034084526943,0.9942189738681211
13,1580.5518398107256,34.274536925047066,0.9955776899635205
14,1580.5657414212517,36.9110397653819,0.9965860175720425
15,1580.5796431540484,39.54754260550561,0.9973302683046583
16,1580.593545009118,42.18404544599127,0.9978802081018618
17,1580.6074469864586,44.820548286313816,0.9982893353845222
18,1580.621349086073,47.45705112654713,0.9985968632127059
19,1580.635251307962,50.093553967097755,0.9988305469175385
20,1580.6491536521287,52.730056807507076,0.9990098753070403
21,1580.6630561185705,55.366559647782275,0.9991487525613368
22,1580.6769587072902,58.00306248803033,0.9992572223876655
23,1580.6908614182908,60.63956532852449,0.9993425596963889
24,1580.7047642515697,63.27606816887254,0.9994100824708334
25,1580.7186672071298,65.91257100948073,0.99946373620587
26,1580.7325702849723,68.54907384969064,0.9995064613019379
27,1580.7464734850996,71.18557669010806,0.9995403304700782
28,1580.7603768075098,73.82207953054022,0.9995666850498084
29,1580.7742802522055,76.45858237082761,0.9995865967947462
30,1580.7881838191895,79.09508521130972,0.99960128817049
31,1580.8020875084594,81.73158805149431,0.9996121557520414
32,1580.815991320018,84.36809089188704,0.9996205775236455
33,1580.8298952538664,87.00459373209539,0.999627630059253
34,1580.8437993100074,89.64109657265823,0.9996337990549993
35,1580.8577034884388,92.27759941324948,0.9996391632714219
36,1580.8716077891631,94.91410225321043,0.9996437897077388
37,1580.8855122121831,97.55060509387803,0.9996478818432297
38,1580.8994167574967,100.18710793422763,0.9996517373434706
39,1580.9133214251065,102.82361077459825,0.9996555538231706
40,1580.9272262150137,105.46011361479671,0.9996592029638993
41,1580.941131127221,108.0966164551286,0.9996623449401449
42,1580.955036161726,110.73311929566677,0.9996647896987962
43,1580.9689413185317,113.36962213598504,0.9996666116148477
44,1580.9828465976407,116.00612497645545,0.9996677449947621
45,1580.9967519990505,118.64262781688464,0.9996674902478935
46,1581.0106575227644,121.27913065724537,0.9996645358145854
47,1581.024563168783,123.91563349751053,0.9996573602559065
48,1581.0384689371092,126.55213633771935,0.9996443753856205
49,1581.0523748277408,129.18863917821034,0.9996236980194431
50,1581.0662808406805,131.82514201872337,0.9995930062234925
51,1581.080186975931,134.46164485903154,0.9995489590890667
52,1581.09409323349,137.09814769934033,0.9994852712384079
53,1581.1079996133603,139.73465053968863,0.999391753483938
54,1581.1219061155432,142.37115338008232,0.9992577733186105
55,1581.135812740041,145.00765622059353,0.9990755944368047
56,1581.1497194868518,147.6441590607292,0.9988365507038917
57,1581.1636263559783,150.28066190132623,0.9985284850888722
58,1581.1775333474232,152.91716474169192,0.9981411625995804
59,1581.191440461184,155.55366758196482,0.9976693414918817
60,1581.2053476972637,158.19017042241637,0.9971082884095398
61,1581.2192550556633,160.82667326258664,0.9964497682314956
62,1581.2331625363856,163.46317610304618,0.9956762974177505
63,1581.2470701394284,166.09967894343467,0.9947120448546127
64,1581.2609778647943,168.7361817837574,0.993258831413824
65,1581.2748857124861,171.3726846241194,0.9905587376735575
66,1581.2887936825014,174.00918746452592,0.9854648333382381
67,1581.3027017748432,176.64569030508187,0.9771679053274057
68,1581.3166099895125,179.282193145327,0.9658479341313
69,1581.330518326512,181.91869598566532,0.952311733245177
70,1581.3444267858392,184.55519882606862,0.9378287336930018
71,1581.3583353674974,187.1917016664755,0.9251182769274655
72,1581.372244071489,189.82820450675788,0.9179428621059069
73,1581.3861528978116,192.46470734698732,0.9183401908574267
74,1581.4000618464681,195.1012101875675,0.9250878820316687
75,1581.4139709174613,197.7377130280379,0.9352569241708305
76,1581.427880110789,200.37421586830357,0.9464788608822103
77,1581.4417894264536,203.01071870876825,0.9575804733639846
78,1581.4556988644565,205.6472215491042,0.9680878687229448
79,1581.4696084248005,208.2837243892164,0.9775829599624226
80,1581.4835181074832,210.92022722957478,0.9855142133660395
81,1581.4974279125072,213.55673007015073,0.9913735378034346
82,1581.5113378398753,216.19323291051666,0.9950399377109971
83,1581.5252478895857,218.82973575081004,0.9969280884482656
84,1581.5391580616404,221.4662385913013,0.9977303474517007
85,1581.553068356041,224.10274143156263,0.9980310374292571
86,1581.56697877279,226.7392442720971,0.9981512392983751
87,1581.5808893118854,229.37574711217778,0.9982176772004197
88,1581.5947999733296,232.01224995263976,0.9982700426019511
89,1581.6087107571257,234.64875279312182,0.9983189649212159
90,1581.622621663271,237.28525563346196,0.9983659532572379
91,1581.6365326917687,239.92175847393017,0.9984102415568006
92,1581.6504438426198,242.55826131436442,0.9984519158480634
93,1581.6643551158265,245.19476415463583,0.9984924564051788
94,1581.6782665113874,247.83126699501435,0.9985335053631036
95,1581.6921780293046,250.4677698353709,0.9985759241571741
96,1581.7060896695812,253.10427267560985,0.9986199798526556
97,1581.7200014322145,255.74077551623355,0.9986651377220547
98,1581.733913317208,258.3772783565147,0.9987090396418746
99,1581.7478253245617,261.0137811966898,0.998747276581563
100,1581.7617374542795,263.65028403699523,0.9987748308076181
101,1581.7756497063583,266.2867868776007,0.9987886685823715
102,1581.7895620808013,268.9232897181114,0.9987898753502888
103,1581.8034745776108,271.5597925583979,0.998783556845711
104,1581.8173871967851,274.19629539856345,0.9987766236644864
105,1581.8312999383265,276.83279823901046,0.9987751876884199
106,1581.8452128022366,279.4693010795761,0.9987829692262312
107,1581.8591257885173,282.1058039197989,0.9988009574608514
108,1581.8730388971671,284.74230676021375,0.9988278030854669
109,1581.8869521281886,287.3788096004587,0.9988605496436255
110,1581.900865481584,290.01531244100187,0.9988955900884543
111,1581.914778957352,292.6518152814151,0.9989295751692252
112,1581.9286925554943,295.28831812163486,0.9989600687760297
113,1581.9426062760128,297.92482096186393,0.9989858242236785
114,1581.9565201189098,300.5613238022713,0.9990065404225487
115,1581.9704340841831,303.1978266427939,0.9990227452337243
116,1581.9843481718358,305.8343294830028,0.999036290184574
117,1581.99826238187,308.47083232343266,0.9990504748163573
118,1582.0121767142841,311.10733516395345,0.9990689600056966
119,1582.0260911690802,313.743838004236,0.9990943334187061
120,1582.04000574626,316.3803408446818,0.9991275384364912
121,1582.053920445826,319.01684368496166,0.999167975873344
122,1582.0678352677755,321.6533465255101,0.9992135914759874
123,1582.081750212112,324.2898493656656,0.9992609506561605
124,1582.0956652788377,326.926352206228,0.99930537737699
125,1582.1095804679508,329.5628550465358,0.9993414341874135
126,1582.1234957794536,332.1993578867576,0.9993638998278758
127,1582.1374112133474,334.8358607270622,0.9993686582540304
128,1582.1513267696348,337.47236356768445,0.9993530641352338
129,1582.1652424483136,340.10886640792967,0.9993161594101446
130,1582.1791582493868,342.74536924829823,0.9992591590868171
131,1582.1930741728565,345.3818720886599,0.9991860815458475
132,1582.2069902187213,348.0183749289506,0.9991041050826821
133,1582.2209063869834,350.6548777693387,0.999023346458885
134,1582.234822677644,353.29138060976004,0.9989551457396395
135,1582.2487390907056,355.92788345015055,0.9989082342290053
136,1582.2626556261664,358.56438629057874,0.9988845883787807
137,1582.2765722840288,361.2008891310801,0.9988777452130115
138,1582.2904890642956,363.837391971225,0.9988748296211221
139,1582.3044059669649,366.4738948117461,0.998861161547276
140,1582.318322992039,369.11039765198126,0.9988250974831578
141,1582.332240139519,371.7469004924638,0.9987612796931745
142,1582.3461574094079,374.3834033327972,0.9986710872943042
143,1582.3600748017031,377.01990617311617,0.9985606603402762
144,1582.3739923164078,379.65640901345586,0.9984384611977379
145,1582.3879099535243,382.29291185375166,0.9983138590287816
146,1582.4018277130506,384.9294146942045,0.9981959248148453
147,1582.4157455949894,387.5659175345506,0.9980912405264709
148,1582.429663599342,390.20242037505705,0.9980015843892992
149,1582.4435817261106,392.8389232152941,0.9979233460491963
150,1582.4574999752933,395.47542605572806,0.9978495096331403
151,1582.4714183468927,398.1119288960285,0.9977735765999856
152,1582.4853368409117,400.7484317366618,0.997693567882982
153,1582.499255457348,403.384934576899,0.9976141050973093
154,1582.5131741962043,406.021437417306,0.99754575411041
155,1582.5270930574818,408.6579402577512,0.9975014274508649
156,1582.5410120411832,411.2944430981364,0.9974908722941841
157,1582.554931147306,413.93094593829727,0.9975165435024774
158,1582.5688503758531,416.5674487788653,0.9975735246123195
159,1582.5827697268273,419.2039516190121,0.997652407742528
160,1582.5966892002264,421.8404544593363,0.9977424154626466
161,1582.610608796053,424.47695729967296,0.9978341416039187
162,1582.6245285143082,427.1134601403884,0.9979225637178577
163,1582.6384483549948,429.74996298052116,0.9980093553473545
164,1582.6523683181106,432.3864658210015,0.998102287726145
165,1582.6662884036582,435.0229686611665,0.998210887351955
166,1582.6802086116404,437.6594715017473,0.9983404862209462
167,1582.694128942055,440.2959743421473,0.9984885084128468
168,1582.7080493949045,442.93247718236745,0.9986451343831912
169,1582.7219699701905,445.56898002290643,0.998797029128363
170,1582.735890667915,448.2054828630679,0.9989315458356318
171,1582.7498114880766,450.84198570348303,0.9990398048575321
172,1582.7637324306772,453.4784885438539,0.9991180226318868
173,1582.7776534957202,456.11499138418117,0.9991672849635966
174,1582.791574683203,458.7514942247972,0.9991925826079059
175,1582.8054959931285,461.3879970649394,0.999201685646953
176,1582.8194174254977,464.0244999054375,0.9992040016871717
177,1582.8333389803133,466.6610027456618,0.9992087508222405
178,1582.847260657573,469.29750558627626,0.9992224031441671
179,1582.8611824572797,471.9340084264184,0.9992470466600374
180,1582.8751043794362,474.5705112670509,0.9992807409588528
181,1582.8890264240401,477.2070141072118,0.9993193527549988
182,1582.9029485910942,479.8435169474984,0.9993585288365622
183,1582.9168708805994,482.48001978811,0.9993947464331674
184,1582.9307932925585,485.1165226284828,0.9994253159710482
185,1582.9447158269695,487.75302546861695,0.9994482053091751
186,1582.958638483835,490.38952830907635,0.9994624114659945
187,1582.9725612631578,493.02603114936346,0.9994676054611317
188,1582.9864841649355,495.6625339900421,0.9994640275265764
189,1583.0004071891708,498.2990368303824,0.9994527699671251
190,1583.014330335865,500.9355396705501,0.9994354076020093
191,1583.0282536050206,503.5720425108438,0.9994139265644343
192,1583.0421769966356,506.2085453513956,0.9993905365981564
193,1583.0561005107127,508.84504819180756,0.9993674475853465
194,1583.0700241472543,511.4815510319464,0.9993467245669884
195,1583.0839479062586,514.1180538724421,0.9993301959840186
196,1583.097871787728,516.7545567127637,0.9993190974559686
197,1583.111795791664,519.3910595531429,0.9993136759267127
198,1583.1257199180689,522.027562393579,0.9993132060555971
199,1583.1396441669406,524.6640652337734,0.9993164001325361
200,1583.153568538282,527.3005680744548,0.9993219173883544
201,1583.1674930320953,529.9370709148269,0.9993286884220915
202,1583.181417648379,532.5735737549551,0.9993356151134263
203,1583.1953423871353,535.2100765955355,0.9993410535907353
204,1583.2092672483657,537.8465794358044,0.9993428570112108
205,1583.2231922320725,540.4830822761921,0.9993391546861781
206,1583.2371173382537,543.1195851167313,0.9993289309455995
207,1583.251042566912,545.7560879569564,0.9993121492919862
208,1583.2649679180502,548.3925907973642,0.9992895103852095
209,1583.278893391666,551.0290936375558,0.9992622443406083
210,1583.292818987762,553.6655964779942,0.9992319302137959
211,1583.3067447063413,556.302099318314,0.9992002432074593
212,1583.3206705474013,558.9386021587792,0.9991690065287531
213,1583.3345965109447,561.5751049991896,0.999140598449127
214,1583.348522596973,564.2116078395113,0.9991182890729164
215,1583.3624488054884,566.848110679875,0.9991056389458579
216,1583.376375136489,569.4846135202803,0.9991051088578217
217,1583.3903015899778,572.1211163605929,0.9991167381999208
218,1583.404228165957,574.7576192010101,0.9991378093466091
219,1583.4181548644244,577.3941220413319,0.9991638223445691
220,1583.432081685383,580.0306248816233,0.9991901301446884
221,1583.4460086288339,582.6671277220153,0.9992131271414104
222,1583.4599356947797,585.3036305626389,0.9992305631562757
223,1583.473862883218,587.9401334029292,0.9992415279097063
224,1583.4877901941518,590.576636243249,0.9992465814661937
225,1583.5017176275837,593.213139083597,0.9992478510604594
226,1583.5156451835117,595.8496419239381,0.9992486457160958
227,1583.5295728619383,598.4861447642703,0.9992526328247068
228,1583.5435006628645,601.1226476046259,0.9992627683400495
229,1583.557428586293,603.759150445201,0.999280235995885
230,1583.5713566322222,606.3956532855632,0.9993038988573871
231,1583.585284800654,609.032156125976,0.9993309355521305
232,1583.5992130915915,611.6686589662382,0.9993581370404023
233,1583.6131415050327,614.3051618066796,0.9993827069879618
234,1583.6270700409798,616.941664647033,0.999402296277766
235,1583.6409986994342,619.5781674873622,0.9994151445340528
236,1583.6549274803988,622.2146703277982,0.9994208203230115
237,1583.668856383871,624.8511731681726,0.9994207040211265
238,1583.6827854098538,627.4876760085167,0.9994180190148181
239,1583.6967145583496,630.1241788489608,0.999417291761208
240,1583.7106438293565,632.760681689105,0.9994233173842937
241,1583.7245732228773,635.3971845295099,0.9994395354434138
242,1583.7385027389128,638.033687370008,0.999466351212523
243,1583.7524323774658,640.6701902101656,0.9995007159167095
244,1583.766362138534,643.3066930506435,0.9995374365725064
245,1583.7802920221204,645.9431958911406,0.9995708978767808
246,1583.7942220282278,648.5796987314224,0.9995967459887007
247,1583.8081521568533,651.216201571884,0.999612304302504
248,1583.8220824080004,653.8527044121583,0.9996169298018531
249,1583.8360127816698,656.4892072524744,0.9996107120389928
250,1583.849943277864,659.1257100927637,0.9995952048314352
251,1583.8638738965813,661.7622129334208,0.9995732064366731
252,1583.877804637824,664.39871577378,0.9995496112841198
253,1583.8917355015951,667.0352186141041,0.9995303947604628
254,1583.9056664878924,669.6717214545223,0.9995205859913847
255,1583.9195975967186,672.3082242947003,0.9995219189277946
256,1583.9335288280745,674.9447271350992,0.9995322428920331
257,1583.947460181963,677.5812299756163,0.9995469129992479
258,1583.961391658382,680.2177328158514,0.9995607176638726
259,1583.9753232573341,682.8542356563312,0.9995693583487972
260,1583.989254978822,685.490738496655,0.9995698603975078
261,1584.0031868228436,688.127241336952,0.999560398231434
262,1584.0171187894016,690.763744177219,0.9995398212044067
263,1584.031050878497,693.4002470176188,0.9995075289889767
264,1584.0449830901325,696.0367498580812,0.9994646504890353
265,1584.058915424306,698.6732526984706,0.9994143716654871
266,1584.0728478810202,701.3097555389824,0.9993620614785665
267,1584.0867804602776,703.9462583791494,0.9993138972682705
268,1584.1007131620763,706.5827612196966,0.9992749581854691
269,1584.114645986419,709.2192640599914,0.9992469364795207
270,1584.1285789333067,711.8557669003612,0.9992268347068765
271,1584.1425120027418,714.4922697406369,0.9992080483871604
272,1584.1564451947227,717.1287725810799,0.9991831447392815
273,1584.1703785092518,719.7652754215868,0.9991460783889675
274,1584.1843119463317,722.4017782616575,0.9990930611844029
275,1584.1982455059604,725.0382811022151,0.9990225517733543
276,1584.2121791881407,727.6747839425605,0.9989348102869223
277,1584.2261129928734,730.3112867831203,0.9988320065149103
278,1584.2400469201611,732.9477896232612,0.998718607705154
279,1584.2539809700022,735.5842924636416,0.9986008370411349
280,1584.2679151423988,738.2207953040923,0.9984846806609206
281,1584.2818494373541,740.8572981443106,0.9983733608613767
282,1584.2957838548655,743.4938009849552,0.9982653294625159
283,1584.309718394936,746.1303038252269,0.9981532700386662
284,1584.3236530575666,748.7668066655851,0.9980250832064899
285,1584.3375878427598,751.4033095060922,0.9978674540138305
286,1584.3515227505138,754.0398123461141,0.9976698431441281
287,1584.365457780831,756.6763151867397,0.9974264817123039
288,1584.3793929337144,759.3128180270372,0.9971375610437564
289,1584.3933282091614,761.9493208672673,0.9968110928849689
290,1584.407263607175,764.5858237077234,0.9964631891850109
291,1584.4211991277564,767.2223265481696,0.9961140803761525
292,1584.435134770908,769.858829388667,0.9957820594199737
293,1584.4490705366277,772.4953322289798,0.9954800498322884
294,1584.4630064249181,775.1318350693348,0.9952159708366964
295,1584.4769424357823,777.7683379097273,0.9949945354568257
296,1584.4908785692178,780.4048407501858,0.9948183811106756
297,1584.5048148252274,783.0413435903745,0.9946873333784316
298,1584.5187512038121,785.677846430653,0.9945947528863355
299,1584.532687704975,788.3143492710159,0.9945224910375303
300,1584.5466243287133,790.950852111525,0.9944397616606955
301,1584.56056107503,793.5873549518773,0.994309811910621
302,1584.5744979439278,796.223857792167,0.9941021005336426
303,1584.5884349354046,798.8603606325548,0.9938045383056173
304,1584.602372049463,801.4968634728701,0.9934311058820408
305,1584.616309286104,804.1333663133064,0.9930197391929358
306,1584.6302466453305,806.7698691538914,0.9926167713764952
307,1584.6441841271403,809.4063719941238,0.9922532781285085
308,1584.658121731536,812.0428748345279,0.9919284240177113
309,1584.6720594585204,814.679377675065,0.9916128674037333
310,1584.6859973080914,817.3158805151342,0.9912718056845118
311,1584.6999352802513,819.9523833555246,0.9908940043270835
312,1584.7138733750016,822.5888861959328,0.9905092884454444
313,1584.7278115923448,825.2253890362873,0.9901833476770224
314,1584.741749932279,827.8618918765492,0.9899910536118284
315,1584.7556883948064,830.4983947171767,0.9899813249938282
316,1584.76962697993,833.1348975575352,0.9901512514831057
317,1584.783565687648,835.7714003976853,0.9904422362678537
318,1584.7975045179624,838.4079032383164,0.9907595676296654
319,1584.8114434708748,841.0444060785621,0.9910051158386263
320,1584.8253825463876,843.6809089190127,0.991107727693578
321,1584.8393217444986,846.3174117592317,0.9910412530024227
322,1584.853261065211,848.9539145997435,0.9908297932572603
323,1584.8672005085268,851.5904174401443,0.990542268535044
324,1584.8811400744444,854.2269202803294,0.990274487082007
325,1584.8950797629661,856.8634231208221,0.9901200591932786
326,1584.9090195740932,859.4999259611862,0.9901429866379536
327,1584.9229595078284,862.1364288016474,0.9903675070228567
328,1584.9368995641696,864.7729316418025,0.9907875236548557
329,1584.9508397431193,867.4094344821417,0.9913835711398755
330,1584.96478004468,870.0459373225596,0.9921337982289905
331,1584.9787204688503,872.6824401629505,0.9930137398783084
332,1584.9926610156322,875.3189430032751,0.9939883876326987
333,1585.0066016850271,877.9554458436927,0.9950053660872196
334,1585.0205424770375,880.5919486841308,0.995997864449605
335,1585.0344833916613,883.2284515244173,0.9968986992907901
336,1585.0484244289014,885.8649543648105,0.99765767750679
337,1585.0623655887603,888.501457205238,0.9982522930916843
338,1585.0763068712358,891.1379600454612,0.9986875143662663
339,1585.0902482763306,893.7744628858711,0.9989868079754608
340,1585.104189804046,896.4109657263285,0.9991801478198727
341,1585.1181314543846,899.047468566595,0.9992960139881091
342,1585.132073227344,901.6839714069619,0.9993597718851521
343,1585.1460151229273,904.3204742474221,0.9993944603128657
344,1585.1599571411368,906.9569770880355,0.9994179830658816
345,1585.1738992819705,909.5934799281,0.9994404214986345
346,1585.1878415454314,912.2299827685687,0.9994651523102578
347,1585.2017839315217,914.8664856089048,0.9994916883710963
348,1585.2157264402395,917.5029884493,0.9995179019447817
349,1585.2296690715875,920.1394912897143,0.9995415094887022
350,1585.2436118255666,922.7759941301076,0.9995609708885687
351,1585.25755470218,925.412496970539,0.9995756084564575
352,1585.2714977014248,928.0489998107694,0.9995855412368823
353,1585.2854408233043,930.6855026511561,0.9995915581138922
354,1585.2993840678207,933.3220054916254,0.9995948202021264
355,1585.3133274349723,935.958508331806,0.9995964668360349
356,1585.3272709247617,938.5950111722531,0.9995974089126519
357,1585.3412145371897,941.2315140128602,0.9995982289483046
358,1585.3551582722594,943.8680168530575,0.99959907147064
359,1585.3691021299683,946.5045196935655,0.9995997135590309
360,1585.3830461103191,949.1410225338138,0.9995998774465226
361,1585.396990213315,951.7775253741593,0.9995994476015013
362,1585.410934438953,954.4140282143626,0.9995983109158053
363,1585.4248787872366,957.0505310550448,0.9995962202905568
364,1585.4388232581664,959.6870338954369,0.9995928850070503
365,1585.4527678517452,962.3235367357303,0.9995881862504108
366,1585.466712567971,964.9600395761157,0.9995822133819262
367,1585.4806574068464,967.5965424162542,0.9995752604776499
368,1585.4946023683738,970.233045256634,0.9995677835297765
369,1585.5085474525515,972.8695480971485,0.999560171622457
370,1585.5224926593821,975.5060509373592,0.9995524667716286
371,1585.5364379888665,978.142553777821,0.9995443442200458
372,1585.5503834410074,980.7790566184264,0.9995353605840205
373,1585.564329015803,983.4155594587374,0.9995251958011473
374,1585.5782747132555,986.0520622989775,0.9995135920174438
375,1585.592220533368,988.688565139337,0.9995001901210566
376,1585.606166476138,991.3250679796753,0.9994845083277055
377,1585.6201125415682,993.9615708200502,0.999466126391503
378,1585.6340587296602,996.59807366052,0.9994447770037885
379,1585.6480050404161,999.2345765007453,0.9994202826244878
380,1585.661951473834,1001.8710793411813,0.9993925263684904
381,1585.6758980299169,1004.5075821818184,0.9993613639090766
382,1585.689844708667,1007.1440850221204,0.9993264293499866
383,1585.703791510082,1009.7805878623099,0.9992872461651948
384,1585.7177384341653,1012.4170907027417,0.999243503825483
385,1585.7316854809173,1015.053593543176,0.99919507289113
386,1585.7456326503413,1017.690096383505,0.999141809394434
387,1585.7595799424348,1020.3265992237533,0.9990835238388409
388,1585.7735273572002,1022.9631020642754,0.9990201868053825
389,1585.7874748946408,1025.5996049045013,0.998952133626194
390,1585.8014225547543,1028.2361077448513,0.9988800901065258
391,1585.815370337543,1030.872610585218,0.9988050471291704
392,1585.8293182430084,1033.509113425856,0.9987281209393243
393,1585.843266271153,1036.1456162660631,0.9986506738504535
394,1585.8572144219747,1038.7821191065902,0.9985744280910068
395,1585.8711626954762,1041.4186219467676,0.9985013348895921
396,1585.88511109166,1044.0551247870817,0.9984336949618424
397,1585.8990596105243,1046.6916276274576,0.9983742617356084
398,1585.9130082520717,1049.3281304678196,0.9983256854998583
399,1585.926957016303,1051.9646333082583,0.998289796247749
400,1585.9409059032212,1054.6011361488304,0.9982673655713321
401,1585.9548549128242,1057.2376389889973,0.998258098070596
402,1585.9688040451142,1059.874141829345,0.99826078955946
403,1585.9827533000944,1062.5106446697323,0.9982736356117636
404,1585.9967026777626,1065.147147510083,0.99829395512996
405,1586.0106521781213,1067.7836503506194,0.9983172403748838
406,1586.0246018011715,1070.4201531908363,0.998337042899261
407,1586.0385515469163,1073.056656031418,0.9983466692009482
408,1586.0525014153532,1075.6931588715292,0.9983412880124738
409,1586.066451406485,1078.3296617119202,0.9983186606859104
410,1586.0804015203141,1080.9661645523167,0.9982787824289072
411,1586.094351756839,1083.602667392676,0.9982236098369636
412,1586.1083021160619,1086.2391702329226,0.998157026650452
413,1586.122252597984,1088.875673073575,0.9980843527251773
414,1586.1362032026082,1091.5121759136982,0.9980111818852357
415,1586.1501539299318,1094.1486787543072,0.9979421121375702
416,1586.164104779958,1096.7851815944666,0.9978796881728142
417,1586.1780557526895,1099.4216844351904,0.9978234881844295
418,1586.1920068481238,1102.0581872752466,0.9977700333073207
419,1586.2059580662637,1104.694690115682,0.9977144626096941
420,1586.2199094071107,1107.3311929559584,0.9976533030123447
421,1586.2338608706668,1109.967695796561,0.9975867020312524
422,1586.2478124569304,1112.6041986369178,0.9975192324282003
423,1586.261764165904,1115.2407014770517,0.997458956888703
424,1586.2757159975904,1117.8772043176793,0.9974149503650477
425,1586.2896679519872,1120.5137071578981,0.997394547599099
426,1586.3036200290971,1123.1502099983595,0.9974014935628289
427,1586.3175722289216,1125.7867128387875,0.9974347471355194
428,1586.331524551463,1128.423215678941,0.9974876369106263
429,1586.3454769967193,1131.059718519305,0.9975484601139968
430,1586.359429564693,1133.6962213597371,0.9976034846679032
431,1586.373382255387,1136.3327242001271,0.9976415422088747
432,1586.3873350687993,1138.969227040696,0.9976580180677821
433,1586.4012880049322,1141.605729881103,0.9976560149834547
434,1586.4152410637869,1144.242232721403,0.997644125561382
435,1586.4291942453665,1146.878735561652,0.9976323778690653
436,1586.443147549668,1149.5152384019375,0.9976287555579324
437,1586.457100976695,1152.1517412425462,0.9976375208295851
438,1586.4710545264497,1154.788244082741,0.9976584165039962
439,1586.4850081989302,1157.424746923006,0.997685865140074
440,1586.4989619941389,1160.0612497635618,0.9977093356196274
441,1586.5129159120772,1162.697752604034,0.9977161388688357
442,1586.5268699527473,1165.3342554442459,0.9976958110947108
443,1586.5408241161476,1167.9707582848146,0.9976436844560663
444,1586.5547784022806,1170.607261124903,0.9975618866939687
445,1586.568732811149,1173.243763965425,0.9974580215579429
446,1586.5826873427504,1175.8802668055762,0.9973426065348787
447,1586.5966419970878,1178.516769646006,0.9972257898266511
448,1586.6105967741623,1181.1532724865053,0.9971139241999984
449,1586.6245516739764,1183.7897753269967,0.9970076574778977
450,1586.6385066965279,1186.4262781673362,0.9969031288561061
451,1586.6524618418198,1189.0627810075132,0.9967951395306136
452,1586.6664171098546,1191.699283848011,0.9966793129291129
453,1586.68037250063,1194.3357866883887,0.9965521205421353
454,1586.694328014149,1196.9722895288662,0.9964094657321408
455,1586.7082836504126,1199.6087923690022,0.9962427131370056
456,1586.7222394094233,1202.2452952094131,0.9960291740715284
457,1586.7361952911792,1204.8817980498886,0.9957182984959918
458,1586.7501512956828,1207.5183008903512,0.9952242027358758
459,1586.7641074229368,1210.15480373069,0.9944398518369374
460,1586.7780636729394,1212.7913065708929,0.9932778675135758
461,1586.7920200456929,1215.4278094114104,0.9917179373375462
462,1586.8059765411983,1218.0643122517686,0.9898218239660135
463,1586.8199331594587,1220.7008150920217,0.9876932349949927
464,1586.8338899004718,1223.3373179324876,0.9854081919537584
465,1586.84784676424,1225.9738207729558,0.9829729648109158
466,1586.8618037507665,1228.6103236131512,0.9803430053149613
467,1586.8757608600488,1231.2468264536874,0.9774829844057003
468,1586.8897180920897,1233.8833292938605,0.974419559747421
469,1586.90367544689,1236.5198321344167,0.971253230944537
470,1586.9176329244528,1239.1563349746834,0.9681263037662979
471,1586.931590524776,1241.792837815177,0.9651990256627127
472,1586.945548247862,1244.4293406555219,0.962586200275884
473,1586.9595060937136,1247.0658434958045,0.9603956155444339
474,1586.9734640623285,1249.7023463363098,0.958724918554606
475,1586.9874221537095,1252.3388491766952,0.9576664474738292
476,1587.001380367858,1254.9753520167167,0.9572795945527734
477,1587.0153387047762,1257.6118548573527,0.9575516946674492
478,1587.0292971644622,1260.2483576977645,0.9583857421578075
479,1587.0432557469187,1262.8848605379076,0.9596392573208254
480,1587.0572144521482,1265.521363378263,0.9611964396915147
481,1587.071173280149,1268.1578662187203,0.9630214957014253
482,1587.0851322309231,1270.7943690592003,0.9651487371081011
483,1587.0990913044739,1273.4308718993595,0.967612356672969
484,1587.1130505007989,1276.067374739879,0.9703659893759669
485,1587.1270098199006,1278.7038775801843,0.9732495558139723
486,1587.1409692617806,1281.3403804206587,0.9760252276774898
487,1587.1549288264412,1283.976883261025,0.978456694884086
488,1587.1688885138803,1286.6133861013361,0.9803805151965166
489,1587.1828483241009,1289.2498889416784,0.9817291844621021
490,1587.1968082571052,1291.8863917820718,0.9825033107726837
491,1587.2107683128913,1294.5228946225684,0.9827279397166816
492,1587.224728491462,1297.1593974629247,0.9824355824696023
493,1587.2386887928183,1299.7959003030942,0.9816888334364136
494,1587.2526492169627,1302.4324031436574,0.9806159556300069
495,1587.2666097638935,1305.0689059838094,0.9794186615002005
496,1587.2805704336129,1307.7054088241637,0.9783311659164521
497,1587.2945312261238,1310.3419116648054,0.9775441427417
498,1587.308492141424,1312.9784145050946,0.9771324347100141
499,1587.3224531795165,1315.6149173455458,0.9770276050614417
500,1587.336414340402,1318.2514201857161,0.977054573905289
501,1587.3503756240832,1320.8879230260868,0.9770173885627647
502,1587.3643370305583,1323.5244258666116,0.9767927313621549
503,1587.3782985598298,1326.160928706947,0.9763863894691118
504,1587.3922602119,1328.797431547178,0.9759274895307818
505,1587.4062219867674,1331.4339343878182,0.9756049752887743
506,1587.4201838844344,1334.0704372279642,0.9755760626555712
507,1587.4341459049022,1336.7069400682938,0.9758882043139453
508,1587.4481080481733,1339.343442908794,0.9764507358144338
509,1587.4620703142455,1341.9799457490544,0.9770708437216166
510,1587.4760327031217,1344.616448589589,0.9775390294088915
511,1587.4899952148046,1347.2529514299217,0.9777265143790906
512,1587.503957849292,1349.8894542702697,0.9776527338642494
513,1587.5179206065866,1352.525957110586,0.9774948111334174
514,1587.5318834866894,1355.1624599511201,0.9775329582408978
515,1587.545846489603,1357.7989627913298,0.9780478072972165
516,1587.5598096153255,1360.4354656318608,0.9792053782107352
517,1587.5737728638596,1363.0719684722371,0.980978910548287
518,1587.5877362352078,1365.7084713126421,0.9831508370427198
519,1587.601699729368,1368.3449741529957,0.9854013650855517
520,1587.6156633463431,1370.9814769931845,0.9874380727886863
521,1587.629627086134,1373.6179798337873,0.9890949908255036
522,1587.6435909487432,1376.2544826739656,0.9903548143971181
523,1587.657554934169,1378.8909855143643,0.9913013989677761
524,1587.6715190424136,1381.5274883548034,0.9920465546809637
525,1587.68548327348,1384.1639911952027,0.9926749659921721
526,1587.6994476273662,1386.8004940354824,0.9932268278046881
527,1587.7134121040747,1389.4369968758244,0.9937119927007703
528,1587.7273767036063,1392.073499716082,0.9941358097850982
529,1587.7413414259643,1394.7100025565383,0.9945169608187899
530,1587.755306271146,1397.3465053970456,0.9948855720151829
531,1587.7692712391545,1399.9830082372596,0.9952620913331849
532,1587.7832363299922,1402.6195110778906,0.9956326753759
533,1587.797201543657,1405.2560139180005,0.9959437078845486
534,1587.8111668801516,1407.8925167583986,0.9961235330547471
535,1587.8251323394775,1410.5290195989708,0.9961164267692171
536,1587.8390979216367,1413.165522439241,0.9959090236213461
537,1587.8530636266275,1415.8020252795557,0.9955417442349059
538,1587.8670294544524,1418.4385281199995,0.9951036770385489
539,1587.8809954051144,1421.0750309601942,0.9947060744300331
540,1587.8949614786109,1423.711533800684,0.9944369696215151
541,1587.9089276749448,1426.34803664106,0.9943198075178714
542,1587.9228939941174,1428.9845394815686,0.9943055065796726
543,1587.9368604361312,1431.621042321668,0.9943048343916645
544,1587.9508270009837,1434.2575451622001,0.9942386928494004
545,1587.9647936886784,1436.894048002588,0.994076298567095
546,1587.9787604992173,1439.5305508429815,0.9938448563323143
547,1587.9927274325985,1442.167053683167,0.9936113901813464
548,1588.0066944888247,1444.8035565234918,0.9934485155847851
549,1588.020661667897,1447.4400593641378,0.9934007987087796
550,1588.034628969818,1450.0765622042657,0.9934670961638095
551,1588.0485963945857,1452.7130650448476,0.993605867444285
552,1588.0625639422026,1455.3495678851107,0.9937583924279441
553,1588.0765316126715,1457.9860707254998,0.9938766920705342
554,1588.0904994059904,1460.6225735659657,0.9939430990462983
555,1588.1044673221618,1463.2590764061313,0.9939743391945354
556,1588.1184353611868,1465.8955792465727,0.9940098186099915
557,1588.132403523068,1468.5320820870438,0.9940898682766992
558,1588.1463718078037,1471.1685849274622,0.9942349923391356
559,1588.160340215396,1473.805087767812,0.9944373123866084
560,1588.1743087458478,1476.4415906082415,0.9946670087914986
561,1588.1882773991572,1479.0780934483068,0.9948868190377149
562,1588.2022461753268,1481.7145962889142,0.9950658142661775
563,1588.2162150743573,1484.3510991293547,0.9951878291265613
564,1588.2301840962518,1486.987601969744,0.9952536628923837
565,1588.2441532410082,1489.6241048100005,0.9952785082816412
566,1588.258122508629,1492.2606076503378,0.9952872158997386
567,1588.2720918991167,1494.8971104907068,0.995308755025294
568,1588.2860614124695,1497.5336133310248,0.995369609405242
569,1588.30003104869,1500.1701161713745,0.9954869800188262
570,1588.3140008077794,1502.8066190117063,0.9956644759952091
571,1588.3279706897401,1505.4431218523328,0.9958920093411059
572,1588.3419406945702,1508.0796246926773,0.9961495795555244
573,1588.355910822272,1510.7161275329868,0.9964137464141959
574,1588.369881072849,1513.3526303732772,0.9966641992992044
575,1588.3838514462982,1515.9891332136306,0.9968869528303597
576,1588.3978219426226,1518.6256360539978,0.9970734750640499
577,1588.4117925618236,1521.262138894559,0.9972184562173273
578,1588.4257633039033,1523.8986417349015,0.997318734891115
579,1588.43973416886,1526.5351445752726,0.9973739921298019
580,1588.4537051566965,1529.1716474155567,0.997388290092531
581,1588.467676267415,1531.8081502559667,0.9973708673061024
582,1588.4816475010136,1534.444653096354,0.9973352646091268
583,1588.4956188574952,1537.0811559367012,0.9972965680078847
584,1588.5095903368606,1539.7176587771235,0.9972672864069209
585,1588.5235619391124,1542.3541616174705,0.9972534042051057
586,1588.5375336642487,1544.9906644578582,0.9972527849345598
587,1588.5515055122723,1547.6271672982687,0.9972556531895711
588,1588.5654774831858,1550.2636701384208,0.9972521631920681
589,1588.5794495769867,1552.900172978792,0.9972235981134717
590,1588.593421793678,1555.5366758192654,0.9971538238959294
591,1588.6073941332609,1558.1731786598566,0.9970299310945006
592,1588.621366595738,1560.8096814999546,0.9968523971482424
593,1588.635339181107,1563.4461843404322,0.9966385130009863
594,1588.6493118893707,1566.082687180645,0.9964139622068231
595,1588.6632847205317,1568.719190021169,0.9962002099643041
596,1588.677257674588,1571.3556928614257,0.9960086166881101
597,1588.6912307515424,1573.9921957017277,0.9958421629277221
598,1588.7052039513956,1576.628698542287,0.9956996028908379
599,1588.7191772741505,1579.265201382625,0.9955777344336415
600,1588.7331507198053,1581.9017042229873,0.9954694384147542
601,1588.747124288362,1584.5382070632895,0.9953588769302129
602,1588.761097979824,1587.174709903679,0.9952189208544074
603,1588.7750717941885,1589.8112127441702,0.9950154064318277
604,1588.7890457314586,1592.4477155845482,0.9947190667113205
605,1588.8030197916353,1595.084218424728,0.9943218371463126
606,1588.8169939747213,1597.7207212652854,0.9938507209644509
607,1588.8309682807144,1600.357224105674,0.9933700680369697
608,1588.8449427096173,1602.9937269460086,0.992965304039644
609,1588.858917261433,1605.6302297862699,0.9927114118715591
610,1588.8728919361588,1608.2667326268024,0.9926426032748008
611,1588.8868667337977,1610.9032354668957,0.9927415269730007
612,1588.9008416543509,1613.539738307289,0.9929529521339722
613,1588.9148166978207,1616.1762411476677,0.9932120792322972
614,1588.9287918642053,1618.8127439881448,0.9934730033683601
615,1588.9427671535075,1621.449246828603,0.993725480105551
616,1588.9567425657297,1624.0857496690896,0.9939932960689193
617,1588.9707181008696,1626.7222525093553,0.9943156658192704
618,1588.9846937589302,1629.3587553496782,0.9947214909064638
619,1588.9986695399143,1631.9952581899406,0.9952094665749273
620,1589.0126454438196,1634.631761030321,0.9957442187396828
621,1589.0266214706487,1637.268263870702,0.9962712261357554
622,1589.0405976204029,1639.9047667111308,0.996742119365766
623,1589.0545738930846,1642.5412695516216,0.9971343526375718
624,1589.068550288692,1645.177772391891,0.9974545396286105
625,1589.0825268072274,1647.8142752324154,0.9977275608751395
626,1589.0965034486937,1650.4507780727135,0.9979798027509925
627,1589.110480213089,1653.087280913162,0.998224227996892
628,1589.1244571004156,1655.7237837534458,0.9984545174439596
629,1589.1384341106748,1658.360286593644,0.9986515996901556
630,1589.1524112438692,1660.996789434165,0.9987966293665985
631,1589.1663884999966,1663.633292274628,0.9988806836549907
632,1589.1803658790598,1666.2697951149487,0.9989070132419029
633,1589.1943433810616,1668.9062979553692,0.9988874471934521
634,1589.2083210059996,1671.542800795674,0.9988358332457233
635,1589.2222987538767,1674.1793036358436,0.9987621059877743
636,1589.2362766246938,1676.8158064763843,0.9986703323370661
637,1589.2502546184537,1679.4523093168498,0.9985603810474841
638,1589.2642327351543,1682.0888121571872,0.9984300307262739
639,1589.2782109747984,1684.725314997607,0.9982758081523004
640,1589.2921893373882,1687.361817837926,0.9980929468518425
641,1589.3061678229221,1689.9983206781235,0.997874490620803
642,1589.3201464314027,1692.634823518673,0.997609956988101
643,1589.3341251628308,1695.2713263588982,0.9972857063747252
644,1589.3481040172094,1697.907829199239,0.9968878850140707
645,1589.3620829945362,1700.5443320397087,0.9964071408581106
646,1589.3760620948137,1703.1808348800566,0.9958441321725695
647,1589.3900413180452,1705.8173377203623,0.9952130289536407
648,1589.4040206642278,1708.4538405606384,0.9945387383543821
649,1589.4180001333648,1711.0903434012594,0.9938468186167492
650,1589.4319797254568,1713.7268462417114,0.993150370428468
651,1589.445959440507,1716.3633490819097,0.9924412308257453
652,1589.4599392785128,1718.9998519223925,0.9916929097049946
653,1589.4739192394773,1721.6363547626793,0.9908769215103278
654,1589.4878993234029,1724.272857603112,0.9899838172235459
655,1589.5018795302874,1726.9093604434725,0.9890367631256886
656,1589.5158598601338,1729.545863283708,0.9880912370302829
657,1589.529840312943,1732.1823661240276,0.987221830237834
658,1589.5438208887176,1734.8188689645763,0.9865046521718948
659,1589.5578015874555,1737.4553718047744,0.9860065694382825
660,1589.5717824091596,1740.0918746452587,0.9857846048012122
661,1589.5857633538324,1742.7283774857785,0.9858884743603744
662,1589.5997444214718,1745.3648803261492,0.9863563124827237
663,1589.6137256120805,1748.0013831662845,0.9871990845333212
664,1589.6277069256596,1750.637886006722,0.9883802809833054
665,1589.6416883622119,1753.2743888472778,0.9898064047769563
666,1589.655669921735,1755.9108916876667,0.991340539840334
667,1589.6696516042318,1758.5473945280003,0.9928367362254635
668,1589.6836334097047,1761.1838973682575,0.9941799357064546
669,1589.697615338152,1763.8204002085488,0.9953137306668478
670,1589.7115973895761,1766.4569030491164,0.9962427755421525
671,1589.7255795639783,1769.093405889315,0.9970056995555854
672,1589.739561861361,1771.7299087298136,0.9976342744071607
673,1589.7535442817223,1774.3664115699999,0.9981335684328775
674,1589.7675268250646,1777.0029144104772,0.9984995844700891
675,1589.781509491391,1779.6394172509936,0.9987447348210932
676,1589.7954922806991,1782.2759200911014,0.9988977893613479
677,1589.8094751929916,1784.912422931469,0.9989879252658189
678,1589.8234582282696,1787.5489257719776,0.9990365968347266
679,1589.837441386536,1790.1854286124076,0.9990584548766887
680,1589.8514246677883,1792.8219314527375,0.9990632183812351
681,1589.8654080720294,1795.4584342931118,0.9990566746801215
682,1589.8793915992621,1798.0949371335732,0.9990420910460946
683,1589.893375249484,1800.7314399738048,0.9990220306730906
684,1589.9073590226978,1803.3679428142457,0.9989993959833066
685,1589.9213429189049,1806.0044456545781,0.9989775643202462
686,1589.9353269381077,1808.6409484948792,0.9989602713803667
687,1589.9493110803041,1811.2774513352258,0.9989513448399632
688,1589.963295345497,1813.9139541755965,0.9989541488320168
689,1589.9772797336889,1816.5504570161336,0.9989709335136905
690,1589.9912642448776,1819.1869598565188,0.9990021954711807
691,1590.005248879066,1821.8234626968303,0.999046344248765
692,1590.019233636255,1824.4599655371112,0.9991002042413533
693,1590.0332185164473,1827.0964683774052,0.9991599764627446
694,1590.047203519641,1829.7329712181183,0.999222055477195
695,1590.0611886458385,1832.36947405834,0.9992836062146009
696,1590.0751738950426,1835.005976898641,0.9993425929067575
697,1590.0891592672513,1837.642479739031,0.9993973144211817
698,1590.103144762467,1840.2789825795542,0.9994463070755877
699,1590.117130380691,1842.9154854199255,0.9994888085175498
700,1590.131116121926,1845.5519882602537,0.9995250359551862
701,1590.1451019861697,1848.1884911004515,0.9995560053365979
702,1590.159087973425,1850.824993940825,0.999583175639374
703,1590.1730740836945,1853.46149678122,0.9996078106565696
704,1590.187060316976,1856.0979996215483,0.9996303707524478
705,1590.201046673272,1858.7345024618867,0.9996507136774875
706,1590.215033152584,1861.3710053022785,0.9996688265251998
707,1590.2290197549146,1864.0075081428977,0.9996849852289018
708,1590.2430064802616,1866.6440109829657,0.999699452341491
709,1590.2569933286275,1869.2805138234467,0.9997122756240208
710,1590.2709803000153,1871.9170166637587,0.9997232523714854
711,1590.2849673944224,1874.5535195042403,0.9997321496822889
712,1590.2989546118522,1877.190022344705,0.999738965371154
713,1590.3129419523052,1879.8265251850316,0.9997438897634747
714,1590.3269294157842,1882.4630280252295,0.9997472382695132
715,1590.3409170022874,1885.0995308657689,0.9997494192095259
716,1590.354904711817,1887.7360337061998,0.9997507818694112
717,1590.3688925443762,1890.3725365464006,0.9997514441846316
718,1590.3828804999623,1893.0090393867097,0.9997512201223284
719,1590.3968685785785,1895.6455422271702,0.9997497344741088
720,1590.4108567802255,1898.2820450674951,0.999746687662836
721,1590.4248451049064,1900.9185479080895,0.9997420027672687
722,1590.4388335526185,1903.5550507483051,0.9997357275411023
723,1590.452822123365,1906.1915535887108,0.9997278393575582
724,1590.4668108171484,1908.828056429119,0.9997182387366569
725,1590.4807996339666,1911.4645592694399,0.9997068785330372
726,1590.4947885738222,1914.1010621098478,0.9996938219853672
727,1590.5087776367163,1916.7375649499909,0.9996792487635839
728,1590.5227668226516,1919.3740677906994,0.9996635107405836
729,1590.5367561316261,1922.0105706309328,0.9996471493178944
730,1590.5507455636425,1924.6470734711584,0.9996305935775776
731,1590.5647351187033,1927.2835763116166,0.9996139725830322
732,1590.5787247968062,1929.9200791519875,0.9995973802772198
733,1590.5927145979545,1932.556581992314,0.9995810952681297
734,1590.6067045221487,1935.1930848328673,0.9995654636477704
735,1590.6206945693918,1937.82958767323,0.9995507946257578
736,1590.6346847396815,1940.466090513673,0.9995372387838365
737,1590.6486750330205,1943.1025933537467,0.9995246938977458
738,1590.6626654494116,1945.7390961942478,0.9995129178244533
739,1590.6766559888529,1948.375599034758,0.9995017515155463
740,1590.6906466513465,1951.012101874925,0.9994912208031623
741,1590.7046374368938,1953.6486047155788,0.9994814967793291
742,1590.7186283454976,1956.285107555907,0.9994728029667914
743,1590.7326193771555,1958.9216103961817,0.9994653378720122
744,1590.7466105318706,1961.5581132366078,0.9994591114584412
745,1590.760601809645,1964.194616076768,0.9994538360584113
746,1590.7745932104772,1966.831118917162,0.9994491636925533
747,1590.7885847343694,1969.4676217577014,0.9994449286245546
748,1590.802576381323,1972.1041245980002,0.9994410618730148
749,1590.8165681513403,1974.7406274381974,0.999437517079883
750,1590.8305600444198,1977.377130278861,0.9994344660852957
751,1590.8445520605635,1980.0136331190133,0.9994323154122939
752,1590.8585441997745,1982.6501359593528,0.9994314034391897
753,1590.8725364620507,1985.2866387998547,0.9994316812702172
754,1590.8865288473946,1987.923141640133,0.9994328009490439
755,1590.900521355809,1990.55964448059,0.9994345756392381
756,1590.9145139872915,1993.1961473210047,0.9994372220661428
757,1590.9285067418452,1995.8326501613515,0.9994411340099859
758,1590.942499619471,1998.4691530017378,0.9994465026970106
759,1590.9564926201715,2001.1056558422697,0.9994531567023079
760,1590.9704857439447,2003.7421586825285,0.9994606614314201
761,1590.9844789907931,2006.3786615227189,0.999468575264023
762,1590.9984723607197,2009.015164363407,0.9994766023688594
763,1591.0124658537222,2011.6516672034847,0.9994845798662522
764,1591.0264594698033,2014.2881700438465,0.9994924211258187
765,1591.040453208964,2016.9246728844005,0.9995000472600577
766,1591.054447071207,2019.5611757245977,0.9995073922991544
767,1591.0684410565304,2022.1976785648715,0.9995144863483354
768,1591.0824351649367,2024.8341814052628,0.9995213918387369
769,1591.0964293964284,2027.470684245747,0.999527900319144
770,1591.1104237510037,2030.1071870861667,0.999533389930921
771,1591.1244182286653,2032.7436899264635,0.9995369727649611
772,1591.138412829414,2035.380192766777,0.9995378339348198
773,1591.1524075532527,2038.0166956074106,0.999535677160556
774,1591.166402400179,2040.6531984475491,0.9995308800327646
775,1591.180397370196,2043.2897012880874,0.9995240910195707
776,1591.1943924633063,2045.9262041285401,0.9995157154236878
777,1591.2083876795075,2048.5627069689153,0.9995058596918606
778,1591.2223830188025,2051.1992098090545,0.9994948045460776
779,1591.236378481192,2053.8357126493925,0.9994833680726015
780,1591.2503740666796,2056.4722154899696,0.999472522506168
781,1591.2643697752621,2059.1087183303002,0.9994624925205395
782,1591.278365606943,2061.745221170621,0.9994520958280281
783,1591.2923615617244,2064.3817240110375,0.9994390321187627
784,1591.3063576396046,2067.01822685126,0.9994211338544692
785,1591.3203538405862,2069.654729691757,0.9993974087054319
786,1591.33435016467,2072.291232532173,0.9993679890220741
787,1591.348346611859,2074.9277353725815,0.9993336124982795
788,1591.3623431821509,2077.5642382127253,0.9992956039738816
789,1591.3763398755486,2080.2007410533347,0.9992561930809192
790,1591.3903366920545,2082.837243893661,0.9992184608150589
791,1591.4043336316668,2085.4737467340706,0.9991854603125381
792,1591.4183306943878,2088.110249574309,0.9991590977885162
793,1591.4323278802187,2090.746752414579,0.9991398019207881
794,1591.4463251891625,2093.383255255183,0.9991268207057236
795,1591.4603226212168,2096.0197580956674,0.9991186857330028
796,1591.4743201763843,2098.6562609359075,0.9991136823756507
797,1591.4883178546677,2101.292763776074,0.999110045485164
798,1591.5023156560649,2103.929266616501,0.9991058957480339
799,1591.5163135805788,2106.5657694569327,0.9990995365476969
800,1591.53031162821,2109.202272297113,0.9990902549487111
801,1591.5443097989614,2111.8387751378023,0.9990789318117052
802,1591.558308092831,2114.4752779779565,0.9990676912143472
803,1591.5723065098216,2117.1117808183035,0.9990586213045043
804,1591.5863050499356,2119.748283658654,0.9990526878519939
805,1591.600303713171,2122.384786499045,0.9990497705164777
806,1591.6143024995304,2125.0212893394505,0.9990494726398264
807,1591.628301409015,2127.657792180008,0.9990517762649382
808,1591.6423004416272,2130.294295020329,0.9990568961222862
809,1591.6562995973654,2132.9307978607158,0.9990648254023455
810,1591.6702988762318,2135.5673007009755,0.9990754742014013
811,1591.6842982782293,2138.2038035412456,0.999089045086921
812,1591.698297803356,2140.8403063818937,0.9991060068444001
813,1591.7122974516142,2143.4768092221375,0.9991267411246931
814,1591.726297223005,2146.1133120624413,0.9991511815696448
815,1591.7402971175313,2148.7498149027138,0.9991785911683727
816,1591.7542971351909,2151.386317743255,0.9992075814500656
817,1591.7682972759865,2154.0228205835115,0.9992364317179077
818,1591.7822975399208,2156.659323424113,0.9992635491394949
819,1591.7962979269914,2159.295826264312,0.9992878617161046
820,1591.8102984372015,2161.9323291046026,0.9993089360369939
821,1591.824299070552,2164.5688319451906,0.9993268551529171
822,1591.8382998270451,2167.2053347853894,0.9993422708934154
823,1591.8523007066792,2169.8418376256313,0.9993567868549432
824,1591.866301709457,2172.478340466251,0.9993728769673842
825,1591.880302835381,2175.1148433064327,0.9993927757979177
826,1591.894304084449,2177.751346147132,0.9994171372136795
827,1591.908305456664,2180.387848987371,0.999444647483325
828,1591.9223069520267,2183.0243518275474,0.9994727564967001
829,1591.9363085705402,2185.6608546681914,0.9994986844498821
830,1591.950310312202,2188.297357508489,0.9995200087229776
831,1591.964312177015,2190.933860348738,0.9995349034046721
832,1591.9783141649818,2193.5703631890433,0.9995423658672974
833,1591.9923162761002,2196.206866029704,0.9995424406807347
834,1592.0063185103731,2198.8433688699383,0.9995360354613043
835,1592.0203208678015,2201.4798717103413,0.9995247045081276
836,1592.034323348388,2204.1163745506874,0.9995106166525007
837,1592.0483259521304,2206.752877390982,0.9994962891212077
838,1592.0623286790317,2209.3893802313937,0.9994837952107681
839,1592.0763315290944,2212.0258830717617,0.9994741706452912
840,1592.0903345023164,2214.662385912092,0.999467492490612
841,1592.1043375987003,2217.2988887524866,0.999463311336314
842,1592.1183408182471,2219.935391592983,0.9994609476521547
843,1592.13234416096,2222.5718944333553,0.9994594728105017
844,1592.1463476268364,2225.2083972735427,0.9994578791211001
845,1592.160351215879,2227.8449001140425,0.9994555896181377
846,1592.1743549280907,2230.4814029544636,0.9994525823761086
847,1592.188358763469,2233.1179057947124,0.9994491150004424
848,1592.2023627220171,2235.754408635285,0.9994455378766505
849,1592.2163668037358,2238.3909114753988,0.9994422654438446
850,1592.2303710086278,2241.027414316041,0.9994394999523656
851,1592.244375336691,2243.6639171560687,0.9994371052857104
852,1592.258379787928,2246.300419996632,0.9994350240543157
853,1592.2723843623419,2248.9369228369496,0.9994337423921454
854,1592.28638905993,2251.573425677418,0.9994340631144185
855,1592.3003938806953,2254.209928517681,0.9994366215319481
856,1592.3143988246386,2256.846431358167,0.9994416782425741
857,1592.3284038917632,2259.482934198651,0.999449253537587
858,1592.3424090820663,2262.119437038679,0.9994594031614588
859,1592.356414395551,2264.7559398792364,0.9994723565791169
860,1592.3704198322198,2267.3924427194756,0.9994884365386711
861,1592.3844253920706,2270.0289455599564,0.9995078012644825
862,1592.3984310751061,2272.6654484002897,0.9995301214176961
863,1592.4124368813275,2275.301951240676,0.9995543967650599
864,1592.4264428107374,2277.9384540812484,0.9995790715158399
865,1592.4404488633336,2280.5749569213554,0.9996023718731644
866,1592.4544550391188,2283.2114597617874,0.9996226504726927
867,1592.468461338096,2285.8479626022204,0.9996387370773571
868,1592.4824677602626,2288.4844654426893,0.9996504003545252
869,1592.4964743056214,2291.1209682830004,0.9996581117261991
870,1592.5104809741738,2293.757471123453,0.9996626762544151
871,1592.5244877659222,2296.3939739637876,0.9996649006346441
872,1592.5384946808647,2299.0304768041383,0.9996655767082882
873,1592.5525017190037,2301.666979644508,0.9996658653466014
874,1592.566508880342,2304.3034824848996,0.9996675610170077
875,1592.5805161648775,2306.9399853250857,0.999672736736464
876,1592.5945235726128,2309.5764881654977,0.9996828617950003
877,1592.6085311035492,2312.2129910057765,0.999698045220341
878,1592.6225387576894,2314.849493846383,0.999716854385377
879,1592.6365465350311,2317.485996686666,0.9997366459330432
880,1592.6505544355769,2320.122499526987,0.9997545199344838
881,1592.6645624593295,2322.7590023675143,0.9997683349752454
882,1592.6785706062872,2325.395505207857,0.9997768567492665
883,1592.6925788764522,2328.032008048147,0.9997795874939002
884,1592.7065872698256,2330.6685108883885,0.9997759407033736
885,1592.7205957864105,2333.305013728911,0.9997660614429045
886,1592.7346044262044,2335.9415165692913,0.9997502796314293
887,1592.7486131892101,2338.5780194097283,0.9997298221119976
888,1592.7626220754305,2341.2145222501263,0.9997068723867835
889,1592.776631084863,2343.851025090356,0.9996850221894884
890,1592.7906402175108,2346.4875279309117,0.9996686476950474
891,1592.8046494733762,2349.1240307711723,0.9996607027820006
892,1592.8186588524572,2351.760533611469,0.9996604167756704
893,1592.8326683547566,2354.3970364519664,0.9996634349791129
894,1592.8466779802754,2357.033539292077,0.9996639109019686
895,1592.8606877290163,2359.6700421325904,0.9996563860010492
896,1592.874697600977,2362.3065449729506,0.9996363625237482
897,1592.8887075961607,2364.9430478131926,0.9996000581585709
898,1592.9027177145695,2367.5795506536124,0.9995438573731181
899,1592.9167279562014,2370.2160534940817,0.9994649366866706
900,1592.9307383210594,2372.852556334537,0.9993628653979366
901,1592.9447488091441,2375.489059174816,0.9992412786643247
902,1592.9587594204588,2378.1255620151815,0.9991073923556368
903,1592.972770155001,2380.7620648554735,0.9989683143308176
904,1592.9867810127732,2383.3985676959865,0.998825138692563
905,1593.0007919937784,2386.035070536232,0.9986670090535887
906,1593.0148030980147,2388.6715733767683,0.9984679967560635
907,1593.028814325484,2391.3080762171044,0.9981887474022304
908,1593.0428256761882,2393.944579057538,0.9977810911805107
909,1593.0568371501297,2396.5810818976106,0.9971921768930262
910,1593.0708487473062,2399.2175847382096,0.996366596049646
911,1593.0848604677205,2401.854087578516,0.9952462474683792
912,1593.0988723113753,2404.4905904187945,0.9937698403513024
913,1593.1128842782687,2407.12709325934,0.9918790471981178
914,1593.1268963684029,2409.763596099565,0.9895370518145997
915,1593.1409085817795,2412.4000989400915,0.9867513991753347
916,1593.1549209184006,2415.0366017804645,0.9835810529703869
917,1593.1689333782647,2417.6731046209447,0.9801157866062701
918,1593.1829459613741,2420.3096074610435,0.976439136682509
919,1593.1969586677317,2422.946110301645,0.9726005972908613
920,1593.2109714973353,2425.582613142031,0.9686153041220444
921,1593.2249844501875,2428.219115982364,0.9644881281884461
922,1593.2389975262895,2430.8556188226144,0.9602412674415755
923,1593.253010725644,2433.49212166288,0.9559223301225315
924,1593.2670240482485,2436.1286245035226,0.9515831819982612
925,1593.2810374941062,2438.765127343625,0.9472373932920943
926,1593.2950510632195,2441.401630184171,0.9428145935930805
927,1593.3090647555864,2444.0381330243426,0.9381305601885584
928,1593.3230785712096,2446.6746358647624,0.9328855996795179
929,1593.33709251009,2449.3111387052336,0.926692749723137
930,1593.3511065722307,2451.947641545693,0.9191233030800736
931,1593.365120757629,2454.5841443860736,0.909747979262611
932,1593.379135066288,2457.220647226476,0.8981586037319949
933,1593.3931494982103,2459.8571500666053,0.883977280196599
934,1593.407164053394,2462.4936529071474,0.8668797861297781
935,1593.421178731841,2465.130155747549,0.8466555537086833
936,1593.4351935335533,2467.7666585878737,0.8232960378116513
937,1593.4492084585331,2470.4031614281557,0.7970705693023344
938,1593.4632235067784,2473.03966426846,0.7685434407411542
939,1593.477238678292,2475.6761671090812,0.7385152361863071
940,1593.4912539730763,2478.312669949267,0.7079154723231672
941,1593.5052693911293,2480.949172789607,0.6777020083605618
942,1593.5192849324537,2483.585675630132,0.6488093920776639
943,1593.5333005970508,2486.222178470353,0.6221325597737475
944,1593.547316384923,2488.8586813109237,0.5985118909163151
945,1593.5613322960685,2491.4951841512216,0.5786458438734626
946,1593.5753483304895,2494.1316869916072,0.5630723755367004
947,1593.589364488189,2496.768189831917,0.5521776826045421
948,1593.603380769165,2499.404692672444,0.5462448469913189
949,1593.6173971734197,2502.041195512534,0.5454615502295661
950,1593.6314137009547,2504.677698353136,0.5498990428354432
951,1593.6454303517723,2507.3142011933332,0.5595029005959998
952,1593.6594471258709,2509.950704033746,0.5740978836443142
953,1593.6734640232526,2512.587206874277,0.5933873868893655
954,1593.6874810439206,2515.2237097145003,0.6169421975153683
955,1593.7014981878722,2517.8602125549364,0.6441866775899721
956,1593.7155154551106,2520.49671539513,0.6743933144072849
957,1593.7295328456366,2523.1332182356996,0.7066959970596753
958,1593.7435503594531,2525.769721076155,0.7401275100480083
959,1593.7575679965578,2528.4062239163304,0.7736783845972688
960,1593.7715857569533,2531.042726756914,0.8063681530579789
961,1593.7856036406426,2533.679229596988,0.8373176965155734
962,1593.7996216476236,2536.3157324375647,0.8658110168789858
963,1593.8136397778985,2538.9522352777944,0.8913369043321591
964,1593.8276580314687,2541.588738118296,0.9136053303595216
965,1593.841676408337,2544.225240958513,0.932538444551616
966,1593.855694908501,2546.861743799099,0.9482406146208927
967,1593.8697135319637,2549.498246639235,0.9609552593839285
968,1593.8837322787276,2552.1347494798024,0.971017152030604
969,1593.8977511487906,2554.771252320113,0.9788071190857117
970,1593.911770142155,2557.40775516033,0.9847136925062223
971,1593.9257892588228,2560.044258000942,0.9891044814406402
972,1593.939808498796,2562.6807608412614,0.9923078616620631
973,1593.9538278620726,2565.3172636815475,0.994603821190934
974,1593.9678473486554,2567.9537665218645,0.9962221408546316
975,1593.981866958547,2570.590269362245,0.9973452441992954
976,1593.9958866917452,2573.226772202849,0.9981134961587317
977,1594.0099065482527,2575.863275043219,0.9986318656532029
978,1594.023926528071,2578.4997778833513,0.9989768881810697
979,1594.0379466312022,2581.1362807236387,0.9992030454417896
980,1594.0519668576444,2583.772783564144,0.9993482965520497
981,1594.0659872074004,2586.409286404571,0.9994385987011919
982,1594.0800076804728,2589.0457892449836,0.9994913276281314
983,1594.0940282768597,2591.6822920852164,0.9995176066553406
984,1594.1080489965634,2594.3187949256917,0.999523595262418
985,1594.122069839585,2596.95529776618,0.9995112035111262
986,1594.1360908059276,2599.5918006064503,0.9994787101444867
987,1594.1501118955887,2602.228303446696,0.9994210486684632
988,1594.1641331085711,2604.864806287243,0.9993294290430895
989,1594.1781544448775,2607.501309127565,0.9991909058182561
990,1594.1921759045058,2610.1378119678893,0.9989907741783047
991,1594.2061974874587,2612.7743148081818,0.9987146376380345
992,1594.2202191937372,2615.4108176486347,0.9983464788473004
993,1594.234241023344,2618.047320489084,0.9978722042961904
994,1594.2482629762771,2620.683823329428,0.9972896266000717
995,1594.262285052539,2623.3203261696317,0.9966137701819802
996,1594.2763072521327,2625.9568290101515,0.9958740917172554
997,1594.2903295750557,2628.593331850624,0.9951052297834913
998,1594.304352021311,2631.2298346909174,0.9943339972288561
999,1594.3183745908993,2633.866337531191,0.993569660657424
1000,1594.3323972838239,2636.502840371444,0.9928064956684974
1001,1594.346420100082,2639.1393432118357,0.9920430935412786
1002,1594.3604430396767,2641.7758460522655,0.9913140573022085
1003,1594.3744661026105,2644.412348892568,0.9907201302987284
1004,1594.3884892888816,2647.0488517330673,0.990431719139644
1005,1594.4025125984922,2649.685354573335,0.9906348275419574
1006,1594.4165360314437,2652.3218574137936,0.9914171239381312
1007,1594.4305595877388,2654.958360254048,0.9926647357807421
1008,1594.4445832673753,2657.5948630946505,0.9940782243584545
1009,1594.4586070703558,2660.231365934978,0.9953199184575823
1010,1594.4726309966832,2662.867868775353,0.9961462939386341
1011,1594.4866550463553,2665.5043716158057,0.996372260762752
1012,1594.5006792193747,2668.140874456171,0.9956903424214261
1013,1594.5147035157424,2670.7773772964106,0.9935195061467367
1014,1594.5287279354613,2673.4138801366857,0.9890681083738715
1015,1594.542752478529,2676.050382977223,0.9816801964645202
1016,1594.5567771449487,2678.686885817561,0.9713031371497747
1017,1594.5708019347228,2681.3233886579233,0.9587479630271313
1018,1594.584826847849,2683.959891498277,0.9455547098078269
1019,1594.59885188433,2686.596394338812,0.9335546937248975
1020,1594.6128770441671,2689.232897179003,0.9243346332900604
1021,1594.6269023273633,2691.8694000194682,0.9187985477790064
1022,1594.6409277339155,2694.5059028598107,0.9169965446849713
1023,1594.6549532638273,2697.142405700158,0.918287733460776
1024,1594.6689789171012,2699.77890854054,0.9217427687271235
1025,1594.6830046937348,2702.415411380984,0.926582833206903
1026,1594.697030593731,2705.051914221227,0.9324466667597664
1027,1594.7110566170923,2707.6884170616872,0.9393599758952483
1028,1594.7250827638168,2710.3249199020365,0.9474355844830692
1029,1594.739109033907,2712.961422742401,0.9565051501561955
1030,1594.753135427364,2715.597925582711,0.9659481864293467
1031,1594.7671619441908,2718.234428423224,0.9748502285196727
1032,1594.7811885843848,2720.870931263479,0.9823736901040659
1033,1594.7952153479491,2723.50743410393,0.988076279415497
1034,1594.8092422348861,2726.14393694431,0.991987708901546
1035,1594.823269245194,2728.780439784714,0.994460000726541
1036,1594.8372963788752,2731.416942625071,0.9959445228612058
1037,1594.8513236359308,2734.053445465346,0.9968329548765551
1038,1594.8653510163635,2736.6899483058614,0.9973987981534711
1039,1594.8793785201715,2739.326451146089,0.9978040742700487
1040,1594.8934061473572,2741.9629539864814,0.9981306130733201
1041,1594.907433897923,2744.599456826971,0.9984137469895226
1042,1594.9214617718674,2747.2359596673878,0.9986660435101471
1043,1594.9354897691926,2749.872462507696,0.9988888347063366
1044,1594.9495178898999,2752.5089653480213,0.9990781037602365
1045,1594.963546133992,2755.145468188359,0.9992288676279388
1046,1594.9775745014667,2757.781971028803,0.9993376820596478
1047,1594.9916029923268,2760.4184738690215,0.9994035668914091
1048,1595.005631606575,2763.0549767095654,0.9994286736462273
1049,1595.019660344209,2765.691479549907,0.9994191386677245
1050,1595.0336892052314,2768.3279823903354,0.9993844236193038
1051,1595.0477181896435,2770.964485230455,0.9993335840488999
1052,1595.0617472974482,2773.6009880710108,0.9992712272069957
1053,1595.0757765286428,2776.2374909114105,0.9991969476194905
1054,1595.0898058832306,2778.873993751714,0.9991063177741336
1055,1595.103835361214,2781.510496592178,0.9989912720744274
1056,1595.1178649625908,2784.146999432405,0.9988405216353782
1057,1595.1318946873637,2786.7835022729464,0.9986409728154616
1058,1595.145924535534,2789.420005113012,0.9983795604141239
1059,1595.1599545071042,2792.056507953544,0.9980443773643526
1060,1595.173984602072,2794.6930107939497,0.9976247050979407
1061,1595.1880148204407,2797.3295136342567,0.9971103618871787
1062,1595.2020451622125,2799.9660164746547,0.9964917753300739
1063,1595.2160756273854,2802.60251931504,0.995760857367092
1064,1595.230106215962,2805.2390221555397,0.9949092507309032
1065,1595.2441369279434,2807.875524995918,0.993919186706445
1066,1595.2581677633325,2810.5120278361383,0.9927487854606982
1067,1595.2721987221269,2813.148530676683,0.9913255139645045
1068,1595.2862298043294,2815.7850335169605,0.989558773266706
1069,1595.3002610099427,2818.4215363571598,0.9873596079732475
1070,1595.3142923389648,2821.0580391975695,0.9846470426656433
1071,1595.3283237913981,2823.69454203812,0.9813409210317285
1072,1595.3423553672442,2826.331044878542,0.9773568378920763
1073,1595.356387066505,2828.967547718896,0.9726139977701402
1074,1595.370418889179,2831.604050559079,0.9670517981331257
1075,1595.3844508352688,2834.240553399475,0.9606407198921854
1076,1595.398482904777,2836.877056239819,0.9533863812781563
1077,1595.4125150977015,2839.5135590802342,0.9453405534450275
1078,1595.426547414045,2842.1500619205844,0.9366193748532089
1079,1595.4405798538085,2844.7865647608633,0.927415860817747
1080,1595.4546124169947,2847.4230676011966,0.918012482366596
1081,1595.4686451036014,2850.05957044187,0.9087687406539345
1082,1595.4826779136317,2852.6960732821603,0.90012282075854
1083,1595.4967108470878,2855.332576122453,0.8925551093480847
1084,1595.5107439039678,2857.9690789627084,0.8865421944711775
1085,1595.5247770842743,2860.6055818032473,0.882503975253325
1086,1595.5388103880086,2863.242084643541,0.8807530185055381
1087,1595.5528438151732,2865.8785874838118,0.8814502027842126
1088,1595.566877365766,2868.5150903242807,0.884577148208197
1089,1595.58091103979,2871.1515931646154,0.8899384256276346
1090,1595.594944837247,2873.788096005136,0.8971943855090917
1091,1595.6089787581361,2876.4245988453135,0.9059111565152822
1092,1595.623012802459,2879.0611016858925,0.9156114988837156
1093,1595.6370469702172,2881.697604526179,0.9258158859421164
1094,1595.6510812614135,2884.3341073666256,0.9360691602320858
1095,1595.6651156760454,2886.9706102068976,0.9459562236592269
1096,1595.679150214116,2889.607113047413,0.9551193445574203
1097,1595.6931848756276,2892.243615887544,0.9632855884951623
1098,1595.7072196605784,2894.8801187281015,0.9702950796799669
1099,1595.721254568971,2897.5166215683917,0.9761113347293897
1100,1595.7352896008065,2900.1531244087664,0.9808049681712703
1101,1595.7493247560874,2902.789627249024,0.9845181003386596
1102,1595.7633600348117,2905.42613008958,0.9874223428035169
1103,1595.7773954369823,2908.062632929744,0.9896809844301044
1104,1595.7914309626017,2910.6991357703555,0.9914269332750051
1105,1595.8054666116675,2913.335638610592,0.9927658211466777
1106,1595.819502384183,2915.9721414510664,0.9937971662833116
1107,1595.8335382801488,2918.6086442912815,0.9946265342354154
1108,1595.8475742995677,2921.245147131949,0.9953482850297075
1109,1595.8616104424377,2923.881649972082,0.9960146294505445
1110,1595.8756467087612,2926.518152812422,0.9966257650636752
1111,1595.8896830985414,2929.1546556530297,0.9971516935773463
1112,1595.9037196117758,2931.7911584932103,0.9975650129146519
1113,1595.9177562484672,2934.427661333544,0.9978608801419067
1114,1595.9317930086165,2937.064164173893,0.9980574685113199
1115,1595.9458298922266,2939.700667014412,0.9981847860318844
1116,1595.9598668992953,2942.3371698547344,0.9982726666916354
1117,1595.9739040298255,2944.973672695148,0.9983439616249005
1118,1595.9879412838195,2947.6101755354143,0.9984130177685886
1119,1596.0019786612754,2950.2466783758205,0.998486755893807
1120,1596.016016162196,2952.8831812161943,0.9985665825305596
1121,1596.0300537865821,2955.5196840565286,0.9986507447753447
1122,1596.0440915344366,2958.1561868969793,0.9987363624491494
1123,1596.0581294057574,2960.7926897374396,0.998820265751689
1124,1596.072167400547,2963.42919257777,0.9988991627581717
1125,1596.0862055188084,2966.0656954179976,0.998970312835475
1126,1596.1002437605391,2968.702198258438,0.9990324518396319
1127,1596.114282125742,2971.338701098888,0.999085723639318
1128,1596.1283206144183,2973.975203939112,0.999130637041044
1129,1596.1423592265703,2976.6117067793944,0.9991673547436379
1130,1596.1563979621963,2979.248209619858,0.9991961435987312
1131,1596.1704368212988,2981.8847124601666,0.9992181713509303
1132,1596.1844758038803,2984.5212153005095,0.9992351910452162
1133,1596.1985149099391,2987.1577181410726,0.9992483420769919
1134,1596.2125541394778,2989.7942209814246,0.9992576110612932
1135,1596.2265934924972,2992.4307238218485,0.9992624488160057
1136,1596.240632969,2995.0672266621746,0.9992626605977517
1137,1596.2546725689845,2997.7037295025902,0.9992586731460321
1138,1596.2687122924528,3000.340232342759,0.9992513535283921
1139,1596.2827521394083,3002.9767351831947,0.9992417759526984
1140,1596.2967921098482,3005.6132380237245,0.9992309661736354
1141,1596.3108322037756,3008.2497408639174,0.9992198650263799
1142,1596.3248724211915,3010.886243704481,0.9992094544896049
1143,1596.3389127620983,3013.5227465447865,0.999200729078151
1144,1596.3529532264945,3016.1592493851194,0.9991945143539425
1145,1596.366993814382,3018.7957522254046,0.9991912127733503
1146,1596.3810345257643,3021.43225506583,0.9991905661324418
1147,1596.3950753606387,3024.068757906254,0.9991911670827338
1148,1596.409116319008,3026.7052607466044,0.9991926333703486
1149,1596.4231574008736,3029.341763587066,0.9991912913837571
1150,1596.4371986062379,3031.978266427337,0.999184299635982
1151,1596.4512399350988,3034.6147692678323,0.9991673043850504
1152,1596.4652813874588,3037.2512721081184,0.999133489210975
1153,1596.4793229633212,3039.887774948479,0.9990672664042715
1154,1596.4933646626832,3042.5242777887747,0.9989236147386746
1155,1596.507406485548,3045.1607806291595,0.9985814129919369
1156,1596.5214484319163,3047.7972834696557,0.9977823894631375
1157,1596.535490501791,3050.433786310026,0.9961273927926624
1158,1596.54953269517,3053.0702891502606,0.993210434439729
1159,1596.563575012056,3055.706791990774,0.9887980545686788
1160,1596.5776174524515,3058.343294831067,0.9828140475829041
1161,1596.5916600163544,3060.979797671391,0.9751603727600691
1162,1596.6057027037675,3063.616300511738,0.9657514418323823
1163,1596.6197455146937,3066.252803352095,0.9548770173496512
1164,1596.6337884491304,3068.8893061926174,0.9435108783221893
1165,1596.6478315070808,3071.525809032773,0.933226881100526
1166,1596.6618746885456,3074.162311873302,0.9257716790659961
1167,1596.6759179935275,3076.798814713607,0.9225316152329689
1168,1596.6899614220247,3079.435317553972,0.9241010659333089
1169,1596.7040049740397,3082.0718203942565,0.9300932871801921
1170,1596.718048649575,3084.708323234711,0.9392624254579137
1171,1596.7320924486287,3087.3448260752275,0.9499002676642716
1172,1596.7461363712036,3089.981328915633,0.9603565585535871
1173,1596.7601804173005,3092.61783175595,0.9694705035377256
1174,1596.7742245869224,3095.2543345962654,0.9767477956014092
1175,1596.7882688800669,3097.8908374366024,0.9822545533946428
1176,1596.8023132967367,3100.527340277048,0.9863391742363882
1177,1596.8163578369347,3103.1638431174943,0.9893590064648669
1178,1596.8304025006587,3105.8003459576366,0.9915524165282446
1179,1596.8444472879112,3108.4368487982797,0.9930694960369135
1180,1596.8584921986935,3111.0733516386317,0.9940506472438344
1181,1596.8725372330084,3113.7098544789087,0.9946486023190115
1182,1596.8865823908534,3116.3463573190684,0.9949980715762614
1183,1596.9006276722314,3118.982860159621,0.9951931737656254
1184,1596.9146730771454,3121.619363000101,0.9952953993009978
1185,1596.9287186055926,3124.255865840398,0.9953525123338479
1186,1596.9427642575763,3126.892368680796,0.995408451083495
1187,1596.956810033097,3129.5288715210877,0.9955012311342639
1188,1596.9708559321582,3132.1653743612947,0.995655454566071
1189,1596.984901954757,3134.801877201863,0.9958765140427259
1190,1596.9989481008965,3137.438380042097,0.9961504508415523
1191,1597.0129943705795,3140.074882882474,0.996449951464081
1192,1597.0270407638034,3142.711385722984,0.9967442353041523
1193,1597.0410872805712,3145.3478885633212,0.9970089339149864
1194,1597.0551339208841,3147.984391403638,0.9972322209089383
1195,1597.0691806847447,3150.6208942439243,0.9974156760490113
1196,1597.0832275721507,3153.2573970845256,0.997570990101588
1197,1597.0972745831048,3155.8938999246816,0.9977147005276189
1198,1597.11132171761,3158.530402765197,0.9978625962395778
1199,1597.1253689756638,3161.1669056057326,0.9980246228407413
1200,1597.1394163572693,3163.80340844605,0.9982011979681147
1201,1597.153463862427,3166.439911286137,0.9983826397614355
1202,1597.1675114911404,3169.0764141268296,0.9985528781890385
1203,1597.1815592434066,3171.7129169670748,0.998695715834265
1204,1597.1956071192287,3174.3494198073477,0.9988004012990729
1205,1597.2096551186094,3176.9859226476387,0.9988647278446561
1206,1597.2237032415464,3179.622425488129,0.9988944904983912
1207,1597.2377514880425,3182.2589283286466,0.9988992905109104
1208,1597.2517998580988,3184.895431168853,0.9988880433183474
1209,1597.265848351718,3187.531934009224,0.9988670646332607
1210,1597.279896968898,3190.168436849684,0.9988399892736216
1211,1597.2939457096413,3192.80493969009,0.9988081664700452
1212,1597.3079945739507,3195.4414425303657,0.9987713667564827
1213,1597.322043561824,3198.077945370693,0.998728798507365
1214,1597.3360926732641,3200.7144482110943,0.9986800348917058
1215,1597.350141908272,3203.350951051524,0.9986255265904427
1216,1597.3641912668504,3205.9874538919053,0.9985667932360972
1217,1597.378240748997,3208.623956732127,0.9985064222096531
1218,1597.392290354715,3211.2604595725693,0.9984477783733576
1219,1597.4063400840064,3213.8969624131214,0.9983942108668236
1220,1597.4203899368695,3216.5334652532497,0.9983480468845839
1221,1597.434439913307,3219.16996809366,0.9983101893335218
1222,1597.4484900133195,3221.8064709341093,0.99828061671625
1223,1597.4625402369104,3224.442973774554,0.9982592092231682
1224,1597.4765905840773,3227.0794766148847,0.9982462000113075
1225,1597.4906410548226,3229.71597945525,0.9982421316071634
1226,1597.5046916491494,3232.352482295639,0.9982476624481965
1227,1597.5187423670554,3234.9889851359403,0.9982635693390952
1228,1597.5327932085434,3237.6254879762396,0.9982908948062197
1229,1597.546844173614,3240.261990816881,0.9983307563746342
1230,1597.5608952622708,3242.898493657105,0.9983836348767255
1231,1597.5749464745109,3245.534996497386,0.998448796762939
1232,1597.5889978103373,3248.171499338004,0.9985245223642203
1233,1597.6030492697525,3250.8080021781648,0.9986086704741737
1234,1597.6171008527547,3253.4445050187023,0.9986987740634806
1235,1597.6311525593464,3256.08100785892,0.9987919324554142
1236,1597.6452043895285,3258.7175106993254,0.9988851818387197
1237,1597.6592563433042,3261.3540135396133,0.9989760993463929
1238,1597.673308420671,3263.9905163801595,0.9990628285208567
1239,1597.6873606216316,3266.627019220496,0.9991437183225026
1240,1597.7014129461886,3269.263522060708,0.9992175606352461
1241,1597.7154653943403,3271.900024901237,0.9992842473333738
1242,1597.729517966089,3274.5365277415826,0.9993446085940638
1243,1597.7435706614358,3277.173030582023,0.9993994586359607
1244,1597.7576234803837,3279.8095334221553,0.99944922404053
1245,1597.7716764229303,3282.4460362625514,0.9994943890685954
1246,1597.7857294890782,3285.0825391030357,0.9995356733153153
1247,1597.7997826788305,3287.719041943431,0.999573534038728
1248,1597.8138359921847,3290.355544783757,0.9996077847761603
1249,1597.8278894291439,3292.992047624196,0.9996380314089605
1250,1597.8419429897087,3295.628550464603,0.9996643870592798
1251,1597.855996673882,3298.265053304964,0.9996874724241569
1252,1597.8700504816618,3300.9015561453652,0.9997078092270956
1253,1597.8841044130506,3303.5380589854967,0.9997254729978812
1254,1597.8981584680512,3306.1745618261616,0.9997402889967987
1255,1597.9122126466614,3308.8110646665955,0.9997520865154621
1256,1597.926266948884,3311.44756750672,0.9997608145876555
1257,1597.94032137472,3314.084070347009,0.999766687029713
1258,1597.9543759241722,3316.7205731873837,0.9997701909958463
1259,1597.9684305972382,3319.3570760278303,0.999771731606294
1260,1597.982485393921,3321.9935788682037,0.9997714216219054
1261,1597.9965403142232,3324.630081708621,0.9997692566035884
1262,1598.0105953581426,3327.266584549068,0.9997652817819561
1263,1598.024650525682,3329.903087389431,0.999759612926245
1264,1598.0387058168426,3332.539590229862,0.9997524551433813
1265,1598.0527612316268,3335.1760930699857,0.99974405384007
1266,1598.0668167700326,3337.8125959103413,0.9997346010778331
1267,1598.0808724320627,3340.4490987508184,0.999724226364037
1268,1598.0949282177198,3343.085601591303,0.9997131060785798
1269,1598.1089841270018,3345.722104431685,0.9997016246726252
1270,1598.1230401599114,3348.3586072718836,0.999690347875399
1271,1598.1370963164495,3350.995110112339,0.9996797863728553
1272,1598.151152596619,3353.631612952778,0.9996702112362412
1273,1598.165209000418,3356.2681157930224,0.9996616557132363
1274,1598.1792655278487,3358.9046186335786,0.9996540519716088
1275,1598.1933221789138,3361.54112147365,0.9996472820258632
1276,1598.2073789536116,3364.177624314199,0.9996411939165674
1277,1598.2214358519448,3366.814127154462,0.9996355989336904
1278,1598.235492873914,3369.450629994944,0.9996302326221378
1279,1598.249550019522,3372.0871328352414,0.9996248226523328
1280,1598.2636072887672,3374.723635675565,0.9996192275543591
1281,1598.2776646816517,3377.360138516096,0.9996135009636469
1282,1598.2917221981784,3379.996641356397,0.9996079197874375
1283,1598.3057798383452,3382.6331441967773,0.999602771217222
1284,1598.3198376021548,3385.269647037026,0.999598146801203
1285,1598.3338954896085,3387.906149877456,0.9995940862800552
1286,1598.3479535007086,3390.5426527178206,0.9995908260674976
1287,1598.362011635453,3393.179155558237,0.9995888053149683
1288,1598.3760698938447,3395.815658398625,0.9995884784714644
1289,1598.3901282758864,3398.4521612391304,0.9995900524840353
1290,1598.4041867815754,3401.0886640795115,0.9995933355285465
1291,1598.418245410915,3403.725166919686,0.9995979437359079
1292,1598.432304163906,3406.361669760227,0.9996035495100554
1293,1598.4463630405514,3408.9981726003675,0.9996098682562193
1294,1598.460422040849,3411.6346754409396,0.9996165766581462
1295,1598.474481164801,3414.271178281244,0.9996232813588645
1296,1598.4885404124107,3416.907681121753,0.9996295153277824
1297,1598.5025997836754,3419.544183961834,0.9996348594193194
1298,1598.5166592785984,3422.1806868021517,0.9996390819918745
1299,1598.530718897182,3424.8171896428225,0.9996420491734007
1300,1598.544778639424,3427.453692483244,0.9996435718679422
1301,1598.5588385053277,3430.090195323337,0.9996434826491927
1302,1598.5728984948935,3432.726698163767,0.9996418964929502
1303,1598.5869586081244,3435.363201004257,0.9996393103302854
1304,1598.6010188450182,3437.999703844501,0.9996364126677204
1305,1598.6150792055776,3440.6362066849356,0.9996337942067592
1306,1598.6291396898055,3443.2727095252208,0.9996318141200009
1307,1598.6432002976994,3445.9092123655364,0.9996307307123843
1308,1598.6572610292621,3448.5457152060917,0.999630931746883
1309,1598.671321884495,3451.182218046546,0.9996330560030333
1310,1598.6853828634005,3453.818720886917,0.9996378118245328
1311,1598.6994439659766,3456.455223727284,0.9996456061783473
1312,1598.713505192226,3459.091726567502,0.9996562982350998
1313,1598.7275665421512,3461.7282294079764,0.9996693000935435
1314,1598.7416280157504,3464.3647322481384,0.9996839670518893
1315,1598.7556896130259,3467.0012350887196,0.9996998542311293
1316,1598.769751333979,3469.637737929052,0.9997165719531986
1317,1598.7838131786125,3472.2742407693145,0.9997335759251931
1318,1598.797875146924,3474.910743609654,0.9997501825765662
1319,1598.8119372389165,3477.547246450151,0.9997657106110958
1320,1598.8259994545926,3480.183749290495,0.9997796503472316
1321,1598.84006179395,3482.820252131028,0.9997917381458091
1322,1598.8541242569916,3485.456754971245,0.99980189191367
1323,1598.8681868437184,3488.093257811748,0.9998101563585099
1324,1598.882249554133,3490.7297606520956,0.999816538841853
1325,1598.8963123882336,3493.3662634924667,0.9998209481022935
1326,1598.9103753460224,3496.0027663327483,0.9998233621890418
1327,1598.9244384275025,3498.6392691732135,0.999823923791532
1328,1598.9385016326717,3501.2757720133914,0.9998228381321808
1329,1598.9525649615325,3503.912274853817,0.9998203611340013
1330,1598.9666284140862,3506.548777694116,0.999816688140252
1331,1598.9806919903356,3509.185280534759,0.999811791766329
1332,1598.994755690278,3511.821783375012,0.9998054811859725
1333,1599.0088195139167,3514.4582862154457,0.9997975378619515
1334,1599.0228834612542,3517.0947890556176,0.9997877563888432
1335,1599.0369475322884,3519.7312918959983,0.9997760135595125
1336,1599.051011727022,3522.367794736572,0.999762170859092
1337,1599.065076045456,3525.004297576864,0.9997457829618988
1338,1599.079140487593,3527.6408004170853,0.9997261335582085
1339,1599.093205053431,3530.2773032574787,0.9997027369613252
1340,1599.1072697429727,3532.9138060979612,0.9996753988957705
1341,1599.121334556221,3535.550308938353,0.9996436231928408
1342,1599.1353994931735,3538.1868117786025,0.9996064997568634
1343,1599.1494645538328,3540.823314619214,0.9995631900871544
1344,1599.1635297382004,3543.4598174594535,0.9995126209244335
1345,1599.1775950462786,3546.0963202998887,0.9994519875993202
1346,1599.1916604780654,3548.732823140338,0.9993760148839522
1347,1599.2057260335635,3551.3693259804268,0.9992773075084204
1348,1599.2197917127758,3554.0058288209507,0.9991468901546174
1349,1599.2338575156998,3556.642331661305,0.9989748703743107
1350,1599.2479234423386,3559.278834501537,0.9987502750650394
1351,1599.2619894926927,3561.915337341955,0.9984617985063424
1352,1599.2760556667654,3564.5518401824743,0.9981014430200023
1353,1599.2901219645544,3567.1883430226217,0.9976687045206598
1354,1599.3041883860624,3569.8248458631924,0.9971724518704007
1355,1599.318254931292,3572.4613487035494,0.996631831150876
1356,1599.332321600241,3575.0978515438387,0.9960777192034899
1357,1599.346388392912,3577.734354384333,0.9955519273401701
1358,1599.3604553093066,3580.370857224527,0.9951014719449974
1359,1599.374522349427,3583.007360065084,0.9947697801947292
1360,1599.3885895132714,3585.6438629054014,0.9945880394836811
1361,1599.4026568008424,3588.2803657458494,0.9945689368078178
1362,1599.4167242121425,3590.9168685861828,0.9947053529284737
1363,1599.4307917471697,3593.553371426384,0.9949749309051834
1364,1599.4448594059268,3596.1898742666926,0.9953474176437345
1365,1599.458927188415,3598.826377107252,0.995790669937602
1366,1599.4729950946364,3601.4628799476554,0.9962738216306792
1367,1599.4870631245894,3604.09938278785,0.9967683991202201
1368,1599.5011312782767,3606.7358856283054,0.9972489400652149
1369,1599.515199555701,3609.3723884686456,0.9976939106242222
1370,1599.5292679568597,3612.0088913090444,0.9980862443357998
1371,1599.5433364817561,3614.645394149387,0.9984135440612703
1372,1599.5574051303909,3617.2818969899135,0.9986693873306589
1373,1599.571473902767,3619.9183998302155,0.9988553184932736
1374,1599.585542798882,3622.5549026707295,0.9989812599703358
1375,1599.599611818739,3625.19140551085,0.9990635983701948
1376,1599.6136809623404,3627.827908351338,0.99912137166083
1377,1599.6277502296841,3630.4644111917855,0.9991708763026079
1378,1599.641819620773,3633.1009140321385,0.9992207166869967
1379,1599.655889135608,3635.737416872575,0.9992704469666914
1380,1599.6699587741919,3638.3739197129107,0.9993136959014977
1381,1599.6840285365224,3641.0104225530963,0.9993430916310585
1382,1599.6980984226022,3643.6469253934674,0.9993557746283992
1383,1599.7121684324343,3646.2834282340705,0.9993499830483572
1384,1599.7262385660165,3648.919931074204,0.9993260315347309
1385,1599.7403088233511,3651.556433914725,0.999282216864386
1386,1599.7543792044396,3654.192936754965,0.9992145512141866
1387,1599.7684497092846,3656.8294395953576,0.9991167489225186
1388,1599.7825203378836,3659.4659424357865,0.9989804713755579
1389,1599.79659109024,3662.1024452762317,0.998796316309793
1390,1599.810661966356,3664.738948116511,0.9985556684079088
1391,1599.8247329662297,3667.3754509569294,0.9982564791287164
1392,1599.8388040898635,3670.011953797305,0.9979122675491781
1393,1599.8528753372589,3672.6484566375525,0.9975580525823956
1394,1599.8669467084183,3675.28495947817,0.9972330661817304
1395,1599.8810182033394,3677.9214623184903,0.9969677043203611
1396,1599.8950898220255,3680.5579651586545,0.9967667663973214
1397,1599.9091615644786,3683.1944679992603,0.9966086076096939
1398,1599.9232334306973,3685.8309708394745,0.9964552569690893
1399,1599.9373054206837,3688.46747367996,0.9962669373947917
1400,1599.9513775344392,3691.1039765201103,0.996013850208785
1401,1599.9654497719662,3693.740479360557,0.9956821330696262
1402,1599.979522133263,3696.376982200952,0.9952729403279583
1403,1599.9935946183318,3699.013485041473,0.9947950476734624
1404,1600.007667227176,3701.649987881577,0.9942552728150225
1405,1600.0217399597925,3704.2864907221874,0.9936541290438736
1406,1600.035812816185,3706.9229935623075,0.9929916435723332
1407,1600.049885796354,3709.559496402666,0.9922804129738322
1408,1600.0639589003022,3712.195999243306,0.9915550945520402
1409,1600.0780321280276,3714.832502083686,0.9908669202252073
1410,1600.0921054795328,3717.469004924015,0.9902622813895785
1411,1600.1061789548207,3720.1055077642704,0.9897588778796298
1412,1600.1202525538893,3722.742010604627,0.9893373637327896
1413,1600.1343262767407,3725.378513444933,0.9889557557906161
1414,1600.1484001233764,3728.015016285462,0.9885778704265666
1415,1600.1624740937991,3730.651519125736,0.9881987336589348
1416,1600.1765481880068,3733.2880219660606,0.9878530347509381
1417,1600.1906224060017,3735.9245248065426,0.9876031737799248
1418,1600.204696747787,3738.561027647098,0.987515245571309
1419,1600.2187712133602,3741.1975304873476,0.9876373868380123
1420,1600.2328458027243,3743.834033327823,0.9879909744126192
1421,1600.2469205158802,3746.4705361681117,0.9885749535057606
1422,1600.2609953528308,3749.1070390083237,0.9893748712654302
1423,1600.275070313574,3751.7435418487953,0.9903655881791483
1424,1600.289145398112,3754.3800446893415,0.9915027424293179
1425,1600.303220606448,3757.0165475295194,0.9927116235270328
1426,1600.3172959385795,3759.6530503699887,0.9938903854455117
1427,1600.3313713945095,3762.289553210209,0.9949345886123947
1428,1600.345446974239,3764.9260560507114,0.9957706593410794
1429,1600.3595226777707,3767.5625588911485,0.9963780026736494
1430,1600.3735985051023,3770.199061731337,0.9967889877289544
1431,1600.387674456237,3772.8355645718725,0.9970709599971768
1432,1600.4017505311767,3775.4720674119208,0.997300780549543
1433,1600.4158267299201,3778.108570252532,0.9975394350919087
1434,1600.4299030524694,3780.7450730929695,0.9978137439720635
1435,1600.4439794988273,3783.381575933083,0.9981142008160513
1436,1600.458056068992,3786.0180787736604,0.9984106952777912
1437,1600.4721327629659,3788.654581614096,0.9986740461170851
1438,1600.48620958075,3791.291084454206,0.9988883448263604
1439,1600.5002865223476,3793.9275872947474,0.9990510125426294
1440,1600.5143635877557,3796.564090134985,0.9991676695993601
1441,1600.5284407769775,3799.2005929753805,0.9992475974069525
1442,1600.5425180900158,3801.837095815947,0.9993007372035487
1443,1600.5565955268683,3804.473598656143,0.9993357203789623
1444,1600.5706730875377,3807.110101496593,0.9993589195886909
1445,1600.584750772025,3809.746604336856,0.9993741318421133
1446,1600.5988285803332,3812.3831071773293,0.9993832756851155
1447,1600.6129065124599,3815.019610017828,0.9993879470227607
1448,1600.6269845684078,3817.656112858073,0.9993907147994792
1449,1600.6410627481796,3820.2926156983626,0.9993948358927477
1450,1600.6551410517734,3822.929118538807,0.9994031710214051
1451,1600.6692194791915,3825.565621379155,0.9994172782152454
1452,1600.6832980304355,3828.202124219709,0.9994371491273504
1453,1600.6973767055076,3830.8386270599262,0.9994615919762824
1454,1600.7114555044059,3833.475129900241,0.9994884466901294
1455,1600.7255344271332,3836.1116327405944,0.9995147189947309
1456,1600.739613473692,3838.748135581097,0.9995372774049708
1457,1600.7536926440805,3841.3846384213994,0.9995537863253962
1458,1600.767771938301,3844.0211412617696,0.9995630103019746
1459,1600.7818513563545,3846.6576441020266,0.9995645104549922
1460,1600.7959308982443,3849.2941469424354,0.9995585505137161
1461,1600.8100105639678,3851.930649782845,0.9995458371280241
1462,1600.8240903535277,3854.5671526231354,0.9995273322589396
1463,1600.838170266927,3857.2036554635424,0.9995043071628709
1464,1600.8522503041631,3859.840158304011,0.9994783388551071
1465,1600.8663304652391,3862.4766611444193,0.9994511519556287
1466,1600.8804107501562,3865.1131639848422,0.9994246511453754
1467,1600.8944911589167,3867.749666824998,0.9994009133088373
1468,1600.9085716915185,3870.386169665414,0.9993817579911816
1469,1600.9226523479647,3873.0226725059692,0.9993682112394
1470,1600.9367331282576,3875.659175346186,0.9993601552052681
1471,1600.950814032395,3878.295678186691,0.9993565413028003
1472,1600.9648950603803,3880.9321810269407,0.9993559803979473
1473,1600.9789762122136,3883.5686838672364,0.9993570447604855
1474,1600.9930574878986,3886.205186707749,0.9993583070283233
1475,1601.0071388874323,3888.84168954813,0.9993586850233279
1476,1601.0212204108177,3891.4781923884857,0.999357816112494
1477,1601.0353020580578,3894.114695228761,0.9993559097354543
1478,1601.0493838291502,3896.751198069093,0.9993532966817718
1479,1601.0634657240976,3899.3877009095227,0.9993502027307378
1480,1601.077547742901,3902.024203749866,0.9993470717045956
1481,1601.0916298855634,3904.660706590389,0.9993449131820312
1482,1601.1057121520823,3907.2972094305824,0.9993448510119018
1483,1601.1197945424606,3909.9337122710053,0.9993477854218009
1484,1601.133877056701,3912.570215111503,0.9993543697857087
1485,1601.1479596948016,3915.2067179517626,0.9993647259386353
1486,1601.1620424567648,3917.843220792276,0.9993781732690771
1487,1601.1761253425914,3920.4797236325994,0.9993935897028807
1488,1601.1902083522848,3923.1162264729023,0.9994098413174126
1489,1601.2042914858423,3925.7527293132252,0.9994257366504791
1490,1601.218374743267,3928.3892321536405,0.9994400681661486
1491,1601.2324581245614,3931.0257349940616,0.9994518131173976
1492,1601.2465416297232,3933.662237834396,0.999460420254698
1493,1601.2606252587555,3936.2987406749135,0.9994660160672979
1494,1601.274709011659,3938.9352435151022,0.9994692136049778
1495,1601.2887928884365,3941.5717463555534,0.9994707924635257
1496,1601.302876889086,3944.208249195822,0.9994715967355658
1497,1601.3169610136104,3946.8447520364666,0.99947261115783
1498,1601.331045262012,3949.481254876685,0.9994749077401153
1499,1601.3451296342887,3952.1177577171,0.9994794407524159
1500,1601.3592141304434,3954.7542605574595,0.9994867294586378
1501,1601.373298750477,3957.390763397805,0.9994965699587288
1502,1601.3873834943925,3960.0272662383068,0.9995081235516677
1503,1601.4014683621874,3962.6637690785165,0.9995202472516536
1504,1601.4155533538647,3965.300271918928,0.9995318563687103
1505,1601.429638469427,3967.936774759227,0.9995422317633971
1506,1601.4437237088719,3970.5732775995484,0.9995510944170418
1507,1601.4578090722023,3973.2097804400614,0.9995584401009868
1508,1601.4718945594195,3975.846283280451,0.9995643681631448
1509,1601.485980170526,3978.4827861208537,0.99956903687443
1510,1601.5000659055197,3981.119288961211,0.9995725249736311
1511,1601.5141517644033,3983.7557918014013,0.9995745690828113
1512,1601.5282377471794,3986.39229464195,0.9995745974974286
1513,1601.5423238538463,3989.0287974821185,0.999572107126559
1514,1601.556410084406,3991.6653003227575,0.9995667133775177
1515,1601.5704964388601,3994.3018031630954,0.9995580970505049
1516,1601.584582917211,3996.9383060033656,0.9995461323839345
1517,1601.598669519457,3999.5748088437704,0.9995310577334583
1518,1601.6127562456004,4002.2113116839923,0.9995135268380064
1519,1601.6268430956438,4004.847814524395,0.9994945008819786
1520,1601.6409300695857,4007.4843173649524,0.9994748299783707
1521,1601.655017167428,4010.12082020525,0.9994546224663701
1522,1601.6691043891724,4012.7573230454564,0.999432990361182
1523,1601.6831917348213,4015.3938258858707,0.999408591152566
1524,1601.6972792043728,4018.0303287262723,0.9993803683667136
1525,1601.7113667978292,4020.666831566668,0.999347902236473
1526,1601.7254545151936,4023.3033344071923,0.999311408311101
1527,1601.7395423564637,4025.939837247465,0.9992714663263058
1528,1601.7536303216423,4028.5763400879455,0.9992285389877132
1529,1601.7677184107304,4031.2128429279596,0.9991829054216137
1530,1601.7818066237307,4033.8493457686795,0.9991355068686527
1531,1601.7958949606411,4036.4858486087196,0.9990886663806375
1532,1601.8099834214643,4039.122351449252,0.9990454071715464
1533,1601.8240720062029,4041.758854289505,0.9990078956004127
1534,1601.8381607148547,4044.3953571299394,0.9989767694466278
1535,1601.8522495474226,4047.0318599703332,0.9989515373863256
1536,1601.8663385039079,4049.6683628107244,0.9989312047571867
1537,1601.8804275843129,4052.3048656510564,0.9989146838980307
1538,1601.8945167886354,4054.941368491529,0.9989009512220633
1539,1601.9086061168787,4057.5778713317573,0.9988888149985229
1540,1601.922695569045,4060.2143741723003,0.9988767787705669
1541,1601.936785145132,4062.8508770126455,0.9988636215908958
1542,1601.9508748451428,4065.487379853024,0.9988493141204444
1543,1601.9649646690784,4068.123882693313,0.9988351884545176
1544,1601.9790546169418,4070.7603855339057,0.9988234799768195
1545,1601.9931446887301,4073.3968883741622,0.9988170018010196
1546,1602.0072348844467,4076.033391214636,0.9988189874779014
1547,1602.0213252040937,4078.6698940550123,0.9988324986311259
1548,1602.0354156476697,4081.3063968951633,0.9988592744678072
1549,1602.0495062151767,4083.942899735486,0.9988986432589197
1550,1602.0635969066163,4086.579402576017,0.9989473175726966
1551,1602.077687721991,4089.215905416309,0.9990003302630042
1552,1602.0917786612986,4091.852408256852,0.9990523054051513
1553,1602.105869724542,4094.4889110969066,0.9990982061095119
1554,1602.1199609117234,4097.12541393742,0.9991336833380068
1555,1602.1340522228413,4099.761916777777,0.9991556945597708
1556,1602.1481436578981,4102.398419618376,0.9991635368465068
1557,1602.1622352168952,4105.034922458734,0.9991594716710601
1558,1602.1763268998347,4107.67142529902,0.9991482639957079
1559,1602.1904187067148,4110.30792813943,0.999136292466567
1560,1602.2045106375383,4112.94443097968,0.9991303923884148
1561,1602.218602692308,4115.580933820132,0.9991361098018988
1562,1602.2326948710213,4118.217436660466,0.9991560011179806
1563,1602.246787173681,4120.853939500848,0.9991892426066027
1564,1602.2608796002887,4123.490442341252,0.9992325855270977
1565,1602.2749721508467,4126.126945181453,0.9992815613737107
1566,1602.2890648253529,4128.763448022042,0.9993313245606619
1567,1602.30315762381,4131.3999508622455,0.9993771944500136
1568,1602.3172505462207,4134.036453702652,0.9994151573467437
1569,1602.331343592583,4136.672956543167,0.9994426171953823
1570,1602.3454367628995,4139.3094593835685,0.9994588172081269
1571,1602.359530057171,4141.945962223927,0.9994644043471338
1572,1602.3736234754008,4144.582465064248,0.9994604009322196
1573,1602.3877170175865,4147.218967904565,0.9994480379209747
1574,1602.4018106837307,4149.855470744787,0.9994295004215937
1575,1602.415904473836,4152.491973585307,0.9994083249492567
1576,1602.4299983879007,4155.1284764256125,0.9993888211433843
1577,1602.444092425927,4157.764979265998,0.9993745097578057
1578,1602.458186587918,4160.401482106434,0.9993666794869794
1579,1602.4722808738711,4163.037984946602,0.999364341004939
1580,1602.4863752837896,4165.674487787219,0.9993653976953507
1581,1602.5004698176742,4168.310990627576,0.9993678854870016
1582,1602.5145644755278,4170.9474934679365,0.9993703664221251
1583,1602.5286592573482,4173.583996308142,0.9993738898530635
1584,1602.5427541631377,4176.220499148714,0.999377969033676
1585,1602.5568491928998,4178.857001988978,0.999382877228828
1586,1602.5709443466317,4181.493504829392,0.9993869126565308
1587,1602.5850396243363,4184.130007669632,0.9993868719325214
1588,1602.599135026015,4186.766510510061,0.9993791340472895
1589,1602.6132305516699,4189.403013350424,0.9993607773203014
1590,1602.6273262012994,4192.039516190853,0.9993300324241408
1591,1602.6414219749058,4194.676019031253,0.9992863186592684
1592,1602.6555178724923,4197.312521871501,0.9992305174348137
1593,1602.6696138940563,4199.949024712182,0.9991656172429013
1594,1602.6837100396006,4202.585527552491,0.9990970935867445
1595,1602.6978063091265,4205.222030392688,0.9990319207093732
1596,1602.7119027026365,4207.858533233232,0.9989761374680253
1597,1602.7259992201286,4210.49503607351,0.9989324234503878
1598,1602.7400958616054,4213.131538913851,0.9988987192673078
1599,1602.7541926270694,4215.7680417540605,0.9988676300693529
1600,1602.768289516519,4218.4045445945985,0.9988270355391845
1601,1602.7823865299565,4221.0410474349155,0.9987625519784882
1602,1602.7964836673832,4223.677550275339,0.9986609105838231
1603,1602.8105809288015,4226.314053115775,0.9985129566994667
1604,1602.8246783142095,4228.950555956033,0.998315618232205
1605,1602.83877582361,4231.587058796406,0.9980728702558
1606,1602.8528734570054,4234.22356163677,0.997796122352834
1607,1602.866971214394,4236.860064477285,0.9975025975757017
1608,1602.881069095778,4239.496567317603,0.9972090614725728
1609,1602.8951671011587,4242.133070157885,0.9969226845137668
1610,1602.909265230539,4244.769572998396,0.9966360202797082
1611,1602.9233634839165,4247.40607583865,0.9963296309853522
1612,1602.937461861294,4250.0425786788455,0.9959782600858289
1613,1602.9515603626742,4252.679081519275,0.9955559833357643
1614,1602.9656589880549,4255.315584359814,0.99504044885818
1615,1602.979757737439,4257.9520871999775,0.9944175102503094
1616,1602.9938566108274,4260.588590040319,0.9936853492110578
1617,1603.007955608223,4263.225092880776,0.9928566403415041
1618,1603.0220547296233,4265.861595721286,0.9919584166823926
1619,1603.0361539750313,4268.498098561562,0.9910284349469537
1620,1603.0502533444499,4271.134601401992,0.9901055483612385
1621,1603.0643528378764,4273.771104242386,0.9892154263375974
1622,1603.078452455314,4276.407607082648,0.9883597076424657
1623,1603.0925521967633,4279.0441099230065,0.9875159090324518
1624,1603.1066520622276,4281.680612763367,0.9866447870944618
1625,1603.1207520517044,4284.317115603926,0.9856943190982991
1626,1603.1348521651964,4286.953618444267,0.9845987390644488
1627,1603.1489524027063,4289.590121284613,0.983290926997759
1628,1603.1630527642321,4292.226624125133,0.9817490836462108
1629,1603.1771532497767,4294.863126965438,0.9800665274050022
1630,1603.1912538593406,4297.499629805723,0.9784918390148581
1631,1603.205354592927,4300.136132646219,0.9773836013590814
1632,1603.2194554505336,4302.772635486442,0.9770757139029757
1633,1603.233556432163,4305.409138326685,0.9777180974960338
1634,1603.247657537818,4308.045641167206,0.9791867592153729
1635,1603.2617587674965,4310.6821440073945,0.9811209537091369
1636,1603.2758601212013,4313.3186468479635,0.9830684581470228
1637,1603.2899615989334,4315.955149688395,0.9846568792814385
1638,1603.3040632006953,4318.591652528596,0.985701064494832
1639,1603.318164926485,4321.228155369117,0.9862027587423602
1640,1603.3322667763055,4323.86465820957,0.9862611033751512
1641,1603.346368750159,4326.501161049765,0.9859530287835765
1642,1603.3604708480436,4329.13766389025,0.9852457535659007
1643,1603.3745730699623,4331.774166730673,0.9839753247028173
1644,1603.3886754159155,4334.410669570808,0.9818855300327464
1645,1603.4027778859065,4337.047172411334,0.9786961217529295
1646,1603.416880479933,4339.683675251705,0.9741695473781835
1647,1603.4309831979976,4342.320178091888,0.9681602095589747
1648,1603.4450860401034,4344.956680932368,0.9606432840353938
1649,1603.4591890062477,4347.59318377276,0.9517258463998634
1650,1603.4732920964334,4350.22968661326,0.9416457984295112
1651,1603.4873953106617,4352.866189453414,0.930766931202149
1652,1603.5014986489352,4355.5026922937395,0.9195749672250632
1653,1603.5156021112518,4358.139195134208,0.9086669796379138
1654,1603.5297056976142,4360.775697974754,0.8987197337110482
1655,1603.5438094080253,4363.412200815085,0.890431746564323
1656,1603.5579132424825,4366.048703655271,0.8844483686472207
1657,1603.572017200989,4368.685206495697,0.8812853368761415
1658,1603.5861212835457,4371.321709336043,0.8812636266701059
1659,1603.6002254901553,4373.9582121765325,0.8844638134603315
1660,1603.6143298208156,4376.594715016652,0.8907064737043586
1661,1603.6284342755291,4379.231217857078,0.8995642159178312
1662,1603.6425388542991,4381.867720697587,0.9104065514654869
1663,1603.6566435571228,4384.5042235380815,0.9224726012111073
1664,1603.6707483840034,4387.140726378432,0.9349612459608072
1665,1603.6848533349419,4389.777229218608,0.9471244199459857
1666,1603.6989584099408,4392.413732059125,0.9583472002121873
1667,1603.7130636089983,4395.0502348995,0.9682004034485219
1668,1603.7271689321167,4397.686737739636,0.9764579707901666
1669,1603.7412743792988,4400.323240580177,0.9830804380592071
1670,1603.7553799505429,4402.959743420545,0.9881739038867572
1671,1603.769485645851,4405.596246260834,0.9919381020290224
1672,1603.7835914652246,4408.232749101306,0.9946160486556048
1673,1603.7976974086666,4410.86925194173,0.9964534894445649
1674,1603.8118034761744,4413.505754781981,0.9976716664475935
1675,1603.825909667751,4416.142257622508,0.9984532895834379
1676,1603.840015983399,4418.778760462957,0.9989392717962172
1677,1603.8541224231165,4421.415263303229,0.9992324046358965
1678,1603.8682289869057,4424.051766143489,0.9994041894236304
1679,1603.8823356747682,4426.6882689839595,0.9995020822489025
1680,1603.8964424867065,4429.324771824222,0.9995562106829881
1681,1603.9105494227183,4431.961274664502,0.9995850624825475
1682,1603.9246564828065,4434.597777505087,0.9995997675348864
1683,1603.938763666974,4437.234280345334,0.9996068535235307
1684,1603.952870975218,4439.870783185725,0.999609907789007
1685,1603.966978407542,4442.507286026196,0.9996107774165506
1686,1603.9810859639467,4445.143788866583,0.9996105439394531
1687,1603.9951936444347,4447.78029170692,0.999609982152237
1688,1604.0093014490042,4450.4167945472045,0.9996096536457308
1689,1604.0234093776576,4453.053297387535,0.9996099806417393
1690,1604.0375174303977,4455.68980022797,0.9996113334525587
1691,1604.0516256072224,4458.326303068288,0.9996139182438308
1692,1604.0657339081342,4460.962805908647,0.9996176460466156
1693,1604.0798423331346,4463.5993087491115,0.9996222616968421
1694,1604.093950882226,4466.235811589519,0.9996275626648776
1695,1604.1080595554063,4468.872314429932,0.999633395755507
1696,1604.1221683526783,4471.508817270091,0.9996395165975606
1697,1604.1362772740447,4474.145320110512,0.9996456265628316
1698,1604.1503863195032,4476.781822951035,0.9996515051786267
1699,1604.1644954890567,4479.4183257913,0.9996569618505611
1700,1604.178604782706,4482.054828631693,0.9996618294099382
1701,1604.1927142004545,4484.691331471957,0.9996660495352466
1702,1604.206823742299,4487.327834312573,0.9996697765608895
1703,1604.2209334082431,4489.9643371527,0.9996732379337591
1704,1604.2350431982893,4492.600839993306,0.999676474174547
1705,1604.2491531124351,4495.237342833648,0.9996792922179065
1706,1604.2632631506838,4497.873845673949,0.9996814990376248
1707,1604.2773733130375,4500.510348514304,0.9996831440567455
1708,1604.2914835994943,4503.14685135468,0.9996844455183664
1709,1604.3055940100571,4505.783354195009,0.9996855709375696
1710,1604.3197045447266,4508.41985703542,0.9996865468081662
1711,1604.333815203506,4511.056359875913,0.999687388973219
1712,1604.3479259863927,4513.692862716256,0.9996879720393308
1713,1604.3620368933896,4516.3293655564485,0.9996878704950076
1714,1604.3761479244995,4518.965868396943,0.9996864577118553
1715,1604.3902590797202,4521.6023712374135,0.9996832095613624
1716,1604.4043703590544,4524.238874077629,0.9996775990730514
1717,1604.418481762503,4526.875376917915,0.9996691076283633
1718,1604.432593290069,4529.511879758426,0.999657575296617
1719,1604.44670494175,4532.148382598713,0.9996433346542897
1720,1604.460816717549,4534.784885439093,0.9996271521482664
1721,1604.4749286174685,4537.421388279663,0.9996100394002939
1722,1604.4890406415063,4540.057891119772,0.9995929457162057
1723,1604.5031527896654,4542.694393960162,0.9995766762001642
1724,1604.5172650619468,4545.330896800509,0.9995617861338086
1725,1604.5313774583528,4547.96739964097,0.9995484650927114
1726,1604.5454899788817,4550.603902481511,0.999536369306905
1727,1604.5596026235362,4553.240405321904,0.9995244502770357
1728,1604.5737153923187,4555.876908162211,0.9995111560734486
1729,1604.5878282852275,4558.513411002395,0.9994950165780272
1730,1604.601941302265,4561.14991384294,0.9994752058770375
1731,1604.6160544434322,4563.786416683295,0.9994520216406789
1732,1604.630167708732,4566.4229195236485,0.9994271729026654
1733,1604.6442810981623,4569.0594223639355,0.9994030742416125
1734,1604.6583946117257,4571.695925204312,0.9993812218108552
1735,1604.672508249425,4574.332428044745,0.9993612632916278
1736,1604.6866220112577,4576.968930885167,0.9993413044053627
1737,1604.700735897227,4579.605433725316,0.9993182361784152
1738,1604.714849907334,4582.241936565899,0.9992879620347175
1739,1604.7289640415809,4584.878439406365,0.9992465647698521
1740,1604.7430782999659,4587.514942246677,0.9991921394348307
1741,1604.757192682492,4590.151445086995,0.9991263934346579
1742,1604.7713071891612,4592.787947927187,0.9990552068517223
1743,1604.7854218199718,4595.424450767604,0.9989876082675611
1744,1604.7995365749266,4598.060953608016,0.9989332321093918
1745,1604.8136514540263,4600.697456448356,0.9988983041785009
1746,1604.827766457274,4603.333959288815,0.9988808444994941
1747,1604.8418815846674,4605.970462129033,0.9988688570478038
1748,1604.8559968362092,4608.606964969492,0.9988451037748114
1749,1604.8701122119023,4611.243467809768,0.9987949395000417
1750,1604.8842277117442,4613.879970650407,0.9987096090565863
1751,1604.8983433357378,4616.51647349063,0.9985825419247121
1752,1604.9124590838842,4619.1529763310145,0.9984008985439357
1753,1604.926574956186,4621.789479171397,0.9981341228999876
1754,1604.9406909526413,4624.425982011803,0.9977210116470034
1755,1604.9548070732526,4627.062484852296,0.9970615523167954
1756,1604.9689233180225,4629.698987692483,0.9960240109796601
1757,1604.9830396869493,4632.3354905329425,0.9944714724876584
1758,1604.9971561800353,4634.971993373251,0.9922966614943034
1759,1605.0112727972817,4637.6084962135965,0.9894438486583201
1760,1605.0253895386911,4640.244999054138,0.9859020963279763
1761,1605.0395064042618,4642.881501894259,0.9816698837129089
1762,1605.053623393996,4645.518004734696,0.9767089953369334
1763,1605.0677405078968,4648.154507575089,0.9709212001437182
1764,1605.0818577459615,4650.791010415598,0.96418308315327
1765,1605.0959751081937,4653.42751325583,0.9564470300908086
1766,1605.1100925945937,4656.064016096329,0.9478662667490646
1767,1605.1242102051642,4658.700518936639,0.9388666183515113
1768,1605.1383279399038,4661.337021777016,0.9301067904945803
1769,1605.1524457988144,4663.973524617419,0.9223390760381474
1770,1605.1665637818992,4666.610027457849,0.9162475826684716
1771,1605.180681889156,4669.2465302979745,0.912342984996972
1772,1605.1948001205874,4671.883033138469,0.9109318269384874
1773,1605.2089184761944,4674.519535978717,0.9121152561818073
1774,1605.22303695598,4677.156038819066,0.915766889607708
1775,1605.2371555599416,4679.792541659613,0.9214930923432512
1776,1605.2512742880824,4682.429044500025,0.928633881970876
1777,1605.265393140405,4685.06554734043,0.9363606160781368
1778,1605.279512116907,4687.702050180854,0.9438639668648787
1779,1605.2936312175912,4690.338553021066,0.9505552039995946
1780,1605.3077504424589,4692.9750558613205,0.9561848747670867
1781,1605.3218697915124,4695.6115587018685,0.9608290811861391
1782,1605.3359892647502,4698.248061542158,0.9647662601616386
1783,1605.3501088621745,4700.884564382637,0.9683164787407066
1784,1605.364228583788,4703.521067222976,0.971717397583653
1785,1605.3783484295889,4706.15757006317,0.97507514861719
1786,1605.3924683995797,4708.794072903698,0.9783815369978786
1787,1605.4065884937613,4711.430575744201,0.9815603979353751
1788,1605.4207087121367,4714.06707858451,0.9845092537470009
1789,1605.4348290547039,4716.70358142488,0.9871254857183971
1790,1605.4489495214652,4719.340084265208,0.9893238065488212
1791,1605.4630701124236,4721.9765871056825,0.9910516280179917
1792,1605.4771908275766,4724.6130899459085,0.9923006534341999
1793,1605.4913116669275,4727.24959278637,0.9931107777489486
1794,1605.5054326304767,4729.88609562667,0.9935665166785805
1795,1605.5195537182276,4732.522598466996,0.9937882770352344
1796,1605.5336749301775,4735.159101307281,0.9939171163147146
1797,1605.5477962663294,4737.795604147742,0.9940998332259021
1798,1605.5619177266858,4740.432106988311,0.9944461791189632
1799,1605.5760393112448,4743.068609828434,0.9950110303401409
1800,1605.5901610200092,4745.705112668748,0.9957708870862636
1801,1605.6042828529796,4748.341615509379,0.9966361035423363
1802,1605.6184048101593,4750.978118349675,0.9974880599188696
1803,1605.6325268915457,4753.614621189789,0.9982243210464322
1804,1605.6466490971416,4756.251124030364,0.9987894471494735
1805,1605.6607714269499,4758.887626870811,0.9991789424288033
1806,1605.6748938809683,4761.524129711124,0.999421631639606
1807,1605.6890164591996,4764.160632551428,0.9995571003226088
1808,1605.7031391616447,4766.797135391682,0.9996191245176673
1809,1605.7172619883067,4769.433638232139,0.9996298665260236
1810,1605.731384939183,4772.070141072694,0.9996029067920127
1811,1605.7455080142768,4774.706643912862,0.9995492621684084
1812,1605.7596312135902,4777.343146753147,0.9994821628612771
1813,1605.7737545371215,4779.979649593835,0.9994165773201349
1814,1605.7878779848734,4782.616152434115,0.9993659976970841
1815,1605.8020015568468,4785.252655274657,0.9993394711408309
1816,1605.8161252530447,4787.889158114872,0.9993409704071432
1817,1605.8302490734645,4790.525660955014,0.9993700879550007
1818,1605.8443730181093,4793.162163795687,0.9994217650007094
1819,1605.8584970869817,4795.798666636078,0.9994862223208596
1820,1605.8726212800793,4798.43516947641,0.9995515869144668
1821,1605.8867455974053,4801.071672316607,0.99960818921492
1822,1605.9008700389606,4803.708175157149,0.999650798585456
1823,1605.9149946047478,4806.344677997383,0.9996785991455877
1824,1605.9291192947646,4808.981180837786,0.9996920159389058
1825,1605.9432441090141,4811.617683678221,0.9996927185868657
1826,1605.9573690474988,4814.254186518553,0.9996802946197427
1827,1605.9714941102166,4816.8906893587755,0.9996557509059608
1828,1605.9856192971702,4819.527192199364,0.9996185686379407
1829,1605.9997446083607,4822.163695039637,0.9995702729141858
1830,1606.0138700437908,4824.800197880036,0.999512857783575
1831,1606.0279956034583,4827.436700720521,0.9994500947350313
1832,1606.0421212873662,4830.073203560666,0.9993870588694516
1833,1606.0562470955167,4832.709706401241,0.999329746864132
1834,1606.070373027908,4835.3462092415575,0.9992837062298229
1835,1606.0844990845428,4837.982712081899,0.9992528665976691
1836,1606.098625265422,4840.619214922293,0.999238579917638
1837,1606.1127515705487,4843.255717762568,0.99923905609759
1838,1606.1268779999205,4845.892220603008,0.9992499045056507
1839,1606.14100455354,4848.528723443346,0.9992653342221299
1840,1606.15513123141,4851.1652262838015,0.9992794063733188
1841,1606.1692580335284,4853.80172912411,0.9992871282821506
1842,1606.183384959898,4856.438231964359,0.9992850466807252
1843,1606.1975120105196,4859.074734804959,0.9992712820887009
1844,1606.2116391853963,4861.711237645195,0.9992453024193813
1845,1606.2257664845256,4864.347740485606,0.9992081694982677
1846,1606.2398939079103,4866.984243326119,0.9991627147040282
1847,1606.2540214555534,4869.620746166245,0.9991129513089528
1848,1606.2681491274525,4872.257249006779,0.9990632953972334
1849,1606.2822769236102,4874.893751847199,0.9990178660264917
1850,1606.2964048440297,4877.530254687465,0.998979945004143
1851,1606.3105328887082,4880.166757527696,0.9989517567315913
1852,1606.3246610576487,4882.80326036824,0.9989342030785162
1853,1606.3387893508525,4885.439763208734,0.9989264118416156
1854,1606.352917768322,4888.076266048848,0.9989257385486173
1855,1606.3670463100552,4890.712768889314,0.9989285827579089
1856,1606.3811749760548,4893.3492717296085,0.9989312471081675
1857,1606.3953037663237,4895.9857745699155,0.998930587123884
1858,1606.4094326808593,4898.622277410584,0.9989247683624249
1859,1606.4235617196648,4901.25878025086,0.9989135957916
1860,1606.437690882741,4903.8952830910275,0.9988984370531517
1861,1606.4518201700905,4906.531785931531,0.9988818329094897
1862,1606.4659495817116,4909.168288772067,0.9988668608163229
1863,1606.4800791176065,4911.804791612084,0.9988561263961881
1864,1606.4942087777783,4914.441294452569,0.9988509353821896
1865,1606.5083385622247,4917.0777972929345,0.9988515159024886
1866,1606.5224684709485,4919.714300133172,0.9988580534424375
1867,1606.5365985039507,4922.350802973885,0.9988711142987947
1868,1606.550728661234,4924.987305814161,0.9988908503948349
1869,1606.5648589427963,4927.623808654605,0.9989161014620548
1870,1606.5789893486403,4930.260311494918,0.9989446312216407
1871,1606.5931198787687,4932.896814335348,0.9989742593708251
1872,1606.6072505331792,4935.5333171757875,0.9990036821100086
1873,1606.621381311875,4938.169820015909,0.9990323502023897
1874,1606.6355122148566,4940.80632285628,0.9990598138812681
1875,1606.6496432421272,4943.44282569657,0.999085230540139
1876,1606.6637743936842,4946.079328537224,0.9991076400957106
1877,1606.677905669531,4948.715831377552,0.9991269937796838
1878,1606.6920370696694,4951.35233421774,0.9991448321306555
1879,1606.7061685940978,4953.988837058326,0.9991636019808425
1880,1606.720300242819,4956.625339898526,0.9991853490656339
1881,1606.7344320158338,4959.261842738978,0.9992111411506115
1882,1606.748563913145,4961.898345579411,0.9992410849344969
1883,1606.7626959347506,4964.534848419595,0.9992745550505935
1884,1606.776828080653,4967.171351260223,0.9993105363734991
1885,1606.7909603508556,4969.807854100582,0.9993478288292371
1886,1606.8050927453553,4972.444356940948,0.9993848613004392
1887,1606.8192252641554,4975.080859781152,0.9994195379074894
1888,1606.833357907257,4977.717362621444,0.9994499480843748
1889,1606.8474906746626,4980.353865462069,0.9994754708054785
1890,1606.8616235663703,4982.990368302213,0.9994968950127535
1891,1606.8757565823823,4985.626871142735,0.9995155440144083
1892,1606.889889722702,4988.263373982951,0.9995326934238922
1893,1606.904022987327,4990.899876823621,0.9995495433868383
1894,1606.9181563762595,4993.5363796637375,0.9995670895633506
1895,1606.9322898895014,4996.172882504194,0.999585791066756
1896,1606.946423527055,4998.80938534443,0.9996050963841168
1897,1606.9605572889182,5001.445888184889,0.9996233921489308
1898,1606.9746911750935,5004.082391025525,0.9996387187947035
1899,1606.988825185584,5006.718893865687,0.99964976979993
1900,1607.0029593203874,5009.355396706042,0.9996562913845579
1901,1607.0170935795063,5011.991899546542,0.9996589904296544
1902,1607.0312279629418,5014.6284023867,0.9996590160677403
1903,1607.045362470697,5017.264905227242,0.9996575352563657
1904,1607.0594971027692,5019.90140806745,0.9996555320256197
1905,1607.0736318591614,5022.537910907763,0.9996536978115588
1906,1607.0877667398763,5025.174413748237,0.9996523795619258
1907,1607.1019017449119,5027.810916588701,0.9996513891900709
1908,1607.1160368742705,5030.447419428981,0.9996500739217359
1909,1607.1301721279535,5033.083922269357,0.9996477178625831
1910,1607.1443075059635,5035.720425109723,0.999643873843499
1911,1607.1584430082987,5038.356927949937,0.9996383399419739
1912,1607.1725786349612,5040.9934307906005,0.9996310479175975
1913,1607.1867143859542,5043.6299336308675,0.9996220625635805
1914,1607.2008502612753,5046.266436471336,0.9996115309219379
1915,1607.2149862609274,5048.9029393116425,0.9995995703373026
1916,1607.2291223849113,5051.53944215181,0.9995862274110389
1917,1607.2432586332302,5054.175944992241,0.9995715541389055
1918,1607.2573950058813,5056.812447832767,0.9995553538513932
1919,1607.271531502868,5059.448950673152,0.9995387372796767
1920,1607.2856681241926,5062.085453513543,0.9995205647164502
1921,1607.299804869853,5064.721956353964,0.999500705062015
1922,1607.313941739852,5067.35845919408,0.9994786876522355
1923,1607.3280787341905,5069.994962034651,0.9994545261111206
1924,1607.3422158528715,5072.631464875056,0.9994288015623312
1925,1607.3563530958927,5075.26796771538,0.9994024189858468
1926,1607.3704904632568,5077.904470555578,0.9993762776924566
1927,1607.3846279549666,5080.540973396187,0.9993510403152063
1928,1607.3987655710198,5083.17747623652,0.9993272035194584
1929,1607.4129033114193,5085.813979077014,0.9993052189186713
1930,1607.427041176166,5088.45048191721,0.9992854613331079
1931,1607.4411791652628,5091.086984757414,0.9992680101192142
1932,1607.4553172787075,5093.723487597907,0.9992523885436212
1933,1607.4694555165026,5096.3599904383855,0.9992375901490177
1934,1607.4835938786512,5098.996493278549,0.9992224622746548
1935,1607.497732365151,5101.632996118965,0.9992060981237023
1936,1607.5118709760045,5104.269498959364,0.9991878914495527
1937,1607.526009711213,5106.906001799832,0.9991674296766
1938,1607.5401485707791,5109.542504640128,0.9991446192459562
1939,1607.554287554701,5112.179007480502,0.9991200608671986
1940,1607.568426662981,5114.815510320906,0.9990953761927912
1941,1607.5825658956219,5117.452013161168,0.9990729193204168
1942,1607.5967052526216,5120.088516001534,0.999054828282576
1943,1607.6108447339827,5122.725018841831,0.9990423460840114
1944,1607.6249843397068,5125.3615216824,0.9990356935616888
1945,1607.6391240697958,5127.998024522682,0.9990340246785495
1946,1607.6532639242482,5130.634527363274,0.999035787956859
1947,1607.6674039030665,5133.271030203459,0.9990395337479736
1948,1607.6815440062535,5135.9075330437045,0.9990441396904061
1949,1607.6956842338068,5138.544035884257,0.9990484838810831
1950,1607.7098245857294,5141.180538724686,0.999051580858507
1951,1607.7239650620222,5143.817041564881,0.9990530988788231
1952,1607.738105662688,5146.453544405442,0.9990534879074928
1953,1607.7522463877247,5149.090047245806,0.999053539238804
1954,1607.7663872371347,5151.726550086256,0.9990536726097284
1955,1607.7805282109214,5154.363052926451,0.9990535772264894
1956,1607.7946693090819,5156.999555766736,0.9990525146205187
1957,1607.8088105316194,5159.636058607193,0.9990498065333764
1958,1607.8229518785347,5162.272561447618,0.9990448389605984
1959,1607.8370933498306,5164.90906428793,0.999036547581278
1960,1607.8512349455052,5167.545567128376,0.9990227525514374
1961,1607.865376665561,5170.18206996872,0.9989995734976823
1962,1607.8795185100007,5172.8185728090075,0.9989613128674915
1963,1607.893660478822,5175.455075649359,0.9989008645372961
1964,1607.907802572028,5178.091578489728,0.9988097666879827
1965,1607.9219447896194,5180.728081330228,0.9986775263799734
1966,1607.9360871315994,5183.364584170557,0.9984904575067537
1967,1607.9502295979653,5186.001087010896,0.9982303123670971
1968,1607.96437218872,5188.6375898514225,0.9978726596461011
1969,1607.9785149038664,5191.274092691708,0.9973849081546009
1970,1607.9926577434023,5193.910595531995,0.9967243140684141
1971,1608.0068007073305,5196.547098372461,0.995835534136349
1972,1608.0209437956516,5199.18360121274,0.9946471276202375
1973,1608.035087008369,5201.8201040532695,0.9930680621351252
1974,1608.04923034548,5204.456606893424,0.990985585063384
1975,1608.0633738069876,5207.093109733928,0.988263694695506
1976,1608.0775173928944,5209.7296125741605,0.9847410637264137
1977,1608.0916611031982,5212.366115414524,0.9802304149487047
1978,1608.1058049379021,5215.002618255034,0.9745219319115179
1979,1608.1199488970067,5217.639121095295,0.9673903852607225
1980,1608.1340929805149,5220.275623935645,0.9586054026357458
1981,1608.1482371884247,5222.912126776166,0.9479457315351474
1982,1608.1623815207386,5225.54862961662,0.9352188846089474
1983,1608.1765259774595,5228.185132456929,0.9202872856511721
1984,1608.190670558585,5230.821635297075,0.9031013083702591
1985,1608.204815264118,5233.458138137564,0.8837375233568948
1986,1608.2189600940612,5236.094640977864,0.8624365506516108
1987,1608.2331050484127,5238.731143818349,0.8396325399333773
1988,1608.2472501271745,5241.367646658743,0.8159657840310075
1989,1608.2613953303485,5244.004149499035,0.7922699037676291
1990,1608.275540657937,5246.640652339436,0.769528322944011
1991,1608.2896861099377,5249.277155179833,0.7488029819711568
1992,1608.3038316863538,5251.91365802015,0.7311456231987746
1993,1608.3179773871877,5254.550160860501,0.717504572208355
1994,1608.3321232124372,5257.1866637009325,0.7086395797420182
1995,1608.346269162105,5259.823166541462,0.705053701199339
1996,1608.3604152361925,5262.459669381855,0.7069460612211662
1997,1608.3745614347022,5265.096172221867,0.7141863286381582
1998,1608.3887077576321,5267.732675062483,0.7263125111953848
1999,1608.4028542049846,5270.369177902818,0.7425565247434875
2000,1608.4170007767627,5273.005680743146,0.7619027012511834
2001,1608.431147472964,5275.642183583711,0.7831798563883305
2002,1608.4452942935916,5278.278686423983,0.8051783173061102
2003,1608.4594412386461,5280.915189264335,0.8267729680642072
2004,1608.4735883081307,5283.5516921045555,0.847028402620797
2005,1608.487735502043,5286.188194945145,0.8652672445617331
2006,1608.5018828203858,5288.824697785511,0.8810941981253366
2007,1608.5160302631616,5291.461200625703,0.89438001530097
2008,1608.5301778303685,5294.097703466281,0.9052178910788822
2009,1608.5443255220093,5296.734206306591,0.913866592172556
2010,1608.5584733380847,5299.370709146776,0.9206884225185751
2011,1608.5726212785978,5302.007211987047,0.9260813016440395
2012,1608.5867693435462,5304.643714827645,0.9304008868340123
2013,1608.6009175329327,5307.280217668135,0.9338858460601804
2014,1608.6150658467602,5309.916720508441,0.936606927837044
2015,1608.6292142850261,5312.553223348675,0.9384997798654521
2016,1608.6433628477337,5315.18972618914,0.9394592600230333
2017,1608.6575115348835,5317.826229029406,0.9394376767777024
2018,1608.6716603464788,5320.46273186997,0.9384523507637266
2019,1608.6858092825169,5323.099234710142,0.9364875648114978
2020,1608.6999583430008,5325.735737550709,0.93338433110555
2021,1608.7141075279333,5328.37224039095,0.9288345348537232
2022,1608.728256837312,5331.008743231393,0.9225027618221109
2023,1608.74240627114,5333.645246071636,0.9141908343876279
2024,1608.756555829418,5336.28174891218,0.9039432126860953
2025,1608.7707055121489,5338.918251752335,0.8920572811519643
2026,1608.7848553193305,5341.554754592917,0.8790237421040661
2027,1608.7990052509656,5344.19125743314,0.8654304429685511
2028,1608.8131553070568,5346.827760273567,0.8518453182427012
2029,1608.827305487602,5349.464263113798,0.8387079122508627
2030,1608.841455792604,5352.1007659543575,0.8262425034698988
2031,1608.8556062220637,5354.737268794849,0.814486484791806
2032,1608.869756775984,5357.373771634998,0.8033985417605367
2033,1608.8839074543625,5360.01027447559,0.7930332402966807
2034,1608.8980582572024,5362.646777315711,0.783694228376395
2035,1608.9122091845059,5365.283280156211,0.7759933871029273
2036,1608.9263602362712,5367.919782996494,0.7707839002920048
2037,1608.9405114125009,5370.556285836868,0.7689906652080306
2038,1608.9546627131958,5373.192788677441,0.7713987567115455
2039,1608.9688141383592,5375.829291517621,0.7784634762781062
2040,1608.9829656879886,5378.465794358064,0.7901834227427741
2041,1608.9971173620866,5381.102297198338,0.8060524229128188
2042,1609.0112691606562,5383.738800038907,0.8250908750959478
2043,1609.0254210836952,5386.375302879304,0.845952151813677
2044,1609.0395731312062,5389.011805719513,0.8670987064978632
2045,1609.0537253031903,5391.6483085597765,0.8870394988693333
2046,1609.0678775996503,5394.284811400135,0.9046047156957854
2047,1609.082030020584,5396.921314240706,0.9191908009562262
