{
    "accuracy": 0.766625,
    "precision": 0.766511476873631,
    "recall": 0.766625,
    "f1_score": 0.7663361461487768,
    "confusion_matrix": [
        [
            1484,
            186,
            160,
            170
        ],
        [
            164,
            1503,
            171,
            162
        ],
        [
            175,
            169,
            1507,
            149
        ],
        [
            133,
            118,
            110,
            1639
        ]
    ]
}