pixel,wavelength_angstrom,flux,absorption
0,1580.371130000001,0.9308604473030258,0.06913955269697425
1,1580.385030021109,0.9402088787454668,0.05979112125453323
2,1580.3989301644754,0.9480432142379738,0.051956785762026225
3,1580.4128304300975,0.95505071037584,0.044949289624160005
4,1580.4267308179783,0.96161814284863,0.03838185715136999
5,1580.4406313281188,0.9678359277748916,0.03216407222510842
6,1580.4545319605218,0.9736119431900649,0.026388056809935057
7,1580.468432715185,0.9788000175122666,0.02119998248773336
8,1580.4823335921108,0.9832870149759382,0.01671298502406182
9,1580.4962345913025,0.9870281494524737,0.012971850547526254
10,1580.5101357127576,0.9900455987054111,0.00995440129458891
11,1580.5240369564788,0.992410067330563,0.007589932669436972
12,1580.5379383224672,0.9942189738681211,0.005781026131878919
13,1580.5518398107256,0.9955776899635205,0.0044223100364795265
14,1580.5657414212517,0.9965860175720425,0.0034139824279575404
15,1580.5796431540484,0.9973302683046583,0.0026697316953416816
16,1580.593545009118,0.9978802081018618,0.002119791898138157
17,1580.6074469864586,0.9982893353845222,0.0017106646154777527
18,1580.621349086073,0.9985968632127059,0.0014031367872940903
19,1580.635251307962,0.9988305469175385,0.0011694530824615246
20,1580.6491536521287,0.9990098753070403,0.0009901246929596708
21,1580.6630561185705,0.9991487525613368,0.0008512474386631608
22,1580.6769587072902,0.9992572223876655,0.0007427776123345442
23,1580.6908614182908,0.9993425596963889,0.0006574403036111454
24,1580.7047642515697,0.9994100824708334,0.0005899175291665948
25,1580.7186672071298,0.99946373620587,0.0005362637941299653
26,1580.7325702849723,0.9995064613019379,0.0004935386980621237
27,1580.7464734850996,0.9995403304700782,0.0004596695299218245
28,1580.7603768075098,0.9995666850498084,0.00043331495019161004
29,1580.7742802522055,0.9995865967947462,0.0004134032052538483
30,1580.7881838191895,0.99960128817049,0.00039871182951001227
31,1580.8020875084594,0.9996121557520414,0.00038784424795856864
32,1580.815991320018,0.9996205775236455,0.000379422476354474
33,1580.8298952538664,0.999627630059253,0.00037236994074696383
34,1580.8437993100074,0.9996337990549993,0.00036620094500072753
35,1580.8577034884388,0.9996391632714219,0.00036083672857811777
36,1580.8716077891631,0.9996437897077388,0.00035621029226118317
37,1580.8855122121831,0.9996478818432297,0.0003521181567702758
38,1580.8994167574967,0.9996517373434706,0.00034826265652943
39,1580.9133214251065,0.9996555538231706,0.0003444461768293827
40,1580.9272262150137,0.9996592029638993,0.0003407970361006818
41,1580.941131127221,0.9996623449401449,0.0003376550598550576
42,1580.955036161726,0.9996647896987962,0.00033521030120375883
43,1580.9689413185317,0.9996666116148477,0.00033338838515228897
44,1580.9828465976407,0.9996677449947621,0.00033225500523792473
45,1580.9967519990505,0.9996674902478935,0.00033250975210652456
46,1581.0106575227644,0.9996645358145854,0.00033546418541463563
47,1581.024563168783,0.9996573602559065,0.0003426397440935425
48,1581.0384689371092,0.9996443753856205,0.00035562461437954607
49,1581.0523748277408,0.9996236980194431,0.00037630198055693675
50,1581.0662808406805,0.9995930062234925,0.0004069937765075471
51,1581.080186975931,0.9995489590890667,0.0004510409109332869
52,1581.09409323349,0.9994852712384079,0.000514728761592087
53,1581.1079996133603,0.999391753483938,0.0006082465160619499
54,1581.1219061155432,0.9992577733186105,0.0007422266813894574
55,1581.135812740041,0.9990755944368047,0.0009244055631952852
56,1581.1497194868518,0.9988365507038917,0.0011634492961083431
57,1581.1636263559783,0.9985284850888722,0.001471514911127847
58,1581.1775333474232,0.9981411625995804,0.0018588374004195884
59,1581.191440461184,0.9976693414918817,0.0023306585081183107
60,1581.2053476972637,0.9971082884095398,0.0028917115904601998
61,1581.2192550556633,0.9964497682314956,0.0035502317685044416
62,1581.2331625363856,0.9956762974177505,0.004323702582249456
63,1581.2470701394284,0.9947120448546127,0.005287955145387269
64,1581.2609778647943,0.993258831413824,0.006741168586176016
65,1581.2748857124861,0.9905587376735575,0.00944126232644249
66,1581.2887936825014,0.9854648333382381,0.014535166661761911
67,1581.3027017748432,0.9771679053274057,0.022832094672594283
68,1581.3166099895125,0.9658479341313,0.03415206586870001
69,1581.330518326512,0.952311733245177,0.04768826675482296
70,1581.3444267858392,0.9378287336930018,0.06217126630699821
71,1581.3583353674974,0.9251182769274655,0.07488172307253449
72,1581.372244071489,0.9179428621059069,0.08205713789409308
73,1581.3861528978116,0.9183401908574267,0.08165980914257331
74,1581.4000618464681,0.9250878820316687,0.0749121179683313
75,1581.4139709174613,0.9352569241708305,0.0647430758291695
76,1581.427880110789,0.9464788608822103,0.05352113911778966
77,1581.4417894264536,0.9575804733639846,0.04241952663601545
78,1581.4556988644565,0.9680878687229448,0.03191213127705517
79,1581.4696084248005,0.9775829599624226,0.022417040037577385
80,1581.4835181074832,0.9855142133660395,0.014485786633960496
81,1581.4974279125072,0.9913735378034346,0.008626462196565376
82,1581.5113378398753,0.9950399377109971,0.00496006228900292
83,1581.5252478895857,0.9969280884482656,0.003071911551734363
84,1581.5391580616404,0.9977303474517007,0.0022696525482992502
85,1581.553068356041,0.9980310374292571,0.0019689625707428604
86,1581.56697877279,0.9981512392983751,0.0018487607016248742
87,1581.5808893118854,0.9982176772004197,0.0017823227995803492
88,1581.5947999733296,0.9982700426019511,0.0017299573980489313
89,1581.6087107571257,0.9983189649212159,0.0016810350787841433
90,1581.622621663271,0.9983659532572379,0.0016340467427621297
91,1581.6365326917687,0.9984102415568006,0.0015897584431994183
92,1581.6504438426198,0.9984519158480634,0.001548084151936635
93,1581.6643551158265,0.9984924564051788,0.0015075435948211924
94,1581.6782665113874,0.9985335053631036,0.0014664946368964094
95,1581.6921780293046,0.9985759241571741,0.0014240758428258893
96,1581.7060896695812,0.9986199798526556,0.0013800201473443963
97,1581.7200014322145,0.9986651377220547,0.0013348622779453256
98,1581.733913317208,0.9987090396418746,0.0012909603581253704
99,1581.7478253245617,0.998747276581563,0.0012527234184369629
100,1581.7617374542795,0.9987748308076181,0.0012251691923819141
101,1581.7756497063583,0.9987886685823715,0.001211331417628525
102,1581.7895620808013,0.9987898753502888,0.0012101246497111529
103,1581.8034745776108,0.998783556845711,0.0012164431542890375
104,1581.8173871967851,0.9987766236644864,0.0012233763355136151
105,1581.8312999383265,0.9987751876884199,0.0012248123115801146
106,1581.8452128022366,0.9987829692262312,0.001217030773768779
107,1581.8591257885173,0.9988009574608514,0.0011990425391485982
108,1581.8730388971671,0.9988278030854669,0.0011721969145330746
109,1581.8869521281886,0.9988605496436255,0.0011394503563745273
110,1581.900865481584,0.9988955900884543,0.0011044099115457007
111,1581.914778957352,0.9989295751692252,0.0010704248307747966
112,1581.9286925554943,0.9989600687760297,0.0010399312239702807
113,1581.9426062760128,0.9989858242236785,0.0010141757763214576
114,1581.9565201189098,0.9990065404225487,0.0009934595774513388
115,1581.9704340841831,0.9990227452337243,0.000977254766275748
116,1581.9843481718358,0.999036290184574,0.0009637098154260393
117,1581.99826238187,0.9990504748163573,0.0009495251836426633
118,1582.0121767142841,0.9990689600056966,0.0009310399943034398
119,1582.0260911690802,0.9990943334187061,0.0009056665812938736
120,1582.04000574626,0.9991275384364912,0.0008724615635088417
121,1582.053920445826,0.999167975873344,0.0008320241266559503
122,1582.0678352677755,0.9992135914759874,0.0007864085240125718
123,1582.081750212112,0.9992609506561605,0.000739049343839504
124,1582.0956652788377,0.99930537737699,0.0006946226230100105
125,1582.1095804679508,0.9993414341874135,0.0006585658125864979
126,1582.1234957794536,0.9993638998278758,0.0006361001721242321
127,1582.1374112133474,0.9993686582540304,0.0006313417459695714
128,1582.1513267696348,0.9993530641352338,0.0006469358647661627
129,1582.1652424483136,0.9993161594101446,0.0006838405898553779
130,1582.1791582493868,0.9992591590868171,0.0007408409131829385
131,1582.1930741728565,0.9991860815458475,0.0008139184541524624
132,1582.2069902187213,0.9991041050826821,0.0008958949173178965
133,1582.2209063869834,0.999023346458885,0.0009766535411149802
134,1582.234822677644,0.9989551457396395,0.0010448542603604949
135,1582.2487390907056,0.9989082342290053,0.0010917657709946793
136,1582.2626556261664,0.9988845883787807,0.0011154116212193088
137,1582.2765722840288,0.9988777452130115,0.0011222547869884636
138,1582.2904890642956,0.9988748296211221,0.0011251703788779377
139,1582.3044059669649,0.998861161547276,0.0011388384527240003
140,1582.318322992039,0.9988250974831578,0.0011749025168421579
141,1582.332240139519,0.9987612796931745,0.0012387203068254804
142,1582.3461574094079,0.9986710872943042,0.001328912705695795
143,1582.3600748017031,0.9985606603402762,0.0014393396597237595
144,1582.3739923164078,0.9984384611977379,0.0015615388022620635
145,1582.3879099535243,0.9983138590287816,0.0016861409712184416
146,1582.4018277130506,0.9981959248148453,0.0018040751851546855
147,1582.4157455949894,0.9980912405264709,0.001908759473529087
148,1582.429663599342,0.9980015843892992,0.001998415610700799
149,1582.4435817261106,0.9979233460491963,0.0020766539508036974
150,1582.4574999752933,0.9978495096331403,0.0021504903668596587
151,1582.4714183468927,0.9977735765999856,0.0022264234000144434
152,1582.4853368409117,0.997693567882982,0.002306432117017976
153,1582.499255457348,0.9976141050973093,0.0023858949026906995
154,1582.5131741962043,0.99754575411041,0.002454245889589979
155,1582.5270930574818,0.9975014274508649,0.002498572549135103
156,1582.5410120411832,0.9974908722941841,0.0025091277058159056
157,1582.554931147306,0.9975165435024774,0.0024834564975225737
158,1582.5688503758531,0.9975735246123195,0.0024264753876804823
159,1582.5827697268273,0.997652407742528,0.002347592257472053
160,1582.5966892002264,0.9977424154626466,0.002257584537353363
161,1582.610608796053,0.9978341416039187,0.0021658583960812994
162,1582.6245285143082,0.9979225637178577,0.0020774362821422976
163,1582.6384483549948,0.9980093553473545,0.0019906446526455346
164,1582.6523683181106,0.998102287726145,0.0018977122738550456
165,1582.6662884036582,0.998210887351955,0.0017891126480450437
166,1582.6802086116404,0.9983404862209462,0.0016595137790538228
167,1582.694128942055,0.9984885084128468,0.0015114915871532464
168,1582.7080493949045,0.9986451343831912,0.0013548656168087536
169,1582.7219699701905,0.998797029128363,0.0012029708716370102
170,1582.735890667915,0.9989315458356318,0.0010684541643681822
171,1582.7498114880766,0.9990398048575321,0.0009601951424679234
172,1582.7637324306772,0.9991180226318868,0.0008819773681132403
173,1582.7776534957202,0.9991672849635966,0.0008327150364033642
174,1582.791574683203,0.9991925826079059,0.0008074173920941119
175,1582.8054959931285,0.999201685646953,0.0007983143530470027
176,1582.8194174254977,0.9992040016871717,0.0007959983128282833
177,1582.8333389803133,0.9992087508222405,0.0007912491777595232
178,1582.847260657573,0.9992224031441671,0.0007775968558328961
179,1582.8611824572797,0.9992470466600374,0.0007529533399626143
180,1582.8751043794362,0.9992807409588528,0.0007192590411472244
181,1582.8890264240401,0.9993193527549988,0.0006806472450011647
182,1582.9029485910942,0.9993585288365622,0.0006414711634378234
183,1582.9168708805994,0.9993947464331674,0.0006052535668326087
184,1582.9307932925585,0.9994253159710482,0.0005746840289517774
185,1582.9447158269695,0.9994482053091751,0.0005517946908248916
186,1582.958638483835,0.9994624114659945,0.0005375885340055397
187,1582.9725612631578,0.9994676054611317,0.0005323945388683304
188,1582.9864841649355,0.9994640275265764,0.0005359724734236293
189,1583.0004071891708,0.9994527699671251,0.0005472300328749347
190,1583.014330335865,0.9994354076020093,0.0005645923979906708
191,1583.0282536050206,0.9994139265644343,0.0005860734355657149
192,1583.0421769966356,0.9993905365981564,0.0006094634018436462
193,1583.0561005107127,0.9993674475853465,0.0006325524146535422
194,1583.0700241472543,0.9993467245669884,0.0006532754330116353
195,1583.0839479062586,0.9993301959840186,0.000669804015981379
196,1583.097871787728,0.9993190974559686,0.0006809025440314143
197,1583.111795791664,0.9993136759267127,0.0006863240732872811
198,1583.1257199180689,0.9993132060555971,0.0006867939444028526
199,1583.1396441669406,0.9993164001325361,0.0006835998674639132
200,1583.153568538282,0.9993219173883544,0.0006780826116455918
201,1583.1674930320953,0.9993286884220915,0.0006713115779084511
202,1583.181417648379,0.9993356151134263,0.0006643848865737212
203,1583.1953423871353,0.9993410535907353,0.0006589464092646713
204,1583.2092672483657,0.9993428570112108,0.0006571429887891611
205,1583.2231922320725,0.9993391546861781,0.0006608453138219339
206,1583.2371173382537,0.9993289309455995,0.0006710690544005082
207,1583.251042566912,0.9993121492919862,0.0006878507080138041
208,1583.2649679180502,0.9992895103852095,0.0007104896147904771
209,1583.278893391666,0.9992622443406083,0.0007377556593917145
210,1583.292818987762,0.9992319302137959,0.0007680697862041397
211,1583.3067447063413,0.9992002432074593,0.0007997567925407401
212,1583.3206705474013,0.9991690065287531,0.0008309934712469325
213,1583.3345965109447,0.999140598449127,0.0008594015508730513
214,1583.348522596973,0.9991182890729164,0.0008817109270835566
215,1583.3624488054884,0.9991056389458579,0.0008943610541420899
216,1583.376375136489,0.9991051088578217,0.0008948911421783334
217,1583.3903015899778,0.9991167381999208,0.0008832618000792491
218,1583.404228165957,0.9991378093466091,0.0008621906533908819
219,1583.4181548644244,0.9991638223445691,0.0008361776554308697
220,1583.432081685383,0.9991901301446884,0.0008098698553116179
221,1583.4460086288339,0.9992131271414104,0.0007868728585895823
222,1583.4599356947797,0.9992305631562757,0.0007694368437243249
223,1583.473862883218,0.9992415279097063,0.0007584720902936715
224,1583.4877901941518,0.9992465814661937,0.0007534185338062827
225,1583.5017176275837,0.9992478510604594,0.0007521489395405645
226,1583.5156451835117,0.9992486457160958,0.0007513542839041598
227,1583.5295728619383,0.9992526328247068,0.0007473671752932232
228,1583.5435006628645,0.9992627683400495,0.0007372316599505435
229,1583.557428586293,0.999280235995885,0.0007197640041149977
230,1583.5713566322222,0.9993038988573871,0.0006961011426128705
231,1583.585284800654,0.9993309355521305,0.0006690644478695162
232,1583.5992130915915,0.9993581370404023,0.0006418629595976721
233,1583.6131415050327,0.9993827069879618,0.000617293012038167
234,1583.6270700409798,0.999402296277766,0.0005977037222339998
235,1583.6409986994342,0.9994151445340528,0.0005848554659472205
236,1583.6549274803988,0.9994208203230115,0.000579179676988506
237,1583.668856383871,0.9994207040211265,0.0005792959788735175
238,1583.6827854098538,0.9994180190148181,0.000581980985181918
239,1583.6967145583496,0.999417291761208,0.000582708238792029
240,1583.7106438293565,0.9994233173842937,0.0005766826157063143
241,1583.7245732228773,0.9994395354434138,0.0005604645565862043
242,1583.7385027389128,0.999466351212523,0.0005336487874769702
243,1583.7524323774658,0.9995007159167095,0.0004992840832904744
244,1583.766362138534,0.9995374365725064,0.000462563427493623
245,1583.7802920221204,0.9995708978767808,0.00042910212321922714
246,1583.7942220282278,0.9995967459887007,0.00040325401129925886
247,1583.8081521568533,0.999612304302504,0.0003876956974959711
248,1583.8220824080004,0.9996169298018531,0.00038307019814687315
249,1583.8360127816698,0.9996107120389928,0.0003892879610072342
250,1583.849943277864,0.9995952048314352,0.0004047951685648421
251,1583.8638738965813,0.9995732064366731,0.000426793563326866
252,1583.877804637824,0.9995496112841198,0.00045038871588021223
253,1583.8917355015951,0.9995303947604628,0.00046960523953720745
254,1583.9056664878924,0.9995205859913847,0.0004794140086152865
255,1583.9195975967186,0.9995219189277946,0.0004780810722053719
256,1583.9335288280745,0.9995322428920331,0.00046775710796687076
257,1583.947460181963,0.9995469129992479,0.00045308700075208375
258,1583.961391658382,0.9995607176638726,0.0004392823361274445
259,1583.9753232573341,0.9995693583487972,0.00043064165120276776
260,1583.989254978822,0.9995698603975078,0.0004301396024921633
261,1584.0031868228436,0.999560398231434,0.0004396017685659448
262,1584.0171187894016,0.9995398212044067,0.00046017879559334673
263,1584.031050878497,0.9995075289889767,0.0004924710110233432
264,1584.0449830901325,0.9994646504890353,0.0005353495109646778
265,1584.058915424306,0.9994143716654871,0.0005856283345129221
266,1584.0728478810202,0.9993620614785665,0.0006379385214334565
267,1584.0867804602776,0.9993138972682705,0.0006861027317295321
268,1584.1007131620763,0.9992749581854691,0.0007250418145309245
269,1584.114645986419,0.9992469364795207,0.0007530635204793246
270,1584.1285789333067,0.9992268347068765,0.0007731652931235455
271,1584.1425120027418,0.9992080483871604,0.0007919516128396253
272,1584.1564451947227,0.9991831447392815,0.0008168552607185076
273,1584.1703785092518,0.9991460783889675,0.0008539216110324821
274,1584.1843119463317,0.9990930611844029,0.0009069388155971136
275,1584.1982455059604,0.9990225517733543,0.000977448226645694
276,1584.2121791881407,0.9989348102869223,0.0010651897130776744
277,1584.2261129928734,0.9988320065149103,0.001167993485089669
278,1584.2400469201611,0.998718607705154,0.0012813922948460288
279,1584.2539809700022,0.9986008370411349,0.0013991629588651078
280,1584.2679151423988,0.9984846806609206,0.0015153193390794462
281,1584.2818494373541,0.9983733608613767,0.0016266391386232648
282,1584.2957838548655,0.9982653294625159,0.0017346705374841065
283,1584.309718394936,0.9981532700386662,0.0018467299613338373
284,1584.3236530575666,0.9980250832064899,0.0019749167935101397
285,1584.3375878427598,0.9978674540138305,0.0021325459861695206
286,1584.3515227505138,0.9976698431441281,0.002330156855871901
287,1584.365457780831,0.9974264817123039,0.0025735182876961415
288,1584.3793929337144,0.9971375610437564,0.002862438956243607
289,1584.3933282091614,0.9968110928849689,0.003188907115031059
290,1584.407263607175,0.9964631891850109,0.003536810814989133
291,1584.4211991277564,0.9961140803761525,0.0038859196238475446
292,1584.435134770908,0.9957820594199737,0.004217940580026336
293,1584.4490705366277,0.9954800498322884,0.004519950167711562
294,1584.4630064249181,0.9952159708366964,0.00478402916330356
295,1584.4769424357823,0.9949945354568257,0.005005464543174298
296,1584.4908785692178,0.9948183811106756,0.005181618889324446
297,1584.5048148252274,0.9946873333784316,0.005312666621568374
298,1584.5187512038121,0.9945947528863355,0.005405247113664524
299,1584.532687704975,0.9945224910375303,0.005477508962469679
300,1584.5466243287133,0.9944397616606955,0.005560238339304524
301,1584.56056107503,0.994309811910621,0.005690188089379045
302,1584.5744979439278,0.9941021005336426,0.005897899466357437
303,1584.5884349354046,0.9938045383056173,0.006195461694382676
304,1584.602372049463,0.9934311058820408,0.006568894117959245
305,1584.616309286104,0.9930197391929358,0.006980260807064154
306,1584.6302466453305,0.9926167713764952,0.007383228623504823
307,1584.6441841271403,0.9922532781285085,0.007746721871491502
308,1584.658121731536,0.9919284240177113,0.008071575982288692
309,1584.6720594585204,0.9916128674037333,0.008387132596266667
310,1584.6859973080914,0.9912718056845118,0.008728194315488214
311,1584.6999352802513,0.9908940043270835,0.009105995672916478
312,1584.7138733750016,0.9905092884454444,0.009490711554555609
313,1584.7278115923448,0.9901833476770224,0.00981665232297757
314,1584.741749932279,0.9899910536118284,0.010008946388171625
315,1584.7556883948064,0.9899813249938282,0.010018675006171818
316,1584.76962697993,0.9901512514831057,0.009848748516894323
317,1584.783565687648,0.9904422362678537,0.00955776373214634
318,1584.7975045179624,0.9907595676296654,0.009240432370334561
319,1584.8114434708748,0.9910051158386263,0.008994884161373728
320,1584.8253825463876,0.991107727693578,0.008892272306421978
321,1584.8393217444986,0.9910412530024227,0.00895874699757726
322,1584.853261065211,0.9908297932572603,0.009170206742739717
323,1584.8672005085268,0.990542268535044,0.009457731464955987
324,1584.8811400744444,0.990274487082007,0.009725512917992951
325,1584.8950797629661,0.9901200591932786,0.009879940806721388
326,1584.9090195740932,0.9901429866379536,0.009857013362046363
327,1584.9229595078284,0.9903675070228567,0.009632492977143303
328,1584.9368995641696,0.9907875236548557,0.009212476345144327
329,1584.9508397431193,0.9913835711398755,0.008616428860124481
330,1584.96478004468,0.9921337982289905,0.007866201771009496
331,1584.9787204688503,0.9930137398783084,0.006986260121691568
332,1584.9926610156322,0.9939883876326987,0.0060116123673013
333,1585.0066016850271,0.9950053660872196,0.004994633912780433
334,1585.0205424770375,0.995997864449605,0.00400213555039497
335,1585.0344833916613,0.9968986992907901,0.0031013007092098865
336,1585.0484244289014,0.99765767750679,0.0023423224932099806
337,1585.0623655887603,0.9982522930916843,0.001747706908315716
338,1585.0763068712358,0.9986875143662663,0.001312485633733651
339,1585.0902482763306,0.9989868079754608,0.0010131920245392
340,1585.104189804046,0.9991801478198727,0.0008198521801272562
341,1585.1181314543846,0.9992960139881091,0.0007039860118909225
342,1585.132073227344,0.9993597718851521,0.0006402281148478739
343,1585.1460151229273,0.9993944603128657,0.0006055396871342822
344,1585.1599571411368,0.9994179830658816,0.0005820169341184123
345,1585.1738992819705,0.9994404214986345,0.0005595785013654542
346,1585.1878415454314,0.9994651523102578,0.0005348476897422128
347,1585.2017839315217,0.9994916883710963,0.0005083116289037459
348,1585.2157264402395,0.9995179019447817,0.00048209805521826077
349,1585.2296690715875,0.9995415094887022,0.00045849051129775997
350,1585.2436118255666,0.9995609708885687,0.0004390291114313438
351,1585.25755470218,0.9995756084564575,0.00042439154354245723
352,1585.2714977014248,0.9995855412368823,0.0004144587631177421
353,1585.2854408233043,0.9995915581138922,0.00040844188610777987
354,1585.2993840678207,0.9995948202021264,0.0004051797978735783
355,1585.3133274349723,0.9995964668360349,0.0004035331639651307
356,1585.3272709247617,0.9995974089126519,0.0004025910873480809
357,1585.3412145371897,0.9995982289483046,0.0004017710516953654
358,1585.3551582722594,0.99959907147064,0.0004009285293600229
359,1585.3691021299683,0.9995997135590309,0.000400286440969122
360,1585.3830461103191,0.9995998774465226,0.0004001225534774333
361,1585.396990213315,0.9995994476015013,0.00040055239849867696
362,1585.410934438953,0.9995983109158053,0.00040168908419468963
363,1585.4248787872366,0.9995962202905568,0.0004037797094431639
364,1585.4388232581664,0.9995928850070503,0.00040711499294965314
365,1585.4527678517452,0.9995881862504108,0.00041181374958920713
366,1585.466712567971,0.9995822133819262,0.0004177866180737899
367,1585.4806574068464,0.9995752604776499,0.0004247395223501149
368,1585.4946023683738,0.9995677835297765,0.00043221647022351206
369,1585.5085474525515,0.999560171622457,0.0004398283775429723
370,1585.5224926593821,0.9995524667716286,0.00044753322837143283
371,1585.5364379888665,0.9995443442200458,0.0004556557799542116
372,1585.5503834410074,0.9995353605840205,0.0004646394159795175
373,1585.564329015803,0.9995251958011473,0.0004748041988527074
374,1585.5782747132555,0.9995135920174438,0.00048640798255616957
375,1585.592220533368,0.9995001901210566,0.0004998098789433802
376,1585.606166476138,0.9994845083277055,0.0005154916722944769
377,1585.6201125415682,0.999466126391503,0.0005338736084969931
378,1585.6340587296602,0.9994447770037885,0.0005552229962114685
379,1585.6480050404161,0.9994202826244878,0.000579717375512212
380,1585.661951473834,0.9993925263684904,0.0006074736315095919
381,1585.6758980299169,0.9993613639090766,0.0006386360909234057
382,1585.689844708667,0.9993264293499866,0.0006735706500133887
383,1585.703791510082,0.9992872461651948,0.0007127538348051798
384,1585.7177384341653,0.999243503825483,0.0007564961745170073
385,1585.7316854809173,0.99919507289113,0.0008049271088700349
386,1585.7456326503413,0.999141809394434,0.0008581906055660227
387,1585.7595799424348,0.9990835238388409,0.0009164761611590855
388,1585.7735273572002,0.9990201868053825,0.0009798131946174848
389,1585.7874748946408,0.998952133626194,0.00104786637380605
390,1585.8014225547543,0.9988800901065258,0.0011199098934742135
391,1585.815370337543,0.9988050471291704,0.001194952870829602
392,1585.8293182430084,0.9987281209393243,0.001271879060675718
393,1585.843266271153,0.9986506738504535,0.0013493261495465259
394,1585.8572144219747,0.9985744280910068,0.0014255719089931729
395,1585.8711626954762,0.9985013348895921,0.0014986651104078597
396,1585.88511109166,0.9984336949618424,0.0015663050381575783
397,1585.8990596105243,0.9983742617356084,0.0016257382643916074
398,1585.9130082520717,0.9983256854998583,0.0016743145001416604
399,1585.926957016303,0.998289796247749,0.0017102037522509494
400,1585.9409059032212,0.9982673655713321,0.0017326344286678896
401,1585.9548549128242,0.998258098070596,0.0017419019294040439
402,1585.9688040451142,0.99826078955946,0.00173921044054004
403,1585.9827533000944,0.9982736356117636,0.0017263643882363677
404,1585.9967026777626,0.99829395512996,0.0017060448700400022
405,1586.0106521781213,0.9983172403748838,0.0016827596251162147
406,1586.0246018011715,0.998337042899261,0.0016629571007390487
407,1586.0385515469163,0.9983466692009482,0.0016533307990518331
408,1586.0525014153532,0.9983412880124738,0.0016587119875262069
409,1586.066451406485,0.9983186606859104,0.001681339314089647
410,1586.0804015203141,0.9982787824289072,0.0017212175710927813
411,1586.094351756839,0.9982236098369636,0.0017763901630364343
412,1586.1083021160619,0.998157026650452,0.0018429733495479717
413,1586.122252597984,0.9980843527251773,0.0019156472748227404
414,1586.1362032026082,0.9980111818852357,0.001988818114764257
415,1586.1501539299318,0.9979421121375702,0.0020578878624297747
416,1586.164104779958,0.9978796881728142,0.00212031182718575
417,1586.1780557526895,0.9978234881844295,0.0021765118155705476
418,1586.1920068481238,0.9977700333073207,0.002229966692679275
419,1586.2059580662637,0.9977144626096941,0.002285537390305903
420,1586.2199094071107,0.9976533030123447,0.002346696987655328
421,1586.2338608706668,0.9975867020312524,0.002413297968747563
422,1586.2478124569304,0.9975192324282003,0.0024807675717997135
423,1586.261764165904,0.997458956888703,0.0025410431112969922
424,1586.2757159975904,0.9974149503650477,0.002585049634952319
425,1586.2896679519872,0.997394547599099,0.0026054524009010427
426,1586.3036200290971,0.9974014935628289,0.0025985064371710775
427,1586.3175722289216,0.9974347471355194,0.002565252864480616
428,1586.331524551463,0.9974876369106263,0.002512363089373748
429,1586.3454769967193,0.9975484601139968,0.002451539886003218
430,1586.359429564693,0.9976034846679032,0.002396515332096838
431,1586.373382255387,0.9976415422088747,0.0023584577911253124
432,1586.3873350687993,0.9976580180677821,0.002341981932217907
433,1586.4012880049322,0.9976560149834547,0.0023439850165453135
434,1586.4152410637869,0.997644125561382,0.0023558744386179553
435,1586.4291942453665,0.9976323778690653,0.0023676221309346657
436,1586.443147549668,0.9976287555579324,0.0023712444420675993
437,1586.457100976695,0.9976375208295851,0.0023624791704148773
438,1586.4710545264497,0.9976584165039962,0.002341583496003774
439,1586.4850081989302,0.997685865140074,0.0023141348599260425
440,1586.4989619941389,0.9977093356196274,0.00229066438037262
441,1586.5129159120772,0.9977161388688357,0.0022838611311643
442,1586.5268699527473,0.9976958110947108,0.0023041889052891618
443,1586.5408241161476,0.9976436844560663,0.0023563155439336736
444,1586.5547784022806,0.9975618866939687,0.0024381133060312754
445,1586.568732811149,0.9974580215579429,0.002541978442057058
446,1586.5826873427504,0.9973426065348787,0.0026573934651212827
447,1586.5966419970878,0.9972257898266511,0.00277421017334889
448,1586.6105967741623,0.9971139241999984,0.002886075800001553
449,1586.6245516739764,0.9970076574778977,0.0029923425221023425
450,1586.6385066965279,0.9969031288561061,0.003096871143893898
451,1586.6524618418198,0.9967951395306136,0.0032048604693863947
452,1586.6664171098546,0.9966793129291129,0.003320687070887063
453,1586.68037250063,0.9965521205421353,0.003447879457864733
454,1586.694328014149,0.9964094657321408,0.003590534267859158
455,1586.7082836504126,0.9962427131370056,0.003757286862994369
456,1586.7222394094233,0.9960291740715284,0.003970825928471644
457,1586.7361952911792,0.9957182984959918,0.004281701504008195
458,1586.7501512956828,0.9952242027358758,0.0047757972641242485
459,1586.7641074229368,0.9944398518369374,0.005560148163062606
460,1586.7780636729394,0.9932778675135758,0.0067221324864241705
461,1586.7920200456929,0.9917179373375462,0.008282062662453793
462,1586.8059765411983,0.9898218239660135,0.010178176033986519
463,1586.8199331594587,0.9876932349949927,0.01230676500500727
464,1586.8338899004718,0.9854081919537584,0.014591808046241606
465,1586.84784676424,0.9829729648109158,0.017027035189084216
466,1586.8618037507665,0.9803430053149613,0.019656994685038676
467,1586.8757608600488,0.9774829844057003,0.02251701559429975
468,1586.8897180920897,0.974419559747421,0.025580440252578995
469,1586.90367544689,0.971253230944537,0.02874676905546303
470,1586.9176329244528,0.9681263037662979,0.031873696233702065
471,1586.931590524776,0.9651990256627127,0.03480097433728735
472,1586.945548247862,0.962586200275884,0.03741379972411596
473,1586.9595060937136,0.9603956155444339,0.03960438445556613
474,1586.9734640623285,0.958724918554606,0.041275081445394046
475,1586.9874221537095,0.9576664474738292,0.04233355252617077
476,1587.001380367858,0.9572795945527734,0.04272040544722655
477,1587.0153387047762,0.9575516946674492,0.04244830533255084
478,1587.0292971644622,0.9583857421578075,0.041614257842192526
479,1587.0432557469187,0.9596392573208254,0.040360742679174555
480,1587.0572144521482,0.9611964396915147,0.03880356030848531
481,1587.071173280149,0.9630214957014253,0.036978504298574744
482,1587.0851322309231,0.9651487371081011,0.03485126289189888
483,1587.0990913044739,0.967612356672969,0.032387643327031035
484,1587.1130505007989,0.9703659893759669,0.029634010624033147
485,1587.1270098199006,0.9732495558139723,0.026750444186027678
486,1587.1409692617806,0.9760252276774898,0.02397477232251022
487,1587.1549288264412,0.978456694884086,0.021543305115913958
488,1587.1688885138803,0.9803805151965166,0.01961948480348341
489,1587.1828483241009,0.9817291844621021,0.01827081553789789
490,1587.1968082571052,0.9825033107726837,0.017496689227316287
491,1587.2107683128913,0.9827279397166816,0.017272060283318402
492,1587.224728491462,0.9824355824696023,0.017564417530397725
493,1587.2386887928183,0.9816888334364136,0.018311166563586445
494,1587.2526492169627,0.9806159556300069,0.01938404436999308
495,1587.2666097638935,0.9794186615002005,0.020581338499799484
496,1587.2805704336129,0.9783311659164521,0.021668834083547917
497,1587.2945312261238,0.9775441427417,0.022455857258300016
498,1587.308492141424,0.9771324347100141,0.022867565289985903
499,1587.3224531795165,0.9770276050614417,0.022972394938558294
500,1587.336414340402,0.977054573905289,0.022945426094710952
501,1587.3503756240832,0.9770173885627647,0.022982611437235345
502,1587.3643370305583,0.9767927313621549,0.023207268637845058
503,1587.3782985598298,0.9763863894691118,0.023613610530888174
504,1587.3922602119,0.9759274895307818,0.02407251046921821
505,1587.4062219867674,0.9756049752887743,0.024395024711225677
506,1587.4201838844344,0.9755760626555712,0.024423937344428825
507,1587.4341459049022,0.9758882043139453,0.024111795686054704
508,1587.4481080481733,0.9764507358144338,0.023549264185566243
509,1587.4620703142455,0.9770708437216166,0.022929156278383434
510,1587.4760327031217,0.9775390294088915,0.02246097059110852
511,1587.4899952148046,0.9777265143790906,0.02227348562090936
512,1587.503957849292,0.9776527338642494,0.022347266135750554
513,1587.5179206065866,0.9774948111334174,0.022505188866582593
514,1587.5318834866894,0.9775329582408978,0.02246704175910219
515,1587.545846489603,0.9780478072972165,0.02195219270278348
516,1587.5598096153255,0.9792053782107352,0.020794621789264833
517,1587.5737728638596,0.980978910548287,0.01902108945171299
518,1587.5877362352078,0.9831508370427198,0.016849162957280228
519,1587.601699729368,0.9854013650855517,0.01459863491444835
520,1587.6156633463431,0.9874380727886863,0.012561927211313662
521,1587.629627086134,0.9890949908255036,0.010905009174496438
522,1587.6435909487432,0.9903548143971181,0.009645185602881856
523,1587.657554934169,0.9913013989677761,0.008698601032223863
524,1587.6715190424136,0.9920465546809637,0.0079534453190363
525,1587.68548327348,0.9926749659921721,0.007325034007827913
526,1587.6994476273662,0.9932268278046881,0.006773172195311927
527,1587.7134121040747,0.9937119927007703,0.0062880072992297364
528,1587.7273767036063,0.9941358097850982,0.00586419021490181
529,1587.7413414259643,0.9945169608187899,0.00548303918121007
530,1587.755306271146,0.9948855720151829,0.005114427984817094
531,1587.7692712391545,0.9952620913331849,0.004737908666815116
532,1587.7832363299922,0.9956326753759,0.004367324624100055
533,1587.797201543657,0.9959437078845486,0.004056292115451443
534,1587.8111668801516,0.9961235330547471,0.003876466945252899
535,1587.8251323394775,0.9961164267692171,0.003883573230782922
536,1587.8390979216367,0.9959090236213461,0.0040909763786538544
537,1587.8530636266275,0.9955417442349059,0.004458255765094066
538,1587.8670294544524,0.9951036770385489,0.004896322961451149
539,1587.8809954051144,0.9947060744300331,0.005293925569966884
540,1587.8949614786109,0.9944369696215151,0.005563030378484934
541,1587.9089276749448,0.9943198075178714,0.005680192482128588
542,1587.9228939941174,0.9943055065796726,0.005694493420327351
543,1587.9368604361312,0.9943048343916645,0.005695165608335495
544,1587.9508270009837,0.9942386928494004,0.005761307150599637
545,1587.9647936886784,0.994076298567095,0.005923701432904993
546,1587.9787604992173,0.9938448563323143,0.006155143667685659
547,1587.9927274325985,0.9936113901813464,0.006388609818653634
548,1588.0066944888247,0.9934485155847851,0.006551484415214914
549,1588.020661667897,0.9934007987087796,0.00659920129122038
550,1588.034628969818,0.9934670961638095,0.00653290383619054
551,1588.0485963945857,0.993605867444285,0.006394132555714971
552,1588.0625639422026,0.9937583924279441,0.0062416075720559405
553,1588.0765316126715,0.9938766920705342,0.006123307929465804
554,1588.0904994059904,0.9939430990462983,0.006056900953701705
555,1588.1044673221618,0.9939743391945354,0.006025660805464628
556,1588.1184353611868,0.9940098186099915,0.005990181390008509
557,1588.132403523068,0.9940898682766992,0.005910131723300793
558,1588.1463718078037,0.9942349923391356,0.005765007660864407
559,1588.160340215396,0.9944373123866084,0.005562687613391626
560,1588.1743087458478,0.9946670087914986,0.005332991208501392
561,1588.1882773991572,0.9948868190377149,0.00511318096228508
562,1588.2022461753268,0.9950658142661775,0.004934185733822538
563,1588.2162150743573,0.9951878291265613,0.004812170873438659
564,1588.2301840962518,0.9952536628923837,0.004746337107616294
565,1588.2441532410082,0.9952785082816412,0.0047214917183587835
566,1588.258122508629,0.9952872158997386,0.004712784100261436
567,1588.2720918991167,0.995308755025294,0.004691244974705966
568,1588.2860614124695,0.995369609405242,0.004630390594758005
569,1588.30003104869,0.9954869800188262,0.004513019981173816
570,1588.3140008077794,0.9956644759952091,0.004335524004790869
571,1588.3279706897401,0.9958920093411059,0.004107990658894112
572,1588.3419406945702,0.9961495795555244,0.0038504204444755885
573,1588.355910822272,0.9964137464141959,0.003586253585804111
574,1588.369881072849,0.9966641992992044,0.0033358007007956436
575,1588.3838514462982,0.9968869528303597,0.0031130471696403372
576,1588.3978219426226,0.9970734750640499,0.0029265249359501366
577,1588.4117925618236,0.9972184562173273,0.002781543782672702
578,1588.4257633039033,0.997318734891115,0.0026812651088850004
579,1588.43973416886,0.9973739921298019,0.002626007870198066
580,1588.4537051566965,0.997388290092531,0.002611709907468951
581,1588.467676267415,0.9973708673061024,0.00262913269389764
582,1588.4816475010136,0.9973352646091268,0.0026647353908731963
583,1588.4956188574952,0.9972965680078847,0.0027034319921153127
584,1588.5095903368606,0.9972672864069209,0.002732713593079139
585,1588.5235619391124,0.9972534042051057,0.0027465957948943354
586,1588.5375336642487,0.9972527849345598,0.0027472150654401783
587,1588.5515055122723,0.9972556531895711,0.0027443468104288993
588,1588.5654774831858,0.9972521631920681,0.0027478368079318916
589,1588.5794495769867,0.9972235981134717,0.002776401886528279
590,1588.593421793678,0.9971538238959294,0.0028461761040705635
591,1588.6073941332609,0.9970299310945006,0.0029700689054994456
592,1588.621366595738,0.9968523971482424,0.003147602851757636
593,1588.635339181107,0.9966385130009863,0.0033614869990137297
594,1588.6493118893707,0.9964139622068231,0.0035860377931768994
595,1588.6632847205317,0.9962002099643041,0.0037997900356958603
596,1588.677257674588,0.9960086166881101,0.003991383311889862
597,1588.6912307515424,0.9958421629277221,0.0041578370722779034
598,1588.7052039513956,0.9956996028908379,0.00430039710916208
599,1588.7191772741505,0.9955777344336415,0.0044222655663584964
600,1588.7331507198053,0.9954694384147542,0.004530561585245785
601,1588.747124288362,0.9953588769302129,0.004641123069787145
602,1588.761097979824,0.9952189208544074,0.004781079145592559
603,1588.7750717941885,0.9950154064318277,0.004984593568172269
604,1588.7890457314586,0.9947190667113205,0.005280933288679512
605,1588.8030197916353,0.9943218371463126,0.005678162853687385
606,1588.8169939747213,0.9938507209644509,0.006149279035549071
607,1588.8309682807144,0.9933700680369697,0.0066299319630303
608,1588.8449427096173,0.992965304039644,0.007034695960355997
609,1588.858917261433,0.9927114118715591,0.007288588128440909
610,1588.8728919361588,0.9926426032748008,0.0073573967251991945
611,1588.8868667337977,0.9927415269730007,0.007258473026999335
612,1588.9008416543509,0.9929529521339722,0.0070470478660278335
613,1588.9148166978207,0.9932120792322972,0.006787920767702849
614,1588.9287918642053,0.9934730033683601,0.006526996631639914
615,1588.9427671535075,0.993725480105551,0.006274519894449049
616,1588.9567425657297,0.9939932960689193,0.006006703931080715
617,1588.9707181008696,0.9943156658192704,0.0056843341807295555
618,1588.9846937589302,0.9947214909064638,0.005278509093536221
619,1588.9986695399143,0.9952094665749273,0.0047905334250727405
620,1589.0126454438196,0.9957442187396828,0.004255781260317226
621,1589.0266214706487,0.9962712261357554,0.003728773864244639
622,1589.0405976204029,0.996742119365766,0.003257880634234045
623,1589.0545738930846,0.9971343526375718,0.0028656473624282253
624,1589.068550288692,0.9974545396286105,0.002545460371389474
625,1589.0825268072274,0.9977275608751395,0.002272439124860526
626,1589.0965034486937,0.9979798027509925,0.0020201972490074827
627,1589.110480213089,0.998224227996892,0.0017757720031079671
628,1589.1244571004156,0.9984545174439596,0.0015454825560403673
629,1589.1384341106748,0.9986515996901556,0.0013484003098443997
630,1589.1524112438692,0.9987966293665985,0.0012033706334014793
631,1589.1663884999966,0.9988806836549907,0.0011193163450092802
632,1589.1803658790598,0.9989070132419029,0.001092986758097103
633,1589.1943433810616,0.9988874471934521,0.001112552806547873
634,1589.2083210059996,0.9988358332457233,0.0011641667542766632
635,1589.2222987538767,0.9987621059877743,0.0012378940122257376
636,1589.2362766246938,0.9986703323370661,0.0013296676629338533
637,1589.2502546184537,0.9985603810474841,0.0014396189525158753
638,1589.2642327351543,0.9984300307262739,0.0015699692737261017
639,1589.2782109747984,0.9982758081523004,0.0017241918476995632
640,1589.2921893373882,0.9980929468518425,0.0019070531481575337
641,1589.3061678229221,0.997874490620803,0.002125509379196977
642,1589.3201464314027,0.997609956988101,0.0023900430118990457
643,1589.3341251628308,0.9972857063747252,0.002714293625274755
644,1589.3481040172094,0.9968878850140707,0.0031121149859293373
645,1589.3620829945362,0.9964071408581106,0.0035928591418894484
646,1589.3760620948137,0.9958441321725695,0.004155867827430493
647,1589.3900413180452,0.9952130289536407,0.0047869710463592785
648,1589.4040206642278,0.9945387383543821,0.0054612616456178875
649,1589.4180001333648,0.9938468186167492,0.0061531813832508275
650,1589.4319797254568,0.993150370428468,0.006849629571532012
651,1589.445959440507,0.9924412308257453,0.007558769174254687
652,1589.4599392785128,0.9916929097049946,0.008307090295005426
653,1589.4739192394773,0.9908769215103278,0.009123078489672198
654,1589.4878993234029,0.9899838172235459,0.010016182776454108
655,1589.5018795302874,0.9890367631256886,0.010963236874311444
656,1589.5158598601338,0.9880912370302829,0.011908762969717102
657,1589.529840312943,0.987221830237834,0.012778169762165947
658,1589.5438208887176,0.9865046521718948,0.013495347828105242
659,1589.5578015874555,0.9860065694382825,0.013993430561717535
660,1589.5717824091596,0.9857846048012122,0.014215395198787784
661,1589.5857633538324,0.9858884743603744,0.014111525639625588
662,1589.5997444214718,0.9863563124827237,0.013643687517276293
663,1589.6137256120805,0.9871990845333212,0.01280091546667883
664,1589.6277069256596,0.9883802809833054,0.011619719016694563
665,1589.6416883622119,0.9898064047769563,0.01019359522304375
666,1589.655669921735,0.991340539840334,0.00865946015966601
667,1589.6696516042318,0.9928367362254635,0.007163263774536466
668,1589.6836334097047,0.9941799357064546,0.005820064293545424
669,1589.697615338152,0.9953137306668478,0.004686269333152193
670,1589.7115973895761,0.9962427755421525,0.003757224457847541
671,1589.7255795639783,0.9970056995555854,0.0029943004444146215
672,1589.739561861361,0.9976342744071607,0.0023657255928393184
673,1589.7535442817223,0.9981335684328775,0.0018664315671225173
674,1589.7675268250646,0.9984995844700891,0.0015004155299108701
675,1589.781509491391,0.9987447348210932,0.0012552651789068392
676,1589.7954922806991,0.9988977893613479,0.0011022106386521235
677,1589.8094751929916,0.9989879252658189,0.0010120747341810787
678,1589.8234582282696,0.9990365968347266,0.0009634031652734354
679,1589.837441386536,0.9990584548766887,0.0009415451233113492
680,1589.8514246677883,0.9990632183812351,0.0009367816187648703
681,1589.8654080720294,0.9990566746801215,0.0009433253198785074
682,1589.8793915992621,0.9990420910460946,0.0009579089539053509
683,1589.893375249484,0.9990220306730906,0.0009779693269094114
684,1589.9073590226978,0.9989993959833066,0.0010006040166934405
685,1589.9213429189049,0.9989775643202462,0.001022435679753797
686,1589.9353269381077,0.9989602713803667,0.0010397286196333066
687,1589.9493110803041,0.9989513448399632,0.0010486551600368266
688,1589.963295345497,0.9989541488320168,0.0010458511679831695
689,1589.9772797336889,0.9989709335136905,0.0010290664863095156
690,1589.9912642448776,0.9990021954711807,0.0009978045288192572
691,1590.005248879066,0.999046344248765,0.0009536557512349608
692,1590.019233636255,0.9991002042413533,0.0008997957586467376
693,1590.0332185164473,0.9991599764627446,0.0008400235372554299
694,1590.047203519641,0.999222055477195,0.0007779445228049964
695,1590.0611886458385,0.9992836062146009,0.0007163937853991165
696,1590.0751738950426,0.9993425929067575,0.000657407093242468
697,1590.0891592672513,0.9993973144211817,0.0006026855788182628
698,1590.103144762467,0.9994463070755877,0.000553692924412319
699,1590.117130380691,0.9994888085175498,0.0005111914824501573
700,1590.131116121926,0.9995250359551862,0.00047496404481384147
701,1590.1451019861697,0.9995560053365979,0.0004439946634020586
702,1590.159087973425,0.999583175639374,0.00041682436062595585
703,1590.1730740836945,0.9996078106565696,0.000392189343430438
704,1590.187060316976,0.9996303707524478,0.0003696292475522389
705,1590.201046673272,0.9996507136774875,0.0003492863225125209
706,1590.215033152584,0.9996688265251998,0.00033117347480016157
707,1590.2290197549146,0.9996849852289018,0.00031501477109818765
708,1590.2430064802616,0.999699452341491,0.00030054765850895393
709,1590.2569933286275,0.9997122756240208,0.00028772437597923695
710,1590.2709803000153,0.9997232523714854,0.00027674762851459533
711,1590.2849673944224,0.9997321496822889,0.0002678503177111491
712,1590.2989546118522,0.999738965371154,0.0002610346288459686
713,1590.3129419523052,0.9997438897634747,0.0002561102365252754
714,1590.3269294157842,0.9997472382695132,0.00025276173048682793
715,1590.3409170022874,0.9997494192095259,0.00025058079047413084
716,1590.354904711817,0.9997507818694112,0.0002492181305887575
717,1590.3688925443762,0.9997514441846316,0.0002485558153684231
718,1590.3828804999623,0.9997512201223284,0.00024877987767157883
719,1590.3968685785785,0.9997497344741088,0.00025026552589124673
720,1590.4108567802255,0.999746687662836,0.00025331233716396895
721,1590.4248451049064,0.9997420027672687,0.000257997232731344
722,1590.4388335526185,0.9997357275411023,0.00026427245889770745
723,1590.452822123365,0.9997278393575582,0.00027216064244184324
724,1590.4668108171484,0.9997182387366569,0.0002817612633431166
725,1590.4807996339666,0.9997068785330372,0.00029312146696280905
726,1590.4947885738222,0.9996938219853672,0.0003061780146328408
727,1590.5087776367163,0.9996792487635839,0.0003207512364160614
728,1590.5227668226516,0.9996635107405836,0.00033648925941642815
729,1590.5367561316261,0.9996471493178944,0.00035285068210555437
730,1590.5507455636425,0.9996305935775776,0.0003694064224224469
731,1590.5647351187033,0.9996139725830322,0.0003860274169678046
732,1590.5787247968062,0.9995973802772198,0.0004026197227802175
733,1590.5927145979545,0.9995810952681297,0.00041890473187033983
734,1590.6067045221487,0.9995654636477704,0.0004345363522295642
735,1590.6206945693918,0.9995507946257578,0.00044920537424220086
736,1590.6346847396815,0.9995372387838365,0.00046276121616350974
737,1590.6486750330205,0.9995246938977458,0.00047530610225421377
738,1590.6626654494116,0.9995129178244533,0.00048708217554671585
739,1590.6766559888529,0.9995017515155463,0.0004982484844536783
740,1590.6906466513465,0.9994912208031623,0.000508779196837672
741,1590.7046374368938,0.9994814967793291,0.0005185032206709295
742,1590.7186283454976,0.9994728029667914,0.0005271970332085818
743,1590.7326193771555,0.9994653378720122,0.0005346621279878061
744,1590.7466105318706,0.9994591114584412,0.0005408885415587594
745,1590.760601809645,0.9994538360584113,0.0005461639415886843
746,1590.7745932104772,0.9994491636925533,0.0005508363074466782
747,1590.7885847343694,0.9994449286245546,0.0005550713754454151
748,1590.802576381323,0.9994410618730148,0.0005589381269851534
749,1590.8165681513403,0.999437517079883,0.0005624829201169579
750,1590.8305600444198,0.9994344660852957,0.0005655339147042637
751,1590.8445520605635,0.9994323154122939,0.0005676845877060632
752,1590.8585441997745,0.9994314034391897,0.0005685965608103194
753,1590.8725364620507,0.9994316812702172,0.0005683187297828018
754,1590.8865288473946,0.9994328009490439,0.0005671990509561464
755,1590.900521355809,0.9994345756392381,0.0005654243607619014
756,1590.9145139872915,0.9994372220661428,0.0005627779338571726
757,1590.9285067418452,0.9994411340099859,0.0005588659900140902
758,1590.942499619471,0.9994465026970106,0.0005534973029893697
759,1590.9564926201715,0.9994531567023079,0.0005468432976920568
760,1590.9704857439447,0.9994606614314201,0.0005393385685799057
761,1590.9844789907931,0.999468575264023,0.0005314247359770041
762,1590.9984723607197,0.9994766023688594,0.0005233976311406208
763,1591.0124658537222,0.9994845798662522,0.0005154201337478348
764,1591.0264594698033,0.9994924211258187,0.0005075788741812914
765,1591.040453208964,0.9995000472600577,0.0004999527399422998
766,1591.054447071207,0.9995073922991544,0.000492607700845582
767,1591.0684410565304,0.9995144863483354,0.00048551365166460414
768,1591.0824351649367,0.9995213918387369,0.00047860816126310546
769,1591.0964293964284,0.999527900319144,0.0004720996808560418
770,1591.1104237510037,0.999533389930921,0.0004666100690789987
771,1591.1244182286653,0.9995369727649611,0.000463027235038882
772,1591.138412829414,0.9995378339348198,0.0004621660651802362
773,1591.1524075532527,0.999535677160556,0.0004643228394439758
774,1591.166402400179,0.9995308800327646,0.0004691199672354207
775,1591.180397370196,0.9995240910195707,0.00047590898042926266
776,1591.1943924633063,0.9995157154236878,0.00048428457631222166
777,1591.2083876795075,0.9995058596918606,0.0004941403081394347
778,1591.2223830188025,0.9994948045460776,0.000505195453922358
779,1591.236378481192,0.9994833680726015,0.000516631927398481
780,1591.2503740666796,0.999472522506168,0.0005274774938319737
781,1591.2643697752621,0.9994624925205395,0.000537507479460464
782,1591.278365606943,0.9994520958280281,0.0005479041719719246
783,1591.2923615617244,0.9994390321187627,0.0005609678812372731
784,1591.3063576396046,0.9994211338544692,0.0005788661455308208
785,1591.3203538405862,0.9993974087054319,0.0006025912945680778
786,1591.33435016467,0.9993679890220741,0.0006320109779258676
787,1591.348346611859,0.9993336124982795,0.0006663875017205445
788,1591.3623431821509,0.9992956039738816,0.0007043960261183813
789,1591.3763398755486,0.9992561930809192,0.000743806919080825
790,1591.3903366920545,0.9992184608150589,0.0007815391849410602
791,1591.4043336316668,0.9991854603125381,0.0008145396874619237
792,1591.4183306943878,0.9991590977885162,0.0008409022114838072
793,1591.4323278802187,0.9991398019207881,0.0008601980792118935
794,1591.4463251891625,0.9991268207057236,0.0008731792942764383
795,1591.4603226212168,0.9991186857330028,0.000881314266997224
796,1591.4743201763843,0.9991136823756507,0.0008863176243493198
797,1591.4883178546677,0.999110045485164,0.0008899545148359778
798,1591.5023156560649,0.9991058957480339,0.0008941042519661213
799,1591.5163135805788,0.9990995365476969,0.0009004634523031019
800,1591.53031162821,0.9990902549487111,0.0009097450512889349
801,1591.5443097989614,0.9990789318117052,0.000921068188294849
802,1591.558308092831,0.9990676912143472,0.0009323087856527579
803,1591.5723065098216,0.9990586213045043,0.0009413786954957093
804,1591.5863050499356,0.9990526878519939,0.0009473121480061408
805,1591.600303713171,0.9990497705164777,0.0009502294835223024
806,1591.6143024995304,0.9990494726398264,0.0009505273601736475
807,1591.628301409015,0.9990517762649382,0.0009482237350617595
808,1591.6423004416272,0.9990568961222862,0.0009431038777137912
809,1591.6562995973654,0.9990648254023455,0.0009351745976544645
810,1591.6702988762318,0.9990754742014013,0.0009245257985986965
811,1591.6842982782293,0.999089045086921,0.0009109549130790207
812,1591.698297803356,0.9991060068444001,0.0008939931555999037
813,1591.7122974516142,0.9991267411246931,0.0008732588753068704
814,1591.726297223005,0.9991511815696448,0.0008488184303552249
815,1591.7402971175313,0.9991785911683727,0.0008214088316272905
816,1591.7542971351909,0.9992075814500656,0.0007924185499343928
817,1591.7682972759865,0.9992364317179077,0.0007635682820923417
818,1591.7822975399208,0.9992635491394949,0.0007364508605051112
819,1591.7962979269914,0.9992878617161046,0.0007121382838953805
820,1591.8102984372015,0.9993089360369939,0.0006910639630061111
821,1591.824299070552,0.9993268551529171,0.0006731448470829182
822,1591.8382998270451,0.9993422708934154,0.0006577291065845703
823,1591.8523007066792,0.9993567868549432,0.0006432131450567757
824,1591.866301709457,0.9993728769673842,0.0006271230326158062
825,1591.880302835381,0.9993927757979177,0.0006072242020822571
826,1591.894304084449,0.9994171372136795,0.0005828627863204705
827,1591.908305456664,0.999444647483325,0.000555352516675045
828,1591.9223069520267,0.9994727564967001,0.0005272435032999123
829,1591.9363085705402,0.9994986844498821,0.0005013155501178979
830,1591.950310312202,0.9995200087229776,0.00047999127702236244
831,1591.964312177015,0.9995349034046721,0.00046509659532789627
832,1591.9783141649818,0.9995423658672974,0.0004576341327026112
833,1591.9923162761002,0.9995424406807347,0.00045755931926527715
834,1592.0063185103731,0.9995360354613043,0.00046396453869568255
835,1592.0203208678015,0.9995247045081276,0.0004752954918724184
836,1592.034323348388,0.9995106166525007,0.0004893833474992615
837,1592.0483259521304,0.9994962891212077,0.0005037108787923072
838,1592.0623286790317,0.9994837952107681,0.0005162047892318666
839,1592.0763315290944,0.9994741706452912,0.0005258293547087955
840,1592.0903345023164,0.999467492490612,0.0005325075093880471
841,1592.1043375987003,0.999463311336314,0.0005366886636859469
842,1592.1183408182471,0.9994609476521547,0.0005390523478453479
843,1592.13234416096,0.9994594728105017,0.0005405271894982633
844,1592.1463476268364,0.9994578791211001,0.0005421208788999321
845,1592.160351215879,0.9994555896181377,0.0005444103818622592
846,1592.1743549280907,0.9994525823761086,0.000547417623891433
847,1592.188358763469,0.9994491150004424,0.0005508849995575771
848,1592.2023627220171,0.9994455378766505,0.0005544621233495306
849,1592.2163668037358,0.9994422654438446,0.0005577345561553759
850,1592.2303710086278,0.9994394999523656,0.0005605000476344157
851,1592.244375336691,0.9994371052857104,0.0005628947142896079
852,1592.258379787928,0.9994350240543157,0.0005649759456842762
853,1592.2723843623419,0.9994337423921454,0.0005662576078545589
854,1592.28638905993,0.9994340631144185,0.0005659368855814861
855,1592.3003938806953,0.9994366215319481,0.0005633784680518783
856,1592.3143988246386,0.9994416782425741,0.0005583217574258725
857,1592.3284038917632,0.999449253537587,0.0005507464624130431
858,1592.3424090820663,0.9994594031614588,0.0005405968385412407
859,1592.356414395551,0.9994723565791169,0.0005276434208830727
860,1592.3704198322198,0.9994884365386711,0.0005115634613288567
861,1592.3844253920706,0.9995078012644825,0.000492198735517535
862,1592.3984310751061,0.9995301214176961,0.00046987858230385093
863,1592.4124368813275,0.9995543967650599,0.00044560323494013954
864,1592.4264428107374,0.9995790715158399,0.000420928484160088
865,1592.4404488633336,0.9996023718731644,0.0003976281268356363
866,1592.4544550391188,0.9996226504726927,0.0003773495273072802
867,1592.468461338096,0.9996387370773571,0.00036126292264293536
868,1592.4824677602626,0.9996504003545252,0.00034959964547476297
869,1592.4964743056214,0.9996581117261991,0.00034188827380088327
870,1592.5104809741738,0.9996626762544151,0.0003373237455849276
871,1592.5244877659222,0.9996649006346441,0.00033509936535591756
872,1592.5384946808647,0.9996655767082882,0.0003344232917118495
873,1592.5525017190037,0.9996658653466014,0.00033413465339859894
874,1592.566508880342,0.9996675610170077,0.00033243898299228913
875,1592.5805161648775,0.999672736736464,0.0003272632635360484
876,1592.5945235726128,0.9996828617950003,0.0003171382049996785
877,1592.6085311035492,0.999698045220341,0.0003019547796589972
878,1592.6225387576894,0.999716854385377,0.0002831456146229483
879,1592.6365465350311,0.9997366459330432,0.0002633540669567669
880,1592.6505544355769,0.9997545199344838,0.0002454800655161682
881,1592.6645624593295,0.9997683349752454,0.00023166502475457929
882,1592.6785706062872,0.9997768567492665,0.00022314325073347074
883,1592.6925788764522,0.9997795874939002,0.00022041250609983187
884,1592.7065872698256,0.9997759407033736,0.0002240592966263888
885,1592.7205957864105,0.9997660614429045,0.00023393855709552547
886,1592.7346044262044,0.9997502796314293,0.0002497203685707383
887,1592.7486131892101,0.9997298221119976,0.0002701778880024319
888,1592.7626220754305,0.9997068723867835,0.00029312761321653724
889,1592.776631084863,0.9996850221894884,0.00031497781051159635
890,1592.7906402175108,0.9996686476950474,0.0003313523049526257
891,1592.8046494733762,0.9996607027820006,0.0003392972179994125
892,1592.8186588524572,0.9996604167756704,0.0003395832243295871
893,1592.8326683547566,0.9996634349791129,0.00033656502088708073
894,1592.8466779802754,0.9996639109019686,0.0003360890980314002
895,1592.8606877290163,0.9996563860010492,0.0003436139989507758
896,1592.874697600977,0.9996363625237482,0.000363637476251788
897,1592.8887075961607,0.9996000581585709,0.0003999418414291078
898,1592.9027177145695,0.9995438573731181,0.00045614262688187246
899,1592.9167279562014,0.9994649366866706,0.0005350633133294203
900,1592.9307383210594,0.9993628653979366,0.0006371346020633828
901,1592.9447488091441,0.9992412786643247,0.0007587213356753386
902,1592.9587594204588,0.9991073923556368,0.0008926076443631636
903,1592.972770155001,0.9989683143308176,0.001031685669182436
904,1592.9867810127732,0.998825138692563,0.0011748613074370473
905,1593.0007919937784,0.9986670090535887,0.001332990946411261
906,1593.0148030980147,0.9984679967560635,0.0015320032439365416
907,1593.028814325484,0.9981887474022304,0.001811252597769597
908,1593.0428256761882,0.9977810911805107,0.0022189088194892737
909,1593.0568371501297,0.9971921768930262,0.0028078231069738058
910,1593.0708487473062,0.996366596049646,0.0036334039503540527
911,1593.0848604677205,0.9952462474683792,0.004753752531620803
912,1593.0988723113753,0.9937698403513024,0.006230159648697553
913,1593.1128842782687,0.9918790471981178,0.008120952801882186
914,1593.1268963684029,0.9895370518145997,0.010462948185400278
915,1593.1409085817795,0.9867513991753347,0.01324860082466528
916,1593.1549209184006,0.9835810529703869,0.016418947029613107
917,1593.1689333782647,0.9801157866062701,0.01988421339372992
918,1593.1829459613741,0.976439136682509,0.023560863317490965
919,1593.1969586677317,0.9726005972908613,0.027399402709138654
920,1593.2109714973353,0.9686153041220444,0.03138469587795556
921,1593.2249844501875,0.9644881281884461,0.03551187181155391
922,1593.2389975262895,0.9602412674415755,0.03975873255842455
923,1593.253010725644,0.9559223301225315,0.04407766987746853
924,1593.2670240482485,0.9515831819982612,0.048416818001738804
925,1593.2810374941062,0.9472373932920943,0.05276260670790567
926,1593.2950510632195,0.9428145935930805,0.05718540640691949
927,1593.3090647555864,0.9381305601885584,0.06186943981144155
928,1593.3230785712096,0.9328855996795179,0.0671144003204821
929,1593.33709251009,0.926692749723137,0.07330725027686302
930,1593.3511065722307,0.9191233030800736,0.08087669691992638
931,1593.365120757629,0.909747979262611,0.09025202073738903
932,1593.379135066288,0.8981586037319949,0.10184139626800515
933,1593.3931494982103,0.883977280196599,0.11602271980340095
934,1593.407164053394,0.8668797861297781,0.13312021387022188
935,1593.421178731841,0.8466555537086833,0.15334444629131672
936,1593.4351935335533,0.8232960378116513,0.17670396218834872
937,1593.4492084585331,0.7970705693023344,0.20292943069766556
938,1593.4632235067784,0.7685434407411542,0.23145655925884578
939,1593.477238678292,0.7385152361863071,0.2614847638136929
940,1593.4912539730763,0.7079154723231672,0.2920845276768328
941,1593.5052693911293,0.6777020083605618,0.3222979916394382
942,1593.5192849324537,0.6488093920776639,0.35119060792233614
943,1593.5333005970508,0.6221325597737475,0.3778674402262525
944,1593.547316384923,0.5985118909163151,0.40148810908368493
945,1593.5613322960685,0.5786458438734626,0.42135415612653737
946,1593.5753483304895,0.5630723755367004,0.4369276244632996
947,1593.589364488189,0.5521776826045421,0.44782231739545786
948,1593.603380769165,0.5462448469913189,0.4537551530086811
949,1593.6173971734197,0.5454615502295661,0.4545384497704339
950,1593.6314137009547,0.5498990428354432,0.4501009571645568
951,1593.6454303517723,0.5595029005959998,0.44049709940400017
952,1593.6594471258709,0.5740978836443142,0.42590211635568576
953,1593.6734640232526,0.5933873868893655,0.40661261311063446
954,1593.6874810439206,0.6169421975153683,0.3830578024846317
955,1593.7014981878722,0.6441866775899721,0.35581332241002794
956,1593.7155154551106,0.6743933144072849,0.3256066855927151
957,1593.7295328456366,0.7066959970596753,0.29330400294032466
958,1593.7435503594531,0.7401275100480083,0.25987248995199175
959,1593.7575679965578,0.7736783845972688,0.2263216154027312
960,1593.7715857569533,0.8063681530579789,0.19363184694202107
961,1593.7856036406426,0.8373176965155734,0.16268230348442658
962,1593.7996216476236,0.8658110168789858,0.13418898312101424
963,1593.8136397778985,0.8913369043321591,0.10866309566784094
964,1593.8276580314687,0.9136053303595216,0.08639466964047837
965,1593.841676408337,0.932538444551616,0.06746155544838395
966,1593.855694908501,0.9482406146208927,0.05175938537910729
967,1593.8697135319637,0.9609552593839285,0.03904474061607155
968,1593.8837322787276,0.971017152030604,0.028982847969395986
969,1593.8977511487906,0.9788071190857117,0.02119288091428828
970,1593.911770142155,0.9847136925062223,0.015286307493777684
971,1593.9257892588228,0.9891044814406402,0.010895518559359774
972,1593.939808498796,0.9923078616620631,0.007692138337936916
973,1593.9538278620726,0.994603821190934,0.005396178809065955
974,1593.9678473486554,0.9962221408546316,0.003777859145368434
975,1593.981866958547,0.9973452441992954,0.0026547558007046224
976,1593.9958866917452,0.9981134961587317,0.0018865038412683166
977,1594.0099065482527,0.9986318656532029,0.0013681343467970564
978,1594.023926528071,0.9989768881810697,0.0010231118189303334
979,1594.0379466312022,0.9992030454417896,0.0007969545582103832
980,1594.0519668576444,0.9993482965520497,0.0006517034479502914
981,1594.0659872074004,0.9994385987011919,0.0005614012988081063
982,1594.0800076804728,0.9994913276281314,0.0005086723718685793
983,1594.0940282768597,0.9995176066553406,0.000482393344659382
984,1594.1080489965634,0.999523595262418,0.00047640473758203683
985,1594.122069839585,0.9995112035111262,0.0004887964888737883
986,1594.1360908059276,0.9994787101444867,0.0005212898555132517
987,1594.1501118955887,0.9994210486684632,0.0005789513315368477
988,1594.1641331085711,0.9993294290430895,0.0006705709569104767
989,1594.1781544448775,0.9991909058182561,0.0008090941817439079
990,1594.1921759045058,0.9989907741783047,0.0010092258216952699
991,1594.2061974874587,0.9987146376380345,0.0012853623619655252
992,1594.2202191937372,0.9983464788473004,0.0016535211526995663
993,1594.234241023344,0.9978722042961904,0.0021277957038096096
994,1594.2482629762771,0.9972896266000717,0.002710373399928301
995,1594.262285052539,0.9966137701819802,0.003386229818019837
996,1594.2763072521327,0.9958740917172554,0.004125908282744617
997,1594.2903295750557,0.9951052297834913,0.004894770216508748
998,1594.304352021311,0.9943339972288561,0.00566600277114393
999,1594.3183745908993,0.993569660657424,0.006430339342575975
1000,1594.3323972838239,0.9928064956684974,0.007193504331502565
1001,1594.346420100082,0.9920430935412786,0.00795690645872138
1002,1594.3604430396767,0.9913140573022085,0.008685942697791549
1003,1594.3744661026105,0.9907201302987284,0.009279869701271592
1004,1594.3884892888816,0.990431719139644,0.009568280860355993
1005,1594.4025125984922,0.9906348275419574,0.009365172458042581
1006,1594.4165360314437,0.9914171239381312,0.008582876061868805
1007,1594.4305595877388,0.9926647357807421,0.007335264219257898
1008,1594.4445832673753,0.9940782243584545,0.005921775641545501
1009,1594.4586070703558,0.9953199184575823,0.0046800815424177244
1010,1594.4726309966832,0.9961462939386341,0.0038537060613659246
1011,1594.4866550463553,0.996372260762752,0.0036277392372480177
1012,1594.5006792193747,0.9956903424214261,0.004309657578573933
1013,1594.5147035157424,0.9935195061467367,0.006480493853263325
1014,1594.5287279354613,0.9890681083738715,0.01093189162612851
1015,1594.542752478529,0.9816801964645202,0.018319803535479795
1016,1594.5567771449487,0.9713031371497747,0.028696862850225324
1017,1594.5708019347228,0.9587479630271313,0.04125203697286872
1018,1594.584826847849,0.9455547098078269,0.054445290192173146
1019,1594.59885188433,0.9335546937248975,0.06644530627510248
1020,1594.6128770441671,0.9243346332900604,0.07566536670993962
1021,1594.6269023273633,0.9187985477790064,0.08120145222099362
1022,1594.6409277339155,0.9169965446849713,0.08300345531502873
1023,1594.6549532638273,0.918287733460776,0.08171226653922403
1024,1594.6689789171012,0.9217427687271235,0.07825723127287654
1025,1594.6830046937348,0.926582833206903,0.07341716679309696
1026,1594.697030593731,0.9324466667597664,0.0675533332402336
1027,1594.7110566170923,0.9393599758952483,0.060640024104751666
1028,1594.7250827638168,0.9474355844830692,0.05256441551693081
1029,1594.739109033907,0.9565051501561955,0.04349484984380447
1030,1594.753135427364,0.9659481864293467,0.034051813570653344
1031,1594.7671619441908,0.9748502285196727,0.025149771480327265
1032,1594.7811885843848,0.9823736901040659,0.017626309895934056
1033,1594.7952153479491,0.988076279415497,0.011923720584502973
1034,1594.8092422348861,0.991987708901546,0.008012291098454027
1035,1594.823269245194,0.994460000726541,0.005539999273459051
1036,1594.8372963788752,0.9959445228612058,0.004055477138794172
1037,1594.8513236359308,0.9968329548765551,0.0031670451234449004
1038,1594.8653510163635,0.9973987981534711,0.0026012018465289
1039,1594.8793785201715,0.9978040742700487,0.002195925729951309
1040,1594.8934061473572,0.9981306130733201,0.001869386926679928
1041,1594.907433897923,0.9984137469895226,0.0015862530104774342
1042,1594.9214617718674,0.9986660435101471,0.0013339564898529055
1043,1594.9354897691926,0.9988888347063366,0.0011111652936633964
1044,1594.9495178898999,0.9990781037602365,0.0009218962397634645
1045,1594.963546133992,0.9992288676279388,0.0007711323720611674
1046,1594.9775745014667,0.9993376820596478,0.0006623179403522084
1047,1594.9916029923268,0.9994035668914091,0.0005964331085909214
1048,1595.005631606575,0.9994286736462273,0.0005713263537726609
1049,1595.019660344209,0.9994191386677245,0.0005808613322755285
1050,1595.0336892052314,0.9993844236193038,0.0006155763806962034
1051,1595.0477181896435,0.9993335840488999,0.0006664159511000634
1052,1595.0617472974482,0.9992712272069957,0.0007287727930043175
1053,1595.0757765286428,0.9991969476194905,0.0008030523805094836
1054,1595.0898058832306,0.9991063177741336,0.0008936822258663879
1055,1595.103835361214,0.9989912720744274,0.0010087279255726056
1056,1595.1178649625908,0.9988405216353782,0.0011594783646218243
1057,1595.1318946873637,0.9986409728154616,0.0013590271845383972
1058,1595.145924535534,0.9983795604141239,0.001620439585876099
1059,1595.1599545071042,0.9980443773643526,0.001955622635647414
1060,1595.173984602072,0.9976247050979407,0.002375294902059344
1061,1595.1880148204407,0.9971103618871787,0.00288963811282128
1062,1595.2020451622125,0.9964917753300739,0.0035082246699260633
1063,1595.2160756273854,0.995760857367092,0.004239142632908033
1064,1595.230106215962,0.9949092507309032,0.005090749269096806
1065,1595.2441369279434,0.993919186706445,0.006080813293555032
1066,1595.2581677633325,0.9927487854606982,0.007251214539301776
1067,1595.2721987221269,0.9913255139645045,0.008674486035495477
1068,1595.2862298043294,0.989558773266706,0.010441226733293951
1069,1595.3002610099427,0.9873596079732475,0.01264039202675249
1070,1595.3142923389648,0.9846470426656433,0.01535295733435671
1071,1595.3283237913981,0.9813409210317285,0.01865907896827146
1072,1595.3423553672442,0.9773568378920763,0.02264316210792372
1073,1595.356387066505,0.9726139977701402,0.027386002229859763
1074,1595.370418889179,0.9670517981331257,0.032948201866874305
1075,1595.3844508352688,0.9606407198921854,0.03935928010781464
1076,1595.398482904777,0.9533863812781563,0.046613618721843664
1077,1595.4125150977015,0.9453405534450275,0.05465944655497246
1078,1595.426547414045,0.9366193748532089,0.0633806251467911
1079,1595.4405798538085,0.927415860817747,0.07258413918225304
1080,1595.4546124169947,0.918012482366596,0.08198751763340395
1081,1595.4686451036014,0.9087687406539345,0.09123125934606546
1082,1595.4826779136317,0.90012282075854,0.09987717924146
1083,1595.4967108470878,0.8925551093480847,0.10744489065191531
1084,1595.5107439039678,0.8865421944711775,0.11345780552882245
1085,1595.5247770842743,0.882503975253325,0.11749602474667498
1086,1595.5388103880086,0.8807530185055381,0.11924698149446189
1087,1595.5528438151732,0.8814502027842126,0.1185497972157874
1088,1595.566877365766,0.884577148208197,0.115422851791803
1089,1595.58091103979,0.8899384256276346,0.11006157437236541
1090,1595.594944837247,0.8971943855090917,0.1028056144909083
1091,1595.6089787581361,0.9059111565152822,0.0940888434847178
1092,1595.623012802459,0.9156114988837156,0.08438850111628438
1093,1595.6370469702172,0.9258158859421164,0.07418411405788361
1094,1595.6510812614135,0.9360691602320858,0.06393083976791425
1095,1595.6651156760454,0.9459562236592269,0.054043776340773064
1096,1595.679150214116,0.9551193445574203,0.04488065544257969
1097,1595.6931848756276,0.9632855884951623,0.036714411504837674
1098,1595.7072196605784,0.9702950796799669,0.029704920320033135
1099,1595.721254568971,0.9761113347293897,0.023888665270610288
1100,1595.7352896008065,0.9808049681712703,0.019195031828729725
1101,1595.7493247560874,0.9845181003386596,0.015481899661340393
1102,1595.7633600348117,0.9874223428035169,0.012577657196483072
1103,1595.7773954369823,0.9896809844301044,0.010319015569895562
1104,1595.7914309626017,0.9914269332750051,0.008573066724994916
1105,1595.8054666116675,0.9927658211466777,0.007234178853322337
1106,1595.819502384183,0.9937971662833116,0.006202833716688394
1107,1595.8335382801488,0.9946265342354154,0.0053734657645846395
1108,1595.8475742995677,0.9953482850297075,0.0046517149702924865
1109,1595.8616104424377,0.9960146294505445,0.003985370549455469
1110,1595.8756467087612,0.9966257650636752,0.003374234936324827
1111,1595.8896830985414,0.9971516935773463,0.002848306422653657
1112,1595.9037196117758,0.9975650129146519,0.0024349870853480615
1113,1595.9177562484672,0.9978608801419067,0.0021391198580933413
1114,1595.9317930086165,0.9980574685113199,0.001942531488680066
1115,1595.9458298922266,0.9981847860318844,0.00181521396811557
1116,1595.9598668992953,0.9982726666916354,0.0017273333083646092
1117,1595.9739040298255,0.9983439616249005,0.0016560383750995333
1118,1595.9879412838195,0.9984130177685886,0.0015869822314114046
1119,1596.0019786612754,0.998486755893807,0.0015132441061930235
1120,1596.016016162196,0.9985665825305596,0.0014334174694403679
1121,1596.0300537865821,0.9986507447753447,0.0013492552246553435
1122,1596.0440915344366,0.9987363624491494,0.0012636375508505715
1123,1596.0581294057574,0.998820265751689,0.0011797342483109707
1124,1596.072167400547,0.9988991627581717,0.0011008372418283008
1125,1596.0862055188084,0.998970312835475,0.001029687164525006
1126,1596.1002437605391,0.9990324518396319,0.000967548160368148
1127,1596.114282125742,0.999085723639318,0.0009142763606819759
1128,1596.1283206144183,0.999130637041044,0.0008693629589560103
1129,1596.1423592265703,0.9991673547436379,0.0008326452563620634
1130,1596.1563979621963,0.9991961435987312,0.0008038564012687877
1131,1596.1704368212988,0.9992181713509303,0.0007818286490697268
1132,1596.1844758038803,0.9992351910452162,0.0007648089547838133
1133,1596.1985149099391,0.9992483420769919,0.0007516579230081311
1134,1596.2125541394778,0.9992576110612932,0.0007423889387068172
1135,1596.2265934924972,0.9992624488160057,0.0007375511839943227
1136,1596.240632969,0.9992626605977517,0.0007373394022482938
1137,1596.2546725689845,0.9992586731460321,0.000741326853967883
1138,1596.2687122924528,0.9992513535283921,0.0007486464716078833
1139,1596.2827521394083,0.9992417759526984,0.0007582240473016366
1140,1596.2967921098482,0.9992309661736354,0.0007690338263646179
1141,1596.3108322037756,0.9992198650263799,0.0007801349736200613
1142,1596.3248724211915,0.9992094544896049,0.0007905455103951464
1143,1596.3389127620983,0.999200729078151,0.0007992709218489491
1144,1596.3529532264945,0.9991945143539425,0.0008054856460575355
1145,1596.366993814382,0.9991912127733503,0.0008087872266496765
1146,1596.3810345257643,0.9991905661324418,0.0008094338675581625
1147,1596.3950753606387,0.9991911670827338,0.000808832917266189
1148,1596.409116319008,0.9991926333703486,0.0008073666296514181
1149,1596.4231574008736,0.9991912913837571,0.0008087086162429369
1150,1596.4371986062379,0.999184299635982,0.0008157003640180127
1151,1596.4512399350988,0.9991673043850504,0.0008326956149495857
1152,1596.4652813874588,0.999133489210975,0.000866510789024999
1153,1596.4793229633212,0.9990672664042715,0.000932733595728541
1154,1596.4933646626832,0.9989236147386746,0.0010763852613253633
1155,1596.507406485548,0.9985814129919369,0.001418587008063077
1156,1596.5214484319163,0.9977823894631375,0.0022176105368625354
1157,1596.535490501791,0.9961273927926624,0.0038726072073376194
1158,1596.54953269517,0.993210434439729,0.006789565560270994
1159,1596.563575012056,0.9887980545686788,0.011201945431321247
1160,1596.5776174524515,0.9828140475829041,0.017185952417095862
1161,1596.5916600163544,0.9751603727600691,0.02483962723993094
1162,1596.6057027037675,0.9657514418323823,0.03424855816761774
1163,1596.6197455146937,0.9548770173496512,0.04512298265034875
1164,1596.6337884491304,0.9435108783221893,0.05648912167781073
1165,1596.6478315070808,0.933226881100526,0.06677311889947402
1166,1596.6618746885456,0.9257716790659961,0.07422832093400389
1167,1596.6759179935275,0.9225316152329689,0.0774683847670311
1168,1596.6899614220247,0.9241010659333089,0.07589893406669113
1169,1596.7040049740397,0.9300932871801921,0.06990671281980787
1170,1596.718048649575,0.9392624254579137,0.06073757454208628
1171,1596.7320924486287,0.9499002676642716,0.0500997323357284
1172,1596.7461363712036,0.9603565585535871,0.03964344144641285
1173,1596.7601804173005,0.9694705035377256,0.03052949646227443
1174,1596.7742245869224,0.9767477956014092,0.02325220439859077
1175,1596.7882688800669,0.9822545533946428,0.01774544660535715
1176,1596.8023132967367,0.9863391742363882,0.013660825763611828
1177,1596.8163578369347,0.9893590064648669,0.010640993535133147
1178,1596.8304025006587,0.9915524165282446,0.008447583471755449
1179,1596.8444472879112,0.9930694960369135,0.006930503963086476
1180,1596.8584921986935,0.9940506472438344,0.0059493527561655934
1181,1596.8725372330084,0.9946486023190115,0.005351397680988468
1182,1596.8865823908534,0.9949980715762614,0.005001928423738589
1183,1596.9006276722314,0.9951931737656254,0.004806826234374562
1184,1596.9146730771454,0.9952953993009978,0.004704600699002248
1185,1596.9287186055926,0.9953525123338479,0.004647487666152084
1186,1596.9427642575763,0.995408451083495,0.004591548916505039
1187,1596.956810033097,0.9955012311342639,0.00449876886573608
1188,1596.9708559321582,0.995655454566071,0.004344545433929037
1189,1596.984901954757,0.9958765140427259,0.004123485957274076
1190,1596.9989481008965,0.9961504508415523,0.003849549158447707
1191,1597.0129943705795,0.996449951464081,0.0035500485359190037
1192,1597.0270407638034,0.9967442353041523,0.0032557646958476516
1193,1597.0410872805712,0.9970089339149864,0.0029910660850136495
1194,1597.0551339208841,0.9972322209089383,0.0027677790910617395
1195,1597.0691806847447,0.9974156760490113,0.0025843239509887317
1196,1597.0832275721507,0.997570990101588,0.0024290098984119934
1197,1597.0972745831048,0.9977147005276189,0.002285299472381097
1198,1597.11132171761,0.9978625962395778,0.002137403760422152
1199,1597.1253689756638,0.9980246228407413,0.001975377159258662
1200,1597.1394163572693,0.9982011979681147,0.001798802031885316
1201,1597.153463862427,0.9983826397614355,0.0016173602385645136
1202,1597.1675114911404,0.9985528781890385,0.0014471218109615158
1203,1597.1815592434066,0.998695715834265,0.0013042841657350257
1204,1597.1956071192287,0.9988004012990729,0.001199598700927118
1205,1597.2096551186094,0.9988647278446561,0.001135272155343925
1206,1597.2237032415464,0.9988944904983912,0.0011055095016088146
1207,1597.2377514880425,0.9988992905109104,0.0011007094890895797
1208,1597.2517998580988,0.9988880433183474,0.0011119566816526483
1209,1597.265848351718,0.9988670646332607,0.0011329353667393072
1210,1597.279896968898,0.9988399892736216,0.001160010726378391
1211,1597.2939457096413,0.9988081664700452,0.0011918335299547778
1212,1597.3079945739507,0.9987713667564827,0.0012286332435172964
1213,1597.322043561824,0.998728798507365,0.0012712014926350435
1214,1597.3360926732641,0.9986800348917058,0.001319965108294241
1215,1597.350141908272,0.9986255265904427,0.0013744734095573197
1216,1597.3641912668504,0.9985667932360972,0.0014332067639027946
1217,1597.378240748997,0.9985064222096531,0.0014935777903468672
1218,1597.392290354715,0.9984477783733576,0.0015522216266423694
1219,1597.4063400840064,0.9983942108668236,0.0016057891331764385
1220,1597.4203899368695,0.9983480468845839,0.001651953115416105
1221,1597.434439913307,0.9983101893335218,0.0016898106664782198
1222,1597.4484900133195,0.99828061671625,0.0017193832837499867
1223,1597.4625402369104,0.9982592092231682,0.0017407907768317576
1224,1597.4765905840773,0.9982462000113075,0.001753799988692517
1225,1597.4906410548226,0.9982421316071634,0.0017578683928366479
1226,1597.5046916491494,0.9982476624481965,0.0017523375518034845
1227,1597.5187423670554,0.9982635693390952,0.0017364306609047864
1228,1597.5327932085434,0.9982908948062197,0.0017091051937803137
1229,1597.546844173614,0.9983307563746342,0.0016692436253658016
1230,1597.5608952622708,0.9983836348767255,0.0016163651232744547
1231,1597.5749464745109,0.998448796762939,0.0015512032370610385
1232,1597.5889978103373,0.9985245223642203,0.0014754776357797095
1233,1597.6030492697525,0.9986086704741737,0.0013913295258263236
1234,1597.6171008527547,0.9986987740634806,0.001301225936519379
1235,1597.6311525593464,0.9987919324554142,0.0012080675445858002
1236,1597.6452043895285,0.9988851818387197,0.0011148181612803398
1237,1597.6592563433042,0.9989760993463929,0.001023900653607135
1238,1597.673308420671,0.9990628285208567,0.000937171479143295
1239,1597.6873606216316,0.9991437183225026,0.0008562816774974058
1240,1597.7014129461886,0.9992175606352461,0.0007824393647538619
1241,1597.7154653943403,0.9992842473333738,0.0007157526666261571
1242,1597.729517966089,0.9993446085940638,0.0006553914059361787
1243,1597.7435706614358,0.9993994586359607,0.0006005413640393087
1244,1597.7576234803837,0.99944922404053,0.0005507759594699513
1245,1597.7716764229303,0.9994943890685954,0.0005056109314045543
1246,1597.7857294890782,0.9995356733153153,0.0004643266846846572
1247,1597.7997826788305,0.999573534038728,0.00042646596127204894
1248,1597.8138359921847,0.9996077847761603,0.0003922152238396981
1249,1597.8278894291439,0.9996380314089605,0.00036196859103954093
1250,1597.8419429897087,0.9996643870592798,0.0003356129407201536
1251,1597.855996673882,0.9996874724241569,0.0003125275758431023
1252,1597.8700504816618,0.9997078092270956,0.00029219077290443263
1253,1597.8841044130506,0.9997254729978812,0.0002745270021188295
1254,1597.8981584680512,0.9997402889967987,0.0002597110032013239
1255,1597.9122126466614,0.9997520865154621,0.0002479134845378983
1256,1597.926266948884,0.9997608145876555,0.000239185412344467
1257,1597.94032137472,0.999766687029713,0.00023331297028694742
1258,1597.9543759241722,0.9997701909958463,0.00022980900415370265
1259,1597.9684305972382,0.999771731606294,0.00022826839370604368
1260,1597.982485393921,0.9997714216219054,0.00022857837809464598
1261,1597.9965403142232,0.9997692566035884,0.00023074339641160346
1262,1598.0105953581426,0.9997652817819561,0.00023471821804388338
1263,1598.024650525682,0.999759612926245,0.00024038707375495516
1264,1598.0387058168426,0.9997524551433813,0.00024754485661870884
1265,1598.0527612316268,0.99974405384007,0.00025594615992996506
1266,1598.0668167700326,0.9997346010778331,0.0002653989221669262
1267,1598.0808724320627,0.999724226364037,0.00027577363596298365
1268,1598.0949282177198,0.9997131060785798,0.0002868939214202282
1269,1598.1089841270018,0.9997016246726252,0.0002983753273747558
1270,1598.1230401599114,0.999690347875399,0.0003096521246009898
1271,1598.1370963164495,0.9996797863728553,0.00032021362714473867
1272,1598.151152596619,0.9996702112362412,0.00032978876375877597
1273,1598.165209000418,0.9996616557132363,0.0003383442867637143
1274,1598.1792655278487,0.9996540519716088,0.0003459480283911631
1275,1598.1933221789138,0.9996472820258632,0.00035271797413682915
1276,1598.2073789536116,0.9996411939165674,0.000358806083432639
1277,1598.2214358519448,0.9996355989336904,0.00036440106630963864
1278,1598.235492873914,0.9996302326221378,0.0003697673778622068
1279,1598.249550019522,0.9996248226523328,0.00037517734766723265
1280,1598.2636072887672,0.9996192275543591,0.00038077244564094226
1281,1598.2776646816517,0.9996135009636469,0.0003864990363531273
1282,1598.2917221981784,0.9996079197874375,0.00039208021256254
1283,1598.3057798383452,0.999602771217222,0.0003972287827780363
1284,1598.3198376021548,0.999598146801203,0.00040185319879704196
1285,1598.3338954896085,0.9995940862800552,0.00040591371994480596
1286,1598.3479535007086,0.9995908260674976,0.00040917393250239353
1287,1598.362011635453,0.9995888053149683,0.00041119468503170165
1288,1598.3760698938447,0.9995884784714644,0.00041152152853562995
1289,1598.3901282758864,0.9995900524840353,0.0004099475159646815
1290,1598.4041867815754,0.9995933355285465,0.0004066644714535439
1291,1598.418245410915,0.9995979437359079,0.0004020562640920655
1292,1598.432304163906,0.9996035495100554,0.00039645048994463306
1293,1598.4463630405514,0.9996098682562193,0.00039013174378066395
1294,1598.460422040849,0.9996165766581462,0.0003834233418538169
1295,1598.474481164801,0.9996232813588645,0.00037671864113553166
1296,1598.4885404124107,0.9996295153277824,0.00037048467221756365
1297,1598.5025997836754,0.9996348594193194,0.00036514058068060073
1298,1598.5166592785984,0.9996390819918745,0.00036091800812554364
1299,1598.530718897182,0.9996420491734007,0.0003579508265992848
1300,1598.544778639424,0.9996435718679422,0.00035642813205782886
1301,1598.5588385053277,0.9996434826491927,0.00035651735080732827
1302,1598.5728984948935,0.9996418964929502,0.00035810350704978955
1303,1598.5869586081244,0.9996393103302854,0.0003606896697145867
1304,1598.6010188450182,0.9996364126677204,0.0003635873322795913
1305,1598.6150792055776,0.9996337942067592,0.0003662057932407592
1306,1598.6291396898055,0.9996318141200009,0.00036818587999909447
1307,1598.6432002976994,0.9996307307123843,0.0003692692876157144
1308,1598.6572610292621,0.999630931746883,0.00036906825311699976
1309,1598.671321884495,0.9996330560030333,0.00036694399696668434
1310,1598.6853828634005,0.9996378118245328,0.00036218817546718185
1311,1598.6994439659766,0.9996456061783473,0.0003543938216526987
1312,1598.713505192226,0.9996562982350998,0.0003437017649001728
1313,1598.7275665421512,0.9996693000935435,0.0003306999064565108
1314,1598.7416280157504,0.9996839670518893,0.0003160329481106672
1315,1598.7556896130259,0.9996998542311293,0.00030014576887071875
1316,1598.769751333979,0.9997165719531986,0.00028342804680137057
1317,1598.7838131786125,0.9997335759251931,0.00026642407480692576
1318,1598.797875146924,0.9997501825765662,0.00024981742343377356
1319,1598.8119372389165,0.9997657106110958,0.00023428938890424078
1320,1598.8259994545926,0.9997796503472316,0.00022034965276840346
1321,1598.84006179395,0.9997917381458091,0.00020826185419087206
1322,1598.8541242569916,0.99980189191367,0.00019810808633002885
1323,1598.8681868437184,0.9998101563585099,0.00018984364149010613
1324,1598.882249554133,0.999816538841853,0.0001834611581470469
1325,1598.8963123882336,0.9998209481022935,0.00017905189770650587
1326,1598.9103753460224,0.9998233621890418,0.0001766378109582245
1327,1598.9244384275025,0.999823923791532,0.00017607620846804561
1328,1598.9385016326717,0.9998228381321808,0.00017716186781924215
1329,1598.9525649615325,0.9998203611340013,0.00017963886599869916
1330,1598.9666284140862,0.999816688140252,0.00018331185974795883
1331,1598.9806919903356,0.999811791766329,0.00018820823367105
1332,1598.994755690278,0.9998054811859725,0.00019451881402754445
1333,1599.0088195139167,0.9997975378619515,0.00020246213804853141
1334,1599.0228834612542,0.9997877563888432,0.0002122436111567927
1335,1599.0369475322884,0.9997760135595125,0.00022398644048748917
1336,1599.051011727022,0.999762170859092,0.0002378291409079747
1337,1599.065076045456,0.9997457829618988,0.0002542170381012454
1338,1599.079140487593,0.9997261335582085,0.00027386644179150377
1339,1599.093205053431,0.9997027369613252,0.00029726303867483317
1340,1599.1072697429727,0.9996753988957705,0.00032460110422949384
1341,1599.121334556221,0.9996436231928408,0.0003563768071591644
1342,1599.1353994931735,0.9996064997568634,0.0003935002431365575
1343,1599.1494645538328,0.9995631900871544,0.00043680991284555937
1344,1599.1635297382004,0.9995126209244335,0.0004873790755665075
1345,1599.1775950462786,0.9994519875993202,0.0005480124006798093
1346,1599.1916604780654,0.9993760148839522,0.0006239851160477761
1347,1599.2057260335635,0.9992773075084204,0.0007226924915796351
1348,1599.2197917127758,0.9991468901546174,0.0008531098453825603
1349,1599.2338575156998,0.9989748703743107,0.0010251296256893472
1350,1599.2479234423386,0.9987502750650394,0.001249724934960561
1351,1599.2619894926927,0.9984617985063424,0.001538201493657576
1352,1599.2760556667654,0.9981014430200023,0.0018985569799977453
1353,1599.2901219645544,0.9976687045206598,0.0023312954793401897
1354,1599.3041883860624,0.9971724518704007,0.002827548129599289
1355,1599.318254931292,0.996631831150876,0.0033681688491240536
1356,1599.332321600241,0.9960777192034899,0.003922280796510136
1357,1599.346388392912,0.9955519273401701,0.004448072659829938
1358,1599.3604553093066,0.9951014719449974,0.004898528055002571
1359,1599.374522349427,0.9947697801947292,0.00523021980527083
1360,1599.3885895132714,0.9945880394836811,0.00541196051631887
1361,1599.4026568008424,0.9945689368078178,0.005431063192182228
1362,1599.4167242121425,0.9947053529284737,0.0052946470715262706
1363,1599.4307917471697,0.9949749309051834,0.005025069094816592
1364,1599.4448594059268,0.9953474176437345,0.004652582356265533
1365,1599.458927188415,0.995790669937602,0.004209330062397987
1366,1599.4729950946364,0.9962738216306792,0.003726178369320765
1367,1599.4870631245894,0.9967683991202201,0.0032316008797799167
1368,1599.5011312782767,0.9972489400652149,0.002751059934785083
1369,1599.515199555701,0.9976939106242222,0.002306089375777809
1370,1599.5292679568597,0.9980862443357998,0.0019137556642001563
1371,1599.5433364817561,0.9984135440612703,0.0015864559387297472
1372,1599.5574051303909,0.9986693873306589,0.0013306126693410913
1373,1599.571473902767,0.9988553184932736,0.0011446815067264193
1374,1599.585542798882,0.9989812599703358,0.001018740029664178
1375,1599.599611818739,0.9990635983701948,0.0009364016298052391
1376,1599.6136809623404,0.99912137166083,0.0008786283391699623
1377,1599.6277502296841,0.9991708763026079,0.0008291236973920757
1378,1599.641819620773,0.9992207166869967,0.0007792833130032539
1379,1599.655889135608,0.9992704469666914,0.000729553033308572
1380,1599.6699587741919,0.9993136959014977,0.0006863040985023439
1381,1599.6840285365224,0.9993430916310585,0.0006569083689415001
1382,1599.6980984226022,0.9993557746283992,0.000644225371600804
1383,1599.7121684324343,0.9993499830483572,0.0006500169516427956
1384,1599.7262385660165,0.9993260315347309,0.0006739684652691258
1385,1599.7403088233511,0.999282216864386,0.0007177831356139919
1386,1599.7543792044396,0.9992145512141866,0.0007854487858134362
1387,1599.7684497092846,0.9991167489225186,0.0008832510774814395
1388,1599.7825203378836,0.9989804713755579,0.001019528624442101
1389,1599.79659109024,0.998796316309793,0.001203683690206958
1390,1599.810661966356,0.9985556684079088,0.0014443315920912303
1391,1599.8247329662297,0.9982564791287164,0.0017435208712835992
1392,1599.8388040898635,0.9979122675491781,0.002087732450821944
1393,1599.8528753372589,0.9975580525823956,0.0024419474176043954
1394,1599.8669467084183,0.9972330661817304,0.0027669338182696457
1395,1599.8810182033394,0.9969677043203611,0.003032295679638919
1396,1599.8950898220255,0.9967667663973214,0.0032332336026785757
1397,1599.9091615644786,0.9966086076096939,0.0033913923903060583
1398,1599.9232334306973,0.9964552569690893,0.0035447430309106798
1399,1599.9373054206837,0.9962669373947917,0.003733062605208337
1400,1599.9513775344392,0.996013850208785,0.003986149791215032
1401,1599.9654497719662,0.9956821330696262,0.004317866930373837
1402,1599.979522133263,0.9952729403279583,0.004727059672041678
1403,1599.9935946183318,0.9947950476734624,0.005204952326537615
1404,1600.007667227176,0.9942552728150225,0.005744727184977538
1405,1600.0217399597925,0.9936541290438736,0.006345870956126376
1406,1600.035812816185,0.9929916435723332,0.00700835642766684
1407,1600.049885796354,0.9922804129738322,0.007719587026167818
1408,1600.0639589003022,0.9915550945520402,0.008444905447959838
1409,1600.0780321280276,0.9908669202252073,0.009133079774792718
1410,1600.0921054795328,0.9902622813895785,0.009737718610421497
1411,1600.1061789548207,0.9897588778796298,0.010241122120370205
1412,1600.1202525538893,0.9893373637327896,0.010662636267210424
1413,1600.1343262767407,0.9889557557906161,0.01104424420938388
1414,1600.1484001233764,0.9885778704265666,0.01142212957343336
1415,1600.1624740937991,0.9881987336589348,0.011801266341065153
1416,1600.1765481880068,0.9878530347509381,0.012146965249061892
1417,1600.1906224060017,0.9876031737799248,0.012396826220075208
1418,1600.204696747787,0.987515245571309,0.012484754428691014
1419,1600.2187712133602,0.9876373868380123,0.012362613161987723
1420,1600.2328458027243,0.9879909744126192,0.012009025587380817
1421,1600.2469205158802,0.9885749535057606,0.011425046494239366
1422,1600.2609953528308,0.9893748712654302,0.010625128734569778
1423,1600.275070313574,0.9903655881791483,0.009634411820851674
1424,1600.289145398112,0.9915027424293179,0.008497257570682093
1425,1600.303220606448,0.9927116235270328,0.007288376472967206
1426,1600.3172959385795,0.9938903854455117,0.00610961455448833
1427,1600.3313713945095,0.9949345886123947,0.005065411387605301
1428,1600.345446974239,0.9957706593410794,0.004229340658920555
1429,1600.3595226777707,0.9963780026736494,0.003621997326350601
1430,1600.3735985051023,0.9967889877289544,0.003211012271045588
1431,1600.387674456237,0.9970709599971768,0.0029290400028232355
1432,1600.4017505311767,0.997300780549543,0.0026992194504570355
1433,1600.4158267299201,0.9975394350919087,0.0024605649080913228
1434,1600.4299030524694,0.9978137439720635,0.0021862560279365395
1435,1600.4439794988273,0.9981142008160513,0.001885799183948711
1436,1600.458056068992,0.9984106952777912,0.0015893047222087509
1437,1600.4721327629659,0.9986740461170851,0.0013259538829148987
1438,1600.48620958075,0.9988883448263604,0.0011116551736396474
1439,1600.5002865223476,0.9990510125426294,0.0009489874573705981
1440,1600.5143635877557,0.9991676695993601,0.0008323304006399024
1441,1600.5284407769775,0.9992475974069525,0.0007524025930475409
1442,1600.5425180900158,0.9993007372035487,0.0006992627964512721
1443,1600.5565955268683,0.9993357203789623,0.0006642796210376556
1444,1600.5706730875377,0.9993589195886909,0.0006410804113090585
1445,1600.584750772025,0.9993741318421133,0.0006258681578866776
1446,1600.5988285803332,0.9993832756851155,0.0006167243148844648
1447,1600.6129065124599,0.9993879470227607,0.0006120529772393191
1448,1600.6269845684078,0.9993907147994792,0.0006092852005208371
1449,1600.6410627481796,0.9993948358927477,0.0006051641072523095
1450,1600.6551410517734,0.9994031710214051,0.000596828978594921
1451,1600.6692194791915,0.9994172782152454,0.0005827217847546029
1452,1600.6832980304355,0.9994371491273504,0.0005628508726496229
1453,1600.6973767055076,0.9994615919762824,0.0005384080237176292
1454,1600.7114555044059,0.9994884466901294,0.0005115533098706271
1455,1600.7255344271332,0.9995147189947309,0.00048528100526912255
1456,1600.739613473692,0.9995372774049708,0.0004627225950292191
1457,1600.7536926440805,0.9995537863253962,0.00044621367460384587
1458,1600.767771938301,0.9995630103019746,0.000436989698025414
1459,1600.7818513563545,0.9995645104549922,0.00043548954500782777
1460,1600.7959308982443,0.9995585505137161,0.0004414494862838847
1461,1600.8100105639678,0.9995458371280241,0.0004541628719758606
1462,1600.8240903535277,0.9995273322589396,0.0004726677410603619
1463,1600.838170266927,0.9995043071628709,0.0004956928371291358
1464,1600.8522503041631,0.9994783388551071,0.0005216611448929376
1465,1600.8663304652391,0.9994511519556287,0.0005488480443712751
1466,1600.8804107501562,0.9994246511453754,0.0005753488546246244
1467,1600.8944911589167,0.9994009133088373,0.0005990866911627091
1468,1600.9085716915185,0.9993817579911816,0.000618242008818437
1469,1600.9226523479647,0.9993682112394,0.0006317887605999939
1470,1600.9367331282576,0.9993601552052681,0.0006398447947318919
1471,1600.950814032395,0.9993565413028003,0.000643458697199728
1472,1600.9648950603803,0.9993559803979473,0.0006440196020527367
1473,1600.9789762122136,0.9993570447604855,0.0006429552395145199
1474,1600.9930574878986,0.9993583070283233,0.0006416929716767106
1475,1601.0071388874323,0.9993586850233279,0.0006413149766720805
1476,1601.0212204108177,0.999357816112494,0.0006421838875060315
1477,1601.0353020580578,0.9993559097354543,0.0006440902645457047
1478,1601.0493838291502,0.9993532966817718,0.0006467033182282478
1479,1601.0634657240976,0.9993502027307378,0.0006497972692621756
1480,1601.077547742901,0.9993470717045956,0.0006529282954044202
1481,1601.0916298855634,0.9993449131820312,0.0006550868179687752
1482,1601.1057121520823,0.9993448510119018,0.0006551489880981531
1483,1601.1197945424606,0.9993477854218009,0.000652214578199084
1484,1601.133877056701,0.9993543697857087,0.0006456302142913151
1485,1601.1479596948016,0.9993647259386353,0.0006352740613646546
1486,1601.1620424567648,0.9993781732690771,0.0006218267309229253
1487,1601.1761253425914,0.9993935897028807,0.0006064102971192753
1488,1601.1902083522848,0.9994098413174126,0.0005901586825873828
1489,1601.2042914858423,0.9994257366504791,0.0005742633495209315
1490,1601.218374743267,0.9994400681661486,0.0005599318338513903
1491,1601.2324581245614,0.9994518131173976,0.0005481868826023861
1492,1601.2465416297232,0.999460420254698,0.0005395797453020545
1493,1601.2606252587555,0.9994660160672979,0.0005339839327020979
1494,1601.274709011659,0.9994692136049778,0.0005307863950222425
1495,1601.2887928884365,0.9994707924635257,0.0005292075364743409
1496,1601.302876889086,0.9994715967355658,0.0005284032644341519
1497,1601.3169610136104,0.99947261115783,0.0005273888421699624
1498,1601.331045262012,0.9994749077401153,0.0005250922598847296
1499,1601.3451296342887,0.9994794407524159,0.0005205592475840959
1500,1601.3592141304434,0.9994867294586378,0.0005132705413621874
1501,1601.373298750477,0.9994965699587288,0.0005034300412711801
1502,1601.3873834943925,0.9995081235516677,0.0004918764483322624
1503,1601.4014683621874,0.9995202472516536,0.00047975274834644033
1504,1601.4155533538647,0.9995318563687103,0.00046814363128966363
1505,1601.429638469427,0.9995422317633971,0.000457768236602929
1506,1601.4437237088719,0.9995510944170418,0.00044890558295818117
1507,1601.4578090722023,0.9995584401009868,0.0004415598990131775
1508,1601.4718945594195,0.9995643681631448,0.00043563183685524365
1509,1601.485980170526,0.99956903687443,0.00043096312557000527
1510,1601.5000659055197,0.9995725249736311,0.00042747502636886203
1511,1601.5141517644033,0.9995745690828113,0.0004254309171887183
1512,1601.5282377471794,0.9995745974974286,0.00042540250257139256
1513,1601.5423238538463,0.999572107126559,0.000427892873441027
1514,1601.556410084406,0.9995667133775177,0.00043328662248232064
1515,1601.5704964388601,0.9995580970505049,0.0004419029494950877
1516,1601.584582917211,0.9995461323839345,0.0004538676160654731
1517,1601.598669519457,0.9995310577334583,0.00046894226654170534
1518,1601.6127562456004,0.9995135268380064,0.0004864731619935725
1519,1601.6268430956438,0.9994945008819786,0.0005054991180214463
1520,1601.6409300695857,0.9994748299783707,0.0005251700216293287
1521,1601.655017167428,0.9994546224663701,0.0005453775336299316
1522,1601.6691043891724,0.999432990361182,0.0005670096388179502
1523,1601.6831917348213,0.999408591152566,0.0005914088474340273
1524,1601.6972792043728,0.9993803683667136,0.0006196316332863772
1525,1601.7113667978292,0.999347902236473,0.0006520977635270375
1526,1601.7254545151936,0.999311408311101,0.0006885916888990096
1527,1601.7395423564637,0.9992714663263058,0.0007285336736941872
1528,1601.7536303216423,0.9992285389877132,0.000771461012286756
1529,1601.7677184107304,0.9991829054216137,0.0008170945783863015
1530,1601.7818066237307,0.9991355068686527,0.0008644931313472881
1531,1601.7958949606411,0.9990886663806375,0.0009113336193624644
1532,1601.8099834214643,0.9990454071715464,0.0009545928284535599
1533,1601.8240720062029,0.9990078956004127,0.0009921043995873013
1534,1601.8381607148547,0.9989767694466278,0.0010232305533721675
1535,1601.8522495474226,0.9989515373863256,0.0010484626136744168
1536,1601.8663385039079,0.9989312047571867,0.0010687952428133363
1537,1601.8804275843129,0.9989146838980307,0.0010853161019692692
1538,1601.8945167886354,0.9989009512220633,0.001099048777936651
1539,1601.9086061168787,0.9988888149985229,0.0011111850014771107
1540,1601.922695569045,0.9988767787705669,0.0011232212294330912
1541,1601.936785145132,0.9988636215908958,0.0011363784091041884
1542,1601.9508748451428,0.9988493141204444,0.0011506858795555797
1543,1601.9649646690784,0.9988351884545176,0.0011648115454824248
1544,1601.9790546169418,0.9988234799768195,0.0011765200231804718
1545,1601.9931446887301,0.9988170018010196,0.0011829981989803784
1546,1602.0072348844467,0.9988189874779014,0.0011810125220985679
1547,1602.0213252040937,0.9988324986311259,0.0011675013688741132
1548,1602.0354156476697,0.9988592744678072,0.001140725532192799
1549,1602.0495062151767,0.9988986432589197,0.0011013567410802505
1550,1602.0635969066163,0.9989473175726966,0.0010526824273033863
1551,1602.077687721991,0.9990003302630042,0.000999669736995834
1552,1602.0917786612986,0.9990523054051513,0.0009476945948486692
1553,1602.105869724542,0.9990982061095119,0.0009017938904880562
1554,1602.1199609117234,0.9991336833380068,0.0008663166619932161
1555,1602.1340522228413,0.9991556945597708,0.0008443054402291761
1556,1602.1481436578981,0.9991635368465068,0.0008364631534931721
1557,1602.1622352168952,0.9991594716710601,0.0008405283289398824
1558,1602.1763268998347,0.9991482639957079,0.000851736004292114
1559,1602.1904187067148,0.999136292466567,0.0008637075334330113
1560,1602.2045106375383,0.9991303923884148,0.0008696076115851659
1561,1602.218602692308,0.9991361098018988,0.0008638901981011804
1562,1602.2326948710213,0.9991560011179806,0.0008439988820193589
1563,1602.246787173681,0.9991892426066027,0.00081075739339731
1564,1602.2608796002887,0.9992325855270977,0.0007674144729022947
1565,1602.2749721508467,0.9992815613737107,0.0007184386262892861
1566,1602.2890648253529,0.9993313245606619,0.0006686754393381289
1567,1602.30315762381,0.9993771944500136,0.0006228055499863938
1568,1602.3172505462207,0.9994151573467437,0.0005848426532563122
1569,1602.331343592583,0.9994426171953823,0.000557382804617701
1570,1602.3454367628995,0.9994588172081269,0.000541182791873096
1571,1602.359530057171,0.9994644043471338,0.0005355956528662054
1572,1602.3736234754008,0.9994604009322196,0.0005395990677804496
1573,1602.3877170175865,0.9994480379209747,0.0005519620790253033
1574,1602.4018106837307,0.9994295004215937,0.0005704995784062694
1575,1602.415904473836,0.9994083249492567,0.0005916750507433122
1576,1602.4299983879007,0.9993888211433843,0.0006111788566156573
1577,1602.444092425927,0.9993745097578057,0.000625490242194271
1578,1602.458186587918,0.9993666794869794,0.0006333205130205632
1579,1602.4722808738711,0.999364341004939,0.000635658995061017
1580,1602.4863752837896,0.9993653976953507,0.0006346023046492899
1581,1602.5004698176742,0.9993678854870016,0.000632114512998383
1582,1602.5145644755278,0.9993703664221251,0.0006296335778749329
1583,1602.5286592573482,0.9993738898530635,0.000626110146936476
1584,1602.5427541631377,0.999377969033676,0.0006220309663239609
1585,1602.5568491928998,0.999382877228828,0.0006171227711719851
1586,1602.5709443466317,0.9993869126565308,0.0006130873434692097
1587,1602.5850396243363,0.9993868719325214,0.0006131280674785966
1588,1602.599135026015,0.9993791340472895,0.000620865952710492
1589,1602.6132305516699,0.9993607773203014,0.0006392226796986256
1590,1602.6273262012994,0.9993300324241408,0.0006699675758592427
1591,1602.6414219749058,0.9992863186592684,0.0007136813407315756
1592,1602.6555178724923,0.9992305174348137,0.0007694825651862747
1593,1602.6696138940563,0.9991656172429013,0.0008343827570986839
1594,1602.6837100396006,0.9990970935867445,0.000902906413255522
1595,1602.6978063091265,0.9990319207093732,0.000968079290626811
1596,1602.7119027026365,0.9989761374680253,0.0010238625319747285
1597,1602.7259992201286,0.9989324234503878,0.0010675765496122036
1598,1602.7400958616054,0.9988987192673078,0.0011012807326922225
1599,1602.7541926270694,0.9988676300693529,0.0011323699306471369
1600,1602.768289516519,0.9988270355391845,0.0011729644608154954
1601,1602.7823865299565,0.9987625519784882,0.0012374480215118222
1602,1602.7964836673832,0.9986609105838231,0.0013390894161768863
1603,1602.8105809288015,0.9985129566994667,0.0014870433005332861
1604,1602.8246783142095,0.998315618232205,0.0016843817677949513
1605,1602.83877582361,0.9980728702558,0.0019271297441999513
1606,1602.8528734570054,0.997796122352834,0.002203877647166008
1607,1602.866971214394,0.9975025975757017,0.0024974024242983006
1608,1602.881069095778,0.9972090614725728,0.002790938527427178
1609,1602.8951671011587,0.9969226845137668,0.0030773154862332452
1610,1602.909265230539,0.9966360202797082,0.0033639797202917876
1611,1602.9233634839165,0.9963296309853522,0.0036703690146477896
1612,1602.937461861294,0.9959782600858289,0.004021739914171096
1613,1602.9515603626742,0.9955559833357643,0.0044440166642356616
1614,1602.9656589880549,0.99504044885818,0.004959551141820007
1615,1602.979757737439,0.9944175102503094,0.005582489749690556
1616,1602.9938566108274,0.9936853492110578,0.006314650788942222
1617,1603.007955608223,0.9928566403415041,0.007143359658495885
1618,1603.0220547296233,0.9919584166823926,0.008041583317607404
1619,1603.0361539750313,0.9910284349469537,0.008971565053046304
1620,1603.0502533444499,0.9901055483612385,0.009894451638761459
1621,1603.0643528378764,0.9892154263375974,0.010784573662402597
1622,1603.078452455314,0.9883597076424657,0.011640292357534276
1623,1603.0925521967633,0.9875159090324518,0.012484090967548211
1624,1603.1066520622276,0.9866447870944618,0.013355212905538205
1625,1603.1207520517044,0.9856943190982991,0.014305680901700923
1626,1603.1348521651964,0.9845987390644488,0.015401260935551164
1627,1603.1489524027063,0.983290926997759,0.016709073002241004
1628,1603.1630527642321,0.9817490836462108,0.01825091635378917
1629,1603.1771532497767,0.9800665274050022,0.01993347259499778
1630,1603.1912538593406,0.9784918390148581,0.021508160985141855
1631,1603.205354592927,0.9773836013590814,0.022616398640918578
1632,1603.2194554505336,0.9770757139029757,0.02292428609702435
1633,1603.233556432163,0.9777180974960338,0.022281902503966222
1634,1603.247657537818,0.9791867592153729,0.020813240784627096
1635,1603.2617587674965,0.9811209537091369,0.018879046290863122
1636,1603.2758601212013,0.9830684581470228,0.016931541852977183
1637,1603.2899615989334,0.9846568792814385,0.015343120718561476
1638,1603.3040632006953,0.985701064494832,0.014298935505168031
1639,1603.318164926485,0.9862027587423602,0.013797241257639814
1640,1603.3322667763055,0.9862611033751512,0.01373889662484884
1641,1603.346368750159,0.9859530287835765,0.01404697121642351
1642,1603.3604708480436,0.9852457535659007,0.014754246434099283
1643,1603.3745730699623,0.9839753247028173,0.016024675297182656
1644,1603.3886754159155,0.9818855300327464,0.018114469967253632
1645,1603.4027778859065,0.9786961217529295,0.021303878247070474
1646,1603.416880479933,0.9741695473781835,0.02583045262181649
1647,1603.4309831979976,0.9681602095589747,0.03183979044102525
1648,1603.4450860401034,0.9606432840353938,0.039356715964606215
1649,1603.4591890062477,0.9517258463998634,0.04827415360013665
1650,1603.4732920964334,0.9416457984295112,0.05835420157048876
1651,1603.4873953106617,0.930766931202149,0.06923306879785096
1652,1603.5014986489352,0.9195749672250632,0.08042503277493684
1653,1603.5156021112518,0.9086669796379138,0.09133302036208624
1654,1603.5297056976142,0.8987197337110482,0.10128026628895181
1655,1603.5438094080253,0.890431746564323,0.109568253435677
1656,1603.5579132424825,0.8844483686472207,0.11555163135277935
1657,1603.572017200989,0.8812853368761415,0.11871466312385848
1658,1603.5861212835457,0.8812636266701059,0.11873637332989406
1659,1603.6002254901553,0.8844638134603315,0.11553618653966846
1660,1603.6143298208156,0.8907064737043586,0.10929352629564137
1661,1603.6284342755291,0.8995642159178312,0.1004357840821688
1662,1603.6425388542991,0.9104065514654869,0.08959344853451312
1663,1603.6566435571228,0.9224726012111073,0.0775273987888927
1664,1603.6707483840034,0.9349612459608072,0.06503875403919279
1665,1603.6848533349419,0.9471244199459857,0.05287558005401427
1666,1603.6989584099408,0.9583472002121873,0.04165279978781267
1667,1603.7130636089983,0.9682004034485219,0.031799596551478126
1668,1603.7271689321167,0.9764579707901666,0.023542029209833393
1669,1603.7412743792988,0.9830804380592071,0.016919561940792915
1670,1603.7553799505429,0.9881739038867572,0.011826096113242812
1671,1603.769485645851,0.9919381020290224,0.00806189797097756
1672,1603.7835914652246,0.9946160486556048,0.005383951344395177
1673,1603.7976974086666,0.9964534894445649,0.0035465105554350895
1674,1603.8118034761744,0.9976716664475935,0.0023283335524064697
1675,1603.825909667751,0.9984532895834379,0.0015467104165620693
1676,1603.840015983399,0.9989392717962172,0.0010607282037827792
1677,1603.8541224231165,0.9992324046358965,0.0007675953641035349
1678,1603.8682289869057,0.9994041894236304,0.0005958105763695931
1679,1603.8823356747682,0.9995020822489025,0.0004979177510975319
1680,1603.8964424867065,0.9995562106829881,0.00044378931701194446
1681,1603.9105494227183,0.9995850624825475,0.00041493751745247387
1682,1603.9246564828065,0.9995997675348864,0.00040023246511355914
1683,1603.938763666974,0.9996068535235307,0.0003931464764692638
1684,1603.952870975218,0.999609907789007,0.0003900922109929539
1685,1603.966978407542,0.9996107774165506,0.0003892225834494223
1686,1603.9810859639467,0.9996105439394531,0.00038945606054685555
1687,1603.9951936444347,0.999609982152237,0.0003900178477630467
1688,1604.0093014490042,0.9996096536457308,0.0003903463542691554
1689,1604.0234093776576,0.9996099806417393,0.0003900193582606626
1690,1604.0375174303977,0.9996113334525587,0.00038866654744129647
1691,1604.0516256072224,0.9996139182438308,0.0003860817561691654
1692,1604.0657339081342,0.9996176460466156,0.0003823539533843734
1693,1604.0798423331346,0.9996222616968421,0.000377738303157904
1694,1604.093950882226,0.9996275626648776,0.00037243733512237753
1695,1604.1080595554063,0.999633395755507,0.000366604244492974
1696,1604.1221683526783,0.9996395165975606,0.00036048340243943766
1697,1604.1362772740447,0.9996456265628316,0.000354373437168376
1698,1604.1503863195032,0.9996515051786267,0.0003484948213733352
1699,1604.1644954890567,0.9996569618505611,0.0003430381494389234
1700,1604.178604782706,0.9996618294099382,0.0003381705900618037
1701,1604.1927142004545,0.9996660495352466,0.0003339504647533742
1702,1604.206823742299,0.9996697765608895,0.00033022343911048857
1703,1604.2209334082431,0.9996732379337591,0.0003267620662409376
1704,1604.2350431982893,0.999676474174547,0.00032352582545303044
1705,1604.2491531124351,0.9996792922179065,0.0003207077820934767
1706,1604.2632631506838,0.9996814990376248,0.0003185009623751789
1707,1604.2773733130375,0.9996831440567455,0.0003168559432544793
1708,1604.2914835994943,0.9996844455183664,0.00031555448163356203
1709,1604.3055940100571,0.9996855709375696,0.00031442906243039914
1710,1604.3197045447266,0.9996865468081662,0.0003134531918338457
1711,1604.333815203506,0.999687388973219,0.00031261102678104
1712,1604.3479259863927,0.9996879720393308,0.00031202796066920335
1713,1604.3620368933896,0.9996878704950076,0.00031212950499237557
1714,1604.3761479244995,0.9996864577118553,0.0003135422881447303
1715,1604.3902590797202,0.9996832095613624,0.00031679043863763745
1716,1604.4043703590544,0.9996775990730514,0.0003224009269485739
1717,1604.418481762503,0.9996691076283633,0.00033089237163674845
1718,1604.432593290069,0.999657575296617,0.0003424247033829708
1719,1604.44670494175,0.9996433346542897,0.0003566653457103275
1720,1604.460816717549,0.9996271521482664,0.00037284785173363755
1721,1604.4749286174685,0.9996100394002939,0.0003899605997060851
1722,1604.4890406415063,0.9995929457162057,0.00040705428379428366
1723,1604.5031527896654,0.9995766762001642,0.00042332379983578416
1724,1604.5172650619468,0.9995617861338086,0.0004382138661913615
1725,1604.5313774583528,0.9995484650927114,0.0004515349072885533
1726,1604.5454899788817,0.999536369306905,0.00046363069309496296
1727,1604.5596026235362,0.9995244502770357,0.00047554972296426357
1728,1604.5737153923187,0.9995111560734486,0.0004888439265513522
1729,1604.5878282852275,0.9994950165780272,0.0005049834219728044
1730,1604.601941302265,0.9994752058770375,0.0005247941229624686
1731,1604.6160544434322,0.9994520216406789,0.0005479783593210774
1732,1604.630167708732,0.9994271729026654,0.0005728270973346383
1733,1604.6442810981623,0.9994030742416125,0.0005969257583875454
1734,1604.6583946117257,0.9993812218108552,0.0006187781891447974
1735,1604.672508249425,0.9993612632916278,0.0006387367083722229
1736,1604.6866220112577,0.9993413044053627,0.0006586955946372708
1737,1604.700735897227,0.9993182361784152,0.0006817638215848021
1738,1604.714849907334,0.9992879620347175,0.0007120379652825193
1739,1604.7289640415809,0.9992465647698521,0.0007534352301479252
1740,1604.7430782999659,0.9991921394348307,0.0008078605651693493
1741,1604.757192682492,0.9991263934346579,0.0008736065653420777
1742,1604.7713071891612,0.9990552068517223,0.0009447931482776672
1743,1604.7854218199718,0.9989876082675611,0.0010123917324389442
1744,1604.7995365749266,0.9989332321093918,0.0010667678906082223
1745,1604.8136514540263,0.9988983041785009,0.0011016958214991046
1746,1604.827766457274,0.9988808444994941,0.0011191555005058973
1747,1604.8418815846674,0.9988688570478038,0.0011311429521961847
1748,1604.8559968362092,0.9988451037748114,0.0011548962251886064
1749,1604.8701122119023,0.9987949395000417,0.001205060499958277
1750,1604.8842277117442,0.9987096090565863,0.0012903909434136551
1751,1604.8983433357378,0.9985825419247121,0.0014174580752879251
1752,1604.9124590838842,0.9984008985439357,0.0015991014560643446
1753,1604.926574956186,0.9981341228999876,0.001865877100012403
1754,1604.9406909526413,0.9977210116470034,0.0022789883529965582
1755,1604.9548070732526,0.9970615523167954,0.0029384476832046147
1756,1604.9689233180225,0.9960240109796601,0.0039759890203399095
1757,1604.9830396869493,0.9944714724876584,0.005528527512341563
1758,1604.9971561800353,0.9922966614943034,0.0077033385056966
1759,1605.0112727972817,0.9894438486583201,0.010556151341679865
1760,1605.0253895386911,0.9859020963279763,0.014097903672023682
1761,1605.0395064042618,0.9816698837129089,0.018330116287091136
1762,1605.053623393996,0.9767089953369334,0.02329100466306655
1763,1605.0677405078968,0.9709212001437182,0.029078799856281812
1764,1605.0818577459615,0.96418308315327,0.03581691684673005
1765,1605.0959751081937,0.9564470300908086,0.04355296990919144
1766,1605.1100925945937,0.9478662667490646,0.0521337332509354
1767,1605.1242102051642,0.9388666183515113,0.061133381648488694
1768,1605.1383279399038,0.9301067904945803,0.06989320950541966
1769,1605.1524457988144,0.9223390760381474,0.07766092396185265
1770,1605.1665637818992,0.9162475826684716,0.08375241733152838
1771,1605.180681889156,0.912342984996972,0.08765701500302803
1772,1605.1948001205874,0.9109318269384874,0.0890681730615126
1773,1605.2089184761944,0.9121152561818073,0.08788474381819267
1774,1605.22303695598,0.915766889607708,0.08423311039229198
1775,1605.2371555599416,0.9214930923432512,0.07850690765674884
1776,1605.2512742880824,0.928633881970876,0.07136611802912396
1777,1605.265393140405,0.9363606160781368,0.06363938392186319
1778,1605.279512116907,0.9438639668648787,0.05613603313512128
1779,1605.2936312175912,0.9505552039995946,0.04944479600040541
1780,1605.3077504424589,0.9561848747670867,0.04381512523291331
1781,1605.3218697915124,0.9608290811861391,0.03917091881386092
1782,1605.3359892647502,0.9647662601616386,0.03523373983836142
1783,1605.3501088621745,0.9683164787407066,0.03168352125929341
1784,1605.364228583788,0.971717397583653,0.028282602416346947
1785,1605.3783484295889,0.97507514861719,0.024924851382809976
1786,1605.3924683995797,0.9783815369978786,0.021618463002121446
1787,1605.4065884937613,0.9815603979353751,0.018439602064624916
1788,1605.4207087121367,0.9845092537470009,0.015490746252999066
1789,1605.4348290547039,0.9871254857183971,0.012874514281602911
1790,1605.4489495214652,0.9893238065488212,0.010676193451178762
1791,1605.4630701124236,0.9910516280179917,0.008948371982008263
1792,1605.4771908275766,0.9923006534341999,0.007699346565800069
1793,1605.4913116669275,0.9931107777489486,0.0068892222510513745
1794,1605.5054326304767,0.9935665166785805,0.006433483321419464
1795,1605.5195537182276,0.9937882770352344,0.006211722964765576
1796,1605.5336749301775,0.9939171163147146,0.006082883685285423
1797,1605.5477962663294,0.9940998332259021,0.005900166774097881
1798,1605.5619177266858,0.9944461791189632,0.005553820881036842
1799,1605.5760393112448,0.9950110303401409,0.004988969659859066
1800,1605.5901610200092,0.9957708870862636,0.004229112913736399
1801,1605.6042828529796,0.9966361035423363,0.003363896457663662
1802,1605.6184048101593,0.9974880599188696,0.002511940081130426
1803,1605.6325268915457,0.9982243210464322,0.001775678953567783
1804,1605.6466490971416,0.9987894471494735,0.001210552850526514
1805,1605.6607714269499,0.9991789424288033,0.0008210575711966595
1806,1605.6748938809683,0.999421631639606,0.0005783683603940437
1807,1605.6890164591996,0.9995571003226088,0.0004428996773911953
1808,1605.7031391616447,0.9996191245176673,0.00038087548233267654
1809,1605.7172619883067,0.9996298665260236,0.0003701334739764084
1810,1605.731384939183,0.9996029067920127,0.00039709320798730907
1811,1605.7455080142768,0.9995492621684084,0.00045073783159155223
1812,1605.7596312135902,0.9994821628612771,0.0005178371387228875
1813,1605.7737545371215,0.9994165773201349,0.0005834226798651088
1814,1605.7878779848734,0.9993659976970841,0.0006340023029158814
1815,1605.8020015568468,0.9993394711408309,0.0006605288591691183
1816,1605.8161252530447,0.9993409704071432,0.0006590295928567969
1817,1605.8302490734645,0.9993700879550007,0.0006299120449992923
1818,1605.8443730181093,0.9994217650007094,0.00057823499929055
1819,1605.8584970869817,0.9994862223208596,0.0005137776791404036
1820,1605.8726212800793,0.9995515869144668,0.000448413085533228
1821,1605.8867455974053,0.99960818921492,0.00039181078507999345
1822,1605.9008700389606,0.999650798585456,0.0003492014145439759
1823,1605.9149946047478,0.9996785991455877,0.0003214008544123459
1824,1605.9291192947646,0.9996920159389058,0.00030798406109422416
1825,1605.9432441090141,0.9996927185868657,0.00030728141313429713
1826,1605.9573690474988,0.9996802946197427,0.0003197053802572736
1827,1605.9714941102166,0.9996557509059608,0.000344249094039184
1828,1605.9856192971702,0.9996185686379407,0.0003814313620592591
1829,1605.9997446083607,0.9995702729141858,0.00042972708581423547
1830,1606.0138700437908,0.999512857783575,0.000487142216424985
1831,1606.0279956034583,0.9994500947350313,0.0005499052649686753
1832,1606.0421212873662,0.9993870588694516,0.0006129411305484389
1833,1606.0562470955167,0.999329746864132,0.0006702531358679931
1834,1606.070373027908,0.9992837062298229,0.0007162937701771233
1835,1606.0844990845428,0.9992528665976691,0.0007471334023309018
1836,1606.098625265422,0.999238579917638,0.0007614200823620187
1837,1606.1127515705487,0.99923905609759,0.000760943902409994
1838,1606.1268779999205,0.9992499045056507,0.0007500954943493454
1839,1606.14100455354,0.9992653342221299,0.0007346657778700694
1840,1606.15513123141,0.9992794063733188,0.0007205936266811985
1841,1606.1692580335284,0.9992871282821506,0.0007128717178493948
1842,1606.183384959898,0.9992850466807252,0.000714953319274847
1843,1606.1975120105196,0.9992712820887009,0.0007287179112991371
1844,1606.2116391853963,0.9992453024193813,0.0007546975806187461
1845,1606.2257664845256,0.9992081694982677,0.0007918305017322602
1846,1606.2398939079103,0.9991627147040282,0.0008372852959718236
1847,1606.2540214555534,0.9991129513089528,0.0008870486910471653
1848,1606.2681491274525,0.9990632953972334,0.0009367046027666248
1849,1606.2822769236102,0.9990178660264917,0.0009821339735083257
1850,1606.2964048440297,0.998979945004143,0.0010200549958570004
1851,1606.3105328887082,0.9989517567315913,0.0010482432684086884
1852,1606.3246610576487,0.9989342030785162,0.001065796921483786
1853,1606.3387893508525,0.9989264118416156,0.0010735881583844309
1854,1606.352917768322,0.9989257385486173,0.0010742614513826743
1855,1606.3670463100552,0.9989285827579089,0.0010714172420911439
1856,1606.3811749760548,0.9989312471081675,0.0010687528918325029
1857,1606.3953037663237,0.998930587123884,0.0010694128761159494
1858,1606.4094326808593,0.9989247683624249,0.0010752316375750581
1859,1606.4235617196648,0.9989135957916,0.0010864042084000047
1860,1606.437690882741,0.9988984370531517,0.0011015629468482668
1861,1606.4518201700905,0.9988818329094897,0.0011181670905102692
1862,1606.4659495817116,0.9988668608163229,0.0011331391836770788
1863,1606.4800791176065,0.9988561263961881,0.0011438736038118513
1864,1606.4942087777783,0.9988509353821896,0.0011490646178103914
1865,1606.5083385622247,0.9988515159024886,0.0011484840975114485
1866,1606.5224684709485,0.9988580534424375,0.001141946557562501
1867,1606.5365985039507,0.9988711142987947,0.0011288857012052844
1868,1606.550728661234,0.9988908503948349,0.0011091496051650607
1869,1606.5648589427963,0.9989161014620548,0.001083898537945216
1870,1606.5789893486403,0.9989446312216407,0.0010553687783593224
1871,1606.5931198787687,0.9989742593708251,0.0010257406291749316
1872,1606.6072505331792,0.9990036821100086,0.0009963178899914382
1873,1606.621381311875,0.9990323502023897,0.000967649797610326
1874,1606.6355122148566,0.9990598138812681,0.0009401861187319227
1875,1606.6496432421272,0.999085230540139,0.0009147694598610201
1876,1606.6637743936842,0.9991076400957106,0.0008923599042893748
1877,1606.677905669531,0.9991269937796838,0.0008730062203161637
1878,1606.6920370696694,0.9991448321306555,0.0008551678693444753
1879,1606.7061685940978,0.9991636019808425,0.0008363980191574694
1880,1606.720300242819,0.9991853490656339,0.0008146509343660568
1881,1606.7344320158338,0.9992111411506115,0.0007888588493885074
1882,1606.748563913145,0.9992410849344969,0.0007589150655030741
1883,1606.7626959347506,0.9992745550505935,0.0007254449494065174
1884,1606.776828080653,0.9993105363734991,0.000689463626500908
1885,1606.7909603508556,0.9993478288292371,0.000652171170762883
1886,1606.8050927453553,0.9993848613004392,0.0006151386995607577
1887,1606.8192252641554,0.9994195379074894,0.0005804620925106141
1888,1606.833357907257,0.9994499480843748,0.0005500519156251826
1889,1606.8474906746626,0.9994754708054785,0.0005245291945215058
1890,1606.8616235663703,0.9994968950127535,0.0005031049872464832
1891,1606.8757565823823,0.9995155440144083,0.0004844559855916586
1892,1606.889889722702,0.9995326934238922,0.0004673065761078288
1893,1606.904022987327,0.9995495433868383,0.00045045661316167607
1894,1606.9181563762595,0.9995670895633506,0.0004329104366493919
1895,1606.9322898895014,0.999585791066756,0.0004142089332439536
1896,1606.946423527055,0.9996050963841168,0.0003949036158832353
1897,1606.9605572889182,0.9996233921489308,0.00037660785106918837
1898,1606.9746911750935,0.9996387187947035,0.0003612812052965486
1899,1606.988825185584,0.99964976979993,0.0003502302000699675
1900,1607.0029593203874,0.9996562913845579,0.0003437086154420843
1901,1607.0170935795063,0.9996589904296544,0.0003410095703455518
1902,1607.0312279629418,0.9996590160677403,0.00034098393225967527
1903,1607.045362470697,0.9996575352563657,0.00034246474363430757
1904,1607.0594971027692,0.9996555320256197,0.0003444679743802581
1905,1607.0736318591614,0.9996536978115588,0.0003463021884412276
1906,1607.0877667398763,0.9996523795619258,0.0003476204380742365
1907,1607.1019017449119,0.9996513891900709,0.0003486108099290952
1908,1607.1160368742705,0.9996500739217359,0.0003499260782641178
1909,1607.1301721279535,0.9996477178625831,0.00035228213741689274
1910,1607.1443075059635,0.999643873843499,0.0003561261565010465
1911,1607.1584430082987,0.9996383399419739,0.0003616600580260698
1912,1607.1725786349612,0.9996310479175975,0.0003689520824025072
1913,1607.1867143859542,0.9996220625635805,0.000377937436419451
1914,1607.2008502612753,0.9996115309219379,0.0003884690780621147
1915,1607.2149862609274,0.9995995703373026,0.0004004296626973769
1916,1607.2291223849113,0.9995862274110389,0.00041377258896113656
1917,1607.2432586332302,0.9995715541389055,0.000428445861094473
1918,1607.2573950058813,0.9995553538513932,0.00044464614860684204
1919,1607.271531502868,0.9995387372796767,0.00046126272032331883
1920,1607.2856681241926,0.9995205647164502,0.0004794352835497673
1921,1607.299804869853,0.999500705062015,0.000499294937984951
1922,1607.313941739852,0.9994786876522355,0.0005213123477645354
1923,1607.3280787341905,0.9994545261111206,0.0005454738888793775
1924,1607.3422158528715,0.9994288015623312,0.0005711984376688406
1925,1607.3563530958927,0.9994024189858468,0.0005975810141531923
1926,1607.3704904632568,0.9993762776924566,0.0006237223075433729
1927,1607.3846279549666,0.9993510403152063,0.0006489596847937262
1928,1607.3987655710198,0.9993272035194584,0.0006727964805416375
1929,1607.4129033114193,0.9993052189186713,0.0006947810813286992
1930,1607.427041176166,0.9992854613331079,0.0007145386668920839
1931,1607.4411791652628,0.9992680101192142,0.0007319898807858216
1932,1607.4553172787075,0.9992523885436212,0.000747611456378805
1933,1607.4694555165026,0.9992375901490177,0.0007624098509823041
1934,1607.4835938786512,0.9992224622746548,0.0007775377253451676
1935,1607.497732365151,0.9992060981237023,0.0007939018762976868
1936,1607.5118709760045,0.9991878914495527,0.0008121085504473324
1937,1607.526009711213,0.9991674296766,0.0008325703234000059
1938,1607.5401485707791,0.9991446192459562,0.0008553807540437885
1939,1607.554287554701,0.9991200608671986,0.0008799391328013773
1940,1607.568426662981,0.9990953761927912,0.0009046238072087931
1941,1607.5825658956219,0.9990729193204168,0.0009270806795832476
1942,1607.5967052526216,0.999054828282576,0.0009451717174240315
1943,1607.6108447339827,0.9990423460840114,0.0009576539159885655
1944,1607.6249843397068,0.9990356935616888,0.0009643064383112465
1945,1607.6391240697958,0.9990340246785495,0.0009659753214504851
1946,1607.6532639242482,0.999035787956859,0.0009642120431410106
1947,1607.6674039030665,0.9990395337479736,0.0009604662520263929
1948,1607.6815440062535,0.9990441396904061,0.0009558603095939366
1949,1607.6956842338068,0.9990484838810831,0.0009515161189168619
1950,1607.7098245857294,0.999051580858507,0.0009484191414930176
1951,1607.7239650620222,0.9990530988788231,0.0009469011211769018
1952,1607.738105662688,0.9990534879074928,0.000946512092507179
1953,1607.7522463877247,0.999053539238804,0.0009464607611959774
1954,1607.7663872371347,0.9990536726097284,0.0009463273902715619
1955,1607.7805282109214,0.9990535772264894,0.0009464227735106467
1956,1607.7946693090819,0.9990525146205187,0.0009474853794813054
1957,1607.8088105316194,0.9990498065333764,0.0009501934666236167
1958,1607.8229518785347,0.9990448389605984,0.0009551610394016308
1959,1607.8370933498306,0.999036547581278,0.0009634524187219773
1960,1607.8512349455052,0.9990227525514374,0.000977247448562646
1961,1607.865376665561,0.9989995734976823,0.0010004265023176862
1962,1607.8795185100007,0.9989613128674915,0.0010386871325085423
1963,1607.893660478822,0.9989008645372961,0.001099135462703904
1964,1607.907802572028,0.9988097666879827,0.0011902333120172859
1965,1607.9219447896194,0.9986775263799734,0.0013224736200265763
1966,1607.9360871315994,0.9984904575067537,0.0015095424932463075
1967,1607.9502295979653,0.9982303123670971,0.001769687632902861
1968,1607.96437218872,0.9978726596461011,0.0021273403538989433
1969,1607.9785149038664,0.9973849081546009,0.002615091845399098
1970,1607.9926577434023,0.9967243140684141,0.003275685931585892
1971,1608.0068007073305,0.995835534136349,0.004164465863651046
1972,1608.0209437956516,0.9946471276202375,0.005352872379762452
1973,1608.035087008369,0.9930680621351252,0.006931937864874782
1974,1608.04923034548,0.990985585063384,0.009014414936616033
1975,1608.0633738069876,0.988263694695506,0.011736305304493988
1976,1608.0775173928944,0.9847410637264137,0.015258936273586321
1977,1608.0916611031982,0.9802304149487047,0.019769585051295335
1978,1608.1058049379021,0.9745219319115179,0.025478068088482075
1979,1608.1199488970067,0.9673903852607225,0.03260961473927748
1980,1608.1340929805149,0.9586054026357458,0.041394597364254215
1981,1608.1482371884247,0.9479457315351474,0.052054268464852615
1982,1608.1623815207386,0.9352188846089474,0.06478111539105258
1983,1608.1765259774595,0.9202872856511721,0.07971271434882787
1984,1608.190670558585,0.9031013083702591,0.09689869162974085
1985,1608.204815264118,0.8837375233568948,0.11626247664310518
1986,1608.2189600940612,0.8624365506516108,0.13756344934838916
1987,1608.2331050484127,0.8396325399333773,0.16036746006662272
1988,1608.2472501271745,0.8159657840310075,0.1840342159689925
1989,1608.2613953303485,0.7922699037676291,0.20773009623237093
1990,1608.275540657937,0.769528322944011,0.23047167705598903
1991,1608.2896861099377,0.7488029819711568,0.2511970180288432
1992,1608.3038316863538,0.7311456231987746,0.26885437680122537
1993,1608.3179773871877,0.717504572208355,0.28249542779164505
1994,1608.3321232124372,0.7086395797420182,0.2913604202579818
1995,1608.346269162105,0.705053701199339,0.29494629880066103
1996,1608.3604152361925,0.7069460612211662,0.2930539387788338
1997,1608.3745614347022,0.7141863286381582,0.28581367136184177
1998,1608.3887077576321,0.7263125111953848,0.27368748880461524
1999,1608.4028542049846,0.7425565247434875,0.25744347525651246
2000,1608.4170007767627,0.7619027012511834,0.23809729874881658
2001,1608.431147472964,0.7831798563883305,0.21682014361166946
2002,1608.4452942935916,0.8051783173061102,0.19482168269388977
2003,1608.4594412386461,0.8267729680642072,0.1732270319357928
2004,1608.4735883081307,0.847028402620797,0.15297159737920296
2005,1608.487735502043,0.8652672445617331,0.1347327554382669
2006,1608.5018828203858,0.8810941981253366,0.11890580187466337
2007,1608.5160302631616,0.89438001530097,0.10561998469903
2008,1608.5301778303685,0.9052178910788822,0.09478210892111782
2009,1608.5443255220093,0.913866592172556,0.08613340782744405
2010,1608.5584733380847,0.9206884225185751,0.07931157748142492
2011,1608.5726212785978,0.9260813016440395,0.07391869835596054
2012,1608.5867693435462,0.9304008868340123,0.06959911316598766
2013,1608.6009175329327,0.9338858460601804,0.06611415393981956
2014,1608.6150658467602,0.936606927837044,0.06339307216295598
2015,1608.6292142850261,0.9384997798654521,0.06150022013454792
2016,1608.6433628477337,0.9394592600230333,0.06054073997696674
2017,1608.6575115348835,0.9394376767777024,0.0605623232222976
2018,1608.6716603464788,0.9384523507637266,0.06154764923627343
2019,1608.6858092825169,0.9364875648114978,0.06351243518850225
2020,1608.6999583430008,0.93338433110555,0.06661566889445003
2021,1608.7141075279333,0.9288345348537232,0.07116546514627675
2022,1608.728256837312,0.9225027618221109,0.07749723817788912
2023,1608.74240627114,0.9141908343876279,0.08580916561237206
2024,1608.756555829418,0.9039432126860953,0.09605678731390466
2025,1608.7707055121489,0.8920572811519643,0.10794271884803575
2026,1608.7848553193305,0.8790237421040661,0.12097625789593391
2027,1608.7990052509656,0.8654304429685511,0.1345695570314489
2028,1608.8131553070568,0.8518453182427012,0.14815468175729885
2029,1608.827305487602,0.8387079122508627,0.16129208774913728
2030,1608.841455792604,0.8262425034698988,0.1737574965301012
2031,1608.8556062220637,0.814486484791806,0.18551351520819404
2032,1608.869756775984,0.8033985417605367,0.1966014582394633
2033,1608.8839074543625,0.7930332402966807,0.20696675970331935
2034,1608.8980582572024,0.783694228376395,0.21630577162360498
2035,1608.9122091845059,0.7759933871029273,0.2240066128970727
2036,1608.9263602362712,0.7707839002920048,0.22921609970799517
2037,1608.9405114125009,0.7689906652080306,0.2310093347919694
2038,1608.9546627131958,0.7713987567115455,0.22860124328845455
2039,1608.9688141383592,0.7784634762781062,0.2215365237218938
2040,1608.9829656879886,0.7901834227427741,0.2098165772572259
2041,1608.9971173620866,0.8060524229128188,0.19394757708718124
2042,1609.0112691606562,0.8250908750959478,0.1749091249040522
2043,1609.0254210836952,0.845952151813677,0.154047848186323
2044,1609.0395731312062,0.8670987064978632,0.13290129350213675
2045,1609.0537253031903,0.8870394988693333,0.11296050113066669
2046,1609.0678775996503,0.9046047156957854,0.09539528430421462
2047,1609.082030020584,0.9191908009562262,0.08080919904377382
