{
    "train_accuracy": 0.7403526619192947,
    "test_accuracy": 0.6197741837046079,
    "test_precision": 0.6232003769521419,
    "test_recall": 0.6197741837046079,
    "test_f1_score": 0.6170873473708482,
    "test_confusion_matrix": [
        [
            878,
            760
        ],
        [
            486,
            1153
        ]
    ]
}