{
    "train_accuracy": 0.7574853345088332,
    "test_accuracy": 0.3109551418980775,
    "test_precision": 0.2926864628034692,
    "test_recall": 0.3109551418980775,
    "test_f1_score": 0.286775705266373,
    "test_confusion_matrix": [
        [
            254,
            357,
            343,
            685
        ],
        [
            306,
            359,
            337,
            636
        ],
        [
            280,
            409,
            365,
            585
        ],
        [
            185,
            194,
            199,
            1060
        ]
    ]
}